1481708,-53,4119,439
1481709,-64,4114,449
1481710,-95,4117,480
1481711,-126,4127,471
1481712,-117,4136,398
1481713,-89,4143,311
1481714,-68,4152,257
1481715,-42,4167,230
1481716,-8,4169,187
1481717,21,4161,163
1481718,20,4159,178
1481719,2,4160,228
1481720,-12,4159,267
1481721,-19,4163,260
1481722,-11,4170,222
1481723,3,4172,192
1481724,20,4176,178
1481725,33,4180,170
1481726,33,4156,183
1481727,22,4145,211
1481728,-8,4137,271
1481729,-51,4129,342
1481730,-74,4119,393
1481731,-63,4110,392
1481732,-40,4106,381
1481733,-39,4106,425
1481734,-57,4100,490
1481735,-70,4099,534
1481736,-68,4103,521
1481737,-49,4112,483
1481738,-23,4116,450
1481739,-2,4123,424
1481740,7,4136,403
1481741,4,4132,401
1481742,-9,4123,428
1481743,-28,4128,446
1481744,-21,4126,417
1481745,8,4113,374
1481746,0,4101,389
1481747,-54,4098,431
1481748,-93,4104,466
1481749,-111,4113,462
1481750,-116,4113,437
1481751,-122,4105,446
1481752,-139,4106,472
1481753,-143,4122,456
1481754,-122,4139,374
1481755,-83,4147,292
1481756,-67,4152,287
1481757,-91,4150,370
1481758,-114,4137,461
1481759,-105,4127,501
1481760,-73,4127,453
1481762,-21,4136,375
1481763,-36,4148,411
1481764,-39,4151,447
1481765,-25,4157,448
1481766,-2,4175,417
1481767,37,4195,369
1481768,70,4200,327
1481769,64,4199,320
1481770,28,4204,326
1481771,-2,4211,336
1481772,-18,4215,340
1481773,-21,4213,351
1481774,-17,4208,390
1481775,-10,4206,410
1481776,10,4199,412
1481777,12,4196,424
1481778,4,4198,441
1481779,19,4201,429
1481780,37,4200,384
1481781,27,4195,365
1481782,1,4182,364
1481783,-26,4161,394
1481784,-62,4147,459
1481785,-83,4127,533
1481786,-76,4106,570
1481787,-47,4101,519
1481788,-1,4113,435
1481789,27,4132,360
1481790,38,4147,329
1481791,52,4148,327
1481792,53,4156,333
1481793,26,4173,324
1481794,0,4167,302
1481795,-13,4161,299
1481796,3,4158,261
1481797,39,4151,265
1481798,56,4162,279
1481799,70,4168,242
1481800,70,4171,198
1481801,13,4179,187
1481802,-42,4179,222
1481803,-52,4171,277
1481804,-36,4158,302
1481805,-10,4148,298
1481806,4,4148,324
1481807,-9,4148,357
1481808,-20,4130,363
1481809,-34,4117,389
1481810,-52,4107,428
1481811,-61,4090,456
1481812,-74,4089,439
1481813,-66,4092,350
1481814,-43,4090,269
1481815,-30,4090,249
1481816,-26,4090,279
1481817,-40,4090,306
1481818,-47,4086,311
1481819,-46,4082,341
1481820,-71,4079,385
1481821,-108,4075,451
1481822,-125,4070,545
1481823,-147,4080,610
1481824,-156,4090,586
1481825,-132,4093,511
1481826,-102,4103,450
1481827,-82,4116,462
1481828,-82,4133,530
1481829,-16,4132,585
1481830,-6,4131,585
1481831,-15,4147,565
1481832,31,4168,445
1481833,110,4175,307
1481834,120,4167,273
1481835,54,4172,314
1481836,-10,4179,353
1481837,-29,4168,383
1481838,-45,4162,446
1481839,-67,4169,530
1481840,-47,4172,542
1481841,11,4179,449
1481842,65,4194,327
1481843,103,4206,253
1481844,129,4209,234
1481845,143,4206,235
1481846,149,4202,242
1481847,170,4189,214
1481848,207,4180,195
1481849,204,4187,245
1481850,156,4197,298
1481851,122,4183,278
1481852,92,4167,243
1481853,36,4160,266
1481854,-20,4154,346
1481855,-50,4164,436
1481856,-45,4160,508
1481857,-49,4151,620
1481858,-92,4160,667
1481859,-74,4174,473
1481860,-6,4187,373
1481861,68,4202,344
1481862,127,4209,324
1481863,198,4213,264
1481864,257,4218,160
1481865,258,4215,47
1481866,209,4207,-14
1481867,127,4202,-7
1481868,42,4198,-6
1481869,-14,4181,-51
1481870,-43,4160,-85
1481871,-48,4141,-12
1481872,-28,4130,94
1481873,2,4123,164
1481874,-11,4116,233
1481875,-63,4115,296
1481876,-108,4117,352
1481877,-131,4117,376
1481878,-120,4111,399
1481879,-84,4102,426
1481880,-46,4097,450
1481881,-27,4094,455
1481882,-34,4097,465
1481883,-66,4099,523
1481884,-113,4089,565
1481885,-138,4077,554
1481886,-124,4063,513
1481887,-98,4056,491
1481888,-81,4061,501
1481889,-61,4068,492
1481890,-25,4062,422
1481891,-41,4068,262
1481892,-85,4076,243
1481893,-109,4074,262
1481894,-109,4062,304
1481895,-95,4050,342
1481896,-66,4037,374
1481897,-55,4036,417
1481898,-59,4061,376
1481899,-15,4083,259
1481900,29,4098,167
1481901,28,4112,169
1481902,14,4115,224
1481903,11,4108,271
1481904,19,4117,285
1481905,29,4131,251
1481906,35,4135,230
1481907,30,4147,212
1481908,49,4155,184
1481909,77,4154,184
1481910,74,4166,199
1481911,68,4180,212
1481912,80,4177,229
1481913,86,4176,271
1481914,71,4178,325
1481915,60,4177,375
1481916,45,4186,420
1481917,28,4193,442
1481918,33,4184,453
1481919,34,4175,469
1481920,3,4173,504
1481921,-29,4172,523
1481922,-20,4158,479
1481923,11,4134,423
1481924,19,4140,422
1481925,8,4171,452
1481926,22,4196,436
1481927,112,4209,297
1481928,138,4204,261
1481929,156,4201,254
1481930,171,4210,240
1481931,155,4211,228
1481932,105,4202,267
1481933,47,4200,326
1481934,20,4189,338
1481935,41,4165,349
1481936,68,4160,374
1481937,94,4161,351
1481938,131,4165,295
1481939,138,4176,252
1481940,97,4180,271
1481941,53,4182,318
1481942,56,4173,339
1481943,83,4166,338
1481944,99,4170,310
1481945,115,4173,245
1481946,133,4168,168
1481947,147,4161,138
1481948,146,4153,216
1481949,116,4145,384
1481950,89,4133,554
1481951,71,4115,672
1481952,52,4113,697
1481953,60,4115,642
1481954,78,4109,568
1481955,71,4110,515
1481956,58,4112,471
1481957,83,4102,435
1481958,143,4089,422
1481959,202,4078,433
1481960,216,4067,491
1481961,167,4060,564
1481962,88,4050,607
1481963,14,4044,615
1481964,-28,4041,589
1481965,-68,4039,501
1481966,-60,4043,457
1481967,-24,4050,419
1481968,14,4052,373
1481969,42,4055,308
1481970,63,4064,248
1481971,57,4088,211
1481972,36,4112,208
1481973,34,4119,230
1481974,61,4118,265
1481975,96,4119,313
1481976,106,4114,373
1481977,78,4109,454
1481978,36,4111,493
1481979,23,4107,455
1481980,5,4111,435
1481981,-30,4130,439
1481982,-25,4145,416
1481983,13,4161,393
1481984,30,4177,421
1481985,23,4182,476
1481986,5,4180,532
1481987,-14,4180,562
1481988,-8,4168,555
1481989,11,4158,534
1481990,13,4160,506
1481991,6,4165,491
1481992,14,4175,439
1481993,53,4174,360
1481994,83,4175,311
1481995,100,4174,261
1481996,121,4163,211
1481997,131,4163,147
1481998,151,4171,75
1481999,191,4173,38
1482000,229,4174,99
1482001,195,4169,176
1482002,134,4167,293
1482003,70,4169,412
1482004,25,4172,498
1482005,2,4171,556
1482006,-4,4183,579
1482007,17,4202,539
1482008,55,4214,479
1482009,94,4233,429
1482010,130,4250,380
1482011,162,4249,334
1482012,200,4233,304
1482013,223,4232,281
1482014,213,4244,239
1482015,195,4251,206
1482016,161,4251,225
1482017,96,4240,301
1482018,38,4223,382
1482019,32,4204,405
1482020,64,4180,406
1482021,85,4166,414
1482022,85,4159,468
1482023,94,4150,537
1482024,133,4144,511
1482025,191,4143,408
1482026,250,4157,244
1482027,321,4170,52
1482028,356,4181,-104
1482029,321,4186,-152
1482030,251,4182,-84
1482031,210,4167,-31
1482032,215,4146,0
1482033,207,4142,52
1482034,166,4144,111
1482035,104,4140,180
1482036,53,4128,206
1482037,43,4117,207
1482038,53,4137,316
1482039,72,4141,353
1482040,102,4141,374
1482041,132,4138,387
1482042,165,4130,397
1482043,166,4125,415
1482044,109,4123,451
1482045,31,4111,495
1482046,-53,4093,517
1482047,-127,4087,524
1482048,-137,4083,505
1482049,-91,4083,475
1482050,-56,4089,444
1482051,-41,4091,459
1482052,-30,4090,502
1482053,11,4095,477
1482054,81,4105,400
1482055,113,4111,335
1482056,88,4121,354
1482057,59,4130,404
1482058,79,4123,395
1482059,93,4123,362
1482060,55,4141,348
1482061,19,4150,327
1482062,6,4147,317
1482063,-1,4138,353
1482064,11,4125,403
1482065,40,4122,424
1482066,70,4134,404
1482067,95,4147,386
1482068,109,4155,383
1482069,113,4157,419
1482070,94,4150,475
1482071,72,4139,506
1482072,55,4132,505
1482073,71,4141,363
1482074,100,4145,307
1482075,119,4151,298
1482076,138,4148,289
1482077,148,4144,292
1482078,126,4148,347
1482079,105,4153,423
1482080,104,4154,447
1482081,117,4151,419
1482082,125,4149,406
1482083,99,4154,454
1482084,57,4161,502
1482085,54,4160,486
1482086,73,4161,421
1482087,70,4165,365
1482088,57,4176,342
1482089,68,4183,283
1482090,113,4176,232
1482091,131,4181,257
1482092,125,4197,258
1482093,160,4200,223
1482094,205,4195,205
1482095,198,4196,243
1482096,150,4196,306
1482097,95,4190,339
1482098,65,4181,343
1482099,65,4168,322
1482100,59,4160,348
1482101,42,4155,422
1482102,59,4140,484
1482103,106,4117,511
1482104,136,4101,511
1482105,140,4093,503
1482106,130,4097,478
1482107,112,4110,420
1482108,94,4118,373
1482109,70,4128,368
1482110,47,4130,363
1482111,89,4138,297
1482112,137,4150,285
1482113,170,4156,270
1482114,184,4163,257
1482115,152,4171,262
1482116,99,4163,277
1482117,53,4148,314
1482118,20,4142,378
1482119,16,4142,450
1482120,44,4147,488
1482121,84,4150,475
1482122,100,4150,470
1482123,75,4162,503
1482124,59,4167,534
1482125,80,4158,553
1482126,89,4157,556
1482127,89,4158,540
1482128,94,4160,533
1482129,101,4164,528
1482130,132,4159,502
1482131,177,4157,448
1482132,214,4158,370
1482133,225,4164,305
1482134,214,4170,244
1482135,210,4164,198
1482136,193,4159,213
1482137,154,4157,245
1482138,126,4143,285
1482139,77,4134,358
1482140,9,4122,412
1482141,-6,4097,446
1482142,21,4090,500
1482143,47,4100,581
1482144,55,4103,679
1482145,53,4094,770
1482146,73,4074,829
1482147,107,4067,832
1482148,130,4082,782
1482149,172,4096,724
1482150,206,4114,704
1482151,204,4143,673
1482152,215,4136,565
1482153,223,4142,470
1482154,217,4165,445
1482155,202,4172,473
1482156,170,4170,487
1482157,133,4154,444
1482158,109,4140,401
1482159,96,4141,367
1482160,83,4139,352
1482161,55,4143,371
1482162,34,4141,405
1482163,47,4122,450
1482164,65,4110,482
1482165,90,4102,504
1482166,141,4099,520
1482167,193,4098,520
1482168,227,4105,497
1482169,240,4109,386
1482170,245,4097,239
1482171,225,4093,226
1482172,162,4089,331
1482173,103,4073,415
1482174,72,4047,446
1482175,37,4039,478
1482176,5,4039,516
1482177,0,4033,547
1482178,3,4031,563
1482179,5,4033,546
1482180,24,4035,506
1482181,27,4049,461
1482182,25,4065,421
1482183,60,4072,404
1482184,111,4074,394
1482185,149,4080,387
1482186,146,4094,414
1482187,123,4092,370
1482188,122,4097,379
1482189,119,4099,397
1482190,136,4090,397
1482191,132,4093,412
1482192,105,4095,448
1482193,91,4095,491
1482194,70,4098,501
1482195,37,4102,487
1482196,19,4112,474
1482197,15,4121,475
1482198,22,4125,482
1482199,38,4128,476
1482200,45,4129,458
1482201,56,4130,431
1482202,86,4140,390
1482203,129,4141,339
1482204,149,4137,327
1482205,130,4140,333
1482206,115,4140,313
1482207,95,4137,288
1482208,55,4130,302
1482209,31,4125,327
1482210,27,4136,312
1482211,33,4146,265
1482212,51,4148,209
1482213,77,4150,189
1482214,92,4162,189
1482215,89,4180,175
1482216,91,4187,168
1482217,102,4185,193
1482218,92,4187,224
1482219,77,4191,230
1482220,75,4198,216
1482221,68,4210,199
1482222,52,4207,185
1482223,39,4196,198
1482224,95,4196,227
1482225,134,4208,192
1482226,159,4221,127
1482227,176,4229,65
1482228,167,4240,34
1482229,128,4245,24
1482230,85,4232,38
1482231,57,4218,106
1482232,33,4212,199
1482233,18,4207,242
1482234,32,4206,224
1482235,56,4215,161
1482236,88,4217,75
1482237,129,4212,13
1482238,141,4212,18
1482239,110,4213,102
1482240,76,4196,195
1482241,70,4173,230
1482242,78,4171,171
1482243,106,4177,61
1482244,142,4190,8
1482245,148,4198,45
1482246,102,4192,165
1482247,41,4181,285
1482248,18,4160,326
1482249,11,4157,316
1482250,5,4167,313
1482251,-2,4179,320
1482252,-15,4198,289
1482253,1,4202,226
1482254,38,4203,186
1482255,72,4206,165
1482256,100,4209,154
1482257,114,4213,153
1482258,116,4209,176
1482259,99,4205,241
1482260,79,4195,303
1482261,42,4160,338
1482262,30,4156,302
1482263,36,4156,245
1482264,43,4166,202
1482265,66,4172,153
1482266,105,4172,125
1482267,107,4178,175
1482268,83,4177,244
1482269,87,4166,253
1482270,111,4159,221
1482271,143,4163,171
1482272,180,4158,125
1482273,197,4145,125
1482274,190,4138,188
1482275,152,4132,254
1482276,95,4131,265
1482277,43,4130,234
1482278,20,4133,214
1482279,28,4134,264
1482280,42,4129,374
1482281,51,4125,469
1482282,55,4116,481
1482283,71,4112,414
1482284,88,4121,324
1482285,91,4135,274
1482286,84,4145,268
1482287,94,4144,285
1482288,124,4134,312
1482289,147,4123,370
1482290,135,4112,436
1482291,88,4101,492
1482292,25,4095,539
1482293,-28,4083,553
1482294,-53,4075,553
1482295,-48,4075,546
1482296,-20,4070,511
1482297,67,4082,313
1482298,125,4082,204
1482299,183,4085,182
1482300,208,4092,253
1482301,195,4089,338
1482302,160,4081,337
1482303,142,4078,268
1482304,156,4086,214
1482305,166,4094,211
1482306,148,4093,287
1482307,105,4091,388
1482308,61,4082,455
1482309,17,4076,511
1482310,-17,4079,588
1482311,-27,4082,663
1482312,-32,4088,694
1482313,-27,4092,684
1482314,0,4102,673
1482315,24,4112,681
1482316,46,4118,670
1482317,72,4134,633
1482318,85,4152,589
1482319,107,4157,533
1482320,162,4152,470
1482321,207,4154,413
1482322,220,4159,387
1482323,211,4155,395
1482324,184,4143,454
1482325,140,4130,530
1482326,101,4118,556
1482327,76,4102,541
1482328,70,4091,533
1482329,87,4089,552
1482330,112,4086,570
1482331,154,4078,555
1482332,199,4084,514
1482333,236,4103,472
1482334,288,4137,398
1482335,314,4145,383
1482336,284,4152,428
1482337,223,4153,484
1482338,183,4155,502
1482339,173,4153,469
1482340,165,4156,441
1482341,138,4168,449
1482342,115,4171,480
1482343,121,4168,506
1482344,162,4166,511
1482345,213,4167,545
1482346,237,4184,602
1482347,253,4193,608
1482348,268,4184,579
1482349,232,4183,584
1482350,185,4186,593
1482351,178,4180,565
1482352,175,4174,535
1482353,167,4171,513
1482354,173,4170,450
1482355,202,4172,345
1482356,240,4174,266
1482357,262,4183,264
1482358,270,4192,313
1482359,276,4196,348
1482360,291,4195,337
1482361,296,4196,315
1482362,272,4201,317
1482363,222,4209,329
1482364,160,4215,317
1482365,94,4209,320
1482366,41,4192,379
1482367,35,4175,435
1482368,73,4169,456
1482369,126,4173,464
1482370,210,4190,525
1482371,199,4190,529
1482372,197,4187,450
1482373,246,4181,329
1482374,298,4186,247
1482375,314,4198,231
1482376,299,4204,267
1482377,262,4207,309
1482378,237,4203,312
1482379,225,4200,253
1482380,212,4211,159
1482381,197,4219,89
1482382,166,4220,127
1482383,122,4208,227
1482384,106,4180,314
1482385,103,4162,393
1482386,69,4164,477
1482387,14,4164,555
1482388,-41,4160,590
1482389,-65,4156,567
1482390,-45,4147,537
1482391,-7,4146,545
1482392,61,4150,531
1482393,148,4149,498
1482394,201,4155,467
1482395,221,4165,450
1482396,215,4162,443
1482397,175,4159,422
1482398,124,4162,382
1482399,80,4160,327
1482400,52,4152,262
1482401,56,4143,184
1482402,71,4147,107
1482403,84,4152,55
1482404,89,4154,77
1482405,76,4153,154
1482406,88,4139,241
1482407,74,4135,336
1482408,76,4129,306
1482409,68,4127,297
1482410,48,4128,323
1482411,48,4114,355
1482412,52,4100,387
1482413,41,4090,434
1482414,25,4077,499
1482415,17,4063,554
1482416,16,4042,570
1482417,9,4022,592
1482418,-26,4018,642
1482419,-57,4020,661
1482420,-29,4015,586
1482421,37,4016,450
1482422,74,4031,359
1482423,70,4054,370
1482424,73,4068,402
1482425,110,4072,407
1482426,136,4080,427
1482427,126,4090,444
1482428,108,4103,444
1482429,106,4111,442
1482430,134,4115,450
1482431,162,4128,465
1482432,159,4134,484
1482433,144,4137,512
1482434,121,4146,538
1482435,83,4154,566
1482436,60,4154,583
1482437,79,4155,574
1482438,102,4156,542
1482439,110,4153,507
1482440,109,4152,497
1482441,99,4149,509
1482442,87,4143,524
1482443,78,4138,512
1482444,106,4133,478
1482445,141,4134,474
1482446,168,4134,481
1482447,175,4136,481
1482448,183,4122,448
1482449,169,4112,452
1482450,101,4120,534
1482451,33,4120,620
1482452,10,4114,653
1482453,5,4117,636
1482454,-3,4120,618
1482455,-1,4120,611
1482456,35,4121,560
1482457,124,4123,449
1482458,219,4136,337
1482459,264,4148,286
1482460,242,4150,329
1482461,170,4141,413
1482462,99,4120,471
1482463,44,4112,490
1482464,17,4112,428
1482465,29,4110,320
1482466,60,4116,266
1482467,79,4121,305
1482468,48,4127,388
1482469,3,4121,433
1482470,-14,4110,461
1482471,-13,4105,484
1482472,5,4106,484
1482473,17,4122,449
1482474,7,4142,375
1482475,-9,4151,308
1482476,-28,4156,320
1482477,-42,4162,396
1482478,-14,4157,440
1482479,63,4172,450
1482480,72,4185,390
1482481,98,4182,301
1482482,112,4190,262
1482483,90,4199,303
1482484,59,4186,349
1482485,43,4160,362
1482486,30,4138,387
1482487,19,4128,467
1482488,24,4114,549
1482489,53,4096,552
1482490,97,4088,509
1482491,103,4086,481
1482492,75,4089,475
1482493,52,4089,452
1482494,49,4085,391
1482495,74,4095,303
1482496,116,4116,191
1482497,166,4128,105
1482498,187,4132,105
1482499,164,4130,163
1482500,133,4126,228
1482501,116,4124,239
1482502,109,4122,209
1482503,82,4121,211
1482504,55,4115,267
1482505,48,4101,335
1482506,40,4087,360
1482507,39,4068,361
1482508,35,4054,390
1482509,30,4068,439
1482510,51,4082,457
1482511,108,4086,441
1482512,169,4101,436
1482513,192,4120,466
1482514,200,4123,507
1482515,203,4121,521
1482516,194,4123,538
1482517,125,4120,559
1482518,89,4111,567
1482519,51,4101,623
1482520,24,4094,715
1482521,16,4096,784
1482522,34,4111,787
1482523,66,4119,733
1482524,93,4131,661
1482525,98,4151,599
1482526,108,4153,567
1482527,143,4155,511
1482528,216,4155,368
1482529,296,4156,242
1482530,306,4155,244
1482531,236,4151,364
1482532,157,4133,460
1482533,126,4113,456
1482534,122,4105,416
1482535,111,4123,411
1482536,111,4145,390
1482537,173,4151,324
1482538,257,4156,287
1482539,280,4155,317
1482540,260,4150,374
1482541,246,4145,390
1482542,242,4143,390
1482543,224,4138,443
1482544,180,4128,565
1482545,120,4121,717
1482546,61,4121,833
1482547,20,4127,885
1482548,14,4143,861
1482549,58,4150,780
1482550,103,4157,729
1482551,125,4170,681
1482552,178,4167,574
1482553,261,4162,427
1482554,328,4175,249
1482555,307,4180,199
1482556,264,4191,140
1482557,227,4196,50
1482558,217,4192,-32
1482559,210,4188,-36
1482560,194,4182,30
1482561,190,4171,92
1482562,212,4153,102
1482563,265,4142,69
1482564,326,4152,7
1482565,372,4159,-91
1482566,389,4151,-161
1482567,350,4136,-109
1482568,274,4117,54
1482569,216,4096,234
1482570,189,4077,370
1482571,173,4072,487
1482572,148,4077,591
1482573,124,4079,643
1482574,120,4080,681
1482575,122,4087,768
1482576,148,4096,849
1482577,195,4113,862
1482578,246,4138,770
1482579,321,4151,631
1482580,352,4174,565
1482581,299,4209,562
1482582,249,4223,565
1482583,257,4226,515
1482584,296,4232,406
1482585,334,4247,305
1482586,372,4257,272
1482587,389,4260,291
1482588,396,4257,274
1482589,417,4247,197
1482590,443,4232,128
1482591,436,4234,191
1482592,414,4229,242
1482593,385,4218,273
1482594,322,4210,336
1482595,230,4194,472
1482596,142,4178,609
1482597,98,4172,642
1482598,79,4174,544
1482599,64,4179,406
1482600,71,4191,355
1482601,111,4200,383
1482602,184,4200,401
1482603,247,4202,408
1482604,261,4208,408
1482605,233,4207,426
1482606,191,4201,442
1482607,179,4203,381
1482608,240,4206,267
1482609,287,4220,193
1482610,256,4233,199
1482611,187,4224,219
1482612,136,4209,199
1482613,145,4197,120
1482614,203,4181,3
1482615,257,4176,-35
1482616,262,4179,34
1482617,270,4167,126
1482618,302,4141,187
1482619,297,4126,230
1482620,240,4121,308
1482621,170,4121,406
1482622,111,4125,460
1482623,70,4126,459
1482624,48,4125,463
1482625,39,4141,485
1482626,46,4168,454
1482627,78,4188,382
1482628,149,4198,337
1482629,247,4206,371
1482630,239,4201,358
1482631,202,4198,335
1482632,142,4195,350
1482633,70,4192,376
1482634,15,4191,359
1482635,17,4185,280
1482636,73,4174,170
1482637,134,4166,109
1482638,181,4149,126
1482639,216,4137,211
1482640,250,4132,289
1482641,274,4127,322
1482642,264,4124,349
1482643,202,4116,422
1482644,136,4102,493
1482645,126,4084,501
1482646,146,4068,481
1482647,144,4059,471
1482648,125,4055,469
1482649,119,4053,453
1482650,139,4058,425
1482651,141,4077,412
1482652,108,4099,413
1482653,101,4114,387
1482654,140,4129,292
1482655,191,4149,165
1482656,217,4168,85
1482657,201,4177,98
1482658,151,4167,199
1482659,89,4149,334
1482660,40,4133,454
1482661,14,4120,556
1482662,3,4108,614
1482663,2,4107,619
1482664,37,4113,583
1482665,123,4117,492
1482666,272,4115,365
1482667,254,4113,415
1482668,205,4115,459
1482669,173,4120,410
1482670,162,4130,259
1482671,166,4142,89
1482672,155,4150,26
1482673,117,4142,66
1482674,89,4121,146
1482675,92,4105,216
1482676,104,4103,240
1482677,111,4105,235
1482678,118,4106,252
1482679,121,4108,289
1482680,126,4106,298
1482681,127,4102,283
1482682,107,4103,336
1482683,62,4100,478
1482684,0,4096,632
1482685,-45,4088,698
1482686,-49,4085,671
1482687,-41,4089,626
1482688,-44,4099,632
1482689,-53,4110,676
1482690,-41,4111,680
1482691,-2,4108,636
1482692,33,4113,604
1482693,52,4130,604
1482694,63,4148,596
1482695,92,4160,516
1482696,134,4162,390
1482697,162,4178,312
1482698,187,4193,293
1482699,201,4198,300
1482700,180,4207,287
1482701,136,4213,221
1482702,112,4220,232
1482703,107,4219,252
1482704,117,4217,245
1482705,121,4231,197
1482706,141,4241,156
1482707,167,4247,163
1482708,187,4243,164
1482709,206,4235,129
1482710,196,4237,94
1482711,155,4233,90
1482712,116,4217,134
1482713,81,4194,224
1482714,50,4179,268
1482715,78,4160,215
1482716,128,4153,178
1482717,141,4165,194
1482718,160,4171,184
1482719,191,4166,134
1482720,205,4160,79
1482721,194,4152,81
1482722,164,4143,141
1482723,141,4135,175
1482724,146,4127,166
1482725,159,4123,160
1482726,139,4119,213
1482727,83,4108,327
1482728,-3,4101,465
1482729,-83,4090,585
1482730,-114,4084,622
1482731,-93,4093,538
1482732,-31,4111,398
1482733,56,4138,286
1482734,171,4152,190
1482735,290,4148,117
1482736,337,4145,122
1482737,194,4140,256
1482738,104,4133,308
1482739,31,4123,361
1482740,-15,4110,424
1482741,-50,4095,532
1482742,-65,4084,635
1482743,-20,4069,645
1482744,74,4064,563
1482745,183,4081,466
1482746,276,4108,391
1482747,319,4134,331
1482748,289,4146,311
1482749,195,4145,383
1482750,64,4134,525
1482751,-55,4117,669
1482752,-119,4107,795
1482753,-135,4112,898
1482754,-121,4121,940
1482755,-78,4129,859
1482756,13,4129,679
1482757,139,4129,511
1482758,243,4143,442
1482759,309,4153,441
1482760,356,4149,451
1482761,370,4140,482
1482762,318,4135,572
1482763,220,4130,689
1482764,122,4118,743
1482765,53,4102,680
1482766,10,4095,541
1482767,-23,4098,426
1482768,-37,4098,406
1482769,-23,4092,470
1482770,10,4082,557
1482771,61,4073,590
1482772,119,4079,551
1482773,138,4099,496
1482774,76,4147,525
1482775,50,4159,562
1482776,48,4165,559
1482777,77,4163,538
1482778,98,4169,561
1482779,81,4172,594
1482780,63,4166,598
1482781,84,4165,540
1482782,156,4167,408
1482783,224,4177,280
1482784,235,4181,209
1482785,215,4176,210
1482786,198,4163,248
1482787,172,4145,283
1482788,136,4138,310
1482789,113,4131,295
1482790,101,4127,251
1482791,92,4124,234
1482792,91,4114,266
1482793,89,4108,329
1482794,84,4115,382
1482795,93,4123,415
1482796,112,4131,428
1482797,138,4141,430
1482798,170,4152,428
1482799,178,4153,423
1482800,145,4142,452
1482801,79,4137,518
1482802,20,4127,553
1482803,4,4115,523
1482804,13,4118,450
1482805,38,4121,396
1482806,80,4114,384
1482807,114,4109,414
1482808,121,4111,463
1482809,101,4109,467
1482810,104,4103,398
1482811,94,4109,422
1482812,51,4114,459
1482813,30,4105,490
1482814,38,4103,524
1482815,59,4106,522
1482816,107,4101,478
1482817,146,4111,448
1482818,144,4120,470
1482819,110,4125,564
1482820,72,4127,647
1482821,49,4124,673
1482822,25,4137,664
1482823,24,4144,635
1482824,48,4149,629
1482825,54,4152,646
1482826,39,4146,662
1482827,24,4143,670
1482828,-17,4140,697
1482829,-74,4137,724
1482830,-89,4135,699
1482831,-46,4134,616
1482832,41,4132,518
1482833,141,4135,462
1482834,206,4140,460
1482835,204,4140,519
1482836,149,4137,596
1482837,83,4136,597
1482838,47,4133,525
1482839,46,4144,475
1482840,58,4165,457
1482841,76,4174,439
1482842,76,4182,364
1482843,93,4195,223
1482844,161,4210,98
1482845,238,4224,22
1482846,305,4237,-12
1482847,315,4235,3
1482848,331,4227,-7
1482849,312,4220,2
1482850,241,4213,69
1482851,151,4209,152
1482852,77,4203,229
1482853,38,4183,288
1482854,36,4172,330
1482855,44,4175,338
1482856,48,4174,349
1482857,48,4168,402
1482858,73,4160,443
1482859,111,4155,425
1482860,133,4155,331
1482861,151,4157,196
1482862,148,4159,98
1482863,102,4164,100
1482864,50,4161,156
1482865,53,4136,227
1482866,82,4118,338
1482867,94,4117,441
1482868,102,4117,454
1482869,122,4114,389
1482870,125,4120,365
1482871,79,4126,448
1482872,38,4113,568
1482873,74,4094,623
1482874,138,4096,599
1482875,179,4107,511
1482876,216,4118,403
1482877,238,4128,362
1482878,221,4123,386
1482879,188,4111,423
1482880,157,4105,450
1482881,111,4100,530
1482882,0,4078,693
1482883,-13,4075,649
1482884,12,4078,546
1482885,84,4079,447
1482886,186,4083,412
1482887,277,4083,413
1482888,327,4079,393
1482889,328,4073,370
1482890,278,4067,394
1482891,186,4071,456
1482892,90,4074,510
1482893,40,4068,532
1482894,31,4068,538
1482895,40,4070,562
1482896,47,4076,601
1482897,82,4085,582
1482898,158,4106,483
1482899,210,4139,386
1482900,233,4170,354
1482901,247,4192,374
1482902,238,4204,380
1482903,227,4212,347
1482904,229,4225,330
1482905,218,4237,344
1482906,203,4239,330
1482907,202,4236,277
1482908,183,4239,246
1482909,127,4232,299
1482910,50,4212,436
1482911,-18,4197,566
1482912,-25,4189,628
1482913,23,4190,597
1482914,94,4203,494
1482915,161,4221,420
1482916,185,4232,392
1482917,189,4230,385
1482918,190,4213,385
1482919,177,4195,399
1482920,142,4181,497
1482921,100,4183,566
1482922,54,4183,598
1482923,44,4182,553
1482924,54,4192,478
1482925,60,4214,408
1482926,83,4230,331
1482927,116,4228,248
1482928,137,4224,199
1482929,156,4225,199
1482930,191,4227,184
1482931,242,4228,135
1482932,264,4234,90
1482933,238,4236,71
1482934,209,4227,69
1482935,175,4217,96
1482936,104,4198,171
1482937,20,4175,280
1482938,-31,4154,376
1482939,-36,4133,418
1482940,-29,4117,438
1482941,-18,4105,451
1482942,23,4101,464
1482943,79,4104,459
1482944,122,4113,468
1482945,131,4114,549
1482946,119,4110,623
1482947,129,4111,609
1482948,143,4114,511
1482949,133,4118,388
1482950,104,4125,332
1482951,81,4128,357
1482952,91,4123,388
1482953,117,4117,388
1482954,123,4115,394
1482955,54,4121,395
1482956,12,4127,415
1482957,-8,4133,445
1482958,14,4138,450
1482959,62,4138,440
1482960,113,4135,433
1482961,136,4139,437
1482962,122,4146,430
1482963,91,4149,358
1482964,70,4139,234
1482965,56,4128,156
1482966,38,4121,148
1482967,18,4119,184
1482968,12,4113,251
1482969,23,4095,317
1482970,54,4082,371
1482971,82,4072,421
1482972,72,4066,486
1482973,40,4060,530
1482974,24,4047,494
1482975,29,4036,433
1482976,38,4038,432
1482977,42,4047,458
1482978,54,4055,450
1482979,83,4069,421
1482980,116,4086,365
1482981,141,4093,283
1482982,137,4095,242
1482983,97,4108,292
1482984,31,4116,358
1482985,-26,4107,383
1482986,-53,4096,432
1482987,-32,4083,500
1482988,55,4080,514
1482989,155,4091,501
1482990,206,4103,516
1482991,200,4112,550
1482992,145,4111,563
1482993,126,4104,527
1482994,107,4092,478
1482995,83,4088,440
1482996,75,4081,403
1482997,94,4074,380
1482998,114,4076,385
1482999,125,4089,428
1483000,130,4106,488
1483001,140,4115,502
1483002,151,4125,492
1483003,126,4134,501
1483004,66,4137,564
1483005,16,4138,660
1483006,0,4133,744
1483007,8,4131,787
1483008,42,4143,768
1483009,89,4160,716
1483010,130,4172,618
1483011,177,4182,483
1483012,217,4196,388
1483013,237,4209,371
1483014,229,4211,392
1483015,181,4206,405
1483016,109,4199,426
1483017,48,4190,443
1483018,25,4174,457
1483019,11,4164,502
1483020,-6,4156,554
1483021,-6,4141,577
1483022,-1,4130,588
1483023,-8,4123,626
1483024,10,4114,664
1483025,65,4108,660
1483026,119,4114,633
1483027,150,4123,603
1483028,110,4132,600
1483029,72,4129,561
1483030,38,4128,527
1483031,8,4132,499
1483032,-10,4137,482
1483033,-21,4144,475
1483034,-9,4142,408
1483035,37,4133,285
1483036,93,4140,193
1483037,133,4148,178
1483038,139,4153,210
1483039,130,4159,243
1483040,130,4157,283
1483041,126,4146,288
1483042,127,4137,257
1483043,130,4137,251
1483044,92,4140,306
1483045,13,4141,376
1483046,-36,4127,381
1483047,-24,4114,345
1483048,2,4126,343
1483049,18,4150,362
1483050,54,4169,338
1483051,108,4185,305
1483052,141,4192,346
1483053,139,4196,452
1483054,137,4200,540
1483055,135,4202,557
1483056,90,4200,521
1483057,18,4191,473
1483058,-14,4186,436
1483059,15,4182,401
1483060,75,4183,371
1483061,120,4189,366
1483062,141,4194,382
1483063,146,4192,402
1483064,110,4188,320
1483065,85,4189,205
1483066,74,4187,138
1483067,71,4178,176
1483068,67,4163,284
1483069,54,4149,398
1483070,44,4142,463
1483071,58,4137,481
1483072,63,4145,498
1483073,44,4157,502
1483074,36,4157,488
1483075,25,4155,501
1483076,-2,4149,569
1483077,3,4137,635
1483078,54,4125,607
1483079,102,4123,545
1483080,101,4128,573
1483081,42,4133,669
1483082,-36,4131,701
1483083,-67,4111,629
1483084,-55,4100,544
1483086,-36,4100,534
1483087,10,4090,594
1483088,54,4080,674
1483089,45,4081,728
1483090,23,4082,718
1483091,30,4081,641
1483092,56,4081,567
1483093,80,4085,574
1483094,115,4077,581
1483095,160,4063,518
1483096,172,4066,455
1483097,135,4074,444
1483098,79,4076,501
1483099,41,4073,574
1483100,34,4076,572
1483101,37,4122,491
1483102,27,4144,479
1483103,46,4157,472
1483104,82,4161,491
1483105,107,4170,525
1483106,126,4178,510
1483107,144,4179,472
1483108,128,4186,476
1483109,88,4189,509
1483110,66,4181,529
1483111,54,4164,529
1483112,15,4146,567
1483113,-54,4140,659
1483114,-101,4136,703
1483115,-74,4125,624
1483116,-17,4117,545
1483117,-8,4113,554
1483118,-32,4102,615
1483119,-44,4092,655
1483120,-34,4094,600
1483121,4,4099,462
1483122,39,4113,372
1483123,42,4126,395
1483124,38,4120,455
1483125,22,4111,513
1483126,-18,4111,524
1483127,-39,4109,464
1483128,-38,4104,389
1483129,-57,4105,373
1483130,-88,4105,402
1483131,-77,4096,377
1483132,8,4084,280
1483133,200,4086,239
1483134,216,4081,298
1483135,175,4076,368
1483136,110,4059,390
1483137,54,4037,372
1483138,3,4039,355
1483139,-35,4046,380
1483140,-30,4043,404
1483141,26,4048,406
1483142,88,4067,400
1483143,116,4084,413
1483144,89,4087,502
1483145,19,4088,622
1483146,-46,4096,683
1483147,-82,4106,654
1483148,-81,4116,558
1483149,-58,4132,469
1483150,-10,4154,430
1483151,56,4168,404
1483152,111,4176,385
1483153,140,4184,364
1483154,149,4189,352
1483155,131,4187,377
1483156,81,4181,441
1483157,34,4178,490
1483158,22,4179,455
1483159,47,4190,386
1483160,76,4203,352
1483161,105,4206,357
1483162,132,4203,357
1483163,149,4211,348
1483164,180,4219,363
1483165,207,4226,388
1483166,209,4237,406
1483167,191,4239,410
1483168,170,4229,390
1483169,146,4223,388
1483170,114,4224,443
1483171,109,4217,485
1483172,148,4211,502
1483173,138,4204,525
1483174,110,4193,570
1483175,65,4194,599
1483176,40,4200,574
1483177,46,4200,530
1483178,56,4203,496
1483179,64,4209,478
1483180,78,4205,472
1483181,119,4199,476
1483182,178,4192,483
1483183,215,4189,480
1483184,207,4193,458
1483185,164,4192,427
1483186,95,4185,424
1483187,28,4170,467
1483188,4,4153,525
1483189,31,4134,551
1483190,56,4126,554
1483191,41,4133,549
1483192,23,4137,553
1483193,21,4134,586
1483194,20,4132,619
1483195,6,4133,622
1483196,-15,4130,629
1483197,-38,4134,628
1483198,-52,4137,561
1483199,-32,4137,489
1483200,8,4135,464
1483201,38,4135,472
1483202,52,4135,466
1483203,75,4125,438
1483204,103,4122,418
1483205,112,4122,389
1483206,103,4114,389
1483207,74,4100,433
1483208,-2,4047,470
1483209,16,4026,472
1483210,48,4022,515
1483211,92,4026,509
1483212,137,4020,454
1483213,138,4018,439
1483214,98,4019,456
1483215,45,4013,466
1483216,-1,3994,498
1483217,-24,3984,559
1483218,-24,3991,627
1483219,-24,4000,678
1483220,-18,4007,685
1483221,3,4018,677
1483222,6,4036,686
1483223,-1,4051,687
1483224,11,4065,673
1483225,25,4070,661
1483226,28,4075,678
1483227,21,4089,719
1483228,29,4092,739
1483229,59,4093,752
1483230,89,4104,760
1483231,117,4116,729
1483232,131,4131,650
1483233,126,4140,569
1483234,103,4144,529
1483235,63,4147,494
1483236,22,4148,435
1483237,7,4139,354
1483238,3,4131,307
1483239,-4,4124,325
1483240,-6,4116,370
1483241,3,4118,392
1483242,41,4112,298
1483243,64,4109,271
1483244,84,4111,298
1483245,91,4115,338
1483246,95,4123,335
1483247,94,4131,293
1483248,78,4139,254
1483249,56,4144,229
1483250,47,4147,225
1483251,35,4156,229
1483252,12,4165,222
1483253,-23,4179,209
1483254,-59,4190,201
1483255,-71,4188,234
1483256,-60,4179,285
1483257,-50,4167,303
1483258,-32,4161,295
1483259,10,4158,288
1483260,69,4170,294
1483261,125,4186,301
1483262,148,4196,293
1483263,147,4215,278
1483264,136,4223,247
1483265,117,4219,226
1483266,96,4216,223
1483267,85,4204,225
1483268,66,4195,213
1483269,35,4191,183
1483270,17,4185,185
1483271,3,4182,197
1483272,-13,4181,186
1483273,-15,4184,160
1483274,-20,4189,139
1483275,-37,4191,100
1483276,-32,4187,23
1483277,5,4189,-42
1483278,102,4196,-80
1483279,126,4182,-6
1483280,106,4177,121
1483281,68,4171,249
1483282,33,4159,345
1483283,4,4156,407
1483284,-14,4161,437
1483285,-15,4167,448
1483286,-16,4168,448
1483287,-8,4171,440
1483288,14,4171,406
1483289,44,4171,368
1483290,78,4170,352
1483291,95,4174,353
1483292,92,4178,356
1483293,92,4178,355
1483294,87,4185,375
1483295,55,4185,411
1483296,25,4178,445
1483297,18,4167,462
1483298,14,4152,437
1483299,11,4144,429
1483300,12,4146,495
1483301,7,4148,578
1483302,22,4137,617
1483303,52,4128,647
1483304,62,4135,724
1483305,51,4141,783
1483306,62,4132,763
1483307,75,4131,725
1483308,58,4144,711
1483309,53,4160,682
1483310,90,4165,579
1483311,131,4173,452
1483312,128,4198,358
1483313,124,4209,302
1483314,161,4190,317
1483315,131,4187,374
1483316,66,4186,491
1483317,-8,4176,581
1483318,-41,4152,605
1483319,-25,4130,606
1483320,5,4123,615
1483321,17,4128,635
1483322,31,4127,696
1483323,50,4123,797
1483324,73,4115,881
1483325,106,4110,896
1483326,150,4116,860
1483327,169,4119,841
1483328,136,4113,864
1483329,93,4103,893
1483330,74,4092,876
1483331,83,4082,845
1483332,77,4088,858
1483333,21,4104,900
1483334,-7,4110,822
1483335,70,4118,583
1483336,162,4138,323
1483337,171,4160,198
1483338,132,4162,229
1483339,101,4138,326
1483340,64,4112,377
1483341,38,4086,387
1483342,24,4089,425
1483343,20,4090,443
1483344,29,4068,451
1483345,17,4048,529
1483346,-19,4037,684
1483347,-43,4030,834
1483348,-25,4012,914
1483349,4,4008,951
1483350,20,4024,978
1483351,21,4041,987
1483352,53,4052,859
1483353,101,4060,760
1483354,108,4080,698
1483355,91,4091,663
1483356,89,4097,631
1483357,78,4111,573
1483358,43,4122,516
1483359,-11,4136,484
1483360,-51,4148,414
1483361,-34,4143,307
1483362,12,4134,253
1483363,48,4131,277
1483364,87,4125,307
1483365,138,4114,280
1483366,185,4100,266
1483367,188,4090,362
1483368,133,4081,533
1483369,52,4065,700
1483370,-21,4043,786
1483371,-57,4036,780
1483372,-54,4047,690
1483373,-14,4059,562
1483374,54,4076,480
1483375,112,4096,477
1483376,136,4111,545
1483377,117,4114,610
1483378,90,4111,621
1483379,71,4123,574
1483380,62,4147,501
1483381,45,4165,460
1483382,19,4174,448
1483383,28,4173,425
1483384,54,4171,397
1483385,67,4171,382
1483386,88,4175,349
1483387,126,4171,291
1483388,119,4157,280
1483389,58,4144,377
1483390,-3,4131,483
1483391,-39,4122,557
1483392,-44,4111,612
1483393,-39,4106,688
1483394,-40,4101,745
1483395,-25,4094,714
1483396,21,4092,603
1483397,74,4089,489
1483398,108,4085,433
1483399,113,4078,409
1483400,93,4064,413
1483401,62,4060,446
1483402,28,4060,451
1483403,13,4055,473
1483404,8,4062,533
1483405,9,4073,572
1483406,11,4086,600
1483407,9,4101,600
1483408,25,4117,547
1483409,60,4126,496
1483410,86,4129,491
1483411,121,4130,476
1483412,189,4139,455
1483413,237,4159,435
1483414,247,4174,421
1483415,214,4190,447
1483416,142,4212,492
1483417,73,4225,525
1483418,16,4226,547
1483419,-26,4222,573
1483420,-32,4218,601
1483421,-29,4220,659
1483422,-46,4221,737
1483423,-50,4219,783
1483424,-18,4222,761
1483425,33,4222,621
1483426,51,4226,547
1483427,85,4225,481
1483428,100,4213,474
1483429,91,4197,510
1483430,94,4177,502
1483431,109,4154,422
1483432,106,4138,354
1483433,66,4127,356
1483434,-4,4111,416
1483435,-77,4088,503
1483436,-121,4080,603
1483437,-94,4070,664
1483438,-3,4071,655
1483439,71,4097,597
1483440,97,4121,537
1483441,110,4126,527
1483442,105,4122,564
1483443,72,4119,615
1483444,41,4120,649
1483445,52,4112,643
1483446,81,4116,601
1483447,84,4128,538
1483448,71,4134,513
1483449,58,4133,547
1483450,50,4127,580
1483451,68,4123,561
1483452,132,4108,486
1483453,202,4100,414
1483454,209,4105,434
1483455,156,4111,515
1483456,112,4095,522
1483457,89,4076,465
1483458,52,4083,466
1483459,18,4093,540
1483460,27,4093,616
1483461,50,4086,674
1483462,54,4083,752
1483463,12,4098,829
1483464,30,4091,732
1483465,71,4100,620
1483466,101,4122,574
1483467,109,4145,570
1483468,102,4159,566
1483469,78,4162,550
1483470,54,4166,528
1483471,56,4168,481
1483472,87,4170,447
1483473,118,4176,489
1483474,127,4176,536
1483475,151,4165,520
1483476,168,4156,490
1483477,133,4161,516
1483478,77,4163,578
1483479,33,4154,620
1483480,5,4136,631
1483481,-17,4125,643
1483482,-23,4124,668
1483483,7,4128,642
1483484,67,4124,515
1483485,112,4129,372
1483486,130,4140,281
1483487,132,4147,254
1483488,124,4145,243
1483489,135,4134,297
1483490,148,4132,412
1483491,130,4131,468
1483492,100,4130,457
1483493,77,4125,457
1483494,37,4121,525
1483495,-7,4117,591
1483496,-28,4117,606
1483497,-20,4114,576
1483498,64,4117,609
1483499,74,4123,628
1483500,58,4131,619
1483501,36,4135,596
1483502,33,4137,553
1483503,50,4133,521
1483504,51,4132,538
1483505,24,4127,573
1483506,-2,4118,623
1483507,-28,4120,665
1483508,-41,4119,648
1483509,-19,4111,604
1483510,19,4110,569
1483511,51,4120,505
1483512,85,4135,428
1483513,114,4142,341
1483514,121,4139,249
1483515,114,4136,221
1483516,118,4136,261
1483517,136,4136,314
1483518,151,4138,348
1483519,127,4145,367
1483520,68,4156,421
1483521,-8,4164,484
1483522,-60,4165,477
1483523,-31,4158,425
1483524,48,4161,418
1483525,114,4167,484
1483526,127,4165,545
1483527,104,4161,545
1483528,95,4157,499
1483529,102,4159,479
1483530,91,4165,567
1483531,61,4157,701
1483532,31,4141,789
1483533,5,4126,804
1483534,-7,4121,715
1483535,23,4133,452
1483536,40,4135,505
1483537,62,4132,640
1483538,91,4128,725
1483539,101,4125,701
1483540,81,4129,630
1483541,55,4145,534
1483542,62,4148,446
1483543,95,4139,450
1483544,126,4131,528
1483545,147,4114,554
1483546,179,4093,482
1483547,200,4084,460
1483548,161,4083,562
1483549,72,4077,671
1483550,-7,4063,682
1483551,-24,4051,627
1483552,11,4052,579
1483553,53,4063,548
1483554,70,4078,508
1483555,79,4080,452
1483556,80,4083,408
1483557,58,4090,418
1483558,13,4091,515
1483559,-32,4083,620
1483560,-40,4083,661
1483561,-14,4099,626
1483562,14,4118,583
1483563,26,4128,608
1483564,24,4123,666
1483565,40,4121,734
1483566,62,4134,800
1483567,43,4147,863
1483568,-1,4153,901
1483569,-11,4157,833
1483570,37,4160,659
1483571,75,4170,493
1483572,39,4174,583
1483573,39,4159,667
1483574,75,4154,647
1483575,111,4152,593
1483576,95,4151,634
1483577,35,4144,702
1483578,19,4124,693
1483579,53,4116,621
1483580,83,4119,525
1483581,92,4125,472
1483582,81,4147,498
1483583,83,4165,539
1483584,123,4167,530
1483585,150,4173,495
1483586,107,4191,434
1483587,49,4199,339
1483588,12,4196,272
1483589,-26,4186,329
1483590,-55,4180,485
1483591,-34,4173,576
1483592,36,4165,556
1483593,80,4174,513
1483594,69,4177,468
1483595,69,4167,400
1483596,106,4156,346
1483597,139,4145,387
1483598,141,4130,528
1483599,117,4116,669
1483600,74,4098,729
1483601,3,4084,749
1483602,-84,4082,774
1483603,-131,4078,783
1483604,-116,4074,768
1483605,-66,4075,696
1483606,16,4072,563
1483607,98,4078,411
1483608,187,4098,207
1483609,183,4095,189
1483610,147,4096,224
1483611,101,4091,288
1483612,46,4087,332
1483613,-8,4094,301
1483614,-8,4092,226
1483615,34,4096,174
1483616,70,4108,171
1483617,80,4105,220
1483618,60,4090,336
1483619,16,4078,448
1483620,-2,4076,484
1483621,22,4085,494
1483622,51,4101,505
1483623,66,4127,502
1483624,67,4141,458
1483625,63,4145,441
1483626,51,4153,506
1483627,49,4157,571
1483628,68,4152,574
1483629,71,4152,546
1483630,57,4154,555
1483631,56,4159,598
1483632,74,4157,607
1483633,68,4157,591
1483634,31,4167,545
1483635,-9,4175,510
1483636,-46,4180,544
1483637,-62,4167,623
1483638,-54,4148,720
1483639,-37,4140,778
1483640,-15,4143,789
1483641,0,4152,803
1483642,-1,4159,816
1483643,0,4160,811
1483644,-8,4162,783
1483645,-28,4168,595
1483646,49,4163,531
1483647,146,4156,503
1483648,207,4150,486
1483649,219,4151,463
1483650,213,4156,450
1483651,198,4153,481
1483652,148,4150,550
1483653,87,4140,582
1483654,54,4122,598
1483655,22,4116,637
1483656,-3,4111,661
1483657,-8,4115,675
1483658,-1,4125,638
1483659,26,4136,577
1483660,49,4153,503
1483661,36,4163,417
1483662,5,4172,383
1483663,5,4166,415
1483664,53,4153,514
1483665,131,4140,633
1483666,183,4132,708
1483667,174,4129,695
1483668,139,4126,620
1483669,84,4118,569
1483670,1,4102,600
1483671,-73,4087,693
1483672,-109,4082,732
1483673,-95,4070,701
1483674,-32,4063,708
1483675,60,4068,708
1483676,163,4068,643
1483677,226,4077,557
1483678,239,4076,500
1483679,222,4067,512
1483680,166,4059,526
1483681,86,4044,468
1483682,18,4033,387
1483683,-65,4033,327
1483684,-53,4028,402
1483685,-21,4020,488
1483686,37,4011,516
1483687,101,4016,513
1483688,125,4033,497
1483689,128,4043,468
1483690,142,4045,416
1483691,168,4042,407
1483692,161,4054,462
1483693,113,4072,511
1483694,62,4081,494
1483695,7,4093,477
1483696,-46,4108,546
1483697,-56,4110,623
1483698,-12,4104,651
1483699,8,4114,685
1483700,-31,4127,739
1483701,-54,4124,792
1483702,-7,4123,837
1483703,66,4130,839
1483704,110,4142,817
1483705,136,4153,806
1483706,163,4154,781
1483707,169,4157,724
1483708,142,4165,628
1483709,107,4170,563
1483710,69,4167,579
1483711,38,4159,590
1483712,49,4150,560
1483713,73,4156,523
1483714,69,4176,482
1483715,50,4191,445
1483716,48,4188,426
1483717,66,4168,425
1483718,74,4147,447
1483719,41,4144,599
1483720,48,4134,606
1483721,76,4128,587
1483722,91,4125,585
1483723,103,4113,640
1483724,110,4104,728
1483725,93,4103,803
1483726,72,4105,851
1483727,60,4110,816
1483728,73,4115,742
1483729,82,4128,685
1483730,55,4149,639
1483731,27,4154,579
1483732,39,4147,543
1483733,81,4146,583
1483734,126,4145,633
1483735,143,4146,682
1483736,114,4155,746
1483737,59,4164,747
1483738,35,4163,678
1483739,64,4154,606
1483740,94,4143,565
1483741,109,4150,620
1483742,109,4159,713
1483743,96,4159,756
1483744,65,4155,716
1483745,40,4146,649
1483746,32,4148,652
1483747,5,4146,692
1483748,-5,4126,714
1483749,37,4110,728
1483750,61,4107,747
1483751,44,4109,741
1483752,58,4106,679
1483753,119,4096,589
1483754,171,4091,563
1483755,166,4086,622
1483756,111,4081,723
1483757,32,4066,797
1483758,31,4050,844
1483759,32,4037,896
1483760,33,4033,902
1483761,26,4033,841
1483762,23,4038,754
1483763,32,4047,705
1483764,41,4048,720
1483765,33,4045,733
1483766,35,4051,693
1483767,78,4062,603
1483768,141,4075,533
1483769,188,4083,549
1483770,193,4090,614
1483771,172,4092,638
1483772,147,4100,578
1483773,123,4111,520
1483774,80,4117,569
1483775,25,4115,679
1483776,-3,4109,719
1483777,4,4122,662
1483778,20,4139,568
1483779,4,4151,496
1483780,2,4155,506
1483781,83,4137,564
1483782,196,4122,603
1483783,254,4119,627
1483784,229,4115,648
1483785,148,4121,628
1483786,75,4129,568
1483787,35,4121,539
1483788,8,4104,572
1483789,-8,4096,626
1483790,13,4081,651
1483791,57,4065,678
1483792,68,4066,718
1483793,52,4073,764
1483794,47,4078,773
1483795,84,4078,707
1483796,128,4097,471
1483797,96,4102,430
1483798,44,4103,443
1483799,3,4096,454
1483800,7,4085,461
1483801,51,4079,481
1483802,110,4081,512
1483803,163,4097,540
1483804,177,4112,542
1483805,155,4113,560
1483806,119,4101,660
1483807,56,4086,798
1483808,-18,4084,904
1483809,-76,4098,900
1483810,-75,4109,742
1483811,-2,4119,574
1483812,75,4129,520
1483813,123,4133,569
1483814,156,4133,603
1483815,153,4134,568
1483816,118,4135,530
1483817,89,4133,522
1483818,76,4128,534
1483819,64,4123,550
1483820,35,4122,554
1483821,2,4115,564
1483822,4,4109,611
1483823,22,4112,682
1483824,27,4114,738
1483825,44,4103,780
1483826,78,4106,816
1483827,108,4124,787
1483828,139,4139,745
1483829,169,4155,730
1483830,151,4165,706
1483831,109,4165,677
1483832,94,4158,660
1483833,106,4146,626
1483834,118,4146,582
1483835,126,4151,535
1483836,125,4153,481
1483837,109,4155,454
1483838,79,4145,475
1483839,67,4128,554
1483840,77,4113,680
1483841,79,4108,758
1483842,101,4108,767
1483843,130,4108,728
1483844,100,4111,671
1483845,35,4103,690
1483846,-16,4089,791
1483847,-40,4070,853
1483848,-31,4065,856
1483849,8,4074,808
1483850,56,4082,715
1483851,76,4099,617
1483852,72,4111,565
1483853,78,4118,538
1483854,101,4117,471
1483855,153,4108,406
1483856,200,4104,395
1483857,188,4101,422
1483858,136,4091,504
1483859,90,4081,628
1483860,54,4069,736
1483861,22,4062,809
1483862,13,4063,798
1483863,53,4060,786
1483864,107,4070,832
1483865,129,4072,843
1483866,155,4067,817
1483867,195,4071,785
1483868,218,4075,769
1483869,180,4083,745
1483870,136,4091,732
1483871,58,4110,721
1483872,-22,4115,711
1483873,-46,4116,700
1483874,25,4120,657
1483875,139,4132,584
1483876,240,4140,469
1483877,311,4142,427
1483878,317,4150,470
1483879,304,4147,495
1483880,331,4138,510
1483881,348,4142,497
1483882,319,4146,438
1483883,291,4145,436
1483884,256,4152,507
1483885,184,4150,575
1483886,131,4135,646
1483887,128,4119,733
1483888,139,4112,811
1483889,145,4125,826
1483890,170,4138,778
1483891,197,4143,741
1483892,169,4150,729
1483893,135,4146,703
1483894,156,4146,679
1483895,189,4151,685
1483896,202,4149,731
1483897,213,4145,817
1483898,203,4148,872
1483899,168,4149,847
1483900,135,4138,805
1483901,83,4127,798
1483902,29,4113,796
1483903,41,4103,756
1483904,122,4100,717
1483905,180,4109,723
1483906,277,4114,643
1483907,342,4101,572
1483908,363,4095,560
1483909,334,4094,633
1483910,270,4097,656
1483911,228,4091,541
1483912,221,4095,408
1483913,197,4108,396
1483914,126,4117,518
1483915,65,4103,655
1483916,45,4085,725
1483917,24,4091,747
1483918,11,4102,722
1483919,48,4112,694
1483920,110,4121,733
1483921,155,4129,779
1483922,175,4138,796
1483923,185,4156,781
1483924,205,4171,733
1483925,245,4177,673
1483926,291,4181,592
1483927,306,4197,519
1483928,253,4211,493
1483929,157,4215,537
1483930,83,4221,586
1483931,72,4213,591
1483932,121,4201,574
1483933,195,4190,545
1483934,265,4175,553
1483935,297,4170,626
1483936,281,4165,714
1483937,250,4163,743
1483938,207,4169,701
1483939,148,4165,634
1483940,84,4158,598
1483941,40,4156,598
1483942,45,4155,604
1483943,101,4144,573
1483944,138,4149,559
1483945,150,4157,540
1483946,183,4147,533
1483947,214,4140,544
1483948,195,4143,536
1483949,167,4135,551
1483950,147,4119,590
1483951,126,4109,613
1483952,125,4091,643
1483953,136,4082,714
1483954,117,4084,753
1483955,99,4078,751
1483956,103,4075,722
1483957,120,4083,648
1483958,170,4085,665
1483959,206,4085,803
1483960,202,4085,880
1483961,199,4076,813
1483962,179,4080,676
1483963,117,4088,534
1483964,54,4091,483
1483965,17,4097,500
1483966,32,4088,471
1483967,105,4079,446
1483968,189,4083,461
1483969,252,4079,523
1483970,266,4085,633
1483971,232,4089,703
1483972,211,4086,732
1483973,207,4085,700
1483974,210,4079,635
1483975,231,4078,610
1483976,238,4075,630
1483977,217,4074,666
1483978,183,4077,687
1483979,80,4073,615
1483980,53,4079,603
1483981,-2,4091,669
1483982,-60,4100,726
1483983,-63,4100,691
1483984,11,4101,588
1483985,120,4110,475
1483986,221,4117,358
1483987,299,4123,272
1483988,337,4134,251
1483989,340,4128,255
1483990,300,4108,252
1483991,241,4093,275
1483992,189,4089,380
1483993,156,4085,508
1483994,149,4065,556
1483995,139,4059,585
1483996,111,4063,649
1483997,91,4059,710
1483998,85,4049,710
1483999,64,4038,712
1484000,36,4039,798
1484001,33,4048,885
1484002,76,4064,896
1484003,123,4083,852
1484004,124,4111,776
1484005,105,4140,707
1484006,88,4161,708
1484007,66,4172,722
1484008,93,4167,677
1484009,167,4169,586
1484010,202,4188,505
1484011,160,4204,504
1484012,83,4205,588
1484013,20,4199,698
1484014,1,4184,776
1484015,143,4158,743
1484016,222,4159,706
1484017,247,4162,689
1484018,245,4156,655
1484019,219,4153,592
1484020,161,4149,556
1484021,105,4145,607
1484022,80,4138,683
1484023,91,4125,714
1484024,91,4120,724
1484025,34,4126,710
1484026,-39,4122,685
1484027,-36,4103,671
1484028,50,4090,676
1484029,131,4091,699
1484030,162,4091,740
1484031,158,4093,799
1484032,128,4094,811
1484033,94,4097,774
1484034,67,4110,735
1484035,34,4126,667
1484036,16,4140,540
1484037,53,4136,413
1484038,107,4130,422
1484039,128,4125,559
1484040,123,4110,658
1484041,118,4099,671
1484042,114,4110,646
1484043,97,4120,635
1484044,52,4113,670
1484045,17,4104,682
1484046,62,4094,631
1484047,183,4087,554
1484048,289,4087,533
1484049,305,4099,590
1484050,274,4105,678
1484051,211,4080,785
1484052,119,4079,816
1484053,57,4071,844
1484054,49,4055,875
1484055,45,4046,917
1484056,0,4049,917
1484057,-45,4055,863
1484058,-46,4067,781
1484059,1,4081,733
1484060,90,4089,801
1484061,154,4097,926
1484062,144,4100,1002
1484063,90,4112,976
1484064,69,4118,878
1484065,94,4114,822
1484066,131,4110,825
1484067,176,4103,859
1484068,203,4098,906
1484069,166,4088,976
1484070,80,4081,1091
1484071,8,4082,1208
1484072,-28,4088,1264
1484073,-33,4100,1213
1484074,1,4106,1072
1484075,55,4111,917
1484076,103,4117,818
1484077,141,4116,780
1484078,154,4111,789
1484079,121,4111,830
1484080,76,4114,841
1484081,95,4112,740
1484082,175,4119,561
1484083,210,4133,437
1484084,140,4141,451
1484085,13,4131,588
1484086,-87,4102,746
1484087,18,4062,775
1484088,160,4068,726
1484089,221,4087,748
1484090,200,4099,819
1484091,193,4100,843
1484092,240,4098,721
1484093,277,4108,548
1484094,221,4137,439
1484095,107,4156,392
1484096,33,4145,423
1484097,26,4119,521
1484098,65,4098,651
1484099,118,4080,735
1484100,149,4085,751
1484101,141,4104,687
1484102,131,4111,537
1484103,145,4106,403
1484104,131,4095,409
1484105,67,4086,552
1484106,22,4069,699
1484107,37,4051,748
1484108,86,4048,737
1484109,130,4058,708
1484110,161,4064,680
1484111,176,4070,691
1484112,156,4076,714
1484113,124,4079,719
1484114,101,4084,664
1484115,73,4095,590
1484116,41,4104,519
1484117,53,4101,478
1484118,103,4107,497
1484119,154,4126,524
1484120,202,4142,477
1484121,232,4152,368
1484122,210,4167,331
1484123,60,4162,334
1484124,49,4146,305
1484125,72,4133,322
1484126,107,4131,446
1484127,154,4140,564
1484128,173,4148,555
1484129,156,4153,469
1484130,148,4149,427
1484131,172,4138,499
1484132,174,4127,569
1484133,143,4115,634
1484134,95,4111,737
1484135,47,4110,791
1484136,11,4118,732
1484137,8,4128,643
1484138,34,4132,671
1484139,70,4136,754
1484140,167,4126,748
1484141,281,4106,687
1484142,300,4104,729
1484143,217,4112,851
1484144,114,4101,915
1484145,53,4096,890
1484146,21,4094,758
1484147,15,4093,602
1484148,53,4099,495
1484149,123,4103,382
1484150,203,4091,260
1484151,219,4070,288
1484152,133,4071,524
1484153,33,4062,728
1484154,18,4042,726
1484155,96,4037,584
1484156,167,4045,477
1484157,152,4062,523
1484158,84,4062,616
1484159,49,4045,501
1484160,92,4057,419
1484161,91,4087,431
1484162,62,4110,490
1484163,64,4124,535
1484164,107,4133,498
1484165,177,4136,440
1484166,218,4150,474
1484167,204,4171,514
1484168,212,4178,452
1484169,246,4177,351
1484170,249,4180,352
1484171,205,4195,446
1484172,171,4194,485
1484173,188,4182,478
1484174,175,4180,506
1484175,102,4196,594
1484176,43,4207,654
1484177,57,4197,613
1484178,123,4190,545
1484179,175,4195,516
1484180,187,4203,551
1484181,165,4201,608
1484182,145,4198,608
1484183,154,4200,524
1484184,186,4208,422
1484185,207,4215,385
1484186,191,4217,417
1484187,162,4208,506
1484188,142,4184,623
1484189,120,4160,774
1484190,89,4150,909
1484191,69,4152,942
1484192,81,4154,920
1484193,96,4158,907
1484194,97,4161,827
1484195,131,4161,655
1484196,266,4192,337
1484197,342,4191,191
1484198,380,4189,112
1484199,353,4193,147
1484200,260,4189,289
1484201,128,4165,469
1484202,7,4141,662
1484203,-76,4116,829
1484204,-111,4099,951
1484205,-95,4103,1004
1484206,-43,4099,944
1484207,27,4083,860
1484208,87,4075,853
1484209,122,4067,907
1484210,174,4056,928
1484211,264,4044,880
1484212,329,4055,827
1484213,329,4072,769
1484214,286,4089,712
1484215,199,4097,684
1484216,66,4095,708
1484217,-62,4080,736
1484218,-148,4065,752
1484219,-183,4060,770
1484220,-148,4053,815
1484221,-49,4057,854
1484222,85,4073,838
1484223,208,4095,760
1484224,306,4106,653
1484225,376,4113,607
1484226,371,4120,641
1484227,302,4122,704
1484228,224,4114,685
1484229,160,4109,605
1484230,83,4115,515
1484231,22,4116,409
1484232,149,4087,558
1484233,204,4079,702
1484234,212,4081,763
1484235,202,4078,711
1484236,168,4076,662
1484237,95,4076,669
1484238,39,4072,700
1484239,42,4067,699
1484240,100,4064,644
1484241,192,4063,566
1484242,259,4068,546
1484243,273,4074,634
1484244,256,4077,760
1484245,226,4084,805
1484246,186,4091,748
1484247,140,4099,663
1484248,83,4108,581
1484249,26,4110,486
1484250,7,4102,435
1484251,18,4106,455
1484252,60,4104,471
1484253,149,4096,472
1484254,237,4101,467
1484255,271,4108,495
1484256,255,4107,579
1484257,226,4092,633
1484258,217,4086,649
1484259,197,4094,658
1484260,154,4089,674
1484261,113,4081,739
1484262,86,4077,806
1484263,83,4075,872
1484264,77,4078,979
1484265,50,4093,1099
1484266,34,4105,1159
1484267,122,4115,1044
1484268,170,4124,875
1484269,218,4128,732
1484270,249,4130,702
1484271,241,4128,756
1484272,209,4126,787
1484273,196,4116,743
1484274,193,4118,742
1484275,144,4132,808
1484276,91,4135,828
1484277,107,4122,745
1484278,165,4105,637
1484279,208,4110,591
1484280,222,4123,592
1484281,234,4124,620
1484282,244,4115,633
1484283,221,4118,599
1484284,180,4132,536
1484285,151,4137,511
1484286,127,4144,584
1484287,114,4149,643
1484288,148,4153,615
1484289,196,4163,532
1484290,200,4178,440
1484291,194,4186,424
1484292,205,4184,499
1484293,216,4181,616
1484294,203,4177,745
1484295,160,4167,875
1484296,110,4158,983
1484297,59,4157,1041
1484298,30,4157,1024
1484299,59,4155,962
1484300,129,4151,875
1484301,198,4156,777
1484302,243,4154,721
1484303,249,4148,704
1484304,182,4123,731
1484305,114,4114,803
1484306,42,4111,843
1484307,-3,4107,842
1484308,-20,4097,783
1484309,-14,4087,662
1484310,53,4085,483
1484311,173,4096,267
1484312,288,4102,134
1484313,339,4101,203
1484314,306,4096,383
1484315,233,4081,546
1484316,160,4059,684
1484317,68,4048,788
1484318,-7,4039,839
1484319,-29,4035,862
1484320,-39,4033,924
1484321,-54,4027,1011
1484322,-11,4020,1031
1484323,124,4020,956
1484324,269,4044,805
1484325,340,4078,732
1484326,316,4104,757
1484327,258,4113,782
1484328,219,4117,797
1484329,202,4120,840
1484330,189,4123,926
1484331,154,4124,986
1484332,99,4121,991
1484333,41,4114,943
1484334,12,4111,860
1484335,50,4111,757
1484336,153,4112,650
1484337,259,4118,558
1484338,297,4130,513
1484339,288,4143,493
1484340,272,4132,466
1484341,230,4133,550
1484342,182,4128,669
1484343,145,4112,751
1484344,113,4112,803
1484345,80,4117,812
1484346,97,4108,738
1484347,165,4111,650
1484348,217,4123,591
1484349,226,4131,574
1484350,216,4145,604
1484351,199,4155,629
1484352,183,4148,648
1484353,185,4126,694
1484354,183,4120,795
1484355,158,4119,895
1484356,123,4122,921
1484357,115,4123,858
1484358,143,4106,816
1484359,166,4093,884
1484360,181,4089,967
1484361,211,4094,926
1484362,237,4102,746
1484363,255,4104,538
1484364,279,4112,405
1484365,285,4134,362
1484366,254,4150,376
1484367,187,4150,447
1484368,118,4133,531
1484369,69,4119,611
1484370,46,4101,680
1484371,57,4077,706
1484372,92,4076,664
1484373,157,4080,563
1484374,230,4075,524
1484375,269,4076,626
1484376,176,4067,840
1484377,83,4055,855
1484378,18,4049,881
1484379,6,4037,902
1484380,71,4027,952
1484381,168,4026,1026
1484382,222,4032,1074
1484383,211,4053,1036
1484384,178,4066,873
1484385,159,4084,711
1484386,149,4096,646
1484387,148,4104,616
1484388,187,4103,573
1484389,217,4100,564
1484390,206,4112,638
1484391,194,4117,707
1484392,186,4123,665
1484393,157,4133,555
1484394,119,4136,514
1484395,115,4128,612
1484396,145,4116,747
1484397,184,4107,810
1484398,209,4101,809
1484399,207,4097,774
1484400,198,4100,717
1484401,199,4109,644
1484402,178,4124,530
1484403,152,4132,410
1484404,156,4134,437
1484405,153,4132,618
1484406,73,4130,744
1484407,-32,4139,751
1484408,-48,4154,772
1484409,9,4153,846
1484410,58,4147,940
1484411,97,4153,920
1484412,188,4153,773
1484413,308,4157,699
1484414,361,4153,766
1484415,306,4150,823
1484416,185,4151,864
1484417,46,4148,899
1484418,-10,4137,916
1484419,68,4123,855
1484420,198,4122,744
1484421,272,4132,706
1484422,256,4133,713
1484423,208,4116,654
1484424,178,4107,581
1484425,139,4121,563
1484426,96,4136,519
1484427,107,4147,411
1484428,159,4146,398
1484429,169,4135,597
1484430,110,4121,843
1484431,42,4123,980
1484432,48,4132,997
1484433,128,4129,974
1484434,181,4133,979
1484435,178,4143,1002
1484436,149,4142,1009
1484437,111,4136,1015
1484438,76,4130,1027
1484439,73,4128,971
1484440,133,4133,812
1484441,242,4144,662
1484442,333,4150,649
1484443,322,4152,740
1484444,206,4143,750
1484445,116,4113,597
1484446,120,4089,444
1484447,153,4089,478
1484448,143,4100,643
1484449,110,4098,742
1484450,150,4081,694
1484451,157,4105,650
1484452,173,4120,562
1484453,212,4117,445
1484454,228,4124,406
1484455,186,4127,444
1484456,109,4123,516
1484457,54,4118,593
1484458,89,4104,701
1484459,173,4102,835
1484460,234,4096,909
1484461,259,4088,970
1484462,219,4083,1001
1484463,131,4066,956
1484464,43,4062,864
1484465,-29,4060,736
1484466,-23,4055,674
1484467,44,4050,735
1484468,79,4051,801
1484469,92,4050,747
1484470,168,4033,659
1484471,265,4033,680
1484472,269,4044,725
1484473,212,4040,739
1484474,168,4019,786
1484475,149,3996,893
1484476,138,3984,1020
1484477,129,3998,1046
1484478,145,4016,880
1484479,211,4027,653
1484480,274,4041,538
1484481,300,4042,597
1484482,315,4041,745
1484483,310,4035,850
1484484,225,4037,891
1484485,58,4044,893
1484486,-78,4016,1062
1484487,-60,4007,1083
1484488,15,4006,1057
1484489,112,4012,983
1484490,150,4009,858
1484491,140,4026,718
1484492,138,4045,631
1484493,143,4044,669
1484494,114,4038,754
1484495,77,4029,826
1484496,84,4027,831
1484497,160,4027,792
1484498,280,4030,792
1484499,386,4044,841
1484500,418,4055,870
1484501,380,4062,813
1484502,320,4066,717
1484503,250,4073,717
1484504,166,4087,825
1484505,100,4092,885
1484506,76,4104,824
1484507,50,4119,704
1484508,0,4127,641
1484509,-19,4130,687
1484510,21,4134,814
1484511,87,4135,860
1484512,135,4147,739
1484513,163,4175,537
1484514,204,4185,406
1484515,244,4187,428
1484516,262,4181,517
1484517,253,4172,557
1484518,201,4172,536
1484519,122,4176,468
1484520,70,4175,347
1484521,64,4181,393
1484522,75,4167,553
1484523,111,4143,665
1484524,157,4128,710
1484525,179,4128,716
1484526,172,4136,706
1484527,152,4139,637
1484528,141,4139,527
1484529,117,4138,415
1484530,83,4137,362
1484531,60,4130,404
1484532,68,4120,525
1484533,96,4122,673
1484534,122,4125,784
1484535,122,4140,858
1484536,96,4155,851
1484537,96,4150,758
1484538,130,4145,703
1484539,143,4147,742
1484540,134,4138,788
1484541,149,4132,803
1484542,177,4142,793
1484543,199,4151,759
1484544,195,4167,650
1484545,177,4185,474
1484546,190,4194,370
1484547,204,4204,386
1484548,189,4196,436
1484549,189,4180,460
1484550,194,4166,462
1484551,167,4157,503
1484552,107,4148,541
1484553,52,4140,501
1484554,17,4133,396
1484555,4,4127,309
1484556,18,4127,331
1484557,119,4095,636
1484558,178,4088,903
1484559,206,4092,1117
1484560,217,4100,1120
1484561,233,4110,937
1484562,230,4127,770
1484563,192,4145,685
1484564,150,4145,691
1484565,102,4139,753
1484566,47,4139,800
1484567,18,4140,746
1484568,45,4146,636
1484569,103,4153,608
1484570,154,4158,715
1484571,197,4137,850
1484572,228,4117,946
1484573,226,4109,968
1484574,207,4095,921
1484575,184,4087,860
1484576,138,4088,821
1484577,73,4096,775
1484578,43,4101,713
1484579,49,4103,655
1484580,74,4095,658
1484581,92,4098,724
1484582,90,4104,726
1484583,119,4104,682
1484584,173,4118,594
1484585,216,4129,517
1484586,208,4137,541
1484587,154,4138,581
1484588,126,4130,557
1484589,134,4129,482
1484590,145,4130,430
1484591,138,4136,485
1484592,103,4141,573
1484593,65,4132,648
1484594,51,4127,751
1484595,2,4142,734
1484596,7,4133,595
1484597,45,4129,502
1484598,67,4120,497
1484599,88,4096,563
1484600,131,4074,684
1484601,168,4060,829
1484602,183,4056,970
1484603,184,4061,1039
1484604,159,4063,1003
1484605,109,4051,949
1484606,50,4042,964
1484607,13,4050,1038
1484608,14,4055,1070
1484609,41,4052,977
1484610,80,4060,836
1484611,111,4086,717
1484612,145,4100,623
1484613,196,4102,556
1484614,238,4106,527
1484615,243,4108,548
1484616,209,4097,601
1484617,155,4091,682
1484618,108,4089,727
1484619,93,4077,757
1484620,92,4067,807
1484621,87,4060,828
1484622,96,4053,854
1484623,115,4047,905
1484624,150,4046,1002
1484625,197,4041,1119
1484626,229,4032,1190
1484627,235,4033,1189
1484628,216,4040,1148
1484629,187,4038,1110
1484630,146,4039,1094
1484631,103,4040,1076
1484632,83,4042,905
1484633,127,4040,794
1484634,154,4052,693
1484635,160,4056,620
1484636,151,4057,603
1484637,124,4048,612
1484638,113,4030,658
1484639,136,4015,729
1484640,173,4011,793
1484641,200,4019,858
1484642,210,4011,915
1484643,210,3994,979
1484644,201,3991,999
1484645,192,3991,951
1484646,195,3990,874
1484647,200,3992,787
1484648,201,3998,754
1484649,198,4010,793
1484650,185,4023,843
1484651,162,4029,872
1484652,140,4026,878
1484653,114,4030,864
1484654,96,4044,812
1484655,108,4060,747
1484656,149,4074,705
1484657,194,4082,648
1484658,226,4088,588
1484659,225,4106,571
1484660,194,4129,626
1484661,175,4133,753
1484662,184,4125,896
1484663,205,4110,1008
1484664,199,4111,1074
1484665,152,4122,1070
1484666,119,4125,985
1484667,127,4128,845
1484668,180,4141,595
1484669,220,4147,526
1484670,252,4142,567
1484671,253,4131,702
1484672,221,4121,827
1484673,184,4110,857
1484674,148,4109,823
1484675,102,4105,794
1484676,49,4105,825
1484677,25,4104,852
1484678,60,4096,791
1484679,135,4103,690
1484680,206,4121,630
1484681,256,4133,622
1484682,285,4130,633
1484683,278,4132,687
1484684,230,4131,751
1484685,176,4123,785
1484686,130,4134,798
1484687,99,4141,776
1484688,100,4133,763
1484689,136,4130,773
1484690,191,4130,800
1484691,237,4127,834
1484692,267,4127,809
1484693,283,4133,721
1484694,262,4138,658
1484695,199,4144,673
1484696,141,4150,731
1484697,119,4150,771
1484698,142,4144,761
1484699,186,4134,735
1484700,214,4127,741
1484701,226,4120,766
1484702,231,4111,816
1484703,223,4101,881
1484704,193,4088,942
1484705,152,4071,956
1484706,151,4070,934
1484707,163,4079,920
1484708,181,4091,878
1484709,202,4099,796
1484710,223,4104,720
1484711,228,4104,679
1484712,234,4093,659
1484713,245,4085,664
1484714,234,4086,683
1484715,184,4097,687
1484716,128,4110,672
1484717,107,4113,604
1484718,125,4110,511
1484719,153,4117,495
1484720,158,4126,539
1484721,186,4118,572
1484722,250,4117,607
1484723,283,4127,639
1484724,247,4135,685
1484725,191,4128,752
1484726,173,4122,823
1484727,194,4122,896
1484728,212,4121,966
1484729,203,4129,1014
1484730,185,4127,1065
1484731,164,4126,1123
1484732,133,4123,1094
1484733,135,4118,972
1484734,165,4124,806
1484735,201,4134,677
1484736,241,4136,598
1484737,286,4118,530
1484738,333,4102,491
1484739,336,4099,486
1484740,273,4090,552
1484741,74,4046,799
1484742,29,4023,929
1484743,28,4000,986
1484744,83,3984,926
1484745,191,3976,813
1484746,299,3975,763
1484747,349,3991,862
1484748,336,4001,1006
1484749,287,4002,1108
1484750,217,3996,1130
1484751,136,3998,1085
1484752,86,4013,1012
1484753,84,4028,935
1484754,116,4037,906
1484755,161,4040,897
1484756,200,4047,857
1484757,215,4065,779
1484758,208,4085,672
1484759,202,4101,625
1484760,172,4107,678
1484761,139,4097,780
1484762,149,4087,888
1484763,171,4088,903
1484764,199,4084,859
1484765,235,4080,872
1484766,269,4072,948
1484767,275,4072,1018
1484768,262,4075,1046
1484769,256,4071,1070
1484770,252,4070,1102
1484771,237,4070,1154
1484772,211,4076,1200
1484773,195,4081,1192
1484774,199,4083,1170
1484775,204,4083,1126
1484776,188,4088,1090
1484777,151,4081,1054
1484778,167,4084,963
1484779,194,4092,797
1484780,230,4096,634
1484781,258,4108,551
1484782,265,4112,548
1484783,261,4100,598
1484784,241,4084,629
1484785,198,4078,629
1484786,136,4080,620
1484787,75,4080,622
1484788,43,4076,669
1484789,47,4068,732
1484790,84,4060,783
1484791,148,4053,828
1484792,216,4051,827
1484793,283,4060,839
1484794,297,4084,912
1484795,243,4099,949
1484796,183,4110,923
1484797,143,4120,892
1484798,128,4126,867
1484799,148,4141,829
1484800,187,4158,763
1484801,234,4172,713
1484802,277,4182,697
1484803,295,4188,675
1484804,292,4193,643
1484805,277,4196,616
1484806,275,4188,656
1484807,270,4179,754
1484808,251,4166,773
1484809,259,4139,725
1484810,264,4122,774
1484811,220,4111,939
1484812,181,4088,1087
1484813,201,4070,1024
1484814,179,4075,1002
1484815,150,4072,1019
1484816,143,4075,1011
1484817,142,4076,966
1484818,122,4076,915
1484819,113,4083,885
1484820,138,4091,864
1484821,206,4090,866
1484822,281,4086,876
1484823,331,4091,833
1484824,339,4103,755
1484825,299,4106,666
1484826,241,4108,656
1484827,175,4111,694
1484828,144,4099,726
1484829,161,4085,780
1484830,203,4069,873
1484831,224,4060,993
1484832,207,4056,1073
1484833,183,4049,1070
1484834,170,4044,997
1484835,178,4041,900
1484836,190,4045,885
1484837,179,4050,981
1484838,145,4040,1079
1484839,117,4041,1080
1484840,107,4053,965
1484841,113,4057,833
1484842,122,4063,776
1484843,128,4074,797
1484844,161,4071,825
1484845,218,4052,806
1484846,258,4048,805
1484847,265,4060,857
1484848,238,4063,868
1484849,220,4060,851
1484850,174,4065,871
1484851,167,4059,850
1484852,176,4062,785
1484853,173,4072,739
1484854,166,4074,743
1484855,174,4062,815
1484856,177,4047,895
1484857,178,4038,920
1484858,187,4037,909
1484859,186,4038,923
1484860,162,4040,999
1484861,93,4050,1046
1484862,31,4049,940
1484863,66,4053,810
1484864,152,4068,780
1484865,205,4073,853
1484866,235,4069,905
1484867,276,4072,896
1484868,286,4075,930
1484869,225,4074,1019
1484870,127,4086,1147
1484871,26,4094,1171
1484872,-25,4093,1041
1484873,-4,4100,844
1484874,54,4110,670
1484875,135,4115,591
1484876,218,4115,549
1484877,297,4116,535
1484878,336,4118,536
1484879,311,4122,507
1484880,250,4120,496
1484881,160,4110,551
1484882,59,4107,699
1484883,-3,4076,855
1484884,-36,4030,996
1484885,-39,4024,1091
1484886,10,4011,1291
1484887,95,4002,1426
1484888,211,4018,1380
1484889,319,4037,1187
1484890,333,4061,970
1484891,274,4093,826
1484892,223,4109,789
1484893,189,4116,805
1484894,175,4109,788
1484895,186,4110,761
1484896,162,4127,655
1484897,127,4135,466
1484898,131,4138,337
1484899,170,4130,328
1484900,221,4117,399
1484901,249,4102,426
1484902,256,4082,438
1484903,244,4080,559
1484904,219,4089,773
1484905,195,4099,994
1484906,173,4103,1116
1484907,165,4095,1138
1484908,153,4080,1104
1484909,106,4061,1076
1484910,48,4042,1113
1484911,-2,4029,1125
1484912,-5,4027,1085
1484913,42,4041,1018
1484914,114,4062,989
1484915,179,4081,1027
1484916,202,4106,1067
1484917,182,4122,1042
1484918,171,4124,969
1484919,179,4122,904
1484920,206,4113,805
1484921,285,4105,673
1484922,342,4110,477
1484923,308,4112,461
1484924,265,4115,477
1484925,185,4123,526
1484926,77,4118,566
1484927,22,4098,565
1484928,29,4087,547
1484929,55,4091,538
1484930,94,4082,549
1484931,140,4067,637
1484932,169,4058,787
1484933,194,4048,928
1484934,224,4056,1044
1484935,223,4071,1077
1484936,207,4080,1066
1484937,197,4081,1069
1484938,180,4103,1062
1484939,171,4133,995
1484940,171,4145,885
1484941,166,4146,844
1484942,154,4151,877
1484943,158,4151,900
1484944,174,4146,879
1484945,162,4143,811
1484946,121,4142,761
1484947,56,4140,686
1484948,3,4124,542
1484949,8,4114,438
1484950,74,4097,470
1484951,148,4079,602
1484952,204,4069,727
1484953,242,4061,797
1484954,238,4059,809
1484955,201,4053,816
1484956,155,4057,853
1484957,120,4057,865
1484958,164,4046,784
1484959,172,4060,748
1484960,150,4070,787
1484961,120,4067,830
1484962,126,4060,884
1484963,174,4057,972
1484964,204,4068,1054
1484965,190,4089,1075
1484966,175,4112,1042
1484967,163,4127,973
1484968,161,4130,892
1484969,171,4138,829
1484970,184,4143,792
1484971,200,4147,769
1484972,214,4146,693
1484973,209,4145,583
1484974,193,4138,555
1484975,173,4138,620
1484976,162,4131,644
1484977,175,4118,690
1484978,133,4112,769
1484979,50,4102,820
1484980,4,4094,838
1484981,1,4086,751
1484982,50,4072,585
1484983,125,4060,497
1484984,166,4062,544
1484985,186,4065,621
1484986,213,4066,676
1484987,206,4068,711
1484988,155,4071,768
1484989,103,4071,841
1484990,71,4072,874
1484991,48,4077,871
1484992,51,4080,856
1484993,87,4082,838
1484994,142,4086,809
1484995,291,4108,634
1484996,330,4126,554
1484997,298,4144,503
1484998,220,4148,500
1484999,123,4148,568
1485000,34,4145,682
1485001,-4,4130,806
1485002,9,4123,906
1485003,49,4123,956
1485004,74,4129,889
1485005,79,4134,663
1485006,133,4129,493
1485007,206,4126,504
1485008,236,4124,578
1485009,234,4123,671
1485010,191,4119,740
1485011,129,4121,755
1485012,100,4128,761
1485013,79,4131,799
1485014,36,4124,883
1485015,-9,4114,953
1485016,-32,4102,973
1485017,-19,4106,1012
1485018,34,4116,1047
1485019,120,4121,1041
1485020,177,4131,927
1485021,180,4143,714
1485022,165,4159,602
1485023,139,4162,654
1485024,116,4156,780
1485025,112,4141,838
1485026,144,4130,817
1485027,187,4128,827
1485028,187,4127,862
1485029,181,4110,860
1485030,192,4093,827
1485031,198,4074,812
1485032,193,4042,908
1485033,165,4041,900
1485034,116,4047,813
1485035,109,4042,708
1485036,148,4038,676
1485037,162,4039,669
1485038,137,4035,706
1485039,92,4034,768
1485040,70,4028,786
1485041,101,4022,772
1485042,153,4026,783
1485043,166,4039,813
1485044,127,4052,828
1485045,83,4058,838
1485046,61,4063,828
1485047,65,4058,800
1485048,109,4045,779
1485049,180,4039,801
1485050,231,4041,845
1485051,257,4050,837
1485052,274,4057,824
1485053,262,4061,827
1485054,193,4068,830
1485055,98,4063,800
1485056,53,4051,761
1485057,54,4051,780
1485058,74,4050,824
1485059,115,4048,877
1485060,160,4047,930
1485061,213,4042,971
1485062,256,4040,991
1485063,250,4048,933
1485064,215,4065,892
1485065,156,4085,915
1485066,130,4085,861
1485067,186,4077,775
1485068,248,4107,833
1485069,232,4108,918
1485070,212,4110,967
1485071,170,4115,999
1485072,98,4111,1022
1485073,41,4112,1005
1485074,66,4116,983
1485075,124,4113,974
1485076,156,4109,961
1485077,178,4110,978
1485078,207,4112,1008
1485079,233,4109,986
1485080,245,4106,917
1485081,259,4106,833
1485082,260,4117,785
1485083,222,4119,771
1485084,167,4107,777
1485085,136,4094,783
1485086,127,4087,770
1485087,95,4087,691
1485088,66,4085,586
1485089,85,4084,548
1485090,117,4083,577
1485091,132,4070,632
1485092,135,4057,643
1485093,184,4048,652
1485094,260,4043,743
1485095,291,4049,865
1485096,254,4058,940
1485097,171,4058,951
1485098,93,4057,983
1485099,56,4055,1030
1485100,86,4043,1066
1485101,134,4034,1116
1485102,146,4036,1133
1485103,164,4045,1157
1485104,267,4062,1122
1485105,303,4081,1033
1485106,294,4111,951
1485107,262,4131,896
1485108,210,4137,888
1485109,147,4132,834
1485110,112,4124,744
1485111,93,4127,678
1485112,103,4135,618
1485113,156,4131,574
1485114,234,4122,515
1485115,316,4114,501
1485116,357,4108,569
1485117,346,4096,710
1485118,290,4078,845
1485119,221,4067,908
1485120,160,4064,965
1485121,85,4065,1070
1485122,44,4054,1183
1485123,87,4037,1236
1485124,172,4033,1255
1485125,231,4040,1274
1485126,263,4054,1278
1485127,270,4073,1221
1485128,256,4098,1111
1485129,240,4125,1002
1485130,211,4151,970
1485131,176,4156,997
1485132,153,4150,922
1485133,156,4150,727
1485134,164,4162,577
1485135,158,4171,521
1485136,166,4160,531
1485137,176,4144,534
1485138,164,4126,466
1485139,134,4116,415
1485140,108,4109,423
1485141,196,4071,655
1485142,252,4063,780
1485143,272,4063,891
1485144,267,4048,976
1485145,268,4035,979
1485146,271,4034,954
1485147,242,4045,969
1485148,186,4061,931
1485149,149,4076,859
1485150,181,4083,854
1485151,246,4085,931
1485152,232,4085,1023
1485153,186,4087,990
1485154,211,4106,862
1485155,217,4124,796
1485156,156,4126,858
1485157,117,4133,990
1485158,140,4138,1059
1485159,206,4128,1027
1485160,293,4112,960
1485161,355,4101,881
1485162,372,4094,818
1485163,375,4084,783
1485164,351,4081,738
1485165,280,4083,696
1485166,166,4075,729
1485167,50,4059,786
1485168,20,4036,761
1485169,71,4020,730
1485170,121,4012,754
1485171,160,4000,824
1485172,202,3986,922
1485173,221,3978,1008
1485174,210,3982,1071
1485175,186,3996,1072
1485176,130,4035,974
1485177,120,4053,950
1485178,123,4059,892
1485179,143,4065,843
1485180,172,4086,824
1485181,225,4105,806
1485182,290,4120,841
1485183,305,4129,903
1485184,268,4126,913
1485185,223,4125,863
1485186,192,4119,798
1485187,157,4115,798
1485188,111,4106,788
1485189,75,4088,739
1485190,71,4072,793
1485191,79,4054,974
1485192,94,4042,1123
1485193,102,4048,1145
1485195,112,4051,1051
1485196,123,4053,941
1485197,120,4062,881
1485198,116,4064,784
1485199,131,4063,648
1485200,183,4066,607
1485201,235,4066,679
1485201,245,4062,759
1485202,216,4068,791
1485203,178,4094,784
1485204,156,4123,756
1485205,145,4127,696
1485206,140,4118,652
1485207,136,4101,656
1485208,104,4074,764
1485209,47,4047,991
1485210,-2,4020,1127
1485212,23,4004,1089
1485213,159,4004,980
1485214,183,4003,1024
1485215,204,4000,1080
1485216,233,3990,1154
1485217,208,3982,1263
1485218,134,3986,1316
1485219,71,3995,1223
1485220,34,4020,1040
1485221,40,4049,827
1485222,101,4056,595
1485223,217,4049,514
1485224,334,4044,589
1485225,395,4040,728
1485226,374,4040,870
1485226,262,4039,965
1485227,130,4039,1029
1485228,78,4025,1038
1485230,98,4014,1064
1485231,116,4014,1111
1485232,149,4004,1106
1485233,191,4007,1059
1485234,203,4023,986
1485235,203,4030,902
1485236,205,4047,827
1485237,204,4071,770
1485238,216,4081,740
1485239,204,4089,733
1485240,140,4104,772
1485241,80,4103,822
1485242,95,4085,840
1485243,164,4070,833
1485244,210,4068,839
1485245,204,4068,869
1485246,183,4064,846
1485247,195,4068,832
1485247,194,4072,858
1485248,167,4071,907
1485249,104,4091,1000
1485251,45,4115,981
1485252,6,4135,842
1485253,26,4150,640
1485254,102,4162,485
1485255,199,4165,432
1485256,285,4160,504
1485257,326,4155,654
1485258,281,4159,813
1485259,189,4167,884
1485260,119,4169,824
1485261,105,4161,681
1485262,115,4162,584
1485263,117,4159,521
1485264,149,4143,514
1485265,194,4136,602
1485266,222,4122,684
1485267,240,4103,766
1485268,237,4098,868
1485269,187,4101,935
1485270,101,4108,961
1485271,51,4105,991
1485272,41,4088,1014
1485273,45,4074,979
1485274,78,4077,900
1485275,125,4088,794
1485276,140,4091,705
1485277,111,4093,663
1485278,87,4105,693
1485279,118,4104,734
1485280,172,4103,700
1485281,206,4128,660
1485282,237,4136,652
1485283,255,4126,661
1485284,231,4124,670
1485285,147,4119,720
1485286,9,4077,996
1485287,-21,4057,1092
1485288,-22,4049,1084
1485289,41,4041,1033
1485290,152,4034,992
1485291,281,4022,1002
1485292,362,4018,1102
1485293,357,4026,1208
1485294,323,4034,1250
1485295,291,4036,1235
1485296,236,4038,1166
1485297,184,4042,1076
1485298,150,4048,1028
1485299,132,4049,1018
1485300,145,4040,1045
1485301,161,4038,1067
1485302,144,4050,977
1485303,114,4066,871
1485304,94,4070,850
1485305,66,4068,853
1485306,70,4071,802
1485307,131,4077,715
1485308,219,4073,663
1485309,270,4067,670
1485310,256,4072,665
1485311,203,4079,606
1485312,154,4083,580
1485313,129,4084,616
1485314,117,4075,651
1485315,126,4065,711
1485316,124,4059,818
1485317,105,4057,952
1485318,93,4066,1051
1485319,103,4075,1059
1485320,138,4079,1070
1485321,168,4089,1225
1485322,161,4092,1191
1485323,167,4102,1062
1485324,165,4123,971
1485325,151,4139,957
1485326,138,4150,945
1485327,133,4153,883
1485328,119,4150,810
1485329,65,4152,755
1485330,1,4154,689
1485331,0,4154,621
1485332,60,4149,593
1485333,137,4136,551
1485334,222,4118,499
1485335,288,4098,533
1485336,270,4092,613
1485337,205,4091,627
1485338,159,4086,626
1485339,132,4080,655
1485340,114,4074,683
1485341,102,4077,704
1485342,106,4080,682
1485343,120,4086,618
1485344,129,4098,568
1485345,137,4102,539
1485346,153,4102,508
1485347,187,4102,449
1485348,195,4106,386
1485349,137,4115,352
1485350,62,4118,358
1485351,32,4111,392
1485352,60,4104,411
1485353,111,4098,455
1485354,135,4094,567
1485355,138,4076,709
1485356,158,4051,844
1485357,191,4043,963
1485358,204,4045,1172
1485359,165,4041,1168
1485360,129,4045,1145
1485361,128,4046,1102
1485362,181,4046,979
1485363,255,4062,849
1485364,303,4082,832
1485365,301,4093,854
1485366,291,4086,795
1485367,268,4096,732
1485368,214,4103,662
1485369,157,4090,570
1485370,120,4078,499
1485371,104,4068,527
1485372,104,4053,639
1485373,124,4032,758
1485374,145,4027,846
1485375,164,4028,874
1485376,170,4033,904
1485377,147,4034,950
1485378,126,4030,1037
1485379,114,4033,1144
1485380,120,4037,1191
1485381,144,4047,1192
1485382,192,4055,1114
1485383,256,4062,973
1485384,298,4081,890
1485385,290,4097,889
1485386,240,4101,923
1485387,195,4096,975
1485388,173,4090,1036
1485389,148,4085,1073
1485390,108,4082,1018
1485391,97,4084,929
1485392,133,4080,893
1485393,224,4071,823
1485394,278,4072,772
1485395,306,4078,817
1485396,281,4078,936
1485397,224,4078,1056
1485398,181,4072,1042
1485399,178,4072,936
1485400,194,4084,871
1485401,203,4083,866
1485402,212,4071,937
1485403,245,4057,979
1485404,290,4051,975
1485405,298,4058,1006
1485406,249,4065,1101
1485407,178,4067,1177
1485408,140,4070,1154
1485409,149,4077,1085
1485410,177,4077,1040
1485411,192,4065,1028
1485412,206,4054,988
1485413,218,4052,950
1485414,193,4044,924
1485415,161,4032,886
1485416,159,4029,876
1485417,189,4025,863
1485418,222,4024,841
1485419,222,4034,874
1485420,187,4027,982
1485421,141,4008,1105
1485422,124,4002,1176
1485423,142,4012,1158
1485424,180,4024,1100
1485425,221,4029,1033
1485426,253,4043,940
1485427,283,4064,851
1485428,281,4084,844
1485429,225,4099,914
1485430,124,4127,949
1485431,132,4141,844
1485432,149,4149,763
1485433,158,4151,718
1485434,184,4140,711
1485435,226,4126,768
1485436,269,4114,834
1485437,290,4106,875
1485438,284,4100,894
1485439,264,4089,904
1485440,232,4079,961
1485441,188,4070,982
1485442,174,4063,890
1485443,216,4064,761
1485444,258,4074,689
1485445,244,4088,716
1485446,200,4094,770
1485447,171,4090,891
1485448,141,4078,1075
1485449,107,4077,1185
1485450,103,4091,1172
1485451,114,4106,1131
1485452,110,4106,1083
1485453,137,4096,1015
1485454,214,4101,974
1485455,308,4112,920
1485456,391,4120,899
1485457,419,4128,939
1485458,382,4135,1016
1485459,304,4136,1091
1485460,213,4131,1087
1485461,138,4131,1025
1485462,96,4128,930
1485463,84,4122,861
1485464,102,4112,858
1485465,128,4098,836
1485466,169,4088,790
1485467,279,4075,663
1485468,316,4062,559
1485469,315,4061,581
1485470,269,4060,679
1485471,217,4039,730
1485472,198,4026,764
1485473,184,4029,864
1485474,113,4032,993
1485475,25,4032,992
1485476,13,4035,830
1485477,86,4038,701
1485478,188,4038,741
1485479,265,4042,885
1485480,282,4046,1067
1485481,228,4048,1173
1485482,181,4055,1115
1485483,197,4065,1034
1485484,214,4073,1029
1485485,212,4075,1049
1485486,236,4067,1066
1485487,275,4051,1126
1485488,268,4045,1245
1485489,232,4044,1344
1485490,224,4034,1330
1485491,247,4024,1217
1485492,240,4028,1071
1485493,226,4033,921
1485494,229,4034,861
1485495,215,4026,850
1485496,187,4014,847
1485497,142,4010,822
1485498,64,4016,723
1485499,-35,4040,629
1485500,-105,4060,673
1485501,-93,4057,845
1485502,214,4040,826
1485503,301,4069,672
1485504,269,4101,551
1485505,193,4112,563
1485506,97,4115,728
1485507,23,4103,941
1485508,71,4083,1063
1485509,187,4090,1139
1485510,257,4108,1153
1485511,272,4104,1113
1485512,227,4100,1087
1485513,195,4096,1022
1485514,222,4090,897
1485515,279,4099,761
1485516,330,4115,750
1485517,313,4133,840
1485518,238,4135,858
1485519,165,4126,835
1485520,105,4129,825
1485521,96,4130,826
1485522,148,4121,879
1485523,176,4106,925
1485524,114,4098,871
1485525,25,4105,716
1485526,2,4097,520
1485527,52,4088,452
1485528,131,4098,506
1485529,183,4097,574
1485530,184,4099,669
1485531,180,4101,817
1485532,162,4088,1059
1485533,92,4074,1212
1485534,86,4066,1156
1485535,168,4062,1080
1485536,194,4062,1088
1485537,170,4058,1128
1485538,172,4052,1130
1485539,144,4073,903
1485540,131,4088,897
1485541,182,4083,964
1485542,235,4072,1056
1485543,221,4081,1067
1485544,206,4093,988
1485545,222,4089,985
1485546,229,4072,1033
1485547,214,4056,1108
1485548,194,4044,1164
1485549,176,4037,1099
1485550,140,4047,1028
1485551,59,4065,1038
1485552,34,4054,1081
1485553,106,4031,1205
1485554,174,4034,1321
1485555,236,4041,1260
1485556,273,4038,1097
1485557,204,4051,956
1485558,62,4066,908
1485559,-54,4049,965
1485560,-108,4017,1029
1485561,-66,4002,1002
1485562,52,4013,902
1485563,187,4038,824
1485564,321,4046,796
1485565,428,4041,811
1485566,446,4046,865
1485567,368,4056,940
1485568,229,4056,983
1485569,89,4055,988
1485570,55,4055,1078
1485571,113,4038,1177
1485572,178,4020,1164
1485573,202,4041,1159
1485574,181,4033,1101
1485575,189,4033,947
1485576,210,4052,813
1485577,207,4066,775
1485578,214,4060,842
1485579,237,4053,937
1485580,233,4050,1045
1485581,154,4048,1142
1485582,102,4036,1133
1485583,119,4038,1071
1485584,142,4058,1003
1485585,180,4065,942
1485586,199,4062,848
1485587,201,4064,729
1485588,214,4075,665
1485589,215,4083,693
1485590,190,4094,813
1485591,156,4097,905
1485592,154,4086,888
1485593,159,4082,853
1485594,144,4086,885
1485595,134,4084,988
1485596,150,4071,1019
1485597,188,4071,899
1485598,238,4088,760
1485599,266,4107,680
1485600,260,4114,677
1485601,241,4105,704
1485602,214,4108,702
1485603,184,4118,739
1485604,162,4117,778
1485605,176,4107,728
1485606,198,4108,609
1485607,201,4117,472
1485608,191,4119,368
1485609,188,4115,342
1485610,237,4099,513
1485611,244,4093,577
1485612,174,4103,616
1485613,78,4114,601
1485614,75,4104,636
1485615,143,4083,697
1485616,213,4076,653
1485617,225,4094,611
1485618,115,4119,607
1485619,-25,4129,579
1485620,-76,4127,551
1485621,-19,4129,575
1485622,87,4131,737
1485623,145,4125,926
1485624,179,4111,964
1485625,222,4108,960
1485626,212,4113,997
1485627,161,4100,964
1485628,130,4093,889
1485629,120,4106,855
1485630,128,4107,855
1485631,163,4095,878
1485632,204,4090,924
1485633,206,4098,967
1485634,187,4106,1001
1485635,159,4111,1035
1485636,137,4109,1009
1485637,146,4108,934
1485638,143,4113,890
1485639,107,4111,859
1485640,67,4099,804
1485641,65,4077,751
1485642,103,4061,763
1485643,148,4055,849
1485644,156,4052,975
1485645,142,4044,1011
1485646,157,4042,961
1485647,104,4038,904
1485648,66,4043,846
1485649,48,4056,915
1485650,52,4046,1053
1485651,31,4034,1177
1485652,19,4038,1171
1485653,104,4039,1058
1485654,209,4047,1005
1485655,297,4059,1012
1485656,376,4065,1009
1485657,410,4072,952
1485658,351,4096,911
1485659,224,4113,986
1485660,140,4088,1045
1485661,156,4057,1006
1485662,198,4059,1002
1485663,198,4064,1047
1485664,173,4050,1065
1485665,167,4040,1039
1485666,203,4029,1000
1485667,244,4015,976
1485668,253,4008,964
1485669,246,4008,937
1485670,239,4010,923
1485671,229,4018,957
1485672,253,4020,975
1485673,315,4007,949
1485674,369,4000,893
1485675,394,4006,788
1485676,369,4022,689
1485677,289,4037,639
1485678,202,4036,618
1485679,135,4033,645
1485680,93,4032,747
1485681,84,4024,929
1485682,237,4000,1100
1485683,329,4006,991
1485684,352,4023,833
1485685,328,4046,718
1485686,280,4062,674
1485687,245,4060,665
1485688,264,4052,717
1485689,310,4048,813
1485690,328,4047,936
1485691,301,4041,1027
1485692,239,4032,1036
1485693,167,4036,1021
1485694,124,4038,979
1485695,130,4030,960
1485696,151,4021,972
1485697,180,4014,953
1485698,209,4020,921
1485699,208,4035,883
1485700,201,4045,842
1485701,209,4045,885
1485702,221,4047,1033
1485703,281,4033,1064
1485704,378,4024,952
1485705,435,4044,855
1485706,416,4059,822
1485707,347,4059,819
1485708,278,4049,818
1485709,234,4038,884
1485710,208,4038,1039
1485711,179,4028,1163
1485712,161,4007,1159
1485713,163,4017,1134
