4927010,-54,4231,432
4927011,-53,4233,415
4927012,-39,4218,387
4927013,-27,4209,382
4927014,-40,4222,395
4927015,-50,4210,395
4927016,-51,4198,391
4927017,-44,4193,390
4927018,-34,4179,400
4927019,-36,4179,423
4927020,-42,4191,394
4927021,-17,4184,362
4927022,-8,4195,358
4927023,-2,4193,361
4927024,15,4181,369
4927025,16,4185,363
4927026,7,4184,359
4927027,5,4177,372
4927028,10,4161,380
4927029,11,4162,384
4927030,4,4168,385
4927031,9,4154,391
4927032,15,4139,391
4927033,16,4133,396
4927034,25,4136,404
4927035,41,4124,408
4927036,54,4111,434
4927037,54,4108,460
4927038,55,4090,476
4927039,64,4079,495
4927040,63,4082,502
4927041,60,4081,481
4927042,63,4068,449
4927043,67,4062,434
4927044,67,4067,425
4927045,76,4069,412
4927046,89,4069,403
4927047,97,4065,389
4927048,97,4059,380
4927049,95,4057,384
4927050,87,4065,386
4927051,75,4071,371
4927052,75,4067,350
4927053,60,4064,354
4927054,30,4064,372
4927055,12,4063,388
4927056,5,4069,402
4927057,-5,4076,397
4927058,-21,4071,389
4927059,-39,4074,426
4927060,-49,4079,428
4927061,-46,4074,410
4927062,-36,4082,395
4927063,-28,4079,375
4927064,-10,4063,371
4927065,3,4076,396
4927066,6,4096,409
4927067,19,4091,395
4927068,25,4081,386
4927069,25,4078,403
4927070,20,4082,421
4927071,21,4080,422
4927072,26,4071,421
4927073,15,4071,421
4927074,-1,4066,433
4927075,-1,4055,461
4927076,6,4070,470
4927077,20,4080,452
4927078,45,4071,426
4927079,54,4081,416
4927080,53,4098,422
4927081,57,4100,421
4927082,63,4096,418
4927083,61,4093,426
4927084,57,4084,437
4927085,55,4084,447
4927086,42,4103,459
4927087,31,4105,456
4927088,31,4093,447
4927089,20,4106,442
4927090,-3,4121,432
4927091,-5,4115,420
4927092,-2,4122,417
4927093,-11,4142,418
4927094,-20,4145,404
4927095,-21,4125,387
4927096,-26,4109,396
4927097,-63,4115,464
4927098,-64,4122,451
4927099,-48,4114,425
4927100,-47,4114,405
4927101,-51,4113,411
4927102,-44,4106,417
4927103,-44,4103,425
4927104,-50,4114,451
4927105,-56,4134,461
4927106,-56,4141,436
4927107,-45,4135,396
4927108,-37,4132,383
4927109,-45,4143,391
4927110,-58,4155,395
4927111,-55,4156,391
4927112,-40,4158,396
4927113,-33,4169,412
4927114,-21,4167,418
4927115,-14,4164,417
4927116,-20,4175,429
4927117,-18,4175,447
4927118,-17,4161,454
4927119,-23,4157,470
4927120,-28,4153,500
4927121,-29,4143,523
4927122,-32,4146,526
4927123,-29,4147,515
4927124,-27,4142,501
4927125,-29,4141,488
4927126,-22,4132,473
4927127,-13,4131,457
4927128,-7,4125,440
4927129,-2,4109,431
4927130,-7,4121,430
4927131,-5,4140,411
4927132,13,4125,381
4927133,23,4102,383
4927134,8,4106,417
4927135,-6,4111,431
4927136,-28,4121,425
4927137,-41,4112,420
4927138,-41,4099,428
4927139,-51,4115,432
4927140,-65,4127,423
4927141,-58,4102,413
4927142,-55,4090,422
4927143,-73,4110,441
4927144,-68,4118,443
4927145,-42,4117,441
4927146,-37,4121,444
4927147,-46,4107,439
4927148,-42,4091,441
4927149,-38,4108,446
4927150,-41,4123,440
4927151,-26,4110,440
4927152,-14,4087,456
4927153,-19,4069,484
4927154,-32,4062,492
4927155,-30,4058,481
4927156,-4,4064,470
4927157,13,4073,452
4927158,13,4065,442
4927159,18,4051,449
4927160,24,4055,453
4927161,36,4063,437
4927162,57,4067,417
4927163,72,4072,412
4927164,75,4086,411
4927165,73,4102,395
4927166,73,4105,376
4927167,79,4099,369
4927168,72,4088,372
4927169,45,4085,387
4927170,27,4096,405
4927171,18,4124,404
4927172,10,4140,399
4927173,-4,4139,395
4927174,-21,4130,390
4927175,-33,4129,386
4927176,-45,4132,381
4927177,-52,4136,380
4927178,-60,4144,387
4927179,-68,4148,393
4927180,-72,4148,395
4927181,-80,4143,400
4927182,-88,4141,411
4927183,-96,4142,428
4927184,-97,4142,444
4927185,-98,4138,443
4927186,-101,4136,438
4927187,-98,4138,441
4927188,-86,4139,438
4927189,-76,4141,429
4927190,-71,4141,425
4927191,-63,4141,424
4927192,-54,4145,421
4927193,-44,4151,422
4927194,-42,4157,437
4927195,-41,4155,448
4927196,-37,4144,443
4927197,-31,4140,430
4927198,-20,4145,423
4927199,-14,4143,425
4927200,-14,4135,427
4927201,-16,4118,407
4927202,-28,4119,392
4927203,-40,4125,391
4927205,-48,4125,381
4927206,-46,4123,372
4927207,-35,4127,384
4927208,-26,4129,393
4927209,-21,4130,377
4927210,-23,4136,357
4927211,-29,4139,354
4927212,-32,4146,369
4927213,-37,4155,384
4927214,-40,4157,391
4927215,-29,4157,397
4927216,-21,4148,405
4927217,-17,4130,407
4927218,-15,4119,411
4927219,-23,4124,422
4927220,-22,4130,427
4927221,-11,4126,424
4927222,-2,4120,409
4927223,3,4117,391
4927224,24,4121,395
4927225,36,4119,391
4927226,39,4115,388
4927227,30,4114,391
4927228,16,4114,400
4927229,2,4115,418
4927230,-1,4120,434
4927231,-2,4127,439
4927232,-8,4128,438
4927233,-14,4127,447
4927234,-13,4124,459
4927235,-5,4123,458
4927236,4,4122,466
4927237,15,4117,488
4927238,24,4120,503
4927239,25,4135,507
4927240,23,4143,515
4927241,24,4144,528
4927242,21,4139,539
4927243,18,4140,547
4927244,22,4147,547
4927245,30,4148,548
4927246,33,4145,552
4927247,33,4142,543
4927248,40,4135,533
4927249,55,4135,529
4927250,65,4148,522
4927251,71,4153,516
4927252,80,4150,499
4927253,89,4148,470
4927254,90,4138,448
4927255,84,4129,449
4927256,73,4128,447
4927257,56,4134,436
4927258,32,4149,434
4927259,14,4157,439
4927260,-2,4153,453
4927261,-9,4158,456
4927262,-11,4160,463
4927263,-14,4158,477
4927264,-22,4159,490
4927265,-35,4168,495
4927266,-46,4185,509
4927267,-48,4195,519
4927268,-43,4191,515
4927269,-35,4186,511
4927270,-29,4186,509
4927271,-25,4188,510
4927272,-17,4184,514
4927273,-4,4169,516
4927274,-1,4153,517
4927275,0,4152,513
4927276,10,4160,506
4927277,24,4157,496
4927278,43,4156,481
4927279,62,4164,465
4927280,73,4169,451
4927281,78,4169,443
4927282,80,4165,437
4927283,80,4162,427
4927284,75,4157,420
4927285,68,4157,414
4927286,70,4164,400
4927287,72,4168,390
4927288,57,4161,399
4927289,25,4143,416
4927290,-5,4134,438
4927291,-24,4143,476
4927292,-40,4153,498
4927293,-46,4156,478
4927294,-41,4153,440
4927295,-23,4155,405
4927296,-29,4147,393
4927297,-36,4132,401
4927298,-29,4130,425
4927299,-17,4131,433
4927300,-9,4138,429
4927301,-8,4150,403
4927302,-3,4151,360
4927303,4,4140,342
4927304,9,4134,361
4927305,13,4146,386
4927306,20,4159,386
4927307,35,4151,368
4927308,53,4134,357
4927309,56,4128,371
4927310,37,4133,391
4927311,23,4135,398
4927312,18,4124,389
4927313,5,4116,382
4927314,-12,4113,404
4927315,-23,4118,443
4927316,-25,4118,460
4927317,-22,4105,456
4927318,-30,4104,470
4927319,-44,4106,478
4927320,-32,4102,452
4927321,-3,4103,427
4927322,12,4114,424
4927323,0,4115,424
4927324,1,4105,421
4927325,17,4101,424
4927326,7,4105,446
4927327,-14,4118,474
4927328,-13,4140,477
4927329,-12,4155,398
4927330,-12,4144,372
4927331,-19,4160,372
4927332,-16,4172,380
4927333,-4,4179,396
4927334,2,4193,402
4927335,3,4174,402
4927336,5,4151,426
4927337,-2,4152,450
4927338,-8,4150,461
4927339,0,4138,474
4927340,-8,4132,498
4927341,-23,4131,514
4927342,-31,4123,521
4927343,-38,4118,530
4927344,-40,4127,529
4927345,-33,4134,506
4927346,-15,4127,489
4927347,-16,4135,486
4927348,-19,4134,469
4927349,-3,4135,430
4927350,5,4144,411
4927351,-6,4144,420
4927352,-23,4157,418
4927354,-32,4171,398
4927355,-18,4153,377
4927356,-5,4119,373
4927357,-33,4128,407
4927358,-74,4148,418
4927359,-57,4136,383
4927360,-67,4126,385
4927361,-63,4126,411
4927362,-58,4158,416
4927363,-45,4162,390
4927364,-21,4139,378
4927365,-29,4152,401
4927366,-42,4168,417
4927367,-30,4143,406
4927368,-18,4126,412
4927369,-30,4132,436
4927370,-38,4132,455
4927371,-37,4132,461
4927372,-41,4136,443
4927373,-36,4128,416
4927374,-23,4111,410
4927375,-29,4115,422
4927376,-47,4106,440
4927377,-43,4109,465
4927378,-34,4133,455
4927379,-14,4124,425
4927380,15,4114,414
4927381,24,4111,426
4927382,14,4115,434
4927383,11,4118,413
4927384,33,4102,402
4927385,30,4108,421
4927386,-5,4127,440
4927387,-8,4124,422
4927388,7,4111,406
4927389,-9,4115,431
4927390,-35,4132,453
4927391,-35,4138,430
4927392,-21,4137,396
4927393,-14,4137,391
4927394,-22,4139,409
4927395,-36,4141,422
4927396,-55,4141,436
4927397,-73,4123,467
4927398,-88,4129,475
4927399,-105,4154,466
4927400,-109,4170,424
4927401,-84,4152,360
4927402,-60,4139,344
4927403,-73,4157,379
4927404,-94,4172,391
4927405,-86,4171,366
4927406,-68,4168,342
4927407,-61,4165,343
4927408,-65,4158,356
4927409,-59,4146,367
4927410,-57,4141,367
4927411,-69,4148,367
4927412,-87,4145,359
4927413,-87,4135,335
4927414,-78,4154,303
4927415,-71,4159,263
4927416,-46,4138,252
4927417,-42,4142,276
4927418,-68,4154,300
4927419,-82,4150,317
4927420,-86,4150,324
4927421,-95,4154,316
4927422,-103,4148,307
4927423,-101,4151,319
4927424,-106,4166,344
4927425,-115,4170,357
4927426,-118,4171,357
4927427,-119,4165,348
4927428,-106,4143,355
4927429,-102,4154,406
4927430,-131,4184,440
4927431,-130,4177,406
4927432,-94,4147,382
4927433,-84,4138,427
4927434,-96,4165,477
4927435,-106,4207,460
4927436,-30,4188,363
4927437,-36,4187,384
4927438,-43,4191,394
4927439,-29,4209,367
4927440,-28,4204,320
4927441,-23,4174,318
4927442,-33,4174,367
4927443,-52,4181,411
4927444,-42,4181,416
4927445,-17,4168,398
4927446,-17,4147,417
4927447,-49,4153,467
4927448,-72,4153,509
4927449,-67,4146,528
4927450,-50,4148,518
4927451,-20,4138,501
4927452,-2,4129,498
4927453,-1,4132,505
4927454,6,4142,514
4927455,6,4148,507
4927456,-3,4152,496
4927457,-12,4168,477
4927458,-15,4182,453
4927459,-15,4178,449
4927460,-51,4192,458
4927461,-52,4198,449
4927462,-56,4199,436
4927463,-53,4198,416
4927464,-53,4190,414
4927465,-78,4205,432
4927466,-93,4211,431
4927467,-82,4197,408
4927468,-83,4193,386
4927469,-87,4173,384
4927470,-85,4158,410
4927471,-90,4162,431
4927472,-74,4160,430
4927473,-47,4144,427
4927474,-41,4136,451
4927475,-53,4135,479
4927476,-44,4130,478
4927477,-13,4122,461
4927478,0,4121,451
4927479,11,4119,443
4927480,34,4101,430
4927481,56,4089,434
4927482,52,4098,439
4927483,55,4082,423
4927484,73,4062,425
4927485,59,4073,438
4927486,45,4066,430
4927487,42,4048,432
4927488,-10,4039,463
4927489,-14,4049,456
4927490,-19,4054,438
4927491,-27,4062,417
4927492,-30,4064,395
4927493,-29,4057,385
4927494,-35,4061,404
4927495,-54,4090,425
4927496,-60,4095,407
4927497,-50,4079,390
4927498,-64,4085,402
4927499,-84,4095,411
4927500,-83,4099,396
4927501,-86,4111,376
4927502,-93,4113,366
4927503,-91,4097,374
4927504,-92,4096,409
4927505,-105,4119,451
4927506,-122,4122,455
4927507,-115,4097,434
4927508,-102,4096,436
4927509,-113,4117,453
4927510,-103,4117,452
4927511,-75,4111,445
4927512,-71,4115,449
4927513,-63,4105,455
4927514,-33,4100,459
4927515,-13,4114,460
4927516,3,4120,447
4927517,25,4119,436
4927518,22,4132,444
4927519,12,4159,450
4927520,28,4165,435
4927521,55,4124,439
4927522,-10,4147,557
4927523,-21,4166,514
4927524,21,4148,432
4927525,35,4114,413
4927526,10,4109,477
4927527,-32,4152,536
4927528,-39,4165,509
4927529,1,4140,435
4927530,10,4132,397
4927531,-17,4121,410
4927532,-30,4113,465
4927533,-42,4138,500
4927534,-42,4136,478
4927535,-36,4109,447
4927536,-58,4115,449
4927537,-84,4146,462
4927538,-78,4154,425
4927539,-43,4120,370
4927540,-32,4103,372
4927541,-57,4121,403
4927542,-59,4135,397
4927543,-30,4114,357
4927544,-26,4092,342
4927545,-49,4109,361
4927546,-54,4119,364
4927547,-28,4109,353
4927548,-25,4116,358
4927549,-32,4114,361
4927550,-6,4103,359
4927551,0,4109,363
4927552,-15,4111,362
4927553,-9,4093,369
4927554,-14,4079,407
4927555,-39,4086,459
4927556,-43,4093,474
4927557,-33,4091,447
4927558,-26,4091,413
4927559,-17,4085,398
4927560,-30,4079,475
4927561,-37,4075,517
4927562,-34,4077,540
4927563,-34,4095,551
4927564,-39,4119,544
4927566,-22,4131,493
4927567,27,4121,437
4927568,59,4110,422
4927569,52,4115,444
4927570,37,4117,483
4927571,31,4109,502
4927572,23,4107,491
4927573,16,4112,477
4927574,18,4119,472
4927575,18,4117,467
4927576,10,4110,468
4927577,-1,4110,484
4927578,-17,4113,504
4927579,-35,4118,511
4927580,-46,4123,519
4927581,-46,4128,523
4927582,-34,4135,505
4927583,-19,4144,482
4927584,-9,4157,461
4927585,-8,4166,438
4927586,-9,4157,439
4927587,-12,4144,462
4927588,-17,4139,487
4927589,-24,4161,497
4927590,-26,4210,446
4927591,9,4222,322
4927592,54,4196,223
4927593,34,4200,227
4927594,-23,4190,335
4927595,-33,4179,403
4927596,-82,4189,449
4927597,-97,4181,460
4927598,-74,4172,458
4927599,-80,4167,466
4927600,-92,4150,489
4927601,-84,4148,500
4927602,-65,4165,491
4927603,-34,4158,473
4927604,-6,4144,479
4927605,-6,4166,500
4927606,1,4179,483
4927607,43,4157,438
4927608,64,4136,425
4927609,38,4149,449
4927610,18,4160,456
4927611,29,4147,428
4927612,20,4152,416
4927613,-6,4154,414
4927614,-15,4132,409
4927615,-20,4123,434
4927616,-33,4140,462
4927617,-37,4151,442
4927618,-18,4148,404
4927619,-9,4146,397
4927620,-16,4149,415
4927621,-3,4165,421
4927622,13,4163,409
4927623,11,4149,424
4927624,-8,4164,458
4927625,-14,4166,460
4927626,1,4141,450
4927627,-5,4118,468
4927628,-30,4141,534
4927629,-15,4133,484
4927630,11,4100,460
4927631,-3,4109,506
4927632,-27,4147,529
4927633,-8,4140,462
4927634,34,4110,397
4927635,31,4109,393
4927636,0,4119,418
4927637,-9,4117,421
4927638,-4,4113,402
4927639,-7,4126,392
4927640,-6,4131,385
4927641,6,4125,370
4927642,2,4119,353
4927643,-19,4118,369
4927644,-44,4118,406
4927645,-53,4107,421
4927646,-62,4104,446
4927647,-82,4120,473
4927648,-85,4133,475
4927649,-71,4142,449
4927650,-45,4151,417
4927651,-25,4154,415
4927652,-24,4151,434
4927653,-23,4155,470
4927654,-19,4164,486
4927655,-12,4161,461
4927656,2,4154,435
4927657,16,4155,421
4927658,20,4164,407
4927659,35,4153,385
4927660,60,4143,390
4927661,45,4162,417
4927662,32,4157,409
4927663,68,4126,386
4927664,67,4118,407
4927665,30,4120,449
4927666,14,4112,460
4927667,-2,4117,460
4927668,-8,4111,442
4927669,-4,4101,415
4927670,-7,4101,429
4927671,-29,4122,452
4927672,-34,4138,427
4927673,-13,4129,383
4927674,-6,4127,355
4927675,-20,4130,355
4927676,-34,4129,390
4927677,-45,4146,425
4927678,-52,4169,406
4927679,-29,4158,343
4927680,4,4135,296
4927681,-4,4128,311
4927682,-31,4120,362
4927683,-45,4108,413
4927684,-55,4104,462
4927685,-67,4120,481
4927686,-60,4132,442
4927687,-28,4121,381
4927688,-6,4113,350
4927689,-8,4117,356
4927690,-10,4077,409
4927691,-9,4058,441
4927692,-22,4042,487
4927693,-37,4057,532
4927694,-28,4083,514
4927695,11,4069,455
4927696,50,4038,425
4927697,54,4031,461
4927698,33,4044,513
4927699,20,4066,512
4927700,24,4074,470
4927701,35,4062,425
4927702,43,4058,417
4927703,29,4070,427
4927704,12,4091,417
4927705,11,4105,400
4927706,8,4102,402
4927707,-4,4106,418
4927708,-18,4114,424
4927709,-25,4110,427
4927710,-30,4112,446
4927711,-37,4119,480
4927712,-49,4127,515
4927713,-64,4135,539
4927714,-69,4146,542
4927715,-68,4165,542
4927716,-78,4182,552
4927717,-87,4187,555
4927718,-87,4190,560
4927719,-88,4201,568
4927720,-91,4211,560
4927721,-85,4224,532
4927722,-76,4255,486
4927723,0,4332,267
4927724,62,4318,191
4927725,54,4312,230
4927726,6,4320,304
4927727,-18,4316,331
4927728,-20,4306,332
4927729,-28,4288,332
4927730,-42,4247,363
4927731,-66,4228,422
4927732,-88,4220,465
4927733,-90,4200,495
4927734,-93,4184,510
4927735,-98,4177,512
4927736,-96,4162,519
4927737,-92,4150,530
4927738,-86,4144,529
4927739,-73,4146,527
4927741,-54,4172,502
4927742,-20,4174,450
4927743,11,4157,425
4927744,3,4165,431
4927745,-10,4185,438
4927746,0,4188,415
4927747,-5,4199,373
4927748,-23,4197,320
4927749,-17,4163,295
4927750,-24,4151,321
4927751,-49,4164,369
4927752,-68,4183,381
4927753,-32,4149,293
4927754,-43,4148,305
4927755,-50,4149,343
4927756,-45,4139,366
4927757,-47,4121,394
4927758,-58,4124,425
4927759,-58,4123,418
4927760,-22,4116,400
4927761,0,4120,390
4927762,-1,4117,386
4927763,0,4120,386
4927764,2,4124,378
4927765,8,4104,370
4927766,10,4092,397
4927767,-2,4099,446
4927768,-2,4113,452
4927769,25,4108,419
4927770,43,4091,400
4927771,35,4080,417
4927772,21,4077,456
4927773,7,4086,481
4927774,10,4089,474
4927775,20,4092,453
4927776,5,4104,443
4927777,-7,4102,435
4927778,-9,4085,438
4927779,-20,4093,450
4927780,-35,4114,429
4927781,-35,4110,396
4927782,-44,4100,394
4927783,-74,4110,411
4927784,-88,4122,419
4927785,-80,4124,397
4927786,-68,4126,348
4927787,-60,4133,308
4927788,-54,4140,287
4927789,-34,4124,291
4927790,-30,4114,332
4927791,-53,4126,376
4927792,-68,4141,426
4927793,-76,4168,434
4927794,-54,4177,410
4927795,-31,4185,377
4927796,-39,4186,364
4927797,-48,4164,376
4927798,-53,4160,409
4927799,-71,4182,430
4927800,-68,4192,404
4927801,-44,4186,374
4927802,-38,4189,380
4927803,-61,4201,398
4927804,-82,4214,412
4927805,-83,4228,420
4927806,-88,4234,432
4927807,-99,4234,448
4927808,-94,4233,457
4927809,-77,4233,439
4927810,-54,4209,414
4927811,-52,4205,435
4927812,-75,4213,465
4927813,-68,4195,465
4927814,-55,4183,445
4927815,-50,4178,446
4927816,-57,4204,459
4927817,-49,4209,421
4927818,-15,4180,376
4927819,-12,4172,384
4927820,-26,4178,425
4927821,-33,4182,478
4927822,-38,4188,468
4927823,-12,4169,448
4927824,-2,4170,453
4927825,-10,4179,459
4927826,5,4179,419
4927827,33,4159,357
4927828,49,4143,352
4927829,35,4148,388
4927830,24,4134,413
4927831,28,4119,432
4927832,10,4117,442
4927833,-2,4106,452
4927834,3,4097,466
4927835,-1,4098,460
4927836,1,4104,432
4927837,19,4098,400
4927838,31,4084,396
4927839,37,4075,426
4927840,32,4065,458
4927841,17,4068,459
4927842,21,4067,424
4927843,22,4062,395
4927844,20,4060,408
4927845,16,4060,442
4927846,17,4060,448
4927847,21,4062,428
4927848,8,4059,404
4927849,7,4061,386
4927850,10,4083,369
4927851,22,4084,357
4927852,33,4071,371
4927853,11,4082,411
4927854,-15,4095,440
4927855,-15,4086,428
4927856,-11,4062,428
4927857,-31,4057,471
4927858,-61,4081,501
4927859,-58,4087,486
4927860,-8,4080,463
4927861,-17,4087,476
4927862,-11,4081,484
4927863,-3,4094,490
4927864,-1,4114,463
4927865,20,4092,406
4927866,28,4061,418
4927867,-17,4086,490
4927868,-60,4131,492
4927869,-43,4129,404
4927870,-17,4112,341
4927871,-35,4121,362
4927872,-57,4127,393
4927873,-53,4111,392
4927874,-52,4093,396
4927875,-60,4080,414
4927876,-63,4085,444
4927877,-70,4110,454
4927878,-68,4123,418
4927879,-43,4112,366
4927880,-28,4098,347
4927881,-42,4090,378
4927882,-63,4092,434
4927883,-76,4109,473
4927884,-66,4130,450
4927885,-37,4140,372
4927886,-14,4135,301
4927887,-14,4124,285
4927888,-30,4116,327
4927889,-49,4106,368
4927890,-66,4096,387
4927891,-78,4101,394
4927892,-86,4108,370
4927893,-85,4101,331
4927894,-67,4097,304
4927895,-59,4087,311
4927896,-59,4076,332
4927897,-67,4070,382
4927898,-83,4063,449
4927899,-92,4051,494
4927900,-90,4044,502
4927901,-85,4051,496
4927902,-72,4055,477
4927903,-49,4061,448
4927904,-18,4073,424
4927905,5,4083,399
4927906,14,4095,379
4927907,19,4109,363
4927908,20,4116,349
4927909,12,4112,342
4927910,2,4113,347
4927911,-3,4119,353
4927912,-5,4123,350
4927913,-15,4131,355
4927914,-38,4139,381
4927915,-51,4144,400
4927916,-49,4144,405
4927917,-49,4137,407
4927918,-46,4134,414
4927919,-58,4125,477
4927920,-80,4123,510
4927921,-87,4126,542
4927922,-83,4133,565
4927923,-81,4145,578
4927924,-82,4156,576
4927925,-84,4170,566
4927926,-74,4184,555
4927927,-51,4194,532
4927928,-28,4201,507
4927930,-16,4202,505
4927931,-16,4200,509
4927932,-18,4192,509
4927933,-16,4183,514
4927934,-18,4180,530
4927935,-18,4185,546
4927936,-12,4187,541
4927937,-1,4187,521
4927938,8,4190,515
4927939,2,4199,517
4927940,1,4211,499
4927941,8,4230,447
4927942,12,4242,362
4927943,30,4232,278
4927944,51,4224,261
4927945,27,4229,314
4927946,-24,4245,341
4927947,-35,4238,288
4927948,-12,4198,249
4927949,-42,4172,303
4927950,-115,4168,399
4927951,-145,4155,480
4927952,-166,4167,518
4927953,-162,4158,464
4927954,-123,4152,416
4927955,-101,4148,390
4927956,-79,4137,420
4927957,-67,4145,478
4927958,-57,4168,503
4927959,-29,4188,461
4927960,18,4187,378
4927961,51,4179,359
4927962,24,4190,401
4927963,-5,4199,409
4927964,18,4192,358
4927965,41,4191,330
4927966,21,4212,352
4927967,5,4223,330
4927968,22,4197,278
4927969,19,4177,284
4927970,-11,4173,330
4927971,-20,4150,374
4927972,-18,4126,415
4927973,-33,4116,448
4927974,-45,4107,478
4927975,-43,4108,484
4927976,-34,4107,452
4927977,-15,4096,418
4927978,8,4078,425
4927979,7,4063,468
4927980,-11,4073,499
4927981,-14,4091,467
4927982,14,4075,391
4927983,47,4054,369
4927984,31,4062,415
4927985,-6,4068,482
4927986,-21,4061,513
4927987,-27,4054,499
4927988,-43,4057,481
4927989,-53,4076,452
4927990,-43,4093,409
4927991,-1,4123,326
4927992,10,4139,304
4927993,11,4145,289
4927994,15,4146,297
4927995,14,4144,315
4927996,1,4151,341
4927997,-18,4162,368
4927998,-36,4165,380
4927999,-53,4162,393
4928000,-78,4163,399
4928001,-96,4172,383
4928002,-90,4186,355
4928003,-89,4213,327
4928004,-100,4262,260
4928005,-59,4269,135
4928006,1,4235,101
4928007,-37,4248,214
4928008,-104,4265,328
4928009,-109,4236,392
4928010,-110,4219,455
4928011,-142,4227,516
4928012,-164,4240,544
4928013,-158,4239,531
4928014,-149,4221,537
4928015,-155,4229,568
4928016,-143,4250,574
4928017,-107,4240,561
4928018,-83,4216,561
4928019,-72,4229,575
4928020,-50,4251,545
4928021,-5,4248,478
4928022,27,4247,422
4928023,24,4247,422
4928024,-32,4259,417
4928025,-24,4250,403
4928026,-32,4250,392
4928027,-37,4236,387
4928028,-34,4217,392
4928029,-48,4201,395
4928030,-46,4176,394
4928031,-38,4162,418
4928032,-74,4165,459
4928033,-88,4173,460
4928034,-68,4162,419
4928035,-62,4148,406
4928036,-83,4163,412
4928037,-96,4165,404
4928038,-79,4148,379
4928039,-65,4142,356
4928040,-59,4132,345
4928041,-53,4121,359
4928042,-64,4114,411
4928043,-90,4119,464
4928044,-81,4115,484
4928045,-66,4129,476
4928046,-64,4135,432
4928047,-28,4102,412
4928048,-6,4098,439
4928049,-13,4116,469
4928050,-3,4123,452
4928051,34,4101,408
4928052,57,4095,412
4928053,37,4100,439
4928054,47,4085,459
4928055,67,4078,450
4928056,65,4065,426
4928057,70,4043,435
4928058,55,4058,448
4928059,59,4063,422
4928060,90,4038,392
4928061,83,4038,393
4928062,60,4052,392
4928063,69,4035,350
4928064,44,4044,363
4928065,28,4039,383
4928066,21,4024,428
4928067,-17,4042,473
4928068,-58,4059,462
4928069,-38,4048,406
4928070,-10,4036,398
4928071,-43,4064,452
4928072,-59,4096,471
4928073,-23,4098,433
4928074,-5,4106,404
4928075,-8,4112,409
4928076,-1,4107,425
4928077,6,4103,438
4928078,6,4103,445
4928079,4,4098,462
4928080,-4,4103,494
4928081,-16,4114,496
4928082,-3,4110,460
4928083,17,4115,426
4928084,14,4138,405
4928085,13,4147,377
4928086,30,4126,338
4928087,29,4097,335
4928088,2,4085,387
4928089,-30,4103,432
4928090,-40,4126,404
4928091,-23,4114,334
4928092,-21,4095,321
4928093,-46,4100,376
4928094,-81,4105,444
4928095,-114,4115,483
4928096,-128,4137,439
4928097,-76,4111,291
4928098,-96,4103,342
4928099,-128,4114,423
4928100,-138,4130,475
4928101,-139,4137,473
4928102,-134,4135,437
4928103,-124,4144,406
4928104,-110,4153,388
4928105,-92,4149,395
4928106,-89,4143,434
4928107,-108,4164,461
4928108,-95,4180,438
4928109,-56,4177,407
4928110,-48,4190,392
4928111,-37,4194,366
4928112,-1,4175,368
4928113,6,4173,418
4928114,-17,4184,477
4928115,-33,4189,490
4928116,-24,4183,455
4928117,-11,4158,433
4928118,-16,4130,460
4928119,-37,4126,538
4928120,-69,4155,584
4928121,-74,4177,530
4928122,-30,4181,422
4928123,14,4180,329
4928124,34,4171,330
4928125,15,4188,400
4928126,-18,4207,409
4928127,2,4180,358
4928128,19,4161,366
4928129,-33,4170,440
4928130,-86,4172,483
4928131,-84,4159,471
4928132,-57,4155,450
4928133,-60,4170,434
4928134,-64,4171,396
4928135,-38,4154,367
4928136,-53,4159,449
4928137,-38,4150,458
4928138,-11,4127,478
4928139,-18,4111,523
4928140,-46,4114,577
4928141,-53,4129,602
4928142,-32,4125,583
4928143,-25,4111,548
4928144,-15,4114,521
4928145,10,4120,503
4928146,29,4118,496
4928147,46,4127,509
4928148,63,4138,506
4928149,90,4139,477
4928150,116,4151,444
4928151,115,4168,400
4928152,118,4166,360
4928153,132,4161,358
4928154,110,4163,396
4928155,78,4157,440
4928156,56,4135,472
4928157,26,4116,507
4928158,-15,4118,537
4928159,-48,4120,536
4928160,-47,4112,518
4928161,-54,4115,516
4928162,-97,4134,509
4928163,-116,4145,457
4928164,-95,4133,395
4928165,-101,4131,381
4928166,-131,4155,380
4928167,-124,4163,350
4928168,-102,4154,323
4928169,-107,4150,346
4928170,-121,4157,407
4928171,-119,4170,424
4928172,-99,4154,390
4928173,-83,4134,371
4928174,-98,4147,414
4928175,-98,4158,421
4928176,-73,4145,405
4928177,-59,4147,416
4928178,-71,4164,439
4928179,-68,4170,434
4928180,-53,4175,399
4928181,-35,4179,362
4928182,-14,4177,356
4928183,-4,4177,375
4928184,-3,4181,396
4928185,-1,4174,393
4928186,8,4164,390
4928187,-9,4164,394
4928188,-21,4143,393
4928189,-11,4133,420
4928190,-20,4148,458
4928191,-32,4138,460
4928192,-26,4104,449
4928193,-28,4092,477
4928194,-39,4107,502
4928195,-32,4110,459
4928196,-6,4097,402
4928197,2,4083,381
4928198,-14,4081,398
4928199,-24,4091,414
4928200,-3,4076,397
4928201,20,4062,412
4928202,4,4075,450
4928203,-7,4066,459
4928204,-9,4051,454
4928205,-26,4054,459
4928206,-20,4062,473
4928207,4,4061,479
4928208,0,4054,471
4928209,-9,4048,466
4928210,9,4059,467
4928211,31,4081,439
4928212,49,4085,401
4928213,54,4080,470
4928214,31,4078,540
4928215,18,4069,576
4928216,16,4067,574
4928217,18,4078,550
4928218,22,4093,522
4928219,34,4117,502
4928220,42,4153,461
4928221,65,4178,376
4928222,118,4179,296
4928223,137,4175,282
4928224,107,4178,322
4928225,88,4180,359
4928226,76,4164,372
4928227,57,4126,383
4928228,30,4102,428
4928229,-20,4106,486
4928230,-59,4100,523
4928231,-76,4075,529
4928232,-102,4048,538
4928233,-132,4038,595
4928234,-141,4055,656
4928235,-123,4067,667
4928236,-92,4075,640
4928237,-68,4117,592
4928238,-39,4165,495
4928239,12,4192,361
4928240,66,4210,259
4928241,79,4217,246
4928242,55,4242,283
4928243,42,4250,282
4928244,53,4225,261
4928245,38,4220,269
4928246,-2,4212,306
4928247,-28,4192,357
4928248,-43,4173,399
4928249,-65,4162,434
4928250,-94,4173,455
4928251,-101,4176,439
4928252,-82,4158,486
4928253,-90,4176,513
4928254,-67,4184,501
4928255,-34,4169,471
4928256,-10,4140,485
4928257,-8,4144,546
4928258,-25,4167,579
4928259,-25,4172,546
4928260,-4,4165,494
4928261,-1,4178,476
4928262,-13,4204,485
4928263,-13,4206,490
4928264,-6,4203,497
4928265,-9,4209,504
4928266,-7,4196,511
4928267,9,4190,509
4928268,32,4194,480
4928269,65,4188,464
4928270,73,4186,477
4928271,49,4190,471
4928272,42,4181,440
4928273,49,4165,442
4928274,18,4165,477
4928275,-14,4166,483
4928276,-1,4155,458
4928277,1,4156,444
4928278,-22,4157,447
4928279,-23,4142,452
4928280,-22,4122,461
4928281,-40,4109,495
4928282,-67,4119,515
4928283,-75,4141,471
4928284,-56,4138,401
4928285,-46,4131,369
4928286,-62,4134,395
4928287,-73,4140,449
4928288,-79,4149,477
4928289,-71,4148,431
4928290,-37,4143,357
4928291,-20,4157,299
4928292,-17,4157,303
4928293,-9,4154,303
4928294,-9,4151,307
4928295,-24,4147,309
4928296,-42,4135,326
4928297,-57,4126,367
4928298,-62,4111,407
4928299,-69,4096,449
4928300,-92,4096,476
4928301,-107,4103,477
4928302,-102,4098,448
4928303,-89,4083,433
4928304,-96,4100,452
4928305,-105,4132,449
4928306,-79,4128,416
4928307,-49,4123,404
4928308,-45,4138,414
4928309,-41,4145,416
4928310,-33,4146,430
4928311,-42,4158,457
4928312,-62,4161,461
4928313,-57,4151,457
4928314,-53,4172,464
4928315,-58,4193,451
4928316,-41,4177,436
4928317,-42,4176,457
4928318,-69,4182,487
4928319,-78,4179,504
4928320,-77,4184,492
4928321,-75,4183,462
4928322,-68,4173,444
4928323,-70,4174,436
4928324,-73,4187,438
4928325,-72,4191,428
4928326,-55,4169,413
4928327,-53,4146,443
4928328,-93,4159,485
4928329,-64,4137,413
4928330,-53,4128,402
4928331,-68,4134,430
4928332,-73,4140,445
4928333,-58,4135,432
4928334,-45,4129,419
4928335,-33,4111,432
4928336,-43,4103,467
4928337,-47,4102,480
4928338,-25,4100,469
4928339,-26,4100,457
4928340,-24,4093,456
4928341,-4,4092,467
4928342,-1,4098,480
4928343,-5,4114,460
4928344,-4,4125,404
4928345,13,4105,380
4928346,15,4100,414
4928347,-19,4117,422
4928348,-19,4102,396
4928349,-16,4095,400
4928350,-36,4108,433
4928351,-42,4114,464
4928352,-41,4107,469
4928353,-41,4096,459
4928354,-42,4099,452
4928355,-44,4109,438
4928356,-23,4106,412
4928357,3,4106,399
4928358,-8,4115,425
4928359,-22,4117,473
4928360,-24,4125,497
4928361,-19,4117,480
4928362,-7,4097,445
4928363,-4,4078,451
4928364,-19,4079,495
4928365,-33,4082,526
4928366,-31,4070,532
4928367,-26,4076,492
4928368,-4,4075,371
4928369,7,4061,366
4928370,3,4056,399
4928371,-16,4067,409
4928372,-13,4075,375
4928373,7,4075,347
4928374,0,4080,359
4928375,-26,4087,387
4928376,-45,4098,397
4928377,-51,4115,383
4928378,-62,4133,347
4928379,-69,4134,311
4928380,-61,4122,315
4928381,-68,4125,375
4928382,-98,4148,450
4928383,-110,4162,463
4928384,-83,4142,427
4928385,-53,4124,422
4928386,-59,4134,454
4928387,-69,4140,489
4928388,-47,4141,518
4928389,-29,4152,528
4928390,-17,4166,501
4928391,-6,4167,478
4928392,-15,4181,486
4928393,-20,4202,476
4928394,-3,4195,440
4928395,22,4183,415
4928396,26,4179,423
4928397,6,4175,443
4928398,-7,4168,462
4928399,-16,4161,466
4928400,-39,4144,498
4928401,-61,4162,512
4928402,-53,4161,495
4928403,-31,4142,491
4928404,-23,4147,512
4928405,-31,4155,521
4928406,-18,4147,508
4928408,-1,4149,508
4928409,0,4159,502
4928410,4,4163,465
4928411,3,4170,425
4928412,1,4177,401
4928413,16,4161,388
4928414,28,4140,413
4928415,14,4140,448
4928416,5,4134,442
4928417,17,4124,427
4928418,19,4131,442
4928419,-2,4138,468
4928420,-12,4134,478
4928421,3,4128,474
4928422,18,4124,464
4928423,19,4122,457
4928424,20,4128,458
4928425,14,4133,451
4928426,19,4114,436
4928427,32,4096,456
4928428,-6,4114,516
4928429,-9,4101,499
4928430,-4,4081,490
4928431,-21,4066,529
4928432,-51,4072,585
4928433,-63,4096,578
4928434,-45,4107,496
4928435,-14,4112,400
4928436,5,4129,340
4928437,13,4131,323
4928438,21,4126,347
4928439,16,4120,415
4928440,-15,4119,462
4928441,-20,4118,448
4928442,-12,4123,422
4928443,-28,4124,409
4928444,-37,4108,408
4928445,-43,4102,407
4928446,-53,4109,406
4928447,-68,4113,417
4928448,-91,4125,414
4928449,-91,4134,373
4928450,-62,4126,321
4928451,-42,4111,326
4928452,-56,4101,401
4928453,-81,4101,488
4928454,-105,4120,529
4928455,-109,4136,468
4928456,-63,4119,369
4928457,-36,4127,394
4928458,-50,4157,425
4928459,-24,4153,396
4928460,11,4128,378
4928461,1,4130,422
4928462,-20,4142,486
4928463,-16,4147,503
4928464,0,4153,469
4928465,25,4142,434
4928466,39,4120,440
4928467,20,4121,486
4928468,-10,4135,509
4928469,0,4131,496
4928470,22,4108,499
4928471,12,4104,529
4928472,-11,4115,545
4928473,-2,4122,534
4928474,22,4134,509
4928475,30,4138,479
4928476,36,4145,477
4928477,36,4155,482
4928478,31,4159,481
4928479,27,4153,470
4928480,34,4143,455
4928481,34,4143,453
4928482,21,4147,452
4928483,15,4140,456
4928484,10,4132,442
4928485,9,4137,393
4928486,23,4131,360
4928487,13,4111,389
4928488,-31,4106,450
4928489,-53,4110,480
4928490,-34,4106,474
4928491,-18,4089,467
4928492,-32,4084,487
4928493,-44,4126,481
4928494,3,4118,398
4928495,29,4111,361
4928496,20,4131,387
4928497,5,4152,412
4928498,20,4154,396
4928499,39,4146,374
4928500,32,4131,399
4928501,5,4113,467
4928502,-20,4118,511
4928503,-24,4134,481
4928504,-1,4129,408
4928505,12,4105,371
4928506,-11,4103,392
4928507,-28,4126,421
4928508,-11,4130,422
4928509,7,4120,408
4928510,6,4117,398
4928511,-1,4122,383
4928512,7,4119,360
4928513,4,4114,355
4928514,-25,4120,356
4928515,-27,4121,364
4928516,-17,4115,384
4928517,-32,4122,408
4928518,-49,4141,400
4928519,-34,4137,356
4928520,-22,4122,359
4928521,-47,4132,432
4928522,-76,4151,484
4928523,-80,4158,453
4928524,-71,4158,409
4928525,-73,4161,428
4928526,-83,4167,491
4928527,-88,4179,539
4928528,-77,4197,513
4928529,-35,4193,435
4928530,-3,4178,389
4928531,-37,4156,520
4928532,-51,4138,623
4928533,-61,4126,693
4928534,-64,4133,711
4928535,-55,4183,624
4928536,-2,4217,405
4928537,77,4189,228
4928538,85,4160,236
4928539,23,4173,355
4928540,-17,4212,415
4928541,-9,4209,326
4928542,34,4170,208
4928543,43,4162,200
4928544,-10,4183,270
4928545,-57,4180,319
4928546,-57,4145,332
4928547,-54,4121,358
4928548,-82,4129,405
4928549,-111,4149,428
4928550,-101,4145,418
4928551,-68,4115,440
4928552,-79,4112,519
4928553,-91,4121,564
4928554,-58,4120,542
4928555,-21,4121,530
4928556,-11,4128,534
4928557,5,4147,503
4928558,31,4152,472
4928559,50,4156,456
4928560,41,4175,457
4928561,42,4189,434
4928562,70,4183,399
4928563,73,4183,411
4928564,42,4192,451
4928565,41,4194,457
4928566,55,4184,444
4928567,51,4167,451
4928568,23,4167,490
4928569,-11,4179,519
4928570,-13,4172,504
4928571,10,4150,472
4928572,16,4141,488
4928573,-11,4146,535
4928574,-24,4139,576
4928575,-11,4139,589
4928576,2,4148,556
4928577,5,4143,526
4928578,2,4153,512
4928579,15,4159,492
4928580,26,4152,476
4928581,0,4159,448
4928582,-11,4149,408
4928583,0,4139,406
4928584,-23,4140,454
4928586,-44,4144,512
4928587,-43,4153,524
4928588,-24,4139,484
4928589,1,4130,451
4928590,5,4136,451
4928591,5,4133,473
4928592,4,4133,517
4928593,-4,4137,556
4928594,1,4136,556
4928595,14,4138,479
4928596,11,4136,469
4928597,-12,4149,454
4928598,-18,4152,414
4928599,-8,4149,375
4928600,-17,4158,359
4928601,-40,4177,347
4928602,-54,4187,325
4928603,-58,4177,321
4928604,-76,4169,338
4928605,-107,4173,353
4928606,-125,4174,331
4928607,-113,4156,302
4928608,-108,4147,321
4928609,-131,4164,366
4928610,-158,4187,366
4928611,-131,4185,307
4928612,-75,4163,267
4928613,-69,4155,302
4928614,-95,4171,382
4928615,-97,4179,407
4928616,-52,4151,378
4928617,-29,4128,397
4928618,-65,4144,465
4928619,-79,4163,483
4928620,-34,4144,432
4928621,11,4123,405
4928622,1,4132,423
4928623,-9,4153,430
4928624,20,4149,397
4928625,54,4134,360
4928626,54,4135,349
4928627,28,4131,354
4928628,21,4126,357
4928629,23,4112,358
4928630,24,4094,401
4928631,-6,4112,455
4928632,-33,4129,450
4928633,-20,4114,415
4928634,-50,4129,455
4928635,-50,4129,441
4928636,-18,4103,422
4928637,-16,4103,429
4928638,-30,4115,453
4928639,-38,4118,460
4928640,-41,4105,464
4928641,-43,4102,494
4928642,-55,4123,504
4928643,-46,4136,475
4928644,-18,4132,423
4928645,-7,4121,399
4928646,-27,4122,427
4928647,-50,4136,458
4928648,-50,4146,467
4928649,-40,4146,460
4928650,-38,4155,451
4928651,-40,4171,424
4928652,-24,4184,401
4928653,-23,4189,404
4928654,-34,4185,423
4928655,-40,4186,468
4928656,-58,4197,496
4928657,-57,4183,510
4928658,-43,4169,531
4928659,-56,4173,542
4928660,-58,4167,539
4928661,-39,4155,528
4928662,-35,4139,551
4928663,-57,4153,602
4928664,-68,4171,595
4928665,-40,4162,538
4928666,-17,4156,505
4928667,-13,4168,511
4928668,-3,4172,515
4928669,3,4148,520
4928670,-7,4132,563
4928671,-29,4145,594
4928672,-24,4139,584
4928673,16,4175,541
4928674,45,4169,473
4928675,70,4161,453
4928676,54,4184,483
4928677,48,4200,485
4928678,76,4182,448
4928679,81,4174,423
4928680,39,4175,415
4928681,22,4167,411
4928682,16,4160,421
4928683,-19,4148,445
4928684,-57,4150,467
4928685,-79,4161,472
4928686,-82,4159,463
4928687,-81,4154,457
4928688,-78,4157,454
4928689,-74,4157,430
4928690,-57,4149,393
4928691,-36,4141,398
4928692,-44,4136,445
4928693,-56,4144,461
4928694,-42,4147,420
4928695,-25,4131,373
4928696,-31,4120,356
4928697,-45,4114,360
4928698,-53,4112,356
4928699,-59,4100,337
4928700,-56,4068,341
4928701,-65,4059,377
4928702,-95,4081,384
4928703,-88,4086,344
4928704,-41,4073,298
4928705,-17,4060,297
4928706,-36,4065,343
4928707,-59,4077,369
4928708,-43,4071,352
4928709,-15,4058,354
4928710,-16,4050,386
4928711,-24,4044,404
4928712,-21,4025,406
4928713,-46,4038,446
4928714,-60,4059,452
4928715,-28,4063,416
4928716,-12,4075,394
4928717,-18,4090,386
4928718,-13,4089,386
4928719,3,4094,414
4928720,-1,4104,435
4928721,5,4102,432
4928722,16,4106,437
4928723,14,4108,443
4928724,12,4091,455
4928725,-1,4075,500
4928726,-31,4081,556
4928727,-51,4084,576
4928728,-37,4066,559
4928729,-27,4058,551
4928730,-38,4076,573
4928731,-39,4100,566
4928732,-13,4119,500
4928733,15,4116,426
4928734,23,4103,416
4928735,3,4106,460
4928736,-18,4120,487
4928737,-9,4118,479
4928738,1,4113,484
4928739,-26,4114,503
4928740,-51,4110,500
4928741,-51,4105,497
4928742,-54,4122,504
4928743,-54,4149,486
4928744,-41,4144,454
4928745,-39,4136,449
4928746,-53,4164,465
4928747,-57,4177,456
4928748,-33,4162,443
4928749,-28,4152,470
4928750,-79,4157,556
4928751,-87,4173,563
4928752,-86,4167,507
4928753,-64,4159,449
4928754,-63,4171,434
4928755,-81,4166,436
4928756,-81,4161,442
4928757,-82,4173,435
4928758,-84,4177,409
4928759,-71,4168,379
4928760,-57,4158,392
4928761,-62,4153,432
4928762,-80,4152,439
4928763,-74,4141,393
4928764,-32,4117,344
4928765,-11,4104,367
4928766,-41,4113,413
4928767,-64,4112,405
4928768,-55,4096,379
4928769,-52,4099,387
4928770,-63,4119,405
4928771,-57,4124,399
4928772,-39,4113,394
4928773,-49,4110,414
4928774,-64,4115,414
4928775,-49,4116,385
4928776,-45,4120,364
4928777,-50,4125,370
4928778,-48,4137,388
4928779,-42,4138,391
4928780,-35,4133,396
4928781,-39,4125,419
4928782,-42,4123,456
4928783,-44,4134,471
4928784,-33,4131,451
4928785,-17,4132,448
4928786,-20,4158,470
4928787,-20,4181,467
4928788,6,4162,424
4928789,15,4161,488
4928790,-14,4171,501
4928791,23,4153,464
4928792,58,4143,454
4928793,37,4147,475
4928794,16,4149,484
4928795,24,4141,470
4928796,32,4137,442
4928797,28,4137,422
4928798,18,4140,413
4928799,11,4140,415
4928800,2,4130,444
4928801,-19,4140,485
4928802,-45,4161,498
4928803,-56,4167,468
4928804,-48,4171,426
4928805,-41,4177,408
4928806,-53,4191,439
4928807,-78,4209,482
4928808,-84,4215,483
4928809,-67,4213,444
4928810,-58,4203,421
4928811,-75,4202,445
4928812,-93,4230,476
4928813,-80,4228,464
4928814,-47,4186,459
4928815,-55,4184,506
4928816,-91,4207,538
4928817,-81,4198,507
4928818,-39,4170,461
4928819,-30,4166,453
4928820,-37,4172,463
4928821,-17,4160,474
4928822,9,4149,489
4928823,3,4147,509
4928824,-12,4156,503
4928825,-11,4171,467
4928826,-14,4180,417
4928827,-4,4175,361
4928828,-16,4159,364
4928829,-44,4157,372
4928830,-56,4156,387
4928831,-65,4156,406
4928832,-65,4140,399
4928833,-55,4122,378
4928834,-58,4117,392
4928835,-75,4121,416
4928836,-81,4129,415
4928837,-70,4124,404
4928838,-66,4105,405
4928839,-79,4113,433
4928840,-92,4123,439
4928841,-65,4102,433
4928842,-43,4096,463
4928843,-61,4108,485
4928844,-64,4112,464
4928845,-32,4104,428
4928846,-11,4106,424
4928847,-23,4110,443
4928848,-16,4086,466
4928849,-3,4075,503
4928850,-10,4091,528
4928851,5,4087,506
4928852,37,4072,477
4928853,50,4074,482
4928854,49,4084,503
4928855,56,4093,523
4928856,66,4088,537
4928857,84,4079,546
4928858,99,4085,547
4928859,89,4098,533
4928860,97,4088,518
4928861,118,4078,527
4928862,109,4067,542
4928863,94,4042,555
4928864,83,4039,591
4928865,49,4057,614
4928866,37,4063,573
4928867,89,4029,495
4928868,57,4021,554
4928869,11,4023,644
4928870,-16,4024,707
4928871,-20,4040,722
4928872,-6,4070,657
4928873,25,4084,525
4928874,57,4087,403
4928875,79,4095,357
4928876,75,4117,356
4928877,68,4138,336
4928878,79,4135,304
4928879,79,4126,296
4928880,46,4119,331
4928881,4,4108,389
4928882,-31,4107,442
4928883,-71,4103,470
4928884,-95,4084,464
4928885,-96,4061,455
4928886,-107,4059,453
4928887,-115,4065,444
4928888,-91,4056,438
4928889,-60,4055,451
4928890,-50,4072,466
4928891,-41,4079,471
4928892,-25,4074,485
4928893,-18,4079,489
4928894,-14,4088,480
4928895,-6,4098,466
4928896,3,4117,436
4928897,13,4132,401
4928898,27,4124,377
4928899,31,4112,382
4928900,15,4114,421
4928901,-7,4124,460
4928902,-6,4152,437
4928903,25,4170,347
4928904,64,4151,288
4928905,9,4131,469
4928906,-25,4115,571
4928907,-32,4107,598
4928908,-43,4140,544
4928909,-30,4167,417
4928910,29,4160,306
4928911,54,4159,314
4928912,17,4160,408
4928913,-18,4140,495
4928914,-41,4127,539
4928915,-66,4138,530
4928916,-58,4142,473
4928917,-26,4132,432
4928918,-27,4135,450
4928919,-49,4162,491
4928920,-51,4182,479
4928921,-35,4176,426
4928922,-19,4162,414
4928923,-21,4151,471
4928924,-41,4140,562
4928925,-59,4135,637
4928926,-57,4170,642
4928927,-26,4196,522
4928928,85,4148,390
4928929,32,4174,516
4928930,-14,4193,597
4928931,6,4183,556
4928932,60,4188,463
4928933,84,4186,395
4928934,80,4175,419
4928935,42,4189,497
4928936,0,4192,529
4928937,-4,4164,512
4928938,-1,4132,507
4928939,-15,4135,527
4928940,-29,4146,536
4928941,-12,4139,541
4928942,11,4135,560
4928943,13,4138,576
4928944,12,4146,573
4928945,14,4140,572
4928946,9,4152,589
4928947,9,4171,571
4928948,34,4161,528
4928949,54,4156,500
4928950,48,4167,505
4928951,28,4177,518
4928952,20,4180,521
4928953,27,4179,518
4928954,31,4165,505
4928955,23,4150,505
4928956,11,4148,505
4928957,10,4145,491
4928958,25,4139,475
4928959,34,4135,496
4928960,14,4141,542
4928961,-6,4156,549
4928962,5,4146,501
4928963,18,4124,487
4928964,-26,4140,502
4928965,-31,4145,470
4928966,-11,4146,428
4928967,-20,4148,431
4928968,-54,4167,436
4928969,-53,4171,392
4928970,-18,4152,382
4928971,-31,4155,414
4928972,-74,4164,418
4928973,-71,4160,393
4928974,-53,4157,374
4928975,-51,4170,381
4928976,-61,4180,385
4928977,-57,4158,394
4928978,-49,4138,430
4928979,-61,4141,484
4928980,-61,4148,525
4928981,-48,4144,535
4928982,-25,4134,520
4928983,-4,4139,495
4928984,4,4146,484
4928985,26,4138,484
4928986,41,4134,481
4928987,27,4132,479
4928988,19,4134,480
4928989,28,4141,476
4928990,31,4138,464
4928991,26,4122,457
4928992,30,4118,463
4928993,34,4125,459
4928994,37,4114,445
4928995,36,4091,444
4928996,31,4078,459
4928997,21,4081,475
4928998,18,4085,485
4928999,17,4083,497
4929000,35,4087,477
4929001,43,4088,459
4929002,25,4083,462
4929003,-2,4092,482
4929004,-16,4096,488
4929005,-16,4092,465
4929006,-19,4108,424
4929007,-22,4111,385
4929009,-22,4100,365
4929010,-24,4100,364
4929011,-11,4093,381
4929012,-12,4083,412
4929013,-33,4081,424
4929014,-37,4069,430
4929015,-49,4056,454
4929016,-62,4071,479
4929017,-59,4093,465
4929018,-42,4089,408
4929019,-28,4087,381
4929020,-39,4115,381
4929021,-47,4133,371
4929022,-19,4121,352
4929023,12,4107,346
4929024,-6,4111,376
4929025,-31,4111,401
4929026,-20,4091,413
4929027,-34,4091,450
4929028,-79,4118,471
4929029,-81,4110,439
4929030,-58,4087,423
4929031,-82,4122,477
4929032,-72,4125,438
4929033,-45,4123,410
4929034,-39,4127,424
4929035,-54,4134,444
4929036,-48,4135,439
4929037,-19,4123,417
4929038,0,4111,427
4929039,-18,4135,486
4929040,-53,4175,501
4929041,-29,4172,430
4929042,18,4151,382
4929043,0,4152,430
4929044,-49,4164,511
4929045,-55,4174,524
4929046,-19,4161,490
4929047,6,4138,490
4929048,-7,4130,533
4929049,-33,4125,578
4929050,-36,4122,580
4929051,-16,4125,547
4929052,9,4125,518
4929053,13,4125,516
4929054,5,4133,539
4929055,-2,4146,559
4929056,-3,4152,533
4929057,20,4132,471
4929058,50,4106,439
4929059,53,4097,470
4929060,30,4094,543
4929061,0,4100,609
4929062,-22,4122,616
4929063,-17,4134,529
4929064,22,4137,404
4929065,49,4146,310
4929066,55,4137,287
4929067,57,4116,347
4929068,43,4111,441
4929069,11,4114,521
4929070,-28,4126,513
4929071,-5,4123,475
4929072,-10,4114,482
4929073,-35,4116,528
4929074,-47,4127,558
4929075,-26,4142,517
4929076,8,4144,455
4929077,24,4152,439
4929078,24,4166,467
4929079,23,4168,500
4929080,38,4161,518
4929081,57,4157,533
4929082,45,4164,544
4929083,34,4163,522
4929084,58,4144,490
4929085,60,4126,505
4929086,27,4131,580
4929087,7,4148,623
4929088,16,4153,592
4929089,35,4146,554
4929090,35,4149,532
4929091,26,4157,523
4929092,36,4157,531
4929093,38,4154,543
4929094,33,4163,538
4929095,44,4172,489
4929096,64,4153,420
4929097,74,4134,392
4929098,61,4143,424
4929099,28,4149,474
4929100,12,4136,481
4929101,20,4131,450
4929102,20,4122,434
4929103,0,4110,468
4929104,-24,4105,524
4929105,-34,4106,558
4929106,-42,4107,540
4929107,2,4089,450
4929108,4,4099,446
4929109,-11,4101,437
4929110,-9,4093,407
4929111,-2,4099,386
4929112,-9,4106,375
4929113,-15,4098,376
4929114,-28,4091,388
4929115,-53,4091,412
4929116,-61,4089,430
4929117,-69,4098,430
4929118,-84,4120,397
4929119,-75,4129,326
4929120,-43,4121,264
4929121,-23,4123,270
4929122,-44,4131,317
4929123,-62,4139,348
4929124,-45,4140,348
4929125,-31,4120,351
4929126,-51,4109,405
4929127,-95,4118,449
4929128,-97,4123,441
4929129,-64,4123,404
4929130,-58,4116,373
4929131,-65,4108,395
4929132,-53,4110,436
4929133,-28,4118,461
4929134,-25,4120,471
4929135,-32,4132,476
4929136,-25,4154,454
4929137,1,4160,394
4929138,28,4147,357
4929139,16,4133,398
4929140,-33,4137,485
4929141,-71,4153,552
4929142,-72,4177,472
4929143,-36,4165,394
4929144,-22,4164,418
4929145,-51,4183,513
4929146,-82,4207,560
4929147,-61,4213,518
4929148,-16,4202,463
4929149,-8,4219,475
4929150,-34,4254,494
4929151,-35,4265,469
4929152,-4,4255,451
4929153,10,4253,467
4929154,-3,4263,508
4929155,-15,4257,530
4929156,-9,4240,533
4929157,-27,4232,546
4929158,-51,4233,559
4929159,-47,4242,541
4929160,-27,4239,522
4929161,-24,4222,556
4929162,-32,4230,589
4929163,-23,4241,579
4929164,3,4230,551
4929165,28,4224,550
4929166,33,4230,563
4929167,39,4243,551
4929168,55,4241,519
4929169,63,4236,505
4929170,51,4236,523
4929171,34,4236,538
4929172,32,4228,523
4929173,36,4207,511
4929174,23,4203,517
4929175,4,4198,516
4929176,12,4182,514
4929177,20,4185,530
4929178,6,4201,543
4929179,1,4189,501
4929180,15,4166,451
4929181,-27,4204,427
4929182,-33,4202,389
4929183,-12,4164,346
4929184,-23,4141,360
4929185,-81,4155,419
4929186,-104,4153,435
4929187,-81,4129,399
4929188,-69,4117,368
4929189,-81,4112,370
4929190,-85,4106,406
4929191,-91,4096,444
4929192,-99,4093,458
4929193,-91,4090,456
4929194,-72,4089,461
4929195,-72,4097,463
4929196,-64,4096,446
4929197,-31,4086,424
4929198,-19,4087,419
4929199,-23,4103,417
4929200,-16,4108,387
4929201,0,4101,342
4929202,7,4104,324
4929203,11,4100,335
4929204,18,4083,360
4929205,15,4077,386
4929206,17,4077,398
4929207,18,4081,411
4929208,4,4086,412
4929209,-6,4083,391
4929210,-6,4075,386
4929211,-19,4075,405
4929212,-35,4071,422
4929213,-33,4055,430
4929214,-33,4055,446
4929215,-46,4074,467
4929216,-59,4086,464
4929217,-55,4086,431
4929218,-53,4088,398
4929219,-59,4095,394
4929220,-39,4115,347
4929221,-2,4099,304
4929222,-5,4104,314
4929223,-27,4110,352
4929224,-40,4115,389
4929225,-44,4109,408
4929226,-30,4088,434
4929227,-30,4084,473
4929228,-51,4096,488
4929229,-39,4099,451
4929230,5,4082,405
4929231,14,4083,417
4929232,-9,4095,468
4929233,-14,4089,494
4929234,-10,4071,494
4929235,-11,4068,514
4929236,-15,4088,558
4929237,-18,4096,571
4929238,6,4088,547
4929239,25,4087,541
4929240,4,4106,560
4929241,3,4129,545
4929242,39,4130,490
4929243,70,4112,468
4929244,71,4099,526
4929245,47,4106,595
4929246,36,4115,616
4929247,45,4106,587
4929248,55,4088,553
4929249,47,4095,574
4929250,19,4123,604
4929251,10,4121,585
4929252,27,4103,559
4929253,15,4115,568
4929254,-17,4126,584
4929255,-2,4130,572
4929256,42,4128,542
4929257,64,4111,534
4929258,41,4133,572
4929259,31,4133,550
4929260,44,4119,527
4929261,47,4117,531
4929262,22,4131,533
4929263,12,4121,533
4929264,24,4113,533
4929265,16,4131,522
4929266,13,4143,493
4929267,33,4124,466
4929268,44,4092,497
4929269,23,4088,591
4929270,-10,4109,653
4929271,-3,4115,632
4929272,25,4110,566
4929273,24,4118,506
4929274,18,4131,480
4929275,28,4142,473
4929276,40,4143,479
4929277,40,4145,486
4929278,27,4161,465
4929279,26,4171,408
4929280,38,4175,363
4929281,36,4180,368
4929282,24,4186,402
4929283,3,4186,424
4929284,-15,4177,419
4929285,-23,4173,418
4929286,-44,4186,426
4929287,-60,4188,416
4929288,-55,4170,391
4929289,-54,4157,395
4929290,-73,4160,438
4929291,-99,4164,469
4929292,-110,4160,473
4929293,-101,4160,466
4929294,-89,4163,449
4929295,-62,4139,419
4929296,-60,4140,440
4929297,-67,4146,457
4929298,-71,4140,447
4929299,-55,4141,429
4929300,-43,4161,396
4929301,-29,4166,350
4929302,-21,4166,335
4929303,-28,4160,340
4929304,-23,4154,355
4929305,-21,4151,366
4929306,-27,4127,383
4929307,-41,4104,443
4929308,-74,4112,510
4929309,-86,4122,530
4929310,-60,4136,521
4929311,-39,4161,504
4929312,-24,4177,472
4929313,-2,4189,435
4929314,10,4186,418
4929315,8,4184,455
4929316,-10,4213,518
4929317,-22,4232,520
4929318,-2,4205,491
4929319,10,4176,502
4929320,-13,4181,531
4929321,-29,4191,530
4929322,-11,4172,499
4929323,1,4152,486
4929324,-13,4158,485
4929325,-19,4175,472
4929326,-2,4167,433
4929327,19,4146,409
4929328,13,4134,426
4929329,0,4133,461
4929330,11,4144,465
4929331,57,4100,424
4929332,30,4112,450
4929333,-7,4107,473
4929334,-12,4086,484
4929335,0,4081,482
4929336,-1,4082,475
4929337,-6,4097,469
4929338,7,4122,457
4929339,29,4135,428
4929340,51,4133,404
4929341,47,4129,397
4929342,36,4126,398
4929343,40,4125,422
4929344,30,4129,465
4929345,8,4124,504
4929346,2,4118,512
4929347,16,4110,499
4929348,26,4110,517
4929349,10,4119,562
4929350,-9,4116,584
4929351,3,4104,588
4929352,13,4095,608
4929353,12,4103,613
4929354,23,4109,584
4929355,43,4086,545
4929356,55,4065,553
4929357,15,4071,577
4929358,-42,4025,531
4929359,-85,3973,441
4929360,-139,4017,364
4929361,-131,4093,309
4929362,-78,4148,320
4929363,-84,4190,392
4929364,-74,4211,419
4929365,31,4193,367
4929366,147,4153,326
4929367,196,4128,369
4929368,192,4120,456
4929369,177,4109,495
4929370,150,4059,510
4929371,98,4045,589
4929372,39,4059,680
4929373,10,4077,676
4929374,35,4058,596
4929375,55,4042,559
4929376,28,4068,579
4929377,14,4095,560
4929378,41,4091,525
4929379,28,4099,555
4929380,-22,4134,598
4929381,-23,4152,577
4929382,15,4150,510
4929383,33,4152,465
4929384,27,4166,464
4929385,10,4171,497
4929386,-11,4167,540
4929387,-27,4181,544
4929388,-26,4183,496
4929389,-11,4165,451
4929390,-22,4155,445
4929391,-54,4140,471
4929392,-67,4109,518
4929393,-78,4077,583
4929394,-114,4073,643
4929395,-136,4097,610
4929396,-104,4102,499
4929397,-57,4104,402
4929398,-39,4123,363
4929399,-35,4139,367
4929400,-14,4135,361
4929401,31,4119,361
4929402,86,4114,379
4929403,135,4139,378
4929404,132,4182,359
4929405,88,4181,365
4929406,47,4152,410
4929407,3,4144,458
4929408,-63,4123,544
4929409,-88,4114,580
4929410,-109,4129,610
4929411,-125,4138,609
4929412,-111,4129,589
4929413,-90,4116,585
4929414,-94,4122,612
4929415,-105,4152,624
4929416,-98,4173,566
4929417,-77,4166,479
4929418,-64,4153,431
4929419,-77,4163,462
4929420,-98,4181,505
4929421,-89,4177,484
4929422,-51,4156,425
4929423,-19,4142,371
4929424,-6,4143,367
4929425,0,4149,384
4929426,3,4143,407
4929427,0,4143,442
4929428,-16,4148,460
4929429,-14,4136,463
4929430,-20,4118,472
4929431,-48,4111,482
4929432,-57,4115,462
4929433,-52,4111,437
4929434,-51,4111,445
4929435,-56,4119,462
4929436,-54,4117,470
4929437,-61,4119,495
4929438,-93,4142,512
4929439,-93,4151,472
4929440,-42,4140,432
4929441,-32,4143,448
4929442,-55,4146,475
4929443,-48,4140,500
4929444,-51,4149,528
4929445,-68,4165,514
4929446,-25,4133,413
4929447,-46,4127,483
4929448,-95,4147,571
4929449,-112,4154,566
4929450,-84,4128,513
4929451,-72,4118,490
4929452,-79,4135,491
4929453,-74,4156,464
4929454,-50,4166,417
4929455,-33,4155,415
4929456,-42,4150,467
4929457,-69,4184,521
4929458,-81,4207,510
4929459,-53,4184,458
4929460,-37,4166,457
4929461,-69,4180,518
4929462,-110,4194,560
4929463,-106,4183,534
4929464,-70,4186,492
4929465,-69,4215,443
4929466,-60,4206,395
4929467,-29,4188,404
4929468,-47,4207,450
4929469,-72,4220,483
4929470,-65,4212,467
4929471,-46,4195,437
4929472,-48,4189,461
4929473,-81,4205,502
4929474,-74,4207,502
4929475,-34,4195,475
4929476,-33,4206,447
4929477,-40,4215,444
4929478,-36,4210,451
4929479,-31,4188,443
4929480,-12,4170,450
4929481,-3,4164,462
4929482,13,4147,463
4929483,12,4142,478
4929484,-33,4155,493
4929485,-68,4160,468
4929486,-84,4167,485
4929487,-118,4180,512
4929488,-143,4167,517
4929489,-154,4158,498
4929490,-155,4142,469
4929491,-147,4116,458
4929492,-147,4114,470
4929493,-142,4109,479
4929494,-123,4087,477
4929495,-100,4092,475
4929496,-82,4103,475
4929497,-54,4110,476
4929498,-13,4122,469
4929499,28,4116,466
4929500,60,4113,480
4929501,82,4119,481
4929502,102,4119,473
4929503,116,4119,459
4929504,129,4117,458
4929505,124,4118,485
4929506,104,4125,487
4929507,95,4097,456
4929508,89,4064,451
4929509,44,4058,493
4929510,-10,4052,551
4929511,-37,4047,576
4929512,-51,4052,562
4929513,-63,4056,547
4929514,-70,4057,551
4929515,-76,4070,586
4929516,-89,4092,616
4929517,-82,4110,581
4929518,-50,4106,521
4929519,-34,4104,501
4929520,-45,4122,502
4929521,-43,4133,484
4929522,-29,4133,458
4929523,-21,4137,443
4929524,-3,4135,435
4929525,-12,4129,460
4929526,-32,4126,482
4929527,-38,4105,490
4929528,-47,4076,524
4929529,-75,4069,579
4929530,-90,4082,599
4929531,-65,4088,548
4929532,-16,4076,477
4929533,1,4066,462
4929534,-31,4073,497
4929535,-50,4083,517
4929536,-34,4086,506
4929537,-26,4089,491
4929538,-35,4091,484
4929539,-46,4094,467
4929540,-46,4095,437
4929541,-37,4087,408
4929542,-45,4078,404
4929543,-74,4094,422
4929544,-95,4119,416
4929545,-82,4110,368
4929546,-61,4091,334
4929547,-72,4111,344
4929548,-93,4139,353
4929549,-78,4134,344
4929550,-60,4120,359
4929551,-82,4121,409
4929552,-107,4132,445
4929553,-112,4127,456
4929554,-113,4112,464
4929555,-111,4101,489
4929556,-122,4102,543
4929557,-139,4109,585
4929558,-120,4107,568
4929559,-75,4097,524
4929560,-61,4103,523
4929561,-70,4119,550
4929562,-53,4121,546
4929563,0,4122,473
4929564,8,4118,493
4929565,2,4119,549
4929566,-14,4120,611
4929567,-33,4130,636
4929568,-28,4135,591
4929569,2,4123,525
4929570,20,4110,503
4929571,11,4105,529
4929572,-11,4110,544
4929573,-10,4115,504
4929574,18,4104,464
4929575,21,4099,474
4929576,-7,4115,515
4929577,-28,4129,532
4929578,-21,4124,508
4929579,-8,4111,482
4929580,-28,4109,483
4929581,-61,4126,480
4929582,-61,4131,442
4929583,-44,4107,408
4929584,-52,4096,425
4929585,-79,4110,454
4929586,-65,4109,448
4929587,-24,4091,422
4929588,-18,4079,424
4929589,-34,4073,468
4929590,-34,4075,511
4929591,-27,4072,527
4929592,-24,4061,551
4929593,-20,4057,565
4929594,-7,4051,544
4929595,10,4049,533
4929596,21,4074,530
4929597,31,4101,506
4929598,44,4110,471
4929599,57,4111,442
4929600,67,4106,440
4929601,36,4106,529
4929602,21,4104,582
4929603,18,4103,598
4929604,21,4111,586
4929605,28,4119,563
4929606,32,4137,539
4929607,32,4151,513
4929608,26,4147,507
4929609,16,4146,513
4929610,24,4155,497
4929611,55,4150,458
4929612,76,4126,443
4929613,66,4111,486
4929614,40,4109,554
4929615,21,4099,607
4929616,20,4089,632
4929617,23,4084,625
4929618,22,4076,613
4929619,17,4072,627
4929620,20,4071,639
4929621,32,4075,624
4929622,44,4078,597
4929623,58,4080,574
4929624,72,4088,551
4929625,90,4093,528
4929626,106,4097,508
4929627,119,4103,482
4929628,119,4112,460
4929629,110,4114,453
4929630,98,4111,454
4929631,85,4114,460
4929632,71,4115,469
4929633,57,4115,468
4929634,45,4114,458
4929635,27,4115,448
4929636,7,4124,441
4929637,5,4143,415
4929638,20,4146,359
4929639,18,4150,322
4929640,-24,4189,279
4929641,-15,4177,278
4929642,-30,4162,323
4929643,-68,4152,386
4929644,-92,4157,422
4929645,-90,4156,412
4929646,-91,4137,398
4929647,-121,4132,413
4929648,-156,4135,460
4929649,-171,4126,516
4929650,-174,4111,566
4929651,-173,4104,612
4929652,-167,4110,640
4929653,-148,4141,629
4929654,-108,4176,564
4929655,-50,4190,477
4929657,-3,4204,418
4929658,4,4215,400
4929659,-8,4216,434
4929660,-8,4224,475
4929661,-6,4213,476
4929662,-4,4197,497
4929663,-22,4222,528
4929664,-37,4246,497
4929665,7,4215,446
4929666,-25,4233,499
4929667,-39,4236,522
4929668,-8,4214,497
4929669,-5,4184,501
4929670,-44,4177,578
4929671,-69,4196,646
4929672,-59,4199,635
4929673,-36,4181,568
4929674,-11,4158,522
4929675,-7,4157,558
4929676,-25,4184,610
4929677,-14,4180,589
4929678,13,4146,572
4929679,10,4152,596
4929680,3,4188,587
4929681,37,4188,534
4929682,79,4168,503
4929683,77,4171,524
4929684,53,4187,534
4929685,46,4185,498
4929686,60,4159,457
4929687,65,4143,460
4929688,42,4146,501
4929689,19,4149,526
4929690,25,4133,515
4929691,37,4108,520
4929692,24,4101,543
4929693,15,4105,561
4929694,21,4114,555
4929695,36,4109,510
4929696,55,4086,484
4929697,54,4079,510
4929698,29,4098,542
4929699,41,4069,512
4929700,49,4077,540
4929701,27,4105,541
4929702,40,4094,496
4929703,67,4073,480
4929704,45,4078,517
4929705,10,4082,553
4929706,9,4081,569
4929707,8,4082,574
4929708,3,4090,566
4929709,7,4105,528
4929710,19,4096,483
4929711,22,4090,485
4929712,1,4101,530
4929713,-22,4122,576
4929714,-14,4143,554
4929715,14,4130,480
4929716,18,4110,436
4929717,-3,4127,457
4929718,-34,4154,474
4929719,-46,4144,438
4929720,-23,4121,404
4929721,-10,4108,410
4929722,-30,4098,454
4929723,-44,4091,490
4929724,-28,4072,517
4929725,-15,4067,554
4929726,-14,4075,566
4929727,7,4074,554
4929728,28,4084,547
4929729,31,4113,541
4929730,54,4138,492
4929731,84,4145,451
4929732,82,4162,463
4929733,75,4201,472
4929734,85,4197,460
4929735,63,4196,492
4929736,12,4205,534
4929737,-18,4211,550
4929738,-24,4205,550
4929739,-44,4197,573
4929740,-74,4194,594
4929741,-78,4187,588
4929742,-64,4182,553
4929743,-61,4171,527
4929744,-50,4163,532
4929745,-45,4170,554
4929746,-50,4163,570
4929747,-37,4143,568
4929748,-28,4133,569
4929749,-28,4122,589
4929750,-17,4106,622
4929751,2,4096,633
4929752,21,4082,604
4929753,43,4071,578
4929754,68,4066,562
4929755,89,4058,563
4929756,98,4059,566
4929757,101,4069,549
4929758,106,4064,524
4929759,117,4056,488
4929760,116,4055,442
4929761,102,4045,428
4929762,87,4040,450
4929763,73,4027,466
4929764,64,4007,487
4929765,44,4015,491
4929766,25,4016,469
4929767,26,4007,454
4929768,2,4022,481
4929769,-65,4051,456
4929770,-64,4047,426
4929771,-64,4061,416
4929772,-63,4070,397
4929773,-40,4061,379
4929774,-21,4064,372
4929775,-16,4063,372
4929776,-30,4054,416
4929777,-64,4057,471
4929778,-75,4057,483
4929779,-52,4045,486
4929780,-45,4044,513
4929781,-60,4058,547
4929782,-68,4069,557
4929783,-50,4069,551
4929784,-35,4080,561
4929785,-32,4114,563
4929786,-6,4131,545
4929787,25,4126,550
4929788,37,4145,575
4929789,50,4166,550
4929790,89,4166,475
4929791,110,4157,431
4929792,94,4163,451
4929793,67,4180,503
4929794,33,4176,529
4929795,11,4164,512
4929796,3,4156,486
4929797,-15,4155,497
4929798,-46,4163,535
4929799,-61,4155,558
4929800,-63,4136,591
4929801,-91,4139,654
4929802,-131,4158,682
4929803,-127,4162,635
4929804,-99,4159,584
4929805,-92,4176,558
4929806,-55,4183,463
4929807,-44,4177,430
4929808,-50,4183,428
4929809,-60,4178,438
4929810,-75,4171,469
4929811,-107,4199,501
4929812,-126,4234,453
4929813,-102,4235,343
4929814,-69,4218,290
4929815,-86,4235,343
4929816,-123,4250,400
4929817,-117,4215,417
4929818,-112,4182,453
4929819,-147,4192,500
4929820,-164,4209,503
4929821,-145,4205,460
4929822,-126,4194,430
4929823,-121,4197,441
4929824,-117,4204,470
4929825,-108,4209,492
4929826,-105,4199,504
4929827,-107,4204,526
4929828,-110,4221,548
4929829,-102,4208,534
4929830,-93,4203,501
4929831,-95,4195,494
4929832,-116,4186,522
4929833,-143,4187,550
4929834,-149,4184,550
4929835,-141,4186,532
4929836,-137,4193,500
4929837,-133,4198,459
4929838,-121,4189,417
4929839,-112,4178,418
4929840,-120,4202,452
4929841,-110,4182,443
4929842,-93,4171,463
4929843,-100,4180,498
4929844,-110,4190,505
4929845,-96,4177,481
4929846,-77,4164,463
4929847,-86,4171,476
4929848,-106,4190,503
4929849,-107,4208,490
4929850,-91,4195,438
4929851,-73,4168,439
4929853,-89,4170,503
4929854,-111,4172,547
4929855,-94,4151,545
4929856,-94,4142,544
4929857,-105,4139,546
4929858,-89,4137,536
4929859,-75,4139,543
4929860,-74,4142,564
4929861,-68,4145,577
4929862,-51,4139,569
4929863,-28,4147,536
4929864,-6,4144,493
4929865,13,4125,493
4929866,0,4130,530
4929867,-22,4125,538
4929868,-4,4115,527
4929869,-5,4120,530
4929870,-26,4120,530
4929871,-27,4119,511
4929872,-27,4116,496
4929873,-42,4118,486
4929874,-50,4121,456
4929875,-50,4121,410
4929876,-62,4133,410
4929877,-54,4130,400
4929878,-43,4114,403
4929879,-53,4123,449
4929880,-68,4147,476
4929881,-64,4144,452
4929882,-52,4133,436
4929883,-58,4131,466
4929884,-76,4133,497
4929885,-79,4123,495
4929886,-74,4114,500
4929887,-84,4117,516
4929888,-84,4121,515
4929889,-60,4120,493
4929890,-36,4110,474
4929891,-31,4107,473
4929892,-46,4118,490
4929893,-57,4126,485
4929894,-44,4101,474
4929895,-35,4074,502
4929896,-55,4074,530
4929897,-65,4070,545
4929898,-44,4072,541
4929899,-30,4081,512
4929900,-21,4067,484
4929901,-14,4059,497
4929902,-20,4079,520
4929903,-14,4079,507
4929904,1,4069,497
4929905,2,4074,498
4929906,4,4062,493
4929907,6,4048,509
4929908,-19,4062,551
4929909,-46,4082,563
4929910,-37,4088,516
4929911,-12,4071,448
4929912,9,4065,434
4929913,0,4090,473
4929914,-27,4098,566
4929915,-29,4102,564
4929916,-25,4089,525
4929917,-8,4072,507
4929918,-2,4072,532
4929919,-9,4077,562
4929920,3,4078,570
4929921,22,4068,550
4929922,41,4046,514
4929923,51,4023,533
4929924,22,4041,598
4929925,-12,4061,593
4929926,12,4042,542
4929927,42,4032,514
4929928,31,4047,537
4929929,4,4067,556
4929930,1,4060,542
4929931,23,4047,546
4929932,15,4068,553
4929933,-1,4091,516
4929934,25,4074,458
4929935,44,4062,475
4929936,15,4087,543
4929937,-3,4106,562
4929938,18,4104,522
4929939,32,4115,489
4929940,22,4125,483
4929941,19,4111,469
4929942,21,4092,492
4929943,3,4110,569
4929944,-27,4136,602
4929945,-14,4125,569
4929946,23,4111,543
4929947,21,4111,562
4929948,-3,4126,598
4929949,-11,4136,594
4929950,11,4133,552
4929951,29,4126,525
4929952,-2,4137,491
4929953,22,4123,464
4929954,29,4133,490
4929955,5,4154,488
4929956,14,4134,441
4929957,38,4115,429
4929958,19,4123,449
4929959,8,4119,464
4929960,14,4118,471
4929961,-1,4127,464
4929962,-12,4129,452
4929963,-13,4133,433
4929964,-9,4135,405
4929965,-8,4149,392
4929966,-12,4160,385
4929967,-4,4144,378
4929968,-9,4136,406
4929969,-45,4129,459
4929970,-71,4117,509
4929971,-78,4122,533
4929972,-72,4128,506
4929973,-53,4120,458
4929974,-43,4128,439
4929975,-42,4148,436
4929976,-30,4148,424
4929977,-17,4171,439
4929978,-3,4166,424
4929979,12,4158,429
4929980,11,4167,443
4929981,10,4167,432
4929982,14,4149,420
4929983,13,4132,472
4929984,-15,4145,573
4929985,-40,4162,619
4929986,-11,4150,602
4929987,16,4141,599
4929988,-3,4152,646
4929989,-27,4182,675
4929990,-7,4186,622
4929991,41,4161,562
4929992,45,4168,554
4929993,18,4178,584
4929994,21,4185,604
4929995,41,4186,596
4929996,49,4169,590
4929997,34,4176,588
4929998,37,4177,553
4929999,56,4154,514
4930000,36,4142,517
4930001,-3,4142,543
4930002,-20,4138,551
4930003,-11,4142,548
4930004,-11,4153,535
4930005,-14,4151,507
4930006,-12,4157,466
4930007,-8,4157,423
4930008,-10,4151,416
4930009,-29,4149,443
4930010,-39,4157,454
4930011,-19,4142,393
4930012,-14,4140,398
4930013,-25,4157,422
4930014,-24,4165,405
4930015,-5,4134,374
4930016,-1,4113,405
4930017,-28,4131,491
4930018,-55,4149,518
4930019,-30,4129,480
4930020,5,4107,473
4930021,-12,4125,518
4930022,-40,4145,526
4930023,-41,4144,484
4930024,-25,4141,450
4930025,-14,4133,449
4930026,-18,4132,483
4930027,-26,4155,516
4930028,-8,4147,517
4930029,13,4126,534
4930030,-4,4142,553
4930031,-12,4153,512
4930032,17,4143,460
4930033,31,4141,461
4930034,10,4161,492
4930035,-1,4167,494
4930036,5,4152,487
4930037,-10,4149,489
4930038,-27,4158,492
4930039,-32,4169,491
4930040,-41,4167,470
4930041,-38,4161,448
4930042,-39,4172,442
4930043,-55,4176,429
4930044,-48,4162,416
4930045,-34,4151,442
4930046,-57,4148,482
4930047,-83,4125,508
4930048,-89,4109,530
4930049,-85,4106,542
4930050,-68,4109,527
4930051,-43,4111,497
4930052,-33,4113,495
4930053,-32,4134,485
4930054,-4,4134,441
4930055,19,4123,423
4930056,5,4135,434
4930057,-14,4135,462
4930058,-20,4129,474
4930059,-10,4123,452
4930060,3,4113,451
4930061,-1,4117,469
4930062,-9,4126,455
4930063,-2,4123,429
4930064,-1,4121,431
4930065,-20,4134,451
4930066,-26,4135,442
4930067,-13,4124,422
4930068,-15,4121,430
4930069,-19,4112,458
4930070,-19,4108,491
4930071,-34,4128,500
4930072,-32,4133,451
4930073,-2,4110,409
4930074,-11,4101,435
4930075,-51,4099,480
4930076,-69,4094,508
4930077,-69,4096,504
4930078,-32,4093,454
4930080,-28,4106,453
4930081,-30,4109,451
4930082,-25,4124,452
4930083,-30,4127,459
4930084,-41,4108,482
4930085,-49,4116,513
4930086,-51,4145,518
4930087,-31,4148,483
4930088,-2,4135,483
4930089,-18,4149,546
4930090,-42,4179,588
4930091,-20,4173,558
4930092,25,4147,524
4930093,26,4146,564
4930094,0,4167,607
4930095,4,4182,557
4930096,39,4170,455
4930097,68,4148,405
4930098,68,4148,423
4930099,61,4149,463
4930100,63,4127,484
4930101,73,4098,497
4930102,76,4092,525
4930103,68,4085,545
4930104,68,4072,549
4930105,63,4066,549
4930106,47,4062,540
4930107,30,4066,513
4930108,37,4063,484
4930109,51,4055,483
4930110,29,4074,500
4930111,8,4101,504
4930112,20,4106,473
4930113,45,4101,435
4930114,19,4106,476
4930115,4,4114,513
4930116,-4,4124,510
4930117,-3,4114,488
4930118,-10,4117,486
4930119,-27,4138,482
4930120,-8,4136,453
4930121,31,4118,436
4930122,32,4115,467
4930123,10,4132,498
4930124,13,4138,474
4930125,34,4107,454
4930126,23,4094,519
4930127,-21,4119,615
4930128,-43,4130,643
4930129,-31,4123,587
4930130,-4,4116,498
4930131,23,4117,451
4930132,12,4125,463
4930133,-20,4136,522
4930134,-35,4166,558
4930135,-20,4185,492
4930136,43,4160,383
4930137,85,4150,347
4930138,52,4176,396
4930139,13,4180,451
4930140,13,4149,479
4930141,5,4121,525
4930142,-44,4120,569
4930143,-75,4129,563
4930144,-52,4128,514
4930145,-22,4113,478
4930146,-28,4108,492
4930147,-55,4125,516
4930148,-13,4133,458
4930149,0,4119,429
4930150,-12,4119,444
4930151,-15,4132,454
4930152,-3,4124,426
4930153,-2,4112,407
4930154,-22,4124,416
4930155,-30,4115,423
4930156,-15,4095,436
4930157,-23,4106,469
4930158,-46,4123,475
4930159,-36,4127,452
4930160,-12,4130,422
4930161,12,4130,394
4930162,23,4132,390
4930163,15,4136,387
4930164,10,4131,398
4930165,-5,4135,436
4930166,-20,4146,464
4930167,-19,4143,477
4930168,-21,4152,485
4930169,-29,4162,482
4930170,-25,4146,489
4930171,-22,4143,532
4930172,-31,4158,556
4930173,-13,4138,547
4930174,13,4128,565
4930175,9,4159,587
4930176,13,4178,562
4930177,40,4173,499
4930178,68,4157,473
4930179,58,4151,520
4930180,18,4163,581
4930181,19,4165,586
4930182,50,4157,552
4930183,48,4154,531
4930184,31,4152,529
4930185,24,4156,550
4930186,-6,4173,586
4930187,-2,4175,562
4930188,-12,4194,554
4930189,-29,4220,568
4930190,-13,4232,570
4930191,3,4232,553
4930192,-2,4231,549
4930193,-11,4231,550
4930194,-15,4228,561
4930195,-28,4231,584
4930196,-39,4239,575
4930197,-27,4235,542
4930198,-22,4232,526
4930199,-26,4236,514
4930200,-14,4239,506
4930201,-7,4243,492
4930202,-6,4230,466
4930203,-4,4203,477
4930204,-18,4202,515
4930205,-42,4209,528
4930206,-47,4201,515
4930207,-39,4196,489
4930208,-30,4189,468
4930209,-22,4179,460
4930210,-43,4165,491
4930211,-49,4166,481
4930212,-48,4166,471
4930213,-40,4154,449
4930214,-29,4142,448
4930215,-49,4149,480
4930216,-64,4162,473
4930217,-35,4152,425
4930218,-10,4141,394
4930219,-23,4137,411
4930220,-36,4146,432
4930221,-29,4145,421
4930222,-13,4135,402
4930223,-6,4136,389
4930224,1,4125,401
4930225,-8,4129,431
4930226,-29,4139,441
4930227,-30,4124,425
4930228,-21,4116,403
4930229,-18,4123,409
4930230,-22,4127,425
4930231,-9,4116,412
4930232,17,4093,404
4930233,1,4096,439
4930234,-28,4104,478
4930235,-19,4099,503
4930236,-18,4105,521
4930237,-22,4104,521
4930238,-9,4097,512
4930239,-17,4111,546
4930240,-15,4122,555
4930241,2,4115,527
4930242,26,4119,503
4930243,23,4140,499
4930244,27,4147,479
4930246,40,4146,447
4930246,38,4146,438
4930248,26,4163,464
4930249,10,4172,483
4930250,10,4162,486
4930251,3,4150,492
4930252,-7,4135,490
4930253,-1,4124,490
4930254,-14,4127,510
4930255,-51,4134,533
4930256,-60,4143,529
4930257,-49,4147,500
4930258,-36,4144,512
4930259,-53,4167,558
4930260,-76,4183,536
4930261,-54,4177,475
4930262,-30,4177,461
4930263,-38,4192,490
4930264,-51,4199,497
4930265,-41,4184,473
4930266,-27,4186,464
4930267,-33,4181,469
4930268,-32,4155,478
4930269,-17,4141,506
4930270,-10,4127,559
4930271,-8,4119,593
4930272,-6,4119,574
4930273,5,4091,544
4930274,4,4105,558
4930275,-11,4115,540
4930276,-2,4097,493
4930277,14,4086,473
4930278,14,4099,485
4930279,7,4112,476
4930280,22,4104,419
4930281,39,4093,378
4930282,24,4097,384
4930283,8,4101,416
4930284,8,4115,434
4930285,6,4122,421
4930286,17,4111,415
4930287,13,4121,424
4930288,-8,4129,436
4930289,-24,4120,452
4930290,-37,4112,475
4930291,-39,4107,506
4930292,-44,4103,548
4930293,-53,4106,573
4930294,-52,4110,557
4930295,-47,4101,536
4930296,-56,4100,535
4930297,-71,4110,561
4930298,-75,4111,592
4930299,-62,4104,604
4930300,-55,4120,599
4930301,-50,4134,570
4930302,-17,4114,543
4930303,7,4106,548
4930304,2,4112,579
4930305,4,4119,605
4930306,24,4118,590
4930307,33,4111,587
4930308,2,4128,603
4930309,14,4129,585
4930310,6,4137,585
4930311,4,4133,571
4930312,33,4129,548
4930313,46,4139,557
4930314,28,4151,564
4930315,19,4139,527
4930316,17,4119,513
4930317,-7,4127,533
4930318,-24,4134,518
4930319,-1,4118,478
4930320,5,4108,473
4930321,-30,4105,510
4930322,-51,4110,539
4930323,-47,4108,519
4930324,-34,4092,480
4930325,-43,4092,470
4930326,-59,4106,479
4930327,-57,4113,477
4930328,-51,4117,454
4930329,-39,4113,432
4930330,-31,4109,424
4930331,-49,4116,427
4930332,-68,4118,448
4930333,-81,4120,457
4930334,-85,4120,443
4930335,-81,4120,450
4930336,-94,4134,462
4930337,-98,4135,432
4930338,-65,4114,384
4930339,-42,4100,381
4930340,-40,4105,425
4930341,-29,4114,447
4930342,-5,4103,450
4930343,0,4103,463
4930344,-13,4091,463
4930345,-27,4100,474
4930346,-25,4096,451
4930347,-15,4095,435
4930348,-32,4096,443
4930349,-47,4094,471
4930350,-39,4103,463
4930351,-16,4101,415
4930352,-3,4088,382
4930353,-3,4099,396
4930354,-6,4117,402
4930355,11,4105,370
4930356,23,4089,357
4930357,4,4096,392
4930358,-9,4098,433
4930359,-10,4087,436
4930360,-15,4076,435
4930361,-31,4072,446
4930362,-48,4078,463
4930363,-47,4101,458
4930364,-28,4121,417
4930365,8,4120,390
4930366,31,4117,412
4930367,40,4104,457
4930368,51,4094,484
4930369,62,4092,462
4930370,65,4088,436
4930371,40,4091,435
4930372,19,4089,437
4930373,-5,4095,457
4930374,-55,4121,477
4930375,-99,4126,475
4930376,-123,4123,473
4930377,-135,4132,471
4930378,-148,4118,461
4930379,-154,4101,482
4930380,-165,4113,501
4930381,-136,4111,425
4930382,-104,4089,414
4930383,-88,4088,432
4930384,-54,4083,476
4930385,-15,4087,533
4930386,7,4108,563
4930387,47,4124,554
4930388,84,4134,528
4930389,115,4129,506
4930390,143,4125,528
4930391,128,4144,568
4930392,120,4151,572
4930393,132,4130,563
4930394,119,4118,584
4930395,94,4123,612
4930396,63,4129,617
4930397,39,4142,610
4930398,25,4146,593
4930399,14,4132,587
4930400,9,4144,618
4930401,-8,4178,644
4930402,-18,4183,629
4930403,4,4171,614
4930404,5,4185,616
4930405,7,4198,611
4930406,28,4192,607
4930407,29,4185,615
4930408,31,4175,623
4930409,32,4166,616
4930410,36,4160,596
4930411,62,4148,575
4930412,69,4126,581
4930413,50,4117,618
4930414,33,4118,647
4930415,25,4125,634
4930416,25,4126,585
4930417,31,4113,540
4930418,35,4107,525
4930419,8,4120,482
4930420,25,4112,447
4930421,22,4105,442
4930422,5,4117,467
4930423,-2,4134,461
4930424,-7,4134,412
4930425,-4,4120,386
4930426,-10,4119,397
4930427,-31,4132,401
4930428,-36,4127,387
4930429,-31,4131,384
4930430,-48,4143,387
4930431,-71,4151,401
4930432,-80,4165,424
4930433,-87,4164,421
4930434,-92,4144,401
4930435,-108,4140,398
4930436,-116,4140,398
4930437,-101,4131,388
4930438,-91,4123,394
4930439,-88,4123,403
4930440,-80,4127,407
4930441,-78,4120,426
4930442,-80,4121,458
4930443,-78,4132,472
4930444,-71,4127,455
4930445,-48,4124,429
4930446,-24,4122,418
4930447,-1,4125,425
4930448,10,4132,414
4930449,16,4119,398
4930450,21,4116,400
4930451,24,4118,398
4930452,40,4107,398
4930453,50,4106,425
4930454,43,4121,457
4930455,30,4121,459
4930456,25,4097,458
4930457,10,4083,495
4930458,-17,4096,525
4930459,-18,4098,507
4930460,-25,4107,496
4930461,-25,4117,484
4930462,-21,4125,477
4930463,-11,4123,483
4930464,-4,4115,512
4930465,-13,4118,553
4930466,-12,4121,572
4930467,2,4112,579
4930468,11,4117,583
4930469,12,4135,564
4930470,25,4129,535
4930471,46,4131,543
4930472,37,4147,561
4930473,36,4129,557
4930474,59,4108,551
4930475,60,4117,549
4930476,45,4128,532
4930477,54,4125,521
4930478,61,4133,523
4930479,55,4134,535
4930480,56,4123,576
4930481,35,4125,624
4930482,9,4126,655
4930483,-2,4126,648
4930484,-8,4143,604
4930485,-14,4155,548
4930486,-1,4142,534
4930487,1,4159,565
4930488,-23,4187,559
4930489,-4,4171,506
4930490,34,4144,504
4930491,11,4162,552
4930492,-23,4180,547
4930493,-4,4154,499
4930494,13,4139,473
4930495,-12,4155,468
4930496,-28,4150,444
4930497,-6,4142,500
4930498,-37,4167,509
4930499,-11,4139,474
4930500,6,4123,485
4930501,-24,4146,507
4930502,-13,4143,485
4930503,16,4124,468
4930504,10,4128,463
4930505,9,4117,463
4930506,21,4099,508
4930507,-14,4107,563
4930508,-40,4108,575
4930509,-24,4098,532
4930510,-15,4087,489
4930511,-17,4091,497
4930512,-14,4106,523
4930513,-20,4121,523
4930514,-12,4130,482
4930515,10,4131,440
4930516,8,4134,435
4930517,-9,4148,446
4930518,-11,4156,456
4930519,-10,4153,470
4930520,-24,4149,481
4930521,-31,4150,496
4930522,-36,4163,521
4930523,-52,4185,542
4930524,-60,4197,531
4930525,-55,4191,499
4930526,-55,4194,485
4930527,-60,4203,495
4930528,-52,4197,500
4930529,-34,4191,515
4930530,-37,4198,544
4930531,-40,4209,521
4930532,-7,4191,479
4930533,9,4168,511
4930534,-40,4180,597
4930535,-74,4188,639
4930536,-56,4174,552
4930537,-48,4177,489
4930538,-27,4165,454
4930539,-21,4152,459
4930540,-44,4155,480
4930541,-60,4140,478
4930542,-46,4124,476
4930543,-48,4132,484
4930544,-66,4139,468
4930545,-70,4141,420
4930546,-53,4134,377
4930547,-41,4132,381
4930548,-71,4139,382
4930549,-92,4133,351
4930550,-86,4121,337
4930551,-112,4109,370
4930552,-142,4107,421
4930553,-143,4122,435
4930554,-136,4127,404
4930555,-128,4128,363
4930556,-119,4133,348
4930557,-112,4137,367
4930558,-120,4145,416
4930559,-128,4149,454
4930560,-116,4138,465
4930561,-92,4123,472
4930562,-90,4136,489
4930563,-89,4153,495
4930564,-58,4155,484
4930565,-29,4156,469
4930566,-14,4157,465
4930567,-14,4160,487
4930568,-21,4163,515
4930569,-23,4169,528
4930570,-15,4170,524
4930571,-4,4154,533
4930572,-3,4157,568
4930573,-19,4167,592
4930574,-22,4136,575
4930575,-37,4138,570
4930576,-54,4136,572
4930577,-58,4131,578
4930578,-51,4135,570
4930579,-47,4127,563
4930580,-47,4130,575
4930581,-52,4146,574
4930582,-45,4132,533
4930583,-24,4117,506
4930584,-27,4129,512
4930585,-23,4135,521
4930586,-11,4147,531
4930587,-9,4158,521
4930588,16,4146,491
4930589,36,4133,485
4930590,32,4134,515
4930591,25,4122,543
4930592,15,4101,546
4930593,4,4097,561
4930594,-3,4105,594
4930595,-1,4110,596
4930596,23,4096,580
4930597,36,4094,578
4930598,26,4105,576
4930599,34,4106,551
4930600,50,4103,525
4930601,45,4101,555
4930602,30,4105,609
4930603,31,4111,625
4930604,42,4122,599
4930605,49,4117,556
4930606,59,4111,535
4930607,56,4129,531
4930608,46,4145,506
4930609,54,4130,467
4930610,63,4106,478
4930611,45,4094,542
4930612,19,4095,604
4930613,12,4095,630
4930614,0,4099,597
4930615,5,4101,549
4930616,23,4103,521
4930617,25,4106,512
4930618,28,4104,516
4930619,27,4112,530
4930620,13,4118,536
4930621,22,4119,518
4930622,34,4124,499
4930623,25,4121,498
4930624,10,4121,500
4930625,-2,4121,493
4930626,-11,4119,502
4930627,-25,4120,525
4930628,-31,4125,524
4930629,-27,4126,487
4930630,-25,4120,457
4930631,-31,4113,474
4930632,-49,4124,528
4930633,-77,4144,542
4930634,-63,4120,505
4930635,-51,4117,509
4930636,-91,4157,524
4930637,-82,4166,483
4930638,-28,4146,435
4930639,-9,4139,448
4930640,-26,4149,500
4930641,-23,4150,505
4930642,2,4137,482
4930643,10,4129,470
4930644,18,4119,461
4930645,33,4109,467
4930646,27,4113,489
4930647,-5,4092,526
4930648,-19,4085,519
4930649,-12,4048,506
4930650,4,4029,518
4930651,10,4046,517
4930652,24,4040,493
4930653,33,4032,468
4930654,36,4030,456
4930655,52,4031,462
4930656,52,4037,479
4930658,35,4040,482
4930659,31,4035,463
4930660,30,4029,467
4930661,11,4041,495
4930662,-2,4044,500
4930663,11,4044,470
4930664,30,4043,428
4930665,40,4031,429
4930666,25,4038,474
4930667,1,4051,504
4930668,5,4054,511
4930669,13,4062,504
4930670,9,4076,472
4930671,24,4082,427
4930672,36,4085,409
4930673,23,4083,433
4930674,6,4081,478
4930675,-4,4080,511
4930676,1,4082,522
4930677,1,4091,519
4930678,4,4088,520
4930679,9,4081,527
4930680,-7,4096,546
4930681,-9,4105,546
4930682,19,4090,547
4930683,16,4093,583
4930684,-11,4116,600
4930685,-2,4124,583
4930686,24,4129,580
4930687,26,4133,598
4930688,17,4124,623
4930689,10,4115,664
4930690,0,4136,678
4930691,-5,4174,621
4930692,22,4198,507
4930693,63,4197,425
4930694,68,4199,455
4930695,27,4218,540
4930696,2,4217,594
4930697,17,4219,613
4930698,10,4229,593
4930699,6,4214,554
4930700,17,4209,567
4930701,-6,4232,598
4930702,-30,4225,600
4930703,-15,4201,602
4930704,-13,4206,604
4930705,-30,4200,588
4930706,-23,4188,577
4930707,-13,4191,584
4930708,-16,4179,606
4930709,-12,4160,627
4930710,-9,4149,635
4930711,-10,4141,624
4930712,-1,4153,599
4930713,7,4164,561
4930714,24,4156,559
4930715,20,4162,609
4930716,-1,4182,640
4930717,11,4179,611
4930718,43,4178,562
4930719,55,4188,534
4930720,45,4195,528
4930721,39,4196,521
4930722,37,4198,518
4930723,36,4208,516
4930724,38,4209,490
4930725,45,4194,472
4930726,31,4187,500
4930727,0,4191,532
4930728,-7,4198,520
4930729,5,4189,492
4930730,7,4175,486
4930731,-12,4179,515
4930732,-29,4175,544
4930733,-16,4158,544
4930734,-7,4150,535
4930735,-10,4134,530
4930736,-2,4121,538
4930737,-10,4142,535
4930738,-16,4147,494
4930739,10,4124,447
4930740,21,4113,434
4930741,-11,4113,451
4930742,-17,4107,468
4930743,5,4097,470
4930744,3,4098,462
4930745,-12,4119,446
4930746,-2,4119,428
4930747,18,4122,458
4930748,0,4136,472
4930749,12,4133,428
4930750,41,4128,382
4930751,34,4141,369
4930752,16,4142,376
4930753,13,4127,386
4930754,7,4116,391
4930755,-11,4115,390
4930756,-18,4107,374
4930757,-7,4097,379
4930758,-26,4098,409
4930759,-41,4090,430
4930760,-34,4069,448
4930761,-53,4061,489
4930762,-74,4071,527
4930763,-53,4076,525
4930764,-28,4070,494
4930765,-16,4067,470
4930766,-6,4077,481
4930767,11,4088,511
4930768,28,4103,534
4930769,50,4099,556
4930770,57,4105,600
4930771,35,4139,608
4930772,50,4129,556
4930773,82,4109,537
4930774,67,4131,545
4930775,59,4137,523
4930776,92,4122,483
4930777,97,4119,462
4930778,70,4120,501
4930779,52,4135,554
4930780,62,4128,559
4930781,90,4108,577
4930782,74,4108,607
4930783,47,4096,636
4930784,11,4121,645
4930785,26,4106,583
4930786,40,4101,527
4930787,26,4094,512
4930788,11,4088,548
4930789,-5,4095,575
4930790,-9,4101,568
4930791,-3,4101,538
4930792,10,4096,527
4930793,12,4106,553
4930794,-3,4122,577
4930795,-8,4124,572
4930796,-5,4115,548
4930797,-23,4134,529
4930798,-39,4157,480
4930799,-12,4147,438
4930800,12,4139,441
4930801,-14,4167,466
4930802,-52,4191,470
4930803,-46,4179,455
4930804,-39,4180,457
4930805,-70,4207,463
4930806,-85,4213,462
4930807,-85,4207,466
4930808,-99,4214,486
4930809,-116,4211,535
4930810,-124,4210,600
4930811,-131,4213,634
4930812,-137,4201,648
4930813,-126,4200,656
4930814,-101,4218,631
4930815,-68,4223,558
4930816,-19,4213,505
4930817,9,4214,522
4930818,-10,4235,566
4930819,34,4210,549
4930820,29,4203,550
4930821,-8,4200,555
4930822,-14,4182,562
4930823,-26,4178,579
4930824,-53,4196,568
4930825,-45,4195,519
4930826,-32,4182,489
4930827,-38,4184,501
4930828,-42,4182,535
4930829,-38,4181,552
4930830,-40,4190,529
4930831,-28,4193,492
4930832,0,4183,462
4930833,17,4179,456
4930834,24,4188,469
4930835,14,4183,502
4930836,-8,4170,525
4930837,-15,4152,531
4930838,-17,4138,530
4930839,-21,4143,499
4930840,-15,4136,452
4930841,-3,4117,439
4930842,-19,4123,454
4930843,-34,4132,450
4930844,-28,4115,439
4930845,-17,4098,479
4930846,-30,4112,531
4930847,-57,4128,514
4930848,-32,4111,453
4930849,-3,4098,431
4930850,-20,4115,461
4930851,-31,4129,480
4930852,-9,4120,464
4930853,3,4099,446
4930854,-14,4093,462
4930855,-32,4111,487
4930856,-33,4118,481
4930857,1,4112,417
4930858,2,4102,417
4930859,1,4094,445
4930860,-2,4095,478
4930861,0,4101,491
4930862,7,4096,506
4930863,9,4100,523
4930864,14,4115,511
4930865,38,4114,487
4930866,39,4109,493
4930867,24,4113,525
4930868,25,4112,531
4930869,24,4121,515
4930870,22,4128,485
4930871,24,4117,478
4930872,6,4133,500
4930873,20,4155,492
4930874,129,4167,431
4930875,195,4214,353
4930876,127,4239,331
4930877,26,4214,369
4930878,-13,4188,393
4930879,-2,4167,408
4930880,-11,4144,468
4930881,-51,4133,562
4930882,-92,4131,644
4930883,-111,4109,671
4930884,-107,4073,681
4930885,-115,4075,695
4930886,-126,4096,664
4930887,-103,4095,588
4930888,-67,4087,543
4930889,-73,4097,549
4930890,-87,4107,541
4930891,-55,4106,515
4930892,-12,4111,478
4930893,44,4120,439
4930894,87,4127,398
4930895,113,4130,365
4930896,128,4154,343
4930897,137,4139,354
4930898,123,4123,407
4930899,84,4122,484
4930900,50,4122,531
4930901,34,4118,542
4930902,33,4103,533
4930903,26,4087,528
4930904,5,4094,548
4930905,-5,4092,573
4930906,11,4074,611
4930907,6,4081,651
4930908,-17,4088,647
4930909,4,4078,635
4930910,20,4086,636
4930911,20,4089,634
4930912,31,4078,648
4930913,29,4084,649
4930914,31,4090,605
4930915,45,4086,540
4930916,57,4094,496
4930917,54,4106,491
4930918,44,4098,499
4930919,36,4089,519
4930920,14,4098,535
4930921,4,4104,538
4930922,4,4099,505
4930923,16,4085,458
4930924,30,4084,461
4930925,9,4088,497
4930926,-7,4089,521
4930927,-11,4100,511
4930928,-24,4092,482
4930929,-31,4090,475
4930930,-34,4107,472
4930931,-38,4112,461
4930932,-44,4119,453
4930933,-52,4128,460
4930934,-61,4139,497
4930935,-60,4154,495
4930936,-55,4151,482
4930937,-68,4172,493
4930938,-74,4199,498
4930939,-65,4206,487
4930940,-62,4219,488
4930941,-62,4228,490
4930942,-47,4237,489
4930943,-36,4241,485
4930944,-36,4230,485
4930945,-28,4215,498
4930946,-24,4202,522
4930947,-35,4199,557
4930948,-36,4191,571
4930949,-27,4181,574
4930950,-31,4176,575
4930951,-40,4172,575
4930952,-50,4145,595
4930953,-49,4127,644
4930954,-52,4142,671
4930955,-43,4151,652
4930956,-19,4144,602
4930957,2,4137,548
4930958,2,4147,547
4930959,-21,4183,556
4930960,-18,4187,522
4930961,10,4159,483
4930962,23,4161,474
4930963,10,4187,487
4930964,-7,4199,475
4930965,0,4180,443
4930966,12,4163,444
4930967,-13,4173,473
4930968,-38,4169,495
4930969,-37,4135,550
4930970,-62,4149,567
4930971,-60,4136,544
4930972,-40,4111,519
4930973,-36,4099,534
4930974,-38,4101,570
4930975,-31,4111,595
4930976,-11,4115,601
4930977,7,4113,585
4930978,18,4093,573
4930979,24,4085,595
4930980,11,4093,603
4930981,29,4067,572
4930982,60,4050,536
4930983,50,4060,513
4930984,43,4062,504
4930985,52,4057,493
4930986,51,4060,479
4930987,42,4066,460
4930988,46,4059,429
4930989,49,4046,426
4930990,28,4044,447
4930991,7,4041,460
4930992,3,4024,467
4930993,-6,4019,476
4930994,-21,4013,468
4930995,-18,4008,461
4930996,-24,4017,454
4930997,-25,4013,426
4930998,-9,4006,428
4930999,-8,4016,482
4931000,-29,4046,533
4931001,-30,4058,505
4931002,9,4037,452
4931003,13,4024,456
4931004,-22,4038,495
4931005,-27,4063,509
4931006,-1,4069,462
4931007,30,4029,403
4931008,-1,4050,436
4931009,-14,4050,458
4931010,-11,4031,485
4931011,-25,4037,522
4931012,-35,4055,532
4931013,-28,4051,519
4931014,-13,4040,506
4931015,-10,4040,510
4931016,-23,4046,545
4931017,-21,4044,578
4931018,-8,4029,584
