,296
2212025,122,4208,311
2212026,127,4192,324
2212027,135,4176,331
2212028,141,4170,334
2212029,155,4167,331
2212030,173,4162,322
2212031,193,4158,307
2212032,219,4153,293
2212033,242,4139,293
2212034,248,4128,304
2212035,244,4135,309
2212036,246,4132,299
2212037,238,4119,294
2212038,214,4115,301
2212039,195,4110,294
2212040,191,4110,277
2212041,195,4119,256
2212042,205,4112,232
2212043,198,4096,227
2212044,166,4103,237
2212045,141,4112,223
2212046,129,4096,206
2212047,108,4094,204
2212048,85,4113,191
2212049,78,4125,175
2212050,78,4130,159
2212051,78,4129,139
2212052,84,4127,128
2212053,93,4127,117
2212054,102,4135,98
2212055,101,4145,88
2212056,68,4151,94
2212057,22,4155,110
2212058,-60,4142,128
2212059,-76,4143,105
2212060,-61,4142,51
2212061,-23,4140,-2
2212062,10,4142,-36
2212063,34,4149,-51
2212064,58,4156,-45
2212065,69,4160,-40
2212066,76,4168,-53
2212067,89,4182,-66
2212068,103,4183,-67
2212069,116,4168,-69
2212070,128,4163,-69
2212071,137,4169,-60
2212072,147,4171,-51
2212073,158,4172,-37
2212074,165,4177,-21
2212075,161,4185,1
2212076,140,4196,37
2212077,127,4206,66
2212078,136,4197,79
2212079,142,4181,88
2212080,135,4184,108
2212081,123,4189,131
2212082,111,4179,162
2212083,106,4174,188
2212084,114,4184,189
2212085,117,4187,189
2212086,111,4193,213
2212087,105,4208,242
2212088,101,4216,257
2212089,100,4218,265
2212090,100,4222,270
2212091,103,4223,278
2212092,112,4221,287
2212093,148,4230,280
2212094,170,4229,273
2212095,187,4231,265
2212096,207,4234,258
2212097,224,4231,270
2212098,229,4233,294
2212099,232,4240,307
2212100,232,4232,301
2212101,233,4214,296
2212102,235,4200,316
2212103,218,4192,355
2212104,197,4184,371
2212105,193,4175,346
2212106,206,4169,294
2212107,218,4163,259
2212108,212,4160,260
2212109,195,4155,274
2212110,181,4142,284
2212111,175,4138,276
2212112,172,4138,252
2212113,163,4133,226
2212114,149,4125,225
2212115,137,4116,241
2212116,122,4107,244
2212117,98,4098,248
2212118,82,4098,262
2212119,93,4096,270
2212120,123,4090,264
2212121,135,4086,261
2212122,128,4090,272
2212123,132,4098,288
2212124,150,4103,277
2212125,166,4105,216
2212126,171,4098,173
2212127,151,4091,179
2212128,112,4103,184
2212129,81,4114,175
2212130,65,4113,158
2212131,50,4113,133
2212132,42,4111,124
2212133,39,4115,125
2212134,36,4122,120
2212135,49,4138,106
2212136,70,4151,82
2212137,60,4133,65
2212138,54,4138,65
2212139,44,4149,60
2212140,44,4156,54
2212141,54,4155,46
2212142,62,4158,34
2212143,53,4157,26
2212144,44,4152,14
2212145,51,4156,8
2212146,52,4155,16
2212147,32,4156,32
2212148,13,4160,50
2212149,18,4157,59
2212150,50,4152,47
2212151,98,4158,13
2212152,125,4166,11
2212153,110,4161,47
2212154,81,4148,79
2212155,54,4137,104
2212156,26,4139,121
2212157,-1,4142,126
2212158,-14,4139,129
2212159,-1,4140,124
2212160,41,4145,108
2212161,89,4143,93
2212162,115,4142,84
2212163,112,4150,83
2212164,101,4154,89
2212165,91,4158,115
2212166,76,4164,144
2212167,69,4163,156
2212168,75,4159,151
2212169,86,4151,141
2212170,98,4144,132
2212171,116,4145,116
2212172,138,4145,106
2212173,146,4137,117
2212174,138,4128,136
2212175,122,4128,158
2212176,112,4120,176
2212177,89,4117,202
2212178,72,4118,214
2212179,69,4115,202
2212180,61,4109,184
2212181,46,4106,182
2212182,40,4105,183
2212183,45,4093,177
2212184,50,4081,172
2212185,33,4080,189
2212186,15,4084,215
2212187,24,4095,217
2212188,52,4097,197
2212189,83,4092,180
2212190,102,4096,175
2212191,108,4105,172
2212192,106,4108,155
2212193,103,4100,140
2212194,92,4101,135
2212195,92,4111,116
2212196,111,4114,97
2212197,116,4109,96
2212198,102,4109,100
2212199,89,4120,97
2212200,80,4125,89
2212201,65,4119,79
2212202,48,4116,76
2212203,37,4121,68
2212204,49,4120,39
2212205,69,4112,13
2212206,61,4116,18
2212207,33,4126,43
2212208,13,4126,56
2212209,3,4113,53
2212210,7,4106,56
2212211,16,4105,74
2212212,18,4105,83
2212213,23,4113,79
2212214,26,4122,76
2212215,39,4123,71
2212216,54,4111,86
2212217,51,4125,81
2212218,71,4136,73
2212219,93,4136,66
2212220,103,4136,61
2212221,97,4141,75
2212222,78,4151,113
2212223,59,4159,139
2212224,66,4157,131
2212225,87,4163,128
2212226,93,4170,146
2212227,79,4165,174
2212228,51,4165,198
2212229,14,4169,212
2212230,-19,4174,205
2212231,-33,4175,177
2212232,-27,4170,152
2212233,-15,4165,143
2212234,2,4162,149
2212235,31,4167,146
2212236,72,4176,121
2212237,112,4175,96
2212238,135,4177,99
2212239,136,4184,116
2212240,128,4178,116
2212241,133,4163,106
2212242,141,4154,109
2212243,148,4155,130
2212244,159,4156,145
2212245,176,4158,152
2212246,201,4160,167
2212247,226,4167,178
2212248,250,4175,179
2212249,257,4174,199
2212250,243,4162,234
2212251,215,4147,267
2212252,181,4128,303
2212253,153,4120,346
2212254,131,4124,390
2212255,105,4126,420
2212256,92,4132,436
2212257,108,4138,443
2212258,128,4137,441
2212259,152,4146,422
2212260,181,4154,423
2212261,212,4147,418
2212262,233,4133,408
2212263,229,4136,408
2212264,220,4142,402
2212265,225,4142,374
2212266,228,4147,359
2212267,219,4151,350
2212268,221,4143,338
2212269,230,4138,329
2212270,214,4139,316
2212271,171,4139,304
2212272,142,4128,288
2212273,141,4111,260
2212274,140,4107,234
2212275,141,4110,213
2212276,152,4112,189
2212277,156,4107,155
2212278,149,4103,117
2212279,132,4108,92
2212280,95,4114,95
2212281,67,4120,95
2212282,77,4128,84
2212283,93,4134,74
2212284,97,4131,65
2212285,115,4126,63
2212286,134,4130,66
2212287,138,4130,76
2212288,134,4126,86
2212289,137,4128,72
2212290,153,4140,43
2212291,170,4147,46
2212292,168,4142,81
2212293,141,4148,123
2212294,115,4150,151
2212295,110,4141,152
2212296,108,4137,152
2212297,96,4139,167
2212298,91,4154,165
2212299,98,4167,146
2212300,109,4170,139
2212301,114,4183,149
2212302,87,4198,165
2212303,94,4196,167
2212304,99,4192,174
2212305,88,4191,183
2212306,90,4194,190
2212307,98,4196,202
2212308,107,4195,201
2212309,127,4191,193
2212310,129,4200,198
2212311,103,4214,203
2212312,76,4218,197
2212313,71,4221,179
2212314,84,4219,170
2212315,85,4213,187
2212316,76,4211,214
2212317,96,4208,213
2212318,122,4217,196
2212319,132,4232,181
2212320,140,4231,172
2212321,154,4232,160
2212322,157,4244,138
2212323,152,4248,109
2212324,159,4252,89
2212325,168,4248,95
2212326,163,4234,98
2212327,156,4228,108
2212328,151,4231,128
2212329,142,4235,151
2212330,131,4236,175
2212331,125,4232,183
2212332,130,4230,182
2212333,139,4234,177
2212334,146,4232,166
2212335,145,4220,162
2212336,140,4219,173
2212337,148,4228,184
2212338,166,4230,179
2212339,194,4231,157
2212340,213,4225,139
2212341,214,4214,133
2212342,213,4213,132
2212343,209,4205,135
2212344,193,4194,137
2212345,126,4172,149
2212346,136,4164,127
2212347,165,4168,108
2212348,146,4159,107
2212349,84,4140,125
2212350,46,4140,143
2212351,29,4151,141
2212352,-2,4147,143
2212353,-41,4141,161
2212354,-71,4156,193
2212355,-74,4173,189
2212356,-57,4162,162
2212357,-40,4146,128
2212358,-28,4146,79
2212359,-15,4152,19
2212360,9,4155,-33
2212361,35,4153,-50
2212362,59,4157,-40
2212363,80,4171,-28
2212364,106,4175,-35
2212365,123,4164,-28
2212366,101,4157,-1
2212367,52,4162,39
2212368,7,4167,78
2212369,1,4167,90
2212370,31,4163,70
2212371,48,4157,60
2212372,46,4157,75
2212373,39,4149,95
2212374,23,4136,127
2212375,-6,4144,153
2212376,-9,4155,159
2212377,16,4157,143
2212378,56,4165,116
2212379,92,4168,96
2212380,108,4160,93
2212381,81,4166,80
2212382,61,4175,70
2212383,56,4172,76
2212384,52,4156,92
2212385,44,4146,98
2212386,46,4152,100
2212387,48,4150,99
2212388,47,4147,98
2212389,53,4157,104
2212390,66,4158,115
2212391,88,4147,121
2212392,118,4142,122
2212393,146,4137,140
2212394,162,4134,171
2212395,169,4144,190
2212396,188,4143,187
2212397,204,4140,167
2212398,178,4145,143
2212399,105,4135,146
2212400,16,4131,183
2212401,-49,4147,214
2212402,-71,4152,222
2212403,-52,4144,211
2212404,1,4151,185
2212405,87,4170,132
2212406,185,4178,76
2212407,238,4179,53
2212408,228,4181,75
2212409,193,4182,109
2212410,154,4188,143
2212411,96,4193,197
2212412,35,4195,244
2212413,11,4194,255
2212414,24,4184,230
2212415,46,4176,200
2212416,71,4171,173
2212417,92,4163,146
2212418,103,4159,134
2212419,105,4163,134
2212420,103,4161,130
2212421,99,4151,141
2212422,98,4152,166
2212423,137,4149,124
2212424,145,4135,119
2212425,146,4132,139
2212426,140,4127,164
2212427,127,4113,183
2212428,109,4106,196
2212429,90,4114,187
2212430,74,4124,165
2212431,67,4129,164
2212432,71,4123,175
2212433,68,4112,202
2212434,34,4108,238
2212435,10,4112,249
2212436,40,4112,229
2212437,92,4103,196
2212438,127,4102,200
2212439,126,4113,229
2212440,98,4118,243
2212441,81,4125,243
2212442,81,4143,238
2212443,72,4151,239
2212444,46,4151,256
2212445,30,4152,263
2212446,39,4140,258
2212447,64,4135,244
2212448,91,4147,220
2212449,99,4147,198
2212450,96,4143,167
2212451,86,4150,141
2212452,59,4149,137
2212453,30,4136,134
2212454,19,4133,133
2212455,9,4138,149
2212456,2,4139,169
2212457,19,4137,183
2212458,48,4141,198
2212459,80,4146,214
2212460,110,4143,221
2212461,139,4144,211
2212462,161,4146,198
2212463,170,4145,185
2212464,151,4145,176
2212465,138,4142,174
2212466,118,4135,185
2212467,112,4133,186
2212468,130,4143,163
2212469,135,4148,146
2212470,116,4140,145
2212471,88,4139,164
2212472,62,4155,183
2212473,42,4165,187
2212474,26,4158,177
2212475,22,4151,152
2212476,33,4157,133
2212477,50,4167,125
2212478,75,4174,94
2212479,95,4174,48
2212480,102,4165,28
2212481,108,4155,35
2212482,120,4148,39
2212483,129,4141,44
2212484,122,4143,51
2212485,108,4144,57
2212486,89,4134,74
2212487,71,4131,103
2212488,62,4131,119
2212489,60,4129,130
2212490,58,4133,155
2212491,64,4155,160
2212492,79,4173,145
2212493,102,4173,132
2212494,120,4173,115
2212495,117,4178,113
2212496,100,4187,125
2212497,88,4197,137
2212498,86,4206,135
2212499,93,4213,113
2212500,112,4217,93
2212501,128,4213,74
2212502,129,4209,59
2212503,126,4204,48
2212504,120,4200,52
2212505,123,4198,58
2212506,128,4187,54
2212507,115,4179,38
2212508,98,4172,29
2212509,93,4171,28
2212510,87,4166,33
2212511,81,4155,43
2212512,71,4148,60
2212513,69,4143,71
2212514,77,4140,80
2212515,82,4140,102
2212516,84,4132,115
2212517,91,4124,124
2212518,90,4130,132
2212519,76,4131,124
2212520,75,4130,110
2212521,83,4133,92
2212522,93,4139,87
2212523,96,4151,107
2212524,66,4149,132
2212525,32,4134,159
2212526,7,4126,186
2212527,-21,4121,202
2212528,-32,4116,199
2212529,-26,4115,198
2212530,-20,4115,209
2212531,3,4116,202
2212532,49,4114,173
2212533,89,4105,155
2212534,117,4109,142
2212535,144,4120,121
2212536,167,4116,98
2212537,173,4103,95
2212538,147,4100,123
2212539,103,4104,146
2212540,69,4104,150
2212541,54,4088,161
2212542,35,4080,176
2212543,16,4092,172
2212544,17,4099,156
2212545,34,4100,147
2212546,77,4097,134
2212547,92,4102,145
2212548,103,4103,149
2212549,115,4105,127
2212550,120,4110,111
2212551,122,4114,114
2212552,117,4116,135
2212553,106,4121,158
2212554,104,4130,155
2212555,108,4128,135
2212556,108,4126,141
2212557,96,4142,159
2212558,74,4161,160
2212559,62,4168,139
2212560,59,4171,123
2212561,63,4181,125
2212562,69,4195,134
2212563,72,4205,126
2212564,77,4214,120
2212565,94,4218,125
2212566,102,4219,128
2212567,94,4225,143
2212568,85,4234,159
2212569,71,4234,159
2212570,52,4223,160
2212571,44,4211,191
2212572,42,4212,232
2212573,45,4212,234
2212574,58,4203,207
2212575,66,4198,191
2212576,62,4199,190
2212577,63,4195,188
2212578,65,4191,183
2212579,54,4192,175
2212580,46,4190,163
2212581,61,4181,153
2212582,79,4183,138
2212583,92,4194,126
2212584,104,4192,117
2212585,110,4188,113
2212586,107,4193,113
2212587,130,4191,94
2212588,151,4195,91
2212589,160,4197,90
2212590,149,4192,98
2212591,134,4187,129
2212592,126,4183,161
2212593,124,4184,173
2212594,122,4185,172
2212595,118,4173,173
2212596,112,4169,175
2212597,98,4171,183
2212598,83,4164,197
2212599,87,4156,203
2212600,99,4148,201
2212601,92,4132,220
2212602,65,4129,256
2212603,47,4138,272
2212604,50,4132,272
2212605,62,4129,266
2212606,75,4132,256
2212607,77,4131,251
2212608,65,4132,254
2212609,55,4125,257
2212610,56,4124,255
2212611,68,4126,250
2212612,70,4123,233
2212613,63,4117,210
2212614,52,4114,197
2212615,38,4121,202
2212616,31,4124,219
2212617,31,4117,215
2212618,41,4112,199
2212619,56,4113,176
2212620,62,4109,164
2212621,59,4106,180
2212622,56,4106,200
2212623,60,4110,206
2212624,66,4104,207
2212625,71,4103,212
2212626,77,4111,206
2212627,76,4113,183
2212628,68,4109,189
2212629,68,4100,181
2212630,73,4087,166
2212631,80,4079,162
2212632,88,4074,164
2212633,88,4075,171
2212634,85,4081,173
2212635,77,4087,177
2212636,65,4090,182
2212637,72,4092,169
2212638,91,4087,157
2212639,101,4079,157
2212640,92,4084,164
2212641,82,4098,162
2212642,83,4109,155
2212643,92,4106,158
2212644,96,4107,169
2212645,95,4121,176
2212646,95,4127,185
2212647,98,4136,193
2212648,108,4144,185
2212649,114,4141,169
2212650,120,4139,160
2212651,128,4139,169
2212652,137,4136,187
2212653,136,4130,194
2212654,131,4126,182
2212655,132,4121,179
2212656,131,4118,186
2212657,129,4125,193
2212658,126,4134,183
2212659,132,4134,162
2212660,148,4136,154
2212661,168,4138,154
2212662,170,4134,159
2212663,159,4139,174
2212664,155,4140,196
2212665,152,4138,217
2212666,145,4142,223
2212667,144,4143,223
2212668,162,4150,208
2212669,169,4163,210
2212670,164,4177,206
2212671,169,4185,199
2212672,193,4187,195
2212673,201,4188,202
2212674,199,4190,209
2212675,196,4185,218
2212676,189,4184,239
2212677,187,4185,258
2212678,189,4183,265
2212679,184,4186,273
2212680,171,4185,288
2212681,164,4185,300
2212682,168,4183,307
2212683,178,4175,317
2212684,193,4177,320
2212685,205,4187,321
2212686,215,4194,327
2212687,222,4202,337
2212688,218,4209,346
2212689,207,4212,350
2212690,206,4205,346
2212691,224,4199,335
2212692,250,4202,310
2212693,272,4204,284
2212694,274,4201,277
2212695,263,4192,270
2212696,248,4187,252
2212697,235,4192,229
2212698,241,4190,199
2212699,260,4182,168
2212700,259,4184,177
2212701,240,4190,203
2212702,232,4196,203
2212703,227,4196,199
2212704,216,4190,213
2212705,195,4195,224
2212706,177,4199,216
2212707,183,4186,212
2212708,196,4165,231
2212709,202,4159,242
2212710,206,4162,240
2212711,201,4158,238
2212712,189,4161,246
2212713,179,4166,259
2212714,179,4164,244
2212715,177,4153,225
2212716,165,4143,237
2212717,150,4148,267
2212718,154,4156,275
2212719,179,4156,255
2212720,195,4148,237
2212721,181,4138,239
2212722,182,4151,233
2212723,200,4146,220
2212724,199,4133,218
2212725,182,4128,218
2212726,166,4131,234
2212727,159,4134,257
2212728,157,4131,281
2212729,159,4130,294
2212730,169,4124,290
2212731,183,4118,281
2212732,190,4121,272
2212733,188,4122,283
2212734,189,4115,295
2212735,193,4116,301
2212736,202,4119,289
2212737,216,4121,267
2212738,222,4123,278
2212739,210,4122,302
2212740,191,4126,290
2212741,178,4136,260
2212742,157,4148,250
2212743,139,4157,258
2212744,141,4165,274
2212745,157,4167,285
2212746,181,4165,283
2212747,205,4162,263
2212748,229,4163,241
2212749,254,4174,233
2212750,263,4172,233
2212751,258,4157,231
2212752,251,4154,230
2212753,237,4157,249
2212754,226,4157,271
2212755,237,4152,266
2212756,263,4147,246
2212757,287,4143,239
2212758,295,4155,245
2212759,292,4170,251
2212760,285,4175,255
2212761,292,4176,246
2212762,303,4164,240
2212763,309,4154,245
2212764,274,4159,308
2212765,260,4160,335
2212766,242,4154,358
2212767,221,4153,375
2212768,210,4159,377
2212769,214,4160,385
2212770,223,4163,389
2212771,227,4170,382
2212772,232,4176,378
2212773,234,4180,386
2212774,223,4180,399
2212775,206,4181,404
2212776,187,4183,406
2212777,176,4178,403
2212778,170,4164,395
2212779,164,4159,382
2212780,163,4163,369
2212781,171,4163,346
2212782,177,4160,332
2212783,173,4155,342
2212784,175,4147,350
2212785,190,4143,350
2212786,193,4136,339
2212787,183,4128,338
2212788,182,4121,356
2212789,185,4120,378
2212790,187,4126,394
2212791,182,4122,411
2212792,174,4107,433
2212793,178,4091,456
2212794,198,4079,469
2212795,217,4073,471
2212796,217,4075,478
2212797,206,4075,497
2212798,200,4073,516
2212799,201,4076,520
2212800,201,4083,517
2212801,196,4087,505
2212802,181,4081,489
2212803,157,4075,498
2212804,137,4071,511
2212805,125,4075,517
2212806,120,4081,513
2212807,121,4086,482
2212808,117,4098,453
2212809,104,4105,417
2212810,102,4092,373
2212811,86,4079,329
2212812,60,4090,308
2212813,45,4121,293
2212814,44,4148,281
2212815,56,4164,263
2212816,84,4176,219
2212817,112,4180,183
2212818,128,4178,163
2212819,148,4168,151
2212820,176,4159,143
2212821,189,4153,126
2212822,188,4136,123
2212823,185,4125,131
2212824,175,4129,125
2212825,159,4133,108
2212826,149,4129,93
2212827,131,4126,87
2212828,100,4130,95
2212829,73,4137,105
2212830,65,4140,110
2212831,78,4135,112
2212832,90,4129,118
2212833,96,4137,123
2212834,105,4156,125
2212835,117,4169,123
2212836,132,4170,105
2212837,152,4168,82
2212838,164,4167,69
2212839,162,4174,93
2212840,150,4183,121
2212841,142,4182,115
2212842,148,4175,95
2212843,146,4167,103
2212844,119,4165,126
2212845,99,4158,138
2212846,110,4145,137
2212847,126,4137,134
2212848,122,4131,138
2212849,118,4134,138
2212850,128,4139,133
2212851,135,4137,148
2212852,116,4139,190
2212853,98,4134,207
2212854,98,4133,201
2212855,102,4137,183
2212856,101,4143,181
2212857,102,4153,184
2212858,115,4156,180
2212859,126,4155,193
2212860,124,4161,214
2212861,125,4168,233
2212862,142,4173,245
2212863,157,4178,242
2212864,165,4180,236
2212865,163,4179,242
2212866,157,4182,259
2212867,155,4187,262
2212868,159,4188,254
2212869,173,4180,243
2212870,184,4172,245
2212871,176,4170,278
2212872,158,4168,320
2212873,157,4169,348
2212874,164,4172,356
2212875,170,4177,342
2212876,187,4186,328
2212877,186,4199,339
2212878,167,4203,350
2212879,163,4207,344
2212880,163,4213,321
2212881,167,4208,307
2212882,169,4205,305
2212883,150,4204,311
2212884,136,4202,327
2212885,142,4197,314
2212886,168,4187,274
2212887,186,4176,253
2212888,171,4167,251
2212889,157,4165,255
2212890,152,4162,263
2212891,151,4152,258
2212892,169,4136,231
2212893,184,4133,228
2212894,182,4137,232
2212895,229,4136,190
2212896,250,4138,176
2212897,237,4140,192
2212898,222,4145,218
2212899,202,4155,241
2212900,172,4151,258
2212901,161,4140,277
2212902,155,4129,293
2212903,138,4120,320
2212904,132,4122,340
2212905,136,4130,349
2212906,131,4136,355
2212907,122,4140,337
2212908,125,4152,321
2212909,126,4164,304
2212910,136,4169,285
2212911,158,4176,277
2212912,172,4181,259
2212913,187,4179,240
2212914,195,4176,238
2212915,174,4181,243
2212916,151,4187,243
2212917,142,4187,244
2212918,127,4180,251
2212919,123,4175,255
2212920,146,4178,233
2212921,172,4176,206
2212922,179,4162,213
2212923,160,4155,255
2212924,139,4161,303
2212925,146,4160,317
2212926,160,4151,309
2212927,141,4142,316
2212928,114,4139,305
2212929,146,4139,260
2212930,197,4145,244
2212931,202,4147,270
2212932,201,4143,303
2212933,200,4143,338
2212934,174,4132,368
2212935,141,4104,417
2212936,115,4099,449
2212937,105,4089,452
2212938,128,4089,450
2212939,153,4088,463
2212940,178,4079,476
2212941,210,4075,459
2212942,237,4070,445
2212943,250,4063,461
2212944,258,4069,484
2212945,274,4075,501
2212946,282,4077,519
2212947,262,4080,542
2212948,231,4073,568
2212949,216,4076,582
2212950,218,4091,579
2212951,224,4095,558
2212952,226,4098,532
2212953,218,4110,513
2212954,213,4123,495
2212955,214,4125,487
2212956,215,4125,486
2212957,216,4127,475
2212958,225,4122,459
2212959,240,4117,448
2212960,254,4121,437
2212961,259,4117,428
2212962,253,4113,403
2212963,251,4114,364
2212964,259,4114,341
2212965,263,4119,328
2212966,254,4127,325
2212967,240,4136,326
2212968,239,4137,333
2212969,248,4141,340
2212970,253,4138,335
2212971,250,4129,344
2212972,227,4132,361
2212973,204,4136,352
2212974,225,4137,315
2212975,261,4139,293
2212976,237,4158,321
2212977,247,4161,327
2212978,259,4149,327
2212979,247,4143,332
2212980,233,4147,338
2212981,231,4154,347
2212982,237,4159,354
2212983,253,4152,360
2212984,250,4148,386
2212985,230,4155,425
2212986,228,4167,434
2212987,259,4177,399
2212988,289,4174,376
2212989,278,4168,405
2212990,234,4172,443
2212991,209,4174,445
2212992,235,4168,422
2212993,259,4157,401
2212994,261,4153,394
2212995,267,4160,419
2212996,262,4162,457
2212997,262,4146,447
2212998,286,4130,398
2212999,299,4130,361
2213000,282,4137,366
2213001,269,4141,394
2213002,269,4138,418
2213003,272,4129,435
2213004,284,4121,438
2213005,287,4109,428
2213006,264,4105,437
2213007,225,4105,477
2213008,195,4095,498
2213009,203,4087,485
2213010,230,4088,471
2213011,239,4088,465
2213012,244,4093,464
2213013,247,4103,483
2213014,227,4100,509
2213015,207,4103,525
2213016,195,4109,528
2213017,170,4109,516
2213018,143,4111,521
2213019,135,4112,536
2213020,161,4110,539
2213021,176,4119,525
2213022,179,4127,501
2213023,204,4127,471
2213024,225,4128,471
2213025,208,4132,500
2213026,188,4141,497
2213027,193,4146,458
2213028,207,4146,414
2213029,231,4142,380
2213030,260,4147,366
2213031,274,4151,378
2213032,282,4158,398
2213033,291,4164,403
2213034,298,4157,384
2213035,299,4144,351
2213036,275,4144,334
2213037,230,4143,349
2213038,186,4138,378
2213039,157,4134,391
2213040,157,4125,392
2213041,189,4116,378
2213042,224,4118,364
2213043,238,4122,374
2213044,232,4122,407
2213045,216,4126,423
2213046,205,4131,417
2213047,200,4133,409
2213048,198,4132,394
2213049,202,4131,395
2213050,191,4137,413
2213051,173,4144,431
2213052,191,4147,444
2213053,223,4146,446
2213054,243,4147,445
2213055,262,4156,430
2213056,295,4160,414
2213057,322,4164,399
2213058,289,4167,373
2213059,260,4163,384
2213060,227,4152,399
2213061,213,4147,409
2213062,221,4145,400
2213063,245,4136,376
2213064,270,4126,344
2213065,259,4122,324
2213066,217,4120,328
2213067,180,4114,349
2213068,152,4105,364
2213069,130,4101,365
2213070,136,4100,366
2213071,148,4108,389
2213072,122,4123,417
2213073,86,4127,415
2213074,92,4137,386
2213075,126,4150,340
2213076,164,4161,291
2213077,190,4168,259
2213078,206,4174,261
2213079,219,4184,276
2213080,240,4191,263
2213081,273,4193,229
2213082,269,4201,197
2213083,217,4210,172
2213084,186,4216,152
2213085,191,4217,141
2213086,186,4208,161
2213087,185,4202,178
2213088,210,4196,164
2213089,233,4188,149
2213090,240,4177,139
2213091,237,4172,140
2213092,226,4173,149
2213093,219,4168,163
2213094,225,4157,182
2213095,220,4148,199
2213096,213,4149,230
2213097,222,4154,265
2213098,221,4154,270
2213099,217,4148,314
2213100,214,4144,337
2213101,192,4143,343
2213102,170,4142,363
2213103,152,4144,386
2213104,144,4142,390
2213105,151,4136,396
2213106,141,4132,412
2213107,118,4137,436
2213108,113,4144,468
2213109,120,4148,500
2213110,131,4144,508
2213111,156,4132,494
2213112,180,4119,493
2213113,181,4111,527
2213114,162,4112,568
2213115,147,4109,586
2213116,157,4101,598
2213117,179,4102,608
2213118,185,4106,614
2213119,187,4111,613
2213120,182,4122,601
2213121,184,4126,580
2213122,212,4126,545
2213123,240,4130,522
2213124,247,4135,533
2213125,248,4139,548
2213126,254,4142,552
2213127,257,4144,544
2213128,256,4130,521
2213129,248,4114,512
2213130,230,4116,536
2213131,215,4121,561
2213132,218,4121,542
2213133,226,4125,511
2213134,234,4124,490
2213135,231,4111,483
2213136,209,4100,513
2213137,182,4100,549
2213138,176,4103,556
2213139,188,4099,557
2213140,174,4072,598
2213141,192,4073,589
2213142,222,4073,574
2213143,238,4063,567
2213144,232,4055,568
2213145,227,4050,573
2213146,237,4050,585
2213147,257,4056,578
2213148,277,4063,545
2213149,289,4073,526
2213150,280,4089,525
2213151,266,4094,511
2213152,280,4092,498
2213153,291,4090,496
2213154,280,4082,502
2213155,271,4087,512
2213156,265,4100,518
2213157,259,4103,509
2213158,260,4099,484
2213159,261,4103,473
2213160,251,4117,484
2213161,249,4126,506
2213162,268,4123,502
2213163,287,4119,473
2213164,285,4121,465
2213165,269,4117,494
2213166,250,4121,531
2213167,246,4128,550
2213168,268,4122,559
2213169,282,4108,564
2213170,289,4092,562
2213171,316,4088,562
2213172,343,4094,572
2213173,337,4104,583
2213174,309,4107,596
2213175,277,4100,618
2213176,251,4086,624
2213177,234,4082,612
2213178,225,4087,594
2213179,235,4086,552
2213180,268,4086,519
2213181,269,4099,522
2213182,260,4101,518
2213183,272,4098,506
2213184,285,4095,489
2213185,286,4091,474
2213186,280,4094,473
2213187,261,4101,481
2213188,237,4108,494
2213189,247,4113,501
2213190,283,4105,497
2213191,314,4105,486
2213192,329,4104,480
2213193,335,4099,491
2213194,339,4098,496
2213195,345,4088,479
2213196,351,4075,472
2213197,335,4071,485
2213198,295,4076,503
2213199,266,4083,509
2213200,267,4091,499
2213201,275,4097,490
2213202,280,4100,486
2213203,294,4102,477
2213204,308,4107,458
2213205,313,4103,443
2213206,316,4091,436
2213207,324,4082,442
2213208,330,4080,457
2213209,331,4084,470
2213210,334,4080,478
2213211,332,4074,486
2213212,315,4079,496
2213213,297,4094,496
2213214,290,4107,500
2213215,291,4118,513
2213216,306,4129,521
2213217,321,4133,522
2213218,326,4133,528
2213219,319,4139,545
2213220,310,4149,562
2213221,309,4146,575
2213222,277,4115,587
2213223,251,4104,599
2213224,230,4106,615
2213225,214,4110,610
2213226,217,4106,590
2213227,230,4103,576
2213228,236,4103,570
2213229,244,4107,570
2213230,253,4113,582
2213231,246,4127,593
2213232,245,4134,575
2213233,263,4126,550
2213234,280,4117,536
2213235,293,4115,512
2213236,313,4122,494
2213237,328,4136,481
2213238,334,4142,470
2213239,330,4134,469
2213240,317,4129,461
2213241,310,4127,456
2213242,299,4129,473
2213243,275,4133,484
2213244,251,4138,482
2213245,226,4145,484
2213246,205,4146,491
2213247,203,4142,497
2213248,202,4136,500
2213249,194,4129,507
2213250,197,4131,506
2213251,214,4138,503
2213252,232,4145,509
2213253,243,4146,503
2213254,247,4151,488
2213255,241,4162,484
2213256,223,4155,490
2213257,212,4142,503
2213258,212,4134,502
2213259,224,4127,493
2213260,241,4133,495
2213261,253,4143,478
2213262,263,4153,442
2213263,253,4164,377
2213264,256,4170,378
2213265,254,4167,391
2213266,241,4160,403
2213267,225,4167,407
2213268,205,4170,417
2213269,186,4161,419
2213270,176,4159,414
2213271,161,4159,408
2213272,158,4156,392
2213273,191,4161,371
2213274,212,4172,360
2213275,206,4180,371
2213276,200,4182,387
2213277,205,4183,387
2213278,222,4179,366
2213279,239,4170,354
2213280,255,4166,357
2213281,269,4173,373
2213282,269,4175,386
2213283,271,4167,396
2213284,275,4164,417
2213285,253,4156,422
2213286,236,4143,423
2213287,235,4137,457
2213288,223,4140,504
2213289,218,4139,528
2213290,232,4133,542
2213291,244,4127,548
2213292,257,4121,531
2213293,284,4124,515
2213294,292,4132,523
2213295,275,4132,542
2213296,268,4131,552
2213297,272,4132,532
2213298,283,4126,513
2213299,283,4120,535
2213300,243,4127,579
2213301,199,4137,604
2213302,186,4137,608
2213303,193,4130,606
2213304,209,4119,600
2213305,237,4141,619
2213306,243,4151,609
2213307,268,4152,581
2213308,287,4154,575
2213309,282,4163,583
2213310,281,4169,585
2213311,288,4172,581
2213312,288,4164,579
2213313,288,4154,591
2213314,299,4146,603
2213315,313,4138,600
2213316,317,4131,589
2213317,307,4125,589
2213318,294,4122,589
2213319,291,4116,581
2213320,296,4109,576
2213321,297,4103,579
2213322,291,4100,582
2213323,290,4095,582
2213324,294,4091,595
2213325,281,4090,603
2213326,257,4087,599
2213327,244,4093,597
2213328,235,4101,592
2213329,251,4101,575
2213330,282,4101,547
2213331,277,4107,543
2213332,242,4113,560
2213333,228,4115,555
2213334,243,4115,534
2213335,244,4114,516
2213336,229,4108,505
2213337,215,4109,503
2213338,194,4115,504
2213339,172,4114,515
2213340,174,4115,532
2213341,180,4116,555
2213342,162,4105,583
2213343,134,4094,616
2213344,116,4094,641
2213345,138,4076,603
2213346,156,4078,580
2213347,187,4089,553
2213348,231,4099,526
2213349,248,4093,528
2213350,230,4077,550
2213351,210,4074,563
2213352,199,4082,554
2213353,199,4090,538
2213354,197,4100,521
2213355,201,4112,500
2213356,221,4129,477
2213357,236,4146,451
2213358,247,4157,424
2213359,259,4166,415
2213360,259,4178,430
2213361,251,4189,441
2213362,241,4191,448
2213363,215,4195,476
2213364,180,4201,473
2213365,194,4207,429
2213366,234,4212,393
2213367,239,4204,374
2213368,235,4200,361
2213369,245,4203,348
2213370,247,4200,366
2213371,238,4194,392
2213372,232,4183,396
2213373,229,4177,405
2213374,234,4170,413
2213375,255,4158,405
2213376,259,4150,399
2213377,248,4150,400
2213378,259,4150,390
2213379,257,4141,398
2213380,236,4135,424
2213381,236,4127,437
2213382,242,4115,446
2213383,234,4107,455
2213384,219,4106,467
2213385,195,4109,479
2213386,182,4107,477
2213387,211,4121,439
2213388,234,4122,417
2213389,236,4124,440
2213390,202,4120,481
2213391,166,4109,498
2213392,173,4097,491
2213393,191,4089,480
2213394,184,4089,479
2213395,179,4091,481
2213396,185,4101,467
2213397,196,4105,444
2213398,210,4103,437
2213399,204,4101,445
2213400,191,4105,444
2213401,193,4100,433
2213402,181,4093,438
2213403,145,4092,476
2213404,138,4093,505
2213405,168,4095,493
2213406,187,4094,477
2213407,197,4089,449
2213408,218,4085,411
2213409,226,4096,401
2213410,208,4114,403
2213411,207,4122,405
2213412,225,4117,389
2213413,235,4115,364
2213414,242,4118,340
2213415,238,4120,343
2213416,206,4128,375
2213417,172,4130,379
2213418,173,4126,354
2213419,187,4128,336
2213420,191,4132,330
2213421,194,4135,319
2213422,186,4135,330
2213423,163,4137,366
2213424,149,4148,382
2213425,179,4150,361
2213426,228,4144,339
2213427,234,4144,340
2213428,215,4153,390
2213429,216,4151,406
2213430,200,4148,405
2213431,187,4152,414
2213432,174,4156,423
2213433,168,4157,425
2213434,188,4159,422
2213435,207,4156,430
2213436,202,4153,439
2213437,165,4157,448
2213438,123,4166,490
2213439,113,4177,510
2213440,123,4174,507
2213441,136,4158,508
2213442,140,4146,511
2213443,137,4150,526
2213444,145,4164,524
2213445,163,4167,498
2213446,182,4163,473
2213447,183,4168,449
2213448,175,4173,444
2213449,170,4166,452
2213450,161,4155,451
2213451,166,4153,445
2213452,170,4159,457
2213453,165,4160,465
2213454,182,4154,466
2213455,201,4146,455
2213456,188,4134,441
2213457,146,4133,470
2213458,101,4142,508
2213459,89,4145,505
2213460,139,4135,477
2213461,186,4131,469
2213462,179,4136,477
2213463,167,4141,477
2213464,169,4154,495
2213465,167,4156,533
2213466,168,4151,561
2213467,170,4158,583
2213468,163,4162,590
2213469,175,4145,542
2213470,181,4143,547
2213471,176,4150,576
2213472,170,4151,585
2213473,176,4147,568
2213474,187,4149,552
2213475,199,4150,537
2213476,219,4150,512
2213477,233,4155,497
2213478,217,4155,510
2213479,182,4154,520
2213480,163,4149,506
2213481,176,4140,474
2213482,184,4136,458
2213483,182,4132,461
2213484,194,4131,467
2213485,221,4132,455
2213486,249,4126,420
2213487,261,4120,393
2213488,249,4117,410
2213489,218,4118,445
2213490,197,4122,471
2213491,184,4117,487
2213492,172,4103,500
2213493,163,4095,528
2213494,142,4098,547
2213495,129,4092,538
2213496,154,4081,518
2213497,176,4080,513
2213498,187,4088,501
2213499,221,4096,459
2213500,239,4096,418
2213501,204,4095,433
2213502,150,4106,482
2213503,127,4115,481
2213504,144,4111,435
2213505,170,4110,418
2213506,174,4122,433
2213507,159,4132,438
2213508,147,4137,431
2213509,151,4138,412
2213510,199,4140,334
2213511,204,4138,332
2213512,193,4143,368
2213513,161,4144,402
2213514,145,4136,412
2213515,155,4134,407
2213516,164,4136,381
2213517,177,4136,371
2213518,179,4134,402
2213519,162,4131,440
2213520,153,4138,451
2213521,177,4143,426
2213522,220,4146,394
2213523,225,4143,398
2213524,186,4140,427
2213525,168,4141,436
2213526,179,4143,441
2213527,183,4146,442
2213528,192,4144,425
2213529,215,4137,407
2213530,233,4128,393
2213531,238,4126,389
2213532,228,4125,399
2213533,196,4125,435
2213534,173,4131,448
2213535,191,4137,413
2213536,224,4135,372
2213537,228,4135,338
2213538,219,4143,323
2213539,219,4151,317
2213540,207,4146,326
2213541,181,4131,355
2213542,171,4119,389
2213543,177,4116,400
2213544,198,4109,387
2213545,221,4099,375
2213546,222,4096,367
2213547,222,4102,361
2213548,218,4118,364
2213549,199,4135,369
2213550,186,4139,384
2213551,183,4138,414
2213552,168,4125,429
2213553,170,4124,443
2213554,170,4127,457
2213555,180,4131,451
2213556,186,4135,432
2213557,181,4140,425
2213558,181,4143,442
2213559,174,4145,457
2213560,159,4144,460
2213561,166,4148,474
2213562,183,4153,488
2213563,196,4153,485
2213564,216,4156,466
2213565,251,4164,433
2213566,279,4176,410
2213567,260,4186,424
2213568,214,4189,455
2213569,193,4194,468
2213570,194,4199,465
2213571,192,4198,453
2213572,207,4195,438
2213573,240,4197,448
2213574,263,4203,470
2213575,264,4201,465
2213576,250,4195,468
2213577,221,4191,501
2213578,195,4188,537
2213579,199,4190,552
2213580,236,4185,538
2213581,289,4177,504
2213582,316,4177,478
2213583,314,4184,472
2213584,332,4184,453
2213585,362,4179,423
2213586,350,4176,431
2213587,293,4173,476
2213588,259,4168,508
2213589,282,4170,513
2213590,308,4166,505
2213591,310,4151,508
2213592,303,4146,516
2213593,298,4155,530
2213594,311,4145,516
2213595,302,4133,528
2213596,263,4121,555
2213597,217,4115,575
2213598,186,4115,594
2213599,185,4104,593
2213600,201,4098,590
2213601,179,4103,617
2213602,134,4099,662
2213603,137,4092,673
2213604,167,4087,654
2213605,166,4081,655
2213606,154,4084,673
2213607,175,4088,676
2213608,198,4075,666
2213609,186,4060,684
2213610,172,4054,726
2213611,172,4062,755
2213612,183,4067,741
2213613,206,4059,700
2213614,232,4052,661
2213615,241,4055,635
2213616,230,4071,624
2213617,206,4085,619
2213618,186,4086,599
2213619,198,4085,566
2213620,220,4087,549
2213621,212,4093,562
2213622,177,4095,594
2213623,150,4094,602
2213624,135,4091,589
2213625,124,4085,597
2213626,132,4084,619
2213627,173,4093,616
2213628,223,4098,587
2213629,252,4095,561
2213630,258,4091,549
2213631,258,4093,541
2213632,258,4098,541
2213633,256,4104,550
2213634,244,4108,573
2213635,211,4129,631
2213636,229,4134,621
2213637,275,4128,589
2213638,305,4118,566
2213639,288,4123,579
2213640,271,4124,576
2213641,288,4134,561
2213642,285,4143,561
2213643,257,4136,565
2213644,257,4143,547
2213645,273,4145,511
2213646,278,4141,501
2213647,272,4145,495
2213648,257,4148,488
2213649,259,4145,481
2213650,272,4148,482
2213651,260,4158,504
2213652,248,4160,522
2213653,273,4148,520
2213654,303,4137,516
2213655,299,4133,533
2213656,299,4132,555
2213657,334,4122,560
2213658,371,4109,559
2213659,382,4104,564
2213660,384,4106,570
2213661,392,4106,587
2213662,379,4104,625
2213663,350,4103,652
2213664,332,4094,660
2213665,314,4087,696
2213666,275,4090,755
2213667,254,4085,778
2213668,271,4078,758
2213669,270,4083,755
2213670,246,4089,768
2213671,240,4083,761
2213672,243,4077,768
2213673,216,4074,808
2213674,179,4074,843
2213675,170,4070,850
2213676,154,4059,874
2213677,151,4066,864
2213678,153,4079,831
2213679,163,4084,786
2213680,188,4078,765
2213681,210,4073,771
2213682,224,4074,782
2213683,255,4079,767
2213684,287,4083,730
2213685,292,4079,688
2213686,280,4085,657
2213687,271,4095,632
2213688,275,4095,608
2213689,276,4103,602
2213690,257,4111,615
2213691,237,4122,628
2213692,230,4130,615
2213693,240,4128,585
2213694,260,4123,565
2213695,272,4118,555
2213696,274,4121,560
2213697,275,4126,571
2213698,293,4126,563
2213699,319,4125,531
2213700,332,4127,508
2213701,327,4126,509
2213702,311,4117,512
2213703,287,4106,520
2213704,255,4106,550
2213705,225,4110,581
2213706,223,4109,590
2213707,251,4113,588
2213708,263,4112,595
2213709,255,4112,590
2213710,260,4123,547
2213711,272,4129,509
2213712,272,4122,503
2213713,292,4122,484
2213714,335,4135,445
2213715,352,4145,425
2213716,333,4144,419
2213717,290,4155,458
2213718,272,4159,470
2213719,285,4156,426
2213720,306,4155,377
2213721,295,4156,367
2213722,257,4156,373
2213723,227,4146,388
2213724,206,4140,417
2213725,187,4148,428
2213726,206,4155,410
2213727,256,4166,394
2213728,276,4172,383
2213729,274,4174,372
2213730,275,4178,356
2213731,254,4178,359
2213732,233,4174,395
2213733,234,4169,428
2213734,244,4161,429
2213735,259,4150,421
2213736,270,4150,418
2213737,259,4155,413
2213738,244,4158,414
2213739,251,4163,424
2213740,270,4169,428
2213741,285,4168,420
2213742,296,4166,431
2213743,283,4163,458
2213744,248,4157,482
2213745,237,4155,484
2213746,258,4157,463
2213747,257,4156,447
2213748,238,4153,438
2213749,237,4153,437
2213750,236,4155,446
2213751,234,4151,452
2213752,246,4146,448
2213753,260,4157,450
2213754,240,4169,463
2213755,217,4160,481
2213756,229,4154,487
2213757,239,4148,485
2213758,220,4139,506
2213759,195,4137,512
2213760,209,4144,495
2213761,199,4147,504
2213762,168,4144,526
2213763,164,4145,525
2213764,188,4142,516
2213765,188,4137,521
2213766,171,4122,519
2213767,168,4112,521
2213768,152,4108,551
2213769,113,4098,606
2213770,89,4088,658
2213771,108,4082,674
2213772,143,4075,664
2213773,145,4071,686
2213774,132,4072,719
2213775,150,4077,714
2213776,190,4079,694
2213777,223,4066,682
2213778,242,4067,687
2213779,243,4078,698
2213780,241,4087,704
2213781,256,4091,706
2213782,266,4088,707
2213783,265,4089,713
2213784,273,4087,718
2213785,273,4082,721
2213786,255,4074,731
2213787,244,4064,747
2213788,251,4060,767
2213789,259,4060,765
2213790,271,4054,752
2213791,296,4057,723
2213792,309,4061,701
2213793,312,4060,718
2213794,314,4066,718
2213795,311,4070,699
2213796,308,4072,697
2213797,295,4069,704
2213798,281,4067,716
2213799,278,4078,729
2213800,280,4084,747
2213801,281,4086,738
2213802,275,4083,735
2213803,267,4080,743
2213805,258,4073,754
2213806,251,4057,744
2213807,248,4054,716
2213808,244,4053,694
2213809,250,4049,695
2213810,256,4055,701
2213811,243,4066,705
2213812,237,4070,700
2213813,253,4073,667
2213814,250,4074,628
2213815,235,4070,616
2213816,237,4065,618
2213817,251,4054,606
2213818,253,4053,582
2213819,245,4053,553
2213820,246,4053,534
2213821,253,4059,531
2213822,257,4065,518
2213823,265,4071,485
2213824,278,4066,448
2213825,282,4058,430
2213826,276,4056,411
2213827,277,4050,387
2213828,290,4043,381
2213829,277,4043,390
2213830,245,4042,402
2213831,237,4037,400
2213832,245,4039,396
2213833,251,4043,403
2213834,258,4048,398
2213835,279,4058,362
2213836,307,4062,318
2213837,315,4064,306
2213838,299,4069,316
2213839,283,4078,321
2213840,292,4092,300
2213841,315,4096,274
2213842,307,4094,281
2213843,283,4100,304
2213844,270,4102,327
2213845,276,4102,355
2213846,277,4102,365
2213847,289,4098,348
2213848,315,4099,336
2213849,316,4110,340
2213850,304,4115,348
2213851,320,4113,334
2213852,350,4115,327
2213853,364,4113,325
2213854,372,4114,287
2213855,392,4113,251
2213856,403,4115,270
2213857,377,4119,321
2213858,334,4124,365
2213859,313,4127,380
2213860,319,4115,364
2213861,333,4105,365
2213862,328,4099,406
2213863,307,4090,445
2213864,295,4095,473
2213865,292,4104,499
2213866,300,4107,519
2213867,317,4112,524
2213868,325,4122,506
2213869,331,4136,475
2213870,347,4141,463
2213871,361,4151,483
2213872,362,4165,511
2213873,350,4173,532
2213874,331,4175,530
2213875,335,4177,512
2213876,360,4186,492
2213877,377,4199,481
2213878,375,4216,497
2213879,359,4223,512
2213880,350,4218,520
2213881,344,4210,553
2213882,317,4202,611
2213883,292,4193,672
2213884,316,4195,673
2213885,345,4194,669
2213886,374,4185,648
2213887,389,4189,643
2213888,400,4196,638
2213889,418,4195,620
2213890,420,4192,614
2213891,398,4188,622
2213892,386,4196,635
2213893,380,4204,637
2213894,363,4198,635
2213895,345,4195,638
2213896,314,4204,645
2213897,306,4212,625
2213898,341,4216,584
2213899,354,4219,565
2213900,338,4219,558
2213901,351,4219,538
2213902,377,4216,525
2213903,383,4212,527
2213904,372,4211,530
2213905,367,4210,530
2213906,380,4199,520
2213907,382,4192,523
2213908,357,4190,537
2213909,335,4185,546
2213910,329,4180,543
2213911,324,4174,557
2213912,329,4169,568
2213913,349,4163,558
2213914,371,4150,544
2213915,375,4135,531
2213916,365,4133,532
2213917,359,4134,537
2213918,366,4130,521
2213919,386,4125,485
2213920,382,4126,484
2213921,350,4126,528
2213922,331,4125,548
2213923,337,4127,536
2213924,319,4117,532
2213925,314,4114,543
2213926,317,4108,544
2213927,308,4098,561
2213928,285,4097,597
2213929,266,4096,629
2213930,259,4092,652
2213931,260,4086,653
2213932,273,4081,633
2213933,299,4076,617
2213934,318,4076,616
2213935,316,4075,616
2213936,320,4074,603
2213937,340,4078,568
2213938,343,4076,541
2213939,316,4080,549
2213940,282,4091,568
2213941,262,4094,564
2213942,262,4091,547
2213943,264,4084,546
2213944,244,4082,555
2213945,223,4085,561
2213946,234,4082,558
2213947,265,4079,552
2213948,264,4077,562
2213949,253,4074,558
2213950,261,4073,536
2213951,257,4071,516
2213952,254,4068,497
2213953,285,4073,468
2213954,294,4076,448
2213955,272,4079,461
2213956,270,4085,468
2213957,301,4084,439
2213958,335,4087,394
2213959,351,4092,363
2213960,365,4091,331
2213961,368,4099,317
2213962,354,4106,322
2213963,344,4108,316
2213964,351,4108,293
2213965,351,4112,290
2213966,343,4107,325
2213967,347,4102,347
2213968,359,4100,339
2213969,369,4108,307
2213970,376,4120,282
2213971,378,4137,293
2213972,372,4156,314
2213973,377,4167,317
2213974,389,4180,322
2213975,384,4193,354
2213976,374,4205,396
2213977,383,4215,402
2213978,411,4217,383
2213979,424,4224,374
2213980,409,4233,388
2213981,388,4236,412
2213982,375,4230,427
2213983,356,4222,446
2213984,334,4211,472
2213985,340,4207,497
2213986,364,4208,507
2213987,385,4199,494
2213988,410,4186,489
2213989,411,4175,507
2213990,381,4169,539
2213991,363,4161,552
2213992,360,4158,546
2213993,352,4153,536
2213994,347,4151,523
2213995,350,4157,516
2213996,349,4158,506
2213997,351,4159,502
2213998,342,4160,502
2213999,328,4152,493
2214000,323,4143,492
2214001,316,4144,491
2214002,320,4133,465
2214003,337,4124,451
2214004,331,4126,458
2214005,313,4121,455
2214006,306,4128,422
2214007,288,4124,418
2214008,284,4120,417
2214009,273,4125,437
2214010,267,4120,454
2214011,272,4113,459
2214012,269,4109,468
2214013,265,4110,486
2214014,274,4104,491
2214015,292,4101,484
2214016,292,4106,486
2214017,291,4106,505
2214018,294,4108,525
2214019,282,4116,541
2214020,272,4120,549
2214021,283,4117,553
2214022,294,4110,569
2214023,292,4106,582
2214024,311,4104,582
2214025,339,4106,593
2214026,337,4120,600
2214027,333,4127,588
2214028,353,4129,578
2214029,352,4131,590
2214030,323,4126,621
2214031,314,4122,644
2214032,334,4111,637
2214033,357,4107,636
2214034,355,4108,648
2214035,341,4107,669
2214036,337,4106,687
2214037,336,4105,681
2214038,339,4112,658
2214039,350,4113,629
2214040,354,4111,624
2214041,347,4113,649
2214042,343,4112,658
2214043,358,4106,627
2214044,365,4107,613
2214045,360,4110,619
2214046,361,4114,614
2214047,349,4113,617
2214048,335,4111,608
2214049,340,4108,597
2214050,348,4105,590
2214051,352,4103,580
2214052,351,4106,584
2214053,328,4110,604
2214054,302,4104,607
2214055,305,4097,587
2214056,311,4096,575
2214057,296,4096,587
2214058,287,4101,598
2214059,290,4107,589
2214060,290,4115,584
2214061,275,4121,597
2214062,250,4119,629
2214063,238,4121,659
2214064,239,4121,667
2214065,249,4114,670
2214066,256,4112,673
2214067,255,4108,665
2214068,260,4105,639
2214069,259,4106,619
2214070,260,4109,601
2214071,281,4112,577
2214072,296,4114,562
2214073,288,4110,564
2214074,273,4111,578
2214075,269,4123,573
2214076,274,4125,554
2214077,282,4122,531
2214078,284,4126,496
2214079,284,4125,468
2214080,292,4114,462
2214081,292,4107,475
2214082,296,4108,474
2214083,315,4106,448
2214084,308,4109,430
2214085,282,4108,434
2214086,273,4117,499
2214087,289,4117,485
2214088,313,4119,460
2214089,312,4116,469
2214090,298,4118,497
2214091,301,4116,502
2214092,312,4106,485
2214093,306,4107,490
2214094,297,4124,524
2214095,297,4142,550
2214096,305,4144,543
2214097,309,4145,526
2214098,303,4140,503
2214099,309,4132,478
2214100,325,4133,460
2214101,318,4134,456
2214102,309,4130,476
2214103,308,4126,500
2214104,298,4122,517
2214105,301,4127,519
2214106,311,4136,501
2214107,318,4139,478
2214108,329,4150,463
2214109,328,4156,487
2214110,319,4148,519
2214111,332,4138,505
2214112,360,4124,476
2214113,361,4111,494
2214114,336,4112,534
2214115,327,4114,539
2214116,334,4110,527
2214117,333,4104,527
2214118,317,4098,552
2214119,298,4097,580
2214120,266,4097,604
2214121,220,4089,623
2214122,220,4078,604
2214123,256,4074,565
2214124,263,4075,569
2214125,242,4073,602
2214126,239,4084,599
2214127,259,4085,554
2214128,252,4086,531
2214129,213,4095,560
2214130,184,4100,610
2214131,180,4101,640
2214132,186,4098,646
2214133,189,4098,654
2214134,194,4100,662
2214135,200,4110,659
2214136,209,4120,632
2214137,236,4130,609
2214138,276,4139,587
2214139,300,4139,553
2214140,301,4138,535
2214141,303,4139,535
2214142,312,4143,542
2214143,318,4143,540
2214144,316,4139,536
2214145,298,4134,547
2214146,263,4131,567
2214147,238,4122,567
2214148,237,4107,561
2214149,238,4102,574
2214150,224,4106,599
2214151,216,4111,603
2214152,220,4122,593
2214153,219,4120,593
2214154,221,4107,591
2214155,229,4104,592
2214156,212,4106,606
2214157,190,4114,628
2214158,191,4124,623
2214159,213,4118,597
2214160,223,4116,594
2214161,209,4121,610
2214162,216,4120,622
2214163,245,4124,614
2214164,258,4124,605
2214165,255,4117,617
2214166,253,4125,582
2214167,240,4138,564
2214168,223,4146,559
2214169,215,4143,550
2214170,232,4132,541
2214171,249,4120,548
2214172,257,4120,557
2214173,260,4123,573
2214174,261,4111,569
2214175,271,4104,541
2214176,276,4107,502
2214177,274,4119,471
2214178,281,4127,464
2214179,295,4123,466
2214180,294,4119,469
2214181,280,4121,499
2214182,269,4119,518
2214183,280,4106,495
2214184,293,4104,482
2214185,280,4102,492
2214186,273,4097,508
2214187,278,4106,528
2214188,278,4119,548
2214189,276,4120,556
2214190,278,4110,569
2214191,289,4102,587
2214192,316,4102,567
2214193,358,4102,520
2214194,390,4099,496
2214195,391,4105,503
2214196,376,4109,523
2214197,374,4106,533
2214198,364,4109,538
2214199,349,4113,539
2214200,345,4115,539
2214201,327,4116,552
2214202,292,4115,579
2214203,286,4116,597
2214204,308,4122,591
2214205,329,4122,564
2214206,366,4120,513
2214207,371,4121,510
2214208,358,4131,542
2214209,340,4138,571
2214210,330,4136,581
2214211,331,4137,584
2214212,343,4142,579
2214213,350,4142,552
2214214,336,4142,538
2214215,312,4145,565
2214216,288,4146,599
2214217,274,4141,611
2214218,275,4139,612
2214219,257,4143,621
2214220,233,4142,636
2214221,244,4145,637
2214222,258,4148,641
2214223,257,4143,638
2214224,262,4140,635
2214225,274,4147,650
2214226,289,4155,659
2214227,299,4152,660
2214228,309,4136,640
2214229,314,4127,622
2214230,301,4131,632
2214231,289,4134,644
2214232,289,4136,643
2214233,286,4136,648
2214234,276,4125,669
2214235,266,4115,681
2214236,264,4111,659
2214237,261,4102,628
2214238,268,4096,609
2214239,274,4097,612
2214240,260,4105,632
2214241,252,4114,639
2214242,262,4117,626
2214243,274,4118,604
2214244,271,4116,596
2214245,257,4113,608
2214246,244,4108,621
2214247,261,4105,602
2214248,262,4104,605
2214249,262,4109,619
2214250,270,4112,623
2214251,281,4105,618
2214252,295,4103,596
2214253,296,4103,584
2214254,300,4105,572
2214255,302,4107,554
2214256,289,4101,548
2214257,288,4104,545
2214258,289,4116,524
2214259,273,4114,499
2214260,252,4106,482
2214261,245,4102,474
2214262,251,4096,472
2214263,247,4101,482
2214264,237,4111,506
2214265,229,4104,491
2214266,214,4099,474
2214267,193,4104,486
2214268,183,4110,504
2214269,199,4112,503
2214270,236,4107,475
2214271,256,4103,459
2214272,253,4116,460
2214273,258,4126,464
2214274,270,4128,449
2214275,266,4135,440
2214276,258,4137,439
2214277,264,4140,425
2214278,263,4140,411
2214279,253,4147,397
2214280,249,4149,399
2214281,253,4147,411
2214282,257,4156,412
2214283,252,4160,405
2214284,257,4162,380
2214285,275,4154,344
2214286,287,4141,309
2214287,284,4143,297
2214288,270,4147,318
2214289,273,4157,315
2214290,274,4152,308
2214291,261,4144,310
2214292,246,4146,326
2214293,244,4136,332
2214294,250,4124,332
2214295,243,4127,334
2214296,216,4129,350
2214297,200,4135,368
2214298,204,4144,371
2214299,227,4144,363
2214300,248,4142,340
2214301,245,4142,336
2214302,228,4152,349
2214303,218,4166,365
2214304,219,4168,367
2214305,220,4161,360
2214306,224,4164,348
2214307,225,4165,336
2214308,225,4155,329
2214309,229,4143,330
2214310,228,4137,346
2214311,222,4144,357
2214312,228,4150,358
2214313,239,4146,360
2214314,233,4146,380
2214315,217,4157,409
2214316,218,4164,419
2214317,226,4158,416
2214318,232,4149,419
2214319,241,4139,438
2214320,248,4131,452
2214321,255,4133,444
2214322,256,4135,433
2214323,246,4133,419
2214324,230,4134,416
2214325,210,4144,437
2214326,212,4148,447
2214327,225,4140,438
2214328,218,4140,445
2214329,198,4144,468
2214330,188,4132,486
2214331,196,4140,457
2214332,200,4138,435
2214333,195,4144,430
2214334,207,4148,421
2214335,228,4143,400
2214336,232,4138,397
2214337,219,4136,420
2214338,217,4138,424
2214339,237,4125,398
2214340,241,4108,384
2214341,225,4115,385
2214342,208,4122,399
2214343,199,4121,405
2214344,207,4130,391
2214345,222,4137,375
2214346,243,4140,358
2214347,254,4141,359
2214348,246,4137,373
2214349,228,4132,393
2214350,215,4128,417
2214351,207,4122,457
2214352,199,4117,505
2214353,200,4113,541
2214354,210,4107,562
2214355,221,4103,582
2214356,230,4109,608
2214357,239,4115,631
2214358,250,4118,641
2214359,252,4122,653
2214360,252,4121,655
2214361,255,4118,641
2214362,254,4121,622
2214363,251,4121,615
2214364,236,4115,621
2214365,219,4120,636
2214366,214,4132,663
2214367,228,4130,658
2214368,249,4119,621
2214369,260,4114,588
2214370,250,4125,572
2214371,209,4128,605
2214372,219,4123,634
2214373,239,4104,650
2214374,255,4095,657
2214375,249,4106,663
2214376,223,4103,685
2214377,198,4097,703
2214378,194,4097,699
2214379,206,4084,709
2214380,222,4079,735
2214381,244,4091,744
2214382,270,4096,739
2214383,303,4092,728
2214384,329,4088,707
2214385,349,4087,667
2214386,358,4089,625
2214387,339,4087,616
2214388,316,4094,628
2214389,304,4114,626
2214390,295,4125,593
2214391,292,4121,563
2214392,298,4116,560
2214393,300,4116,559
2214394,301,4119,548
2214395,306,4115,540
2214396,309,4109,543
2214397,297,4108,558
2214398,289,4116,566
2214399,295,4130,546
2214400,299,4126,535
2214401,306,4118,546
2214402,310,4121,570
2214403,306,4126,591
2214404,303,4121,606
2214405,287,4130,633
2214406,265,4146,663
2214407,277,4136,664
2214408,299,4124,624
2214409,304,4119,599
2214410,304,4110,602
2214411,302,4111,611
2214412,334,4122,569
2214413,347,4133,526
2214414,341,4131,492
2214415,325,4126,485
2214416,300,4123,507
2214417,277,4123,540
2214418,278,4124,567
2214419,291,4112,569
2214420,291,4104,545
2214421,262,4105,558
2214422,227,4100,601
2214423,207,4092,623
2214424,204,4092,642
2214425,223,4085,669
2214426,239,4074,700
2214427,245,4076,722
2214428,251,4078,732
2214429,251,4081,728
2214430,254,4088,707
2214431,264,4084,681
2214432,267,4077,649
2214433,258,4079,633
2214434,250,4083,634
2214435,254,4084,632
2214436,250,4092,638
2214437,246,4097,647
2214438,258,4090,637
2214439,268,4090,624
2214440,278,4101,593
2214441,294,4108,566
2214442,305,4115,566
2214443,296,4131,568
2214444,278,4138,573
2214445,277,4139,572
2214446,292,4140,573
2214447,303,4140,566
2214448,308,4143,546
2214449,293,4151,530
2214450,260,4164,519
2214451,228,4169,544
2214452,216,4172,579
2214453,231,4166,548
2214454,233,4169,536
2214455,233,4163,540
2214456,248,4160,522
2214457,256,4159,497
2214458,236,4153,503
2214459,213,4151,526
2214460,200,4141,541
2214461,211,4133,534
2214462,223,4124,524
2214463,224,4116,527
2214464,216,4129,536
2214465,204,4145,541
2214466,221,4151,518
2214467,256,4146,491
2214468,265,4152,483
2214469,256,4163,486
2214470,270,4162,488
2214471,291,4162,469
2214472,276,4157,444
2214473,242,4148,430
2214474,217,4152,425
2214475,201,4159,431
2214476,191,4173,437
2214477,193,4181,430
2214478,213,4175,417
2214479,244,4173,391
2214480,254,4174,362
2214481,242,4175,374
2214482,239,4182,409
2214483,241,4189,431
2214484,235,4176,450
2214485,238,4161,464
2214486,246,4160,454
2214487,251,4154,450
2214488,254,4153,464
2214489,245,4148,484
2214490,227,4138,514
2214491,221,4132,551
2214492,228,4124,574
2214493,243,4111,574
2214494,251,4096,586
2214495,238,4099,624
2214496,253,4084,632
2214497,270,4072,623
2214498,282,4068,607
2214499,280,4058,619
2214500,267,4055,642
2214501,258,4052,667
2214502,256,4048,687
2214503,257,4047,706
2214504,263,4044,706
2214505,278,4037,688
2214506,288,4040,668
2214507,286,4048,665
2214508,269,4050,695
2214509,245,4060,731
2214510,230,4070,754
2214511,227,4068,769
2214512,228,4071,785
2214513,228,4075,800
2214514,223,4074,822
2214515,227,4075,823
2214516,243,4075,795
2214517,248,4077,769
2214518,234,4080,765
2214519,224,4081,778
2214520,228,4080,801
2214521,232,4080,823
2214522,238,4079,829
2214523,244,4070,817
2214524,241,4061,782
2214525,231,4062,756
2214526,227,4067,738
2214527,235,4072,730
2214528,254,4075,717
2214529,270,4086,679
2214530,269,4097,655
2214531,266,4101,656
2214532,252,4104,649
2214533,229,4108,622
2214534,219,4112,597
2214535,224,4111,576
2214536,230,4124,543
2214537,225,4127,527
2214538,228,4135,503
2214539,235,4146,476
2214540,241,4154,468
2214541,255,4167,449
2214542,269,4166,423
2214543,263,4170,412
2214544,253,4181,411
2214545,253,4184,412
2214546,262,4181,383
2214547,269,4175,358
2214548,263,4179,366
2214549,246,4190,387
2214550,238,4188,413
2214551,248,4185,420
2214552,254,4182,412
2214553,262,4173,410
2214554,282,4176,413
2214555,298,4178,412
2214556,301,4174,403
2214557,298,4173,394
2214558,291,4164,397
2214559,280,4155,413
2214560,267,4158,427
2214561,268,4156,432
2214562,276,4141,441
2214563,277,4135,453
2214564,262,4135,460
2214565,239,4137,478
2214566,227,4136,507
2214567,213,4131,535
2214568,200,4126,551
2214569,196,4122,563
2214570,200,4116,578
2214571,224,4108,566
2214572,244,4101,555
2214573,240,4105,569
2214574,218,4115,594
2214575,199,4115,621
2214576,198,4111,650
2214577,212,4107,660
2214578,225,4093,631
2214579,240,4088,617
2214580,246,4090,609
2214581,243,4090,619
2214582,248,4099,613
2214583,254,4104,601
2214584,255,4102,604
2214585,245,4108,611
2214586,231,4110,608
2214587,228,4106,589
2214588,214,4107,598
2214589,188,4116,638
2214590,176,4115,662
2214591,178,4114,662
2214592,193,4119,639
2214593,222,4115,610
2214594,257,4124,589
2214595,279,4133,565
2214596,279,4132,550
2214597,272,4136,545
2214598,259,4133,534
2214599,248,4128,504
2214600,257,4129,477
2214601,268,4125,473
2214602,272,4119,471
2214603,286,4114,466
2214604,303,4110,458
2214605,311,4109,449
2214606,302,4104,455
2214607,284,4104,466
2214608,275,4117,480
2214609,261,4124,528
2214610,238,4121,578
2214611,237,4106,594
2214612,256,4094,605
2214613,276,4106,602
2214614,296,4114,598
2214615,313,4111,612
2214616,318,4117,642
2214617,313,4129,672
2214618,317,4144,684
2214619,312,4150,675
2214620,300,4150,673
2214621,287,4143,687
2214622,276,4133,710
2214623,264,4131,732
2214624,262,4130,730
2214625,270,4124,703
2214626,278,4117,680
2214627,283,4109,670
2214628,280,4103,661
2214629,283,4097,639
2214630,291,4092,601
2214631,297,4093,578
2214632,301,4097,581
2214633,296,4100,583
2214634,289,4089,581
2214635,294,4072,580
2214636,298,4063,581
2214637,295,4066,585
2214638,292,4071,565
2214639,285,4070,537
2214640,277,4072,528
2214641,273,4081,534
2214642,275,4085,556
2214643,284,4090,565
2214644,292,4092,562
2214645,299,4097,561
2214646,296,4112,557
2214647,282,4112,558
2214648,269,4104,557
2214649,260,4100,559
2214650,259,4110,560
2214651,272,4119,561
2214652,286,4112,560
2214653,278,4112,568
2214654,267,4116,577
2214655,277,4115,569
2214656,288,4114,577
2214657,284,4115,602
2214658,277,4115,614
2214659,281,4115,648
2214660,283,4121,659
2214661,281,4122,652
2214662,277,4128,637
2214663,277,4137,622
2214664,272,4148,614
2214665,264,4161,608
2214666,267,4166,586
2214667,280,4161,555
2214668,290,4156,532
2214669,298,4155,518
2214670,313,4160,506
2214671,324,4165,478
2214672,328,4162,447
2214673,324,4160,434
2214674,312,4158,416
2214675,301,4155,395
2214676,304,4167,383
2214677,306,4173,365
2214678,295,4163,350
2214679,280,4157,354
2214680,263,4155,369
2214681,246,4157,388
2214682,241,4163,406
2214683,244,4169,424
2214684,244,4172,441
2214685,244,4161,451
2214686,256,4148,446
2214687,268,4148,435
2214688,264,4151,456
2214689,256,4162,490
2214690,253,4169,498
2214691,251,4167,499
2214692,258,4174,496
2214693,265,4175,486
2214694,264,4173,487
2214695,262,4182,496
2214696,252,4183,509
2214697,238,4177,515
2214698,228,4173,506
2214699,231,4165,509
2214700,244,4140,511
2214701,244,4134,516
2214702,234,4140,512
2214703,222,4139,518
2214704,224,4128,545
2214705,231,4121,563
2214706,239,4116,552
2214707,256,4109,525
2214708,283,4104,515
2214709,304,4109,508
2214710,307,4124,489
2214711,308,4124,473
2214712,315,4113,480
2214713,311,4119,503
2214714,305,4128,521
2214715,301,4121,522
2214716,292,4116,518
2214717,288,4116,534
2214718,287,4110,543
2214719,286,4108,541
2214720,287,4105,555
2214721,281,4098,598
2214722,272,4098,646
2214723,277,4095,658
2214724,295,4082,637
2214725,313,4074,592
2214726,327,4071,560
2214727,339,4063,574
2214728,339,4055,616
2214729,329,4051,663
2214730,330,4049,692
2214731,335,4042,700
2214732,340,4034,700
2214733,338,4030,700
2214734,325,4026,702
2214735,319,4022,700
2214736,332,4018,699
2214737,360,4018,696
2214738,389,4020,686
2214739,399,4015,671
2214740,386,4015,674
2214741,374,4028,693
2214742,364,4026,676
2214743,354,4037,673
2214744,343,4060,683
2214745,334,4075,695
2214746,335,4072,709
2214747,337,4078,708
2214748,336,4089,688
2214749,334,4099,671
2214750,325,4116,668
2214751,308,4131,677
2214752,292,4143,670
2214753,277,4152,661
2214754,266,4156,669
2214755,266,4154,662
2214756,271,4154,636
2214757,275,4156,611
2214758,280,4152,570
2214759,296,4138,540
2214760,311,4132,538
2214761,304,4141,536
2214762,289,4142,530
2214763,283,4142,515
2214764,280,4149,505
2214765,278,4147,503
2214766,284,4143,494
2214767,288,4143,481
2214768,286,4148,479
2214769,281,4160,483
2214770,275,4164,466
2214771,269,4163,442
2214772,250,4166,419
2214773,225,4157,415
2214774,220,4146,418
2214775,225,4141,429
2214776,229,4145,454
2214777,227,4152,457
2214778,218,4153,433
2214779,210,4158,414
2214780,196,4163,443
2214781,184,4162,478
2214782,197,4148,460
2214783,226,4154,443
2214784,247,4156,442
2214785,245,4151,443
2214786,237,4147,441
2214787,226,4146,451
2214788,216,4141,462
2214789,215,4125,482
2214790,225,4123,500
2214791,229,4127,486
2214792,231,4118,462
2214793,234,4113,463
2214794,225,4120,487
2214795,220,4125,524
2214796,225,4123,542
2214797,223,4116,551
2214798,215,4112,583
2214799,206,4121,604
2214800,197,4124,599
2214801,193,4120,601
2214802,200,4120,624
2214803,213,4123,662
2214804,219,4125,695
2214805,222,4123,713
2214806,231,4121,723
2214807,240,4126,737
2214808,248,4136,740
2214809,256,4140,725
2214810,257,4132,720
2214811,256,4123,730
2214812,245,4116,744
2214813,225,4113,768
2214814,210,4119,799
2214815,210,4117,812
2214816,226,4105,799
2214817,238,4103,769
2214818,237,4106,745
2214819,236,4105,719
2214820,242,4097,697
2214821,254,4099,682
2214822,264,4109,671
2214823,246,4111,670
2214824,231,4111,651
2214825,235,4103,640
2214826,240,4106,646
2214827,224,4123,648
2214828,210,4120,637
2214829,215,4111,615
2214830,211,4111,620
2214831,201,4116,635
2214832,201,4120,640
2214833,209,4118,626
2214834,218,4124,586
2214835,218,4122,566
2214836,207,4121,562
2214837,192,4128,570
2214838,191,4125,585
2214839,212,4124,610
2214840,232,4122,627
2214841,230,4114,620
2214842,218,4109,610
2214843,205,4121,611
2214844,191,4133,623
2214845,193,4129,629
2214846,197,4131,615
2214847,195,4136,594
2214848,195,4131,577
2214849,204,4131,560
2214850,211,4125,575
2214851,219,4127,598
2214852,239,4132,590
2214853,246,4125,576
2214854,234,4130,556
2214855,224,4128,553
2214856,219,4133,562
2214857,219,4148,553
2214858,218,4151,540
2214859,218,4155,532
2214860,216,4159,532
2214861,204,4159,540
2214862,188,4164,556
2214863,174,4163,569
2214864,166,4170,586
2214865,174,4171,619
2214866,184,4177,631
2214867,185,4173,627
2214868,174,4170,629
2214869,167,4175,625
2214870,164,4172,606
2214871,159,4165,585
2214872,158,4158,583
2214873,162,4148,594
2214874,163,4137,600
2214875,153,4130,611
2214876,150,4122,624
2214877,151,4121,625
2214878,147,4124,631
2214879,149,4128,629
2214880,152,4132,612
2214881,165,4123,609
2214882,180,4111,610
2214883,189,4113,608
2214884,195,4119,616
2214885,205,4123,625
2214886,218,4124,631
2214887,217,4127,636
2214888,220,4129,641
2214889,224,4122,659
2214890,211,4120,663
2214891,190,4117,644
2214892,174,4109,645
2214893,164,4099,667
2214894,150,4077,689
2214895,144,4054,696
2214896,151,4043,692
2214897,163,4039,695
2214898,172,4043,696
2214899,176,4041,690
2214900,177,4023,685
2214901,178,4012,686
2214902,188,4014,685
2214903,211,4015,672
2214904,235,4021,654
2214905,241,4027,657
2214906,231,4029,658
2214907,223,4044,653
2214908,234,4047,648
2214909,263,4035,658
2214910,294,4039,674
2214911,309,4045,678
2214912,315,4041,683
2214913,314,4048,684
2214914,293,4055,684
2214915,268,4053,694
2214916,240,4045,700
2214917,207,4042,713
2214918,188,4038,741
2214919,200,4031,766
2214920,227,4025,767
2214921,234,4016,756
2214922,236,4016,757
2214923,250,4017,753
2214924,261,4010,745
2214925,265,4011,750
2214926,267,4017,758
2214927,259,4025,763
2214928,248,4024,776
2214929,244,4016,790
2214930,236,4014,792
2214931,235,4019,778
2214932,242,4028,762
2214933,242,4033,754
2214934,233,4028,758
2214935,223,4024,784
2214936,225,4023,814
2214937,228,4023,829
2214938,227,4027,833
2214939,231,4031,842
2214940,238,4028,852
2214941,247,4024,855
2214942,250,4025,860
2214943,248,4024,867
2214944,250,4025,873
2214945,252,4024,879
2214946,272,4009,898
2214947,297,4015,908
2214948,311,4020,924
2214949,307,4018,946
2214950,295,4013,962
2214951,291,4015,967
2214952,301,4024,949
2214953,307,4034,904
2214954,281,4036,857
2214955,242,4035,825
2214956,242,4052,825
2214957,272,4076,836
2214958,281,4084,847
2214959,251,4089,873
2214960,214,4099,901
2214961,191,4109,911
2214962,179,4122,895
2214963,176,4129,872
2214964,177,4140,847
2214965,175,4151,808
2214966,169,4154,763
2214967,160,4155,712
2214968,156,4162,675
2214969,160,4172,683
2214970,168,4164,697
2214971,178,4153,691
2214972,190,4147,683
2214973,194,4128,680
2214974,183,4118,684
2214975,168,4122,675
2214976,172,4116,657
2214977,187,4112,646
2214978,193,4110,641
2214979,196,4100,646
2214980,202,4095,655
2214981,198,4091,660
2214982,192,4087,662
2214983,190,4087,649
2214984,183,4077,628
2214985,179,4068,617
2214986,182,4075,604
2214987,195,4094,599
2214988,199,4095,594
2214989,191,4088,584
2214990,179,4088,569
2214991,174,4092,561
2214992,173,4101,558
2214993,165,4108,555
2214994,149,4108,545
2214995,141,4103,537
2214996,135,4107,545
2214997,128,4109,558
2214998,125,4106,567
2214999,109,4113,573
2215000,91,4118,579
2215001,98,4119,574
2215002,122,4130,554
2215003,144,4135,540
2215004,155,4132,529
2215005,163,4131,537
2215006,172,4131,559
2215007,180,4129,578
2215008,193,4125,594
2215009,203,4119,587
2215010,197,4117,596
2215011,181,4128,625
2215012,174,4142,639
2215013,187,4143,639
2215014,203,4149,629
2215015,205,4158,630
2215016,203,4153,634
2215017,206,4142,637
2215018,204,4136,659
2215019,206,4137,683
2215020,211,4136,717
2215021,209,4142,738
2215022,203,4143,725
2215023,207,4141,712
2215024,214,4145,711
2215025,213,4147,709
2215026,210,4148,713
2215027,205,4152,730
2215028,186,4145,779
2215029,185,4137,798
2215030,188,4131,801
2215031,196,4125,794
2215032,206,4125,784
2215033,220,4126,769
2215034,229,4121,763
2215035,222,4120,757
2215036,214,4115,751
2215037,217,4107,761
2215038,220,4116,775
2215039,218,4120,781
2215040,219,4102,771
2215041,227,4090,732
2215042,231,4087,698
2215043,221,4090,688
2215044,216,4103,684
2215045,220,4107,689
2215046,228,4104,696
2215047,239,4109,688
2215048,244,4116,660
2215049,246,4119,620
2215050,233,4122,592
2215051,211,4121,586
2215052,205,4119,591
2215053,220,4113,576
2215054,236,4101,545
2215055,250,4095,531
2215056,261,4093,529
2215057,265,4091,540
2215058,269,4101,543
2215059,261,4105,529
2215060,252,4092,507
2215061,244,4092,493
2215062,225,4106,496
2215063,205,4104,499
2215064,205,4092,509
2215065,231,4099,532
2215066,244,4116,556
2215067,237,4118,572
2215068,223,4111,585
2215069,220,4113,612
2215070,248,4122,605
2215071,273,4125,603
2215072,271,4133,612
2215073,252,4139,639
2215074,248,4150,655
2215075,252,4156,666
2215076,256,4157,696
2215077,254,4156,722
2215078,246,4148,704
2215079,248,4144,669
2215080,257,4144,678
2215081,250,4147,702
2215082,234,4142,709
2215083,223,4126,715
2215084,223,4120,712
2215085,223,4119,715
2215086,220,4109,728
2215087,224,4099,744
2215088,223,4100,756
2215089,201,4106,766
2215090,179,4104,764
2215091,180,4092,748
2215092,201,4080,720
2215093,228,4078,716
2215094,250,4087,743
2215095,268,4097,747
2215096,279,4104,706
2215097,283,4111,644
2215098,294,4118,589
2215099,314,4129,535
2215100,325,4132,494
2215101,313,4123,501
2215102,287,4129,535
2215103,256,4139,575
2215104,223,4136,595
2215105,198,4136,573
2215106,170,4136,546
2215107,146,4136,545
2215108,150,4136,553
2215109,216,4141,505
2215110,229,4144,462
2215111,238,4138,429
2215112,242,4132,449
2215113,224,4133,500
2215114,193,4137,529
2215115,180,4139,527
2215116,191,4132,518
2215117,212,4126,518
2215118,235,4124,520
2215119,255,4123,502
2215120,265,4129,468
2215121,257,4138,446
2215122,247,4138,446
2215123,248,4133,434
2215124,240,4131,421
2215125,234,4137,430
2215126,247,4154,433
2215127,254,4156,420
2215128,241,4147,414
2215129,224,4153,425
2215130,218,4153,447
2215131,237,4152,458
2215132,263,4158,451
2215133,266,4166,452
2215134,249,4174,451
2215135,235,4170,452
2215136,234,4163,457
2215137,246,4157,484
2215138,259,4148,538
2215139,272,4139,557
2215140,283,4132,545
2215141,291,4131,541
2215142,294,4132,555
2215143,285,4128,575
2215144,274,4118,569
2215145,276,4106,568
2215146,286,4104,584
2215147,284,4102,617
2215148,277,4099,641
2215149,274,4096,667
2215150,263,4108,717
2215151,264,4095,710
2215152,264,4088,712
2215153,248,4088,740
2215154,226,4082,759
2215155,225,4080,773
2215156,233,4080,784
2215157,225,4078,791
2215158,217,4080,818
2215159,230,4077,845
2215160,249,4074,858
2215161,260,4073,878
2215162,279,4078,873
2215163,296,4080,842
2215164,299,4076,825
2215165,303,4075,845
2215166,308,4090,872
2215167,304,4096,888
2215168,287,4087,902
2215169,276,4084,902
2215170,273,4079,892
2215171,263,4072,895
2215172,260,4067,904
2215173,277,4060,900
2215174,300,4060,887
2215175,319,4061,876
2215176,332,4063,859
2215177,329,4064,845
2215178,313,4065,870
2215179,308,4073,920
2215180,314,4069,959
2215181,321,4064,968
2215182,306,4064,952
2215183,288,4066,929
2215184,296,4073,912
2215185,323,4081,890
2215186,352,4083,869
2215187,359,4084,856
2215188,346,4084,854
2215189,336,4081,848
2215190,340,4085,843
2215191,335,4097,844
2215192,351,4095,787
2215193,356,4087,733
2215194,342,4097,721
2215195,320,4108,730
2215196,311,4103,741
2215197,315,4106,757
2215198,321,4112,751
2215199,345,4110,719
2215200,370,4109,693
2215201,366,4107,682
2215202,354,4107,679
2215203,356,4109,681
2215204,374,4107,666
2215205,372,4095,642
2215206,331,4092,642
2215207,308,4100,652
2215208,320,4100,645
2215209,313,4105,634
2215210,271,4111,644
2215211,229,4104,658
2215212,216,4096,653
2215213,231,4096,653
2215214,254,4099,658
2215215,271,4101,652
2215216,290,4095,653
2215217,308,4089,670
2215218,319,4090,700
2215219,323,4084,730
2215220,312,4075,750
2215221,285,4073,778
2215222,251,4079,814
2215223,230,4089,833
2215224,224,4090,835
2215225,223,4082,831
2215226,231,4079,837
2215227,258,4080,822
2215228,284,4082,775
2215229,294,4078,747
2215230,291,4078,767
2215231,286,4086,788
2215232,284,4086,780
2215233,309,4081,749
2215234,320,4071,736
2215235,293,4069,767
2215236,261,4080,811
2215237,247,4082,834
2215238,241,4075,837
2215239,244,4080,831
2215240,252,4092,807
2215241,256,4092,786
2215242,251,4093,777
2215243,252,4105,769
2215244,267,4115,753
2215245,286,4118,728
2215246,300,4119,701
2215247,302,4120,683
2215248,282,4127,698
2215249,258,4139,716
2215250,250,4142,692
2215251,245,4138,650
2215252,238,4137,648
2215253,241,4138,654
2215254,251,4136,638
2215255,252,4137,613
2215256,248,4139,582
2215257,254,4131,566
2215258,264,4123,568
2215259,278,4122,557
2215260,290,4123,526
2215261,277,4118,526
2215262,256,4113,545
2215263,253,4109,561
2215264,258,4098,586
2215265,257,4099,620
2215266,248,4105,642
2215267,248,4101,657
2215268,266,4104,659
2215269,290,4115,638
2215270,306,4134,607
2215271,310,4152,565
2215272,298,4162,555
2215273,271,4170,601
2215274,267,4167,591
2215275,253,4155,593
2215276,243,4155,615
2215277,242,4161,638
2215278,248,4161,648
2215280,245,4155,652
2215281,221,4149,666
2215282,198,4147,683
2215283,196,4141,690
2215284,213,4130,688
2215285,227,4119,682
2215286,230,4107,684
2215287,234,4101,693
2215288,250,4104,712
2215289,270,4108,719
2215290,281,4111,702
2215291,272,4120,666
2215292,238,4123,630
2215293,199,4122,641
2215294,175,4123,677
2215295,165,4114,696
2215296,173,4101,692
2215297,178,4090,688
2215298,173,4088,690
2215299,175,4090,668
2215300,181,4085,651
2215301,187,4084,665
2215302,198,4080,688
2215303,202,4080,692
2215304,199,4088,676
2215305,200,4089,651
2215306,196,4086,633
2215307,180,4083,640
2215308,187,4081,629
2215309,218,4074,614
2215310,246,4072,621
2215311,266,4073,618
2215312,279,4069,631
2215313,278,4075,665
2215314,263,4077,689
2215315,229,4058,710
2215316,221,4060,732
2215317,228,4057,732
2215318,239,4052,728
2215319,245,4053,751
2215320,247,4060,789
2215321,255,4064,803
2215322,278,4058,790
2215323,286,4046,772
2215324,278,4039,778
2215325,278,4043,818
2215326,283,4053,834
2215327,282,4057,821
2215328,279,4057,810
2215329,272,4073,816
2215330,263,4089,821
2215331,273,4087,812
2215332,291,4095,801
2215333,302,4109,777
2215334,302,4115,761
2215335,288,4117,768
2215336,272,4111,777
2215337,276,4099,771
2215338,289,4101,773
2215339,287,4105,791
2215340,276,4101,804
2215341,262,4103,813
2215342,249,4109,811
2215343,246,4105,792
2215344,256,4102,755
2215345,261,4107,720
2215346,256,4109,691
2215347,245,4115,669
2215348,241,4124,647
2215349,255,4124,618
2215350,263,4119,593
2215351,254,4117,587
2215352,242,4121,597
2215353,234,4129,614
2215354,230,4136,635
2215355,238,4139,653
2215356,259,4139,661
2215357,260,4136,649
2215358,263,4134,629
2215359,256,4129,629
2215360,249,4123,631
2215361,253,4114,617
2215362,254,4106,605
2215363,239,4107,604
2215364,219,4108,608
2215365,201,4106,614
2215366,191,4101,605
2215367,191,4098,594
2215368,191,4096,604
2215369,189,4089,617
2215370,199,4081,628
2215371,224,4080,629
2215372,249,4086,620
2215373,260,4094,613
2215374,253,4100,611
2215375,242,4100,618
2215376,237,4100,638
2215377,238,4099,643
2215378,244,4090,641
2215379,249,4087,643
2215380,240,4083,661
2215381,237,4077,698
2215382,241,4078,723
2215383,227,4080,728
2215384,213,4079,734
2215385,215,4072,744
2215386,229,4064,760
2215387,248,4063,788
2215388,262,4067,805
2215389,272,4068,810
2215390,281,4067,831
2215391,284,4068,867
2215392,286,4065,891
2215393,291,4063,898
2215394,298,4060,909
2215395,308,4058,927
2215396,311,4063,943
2215397,315,4070,951
2215398,310,4071,952
2215399,303,4074,956
2215400,295,4069,964
2215401,300,4062,973
2215402,311,4063,959
2215403,314,4067,931
2215404,316,4071,909
2215405,310,4070,894
2215406,285,4068,900
2215407,260,4071,911
2215408,262,4070,897
2215409,278,4056,875
2215410,282,4050,858
2215411,281,4055,828
2215412,276,4063,803
2215413,260,4074,795
2215414,244,4072,787
2215415,238,4073,761
2215416,237,4078,736
2215417,231,4079,738
2215418,225,4080,741
2215419,229,4082,723
2215420,248,4092,702
2215421,264,4097,686
2215422,268,4092,655
2215423,250,4087,630
2215424,226,4099,629
2215425,212,4118,630
2215426,209,4130,607
2215427,224,4135,569
2215428,244,4133,541
2215429,263,4135,523
2215430,272,4135,519
2215431,264,4136,529
2215432,248,4138,536
2215433,231,4137,554
2215434,218,4137,581
2215435,209,4136,579
2215436,200,4120,576
2215437,197,4116,587
2215438,190,4124,654
2215439,207,4126,687
2215440,237,4117,691
2215441,265,4121,678
2215442,277,4119,672
2215443,280,4111,670
2215444,286,4110,684
2215445,294,4110,717
2215446,305,4114,738
2215447,304,4120,749
2215448,298,4122,764
2215449,298,4116,762
2215450,287,4118,765
2215451,272,4129,782
2215452,274,4127,777
2215453,285,4115,747
2215454,294,4117,713
2215455,298,4124,696
2215456,288,4125,715
2215457,284,4125,752
2215458,291,4122,764
2215459,293,4113,732
2215460,288,4104,706
2215461,274,4104,721
2215462,252,4099,750
2215463,245,4087,772
2215464,249,4090,782
2215465,248,4097,781
2215466,249,4096,780
2215467,251,4100,780
2215468,252,4097,780
2215469,244,4085,792
2215470,228,4078,830
2215471,226,4077,858
2215472,245,4069,850
2215473,271,4065,846
2215474,298,4067,850
2215475,320,4071,839
2215476,331,4080,820
2215477,325,4086,816
2215478,317,4091,825
2215479,311,4091,806
2215480,297,4096,773
2215481,273,4097,755
2215482,255,4099,745
2215483,239,4101,737
2215484,233,4099,724
2215485,237,4097,718
2215486,235,4098,730
2215487,229,4107,744
2215488,234,4114,742
2215489,246,4112,726
2215490,252,4109,714
2215491,248,4100,713
2215492,249,4088,703
2215493,255,4087,690
2215494,259,4088,681
2215495,254,4075,663
2215496,239,4062,656
2215497,225,4056,668
2215498,217,4056,679
2215499,214,4052,689
2215500,211,4044,693
2215501,203,4044,682
2215502,191,4047,679
2215503,192,4053,690
2215504,211,4055,695
2215505,236,4049,698
2215506,261,4052,704
2215507,280,4064,701
2215508,285,4072,697
2215509,278,4082,710
2215510,278,4093,737
2215511,277,4095,758
2215512,262,4091,785
2215513,254,4086,828
2215514,266,4077,850
2215515,284,4072,858
2215516,298,4072,862
2215517,316,4074,872
2215518,327,4082,880
2215519,322,4087,881
2215520,324,4098,885
2215521,321,4097,889
2215522,320,4096,906
2215523,327,4090,899
2215524,330,4073,890
2215525,322,4067,905
2215526,309,4068,926
2215527,302,4064,924
2215528,298,4059,903
2215529,293,4053,878
2215530,282,4042,855
2215531,260,4040,865
2215532,242,4057,891
2215533,243,4066,896
2215534,255,4058,874
2215535,264,4056,852
2215536,268,4064,856
2215537,278,4070,852
2215538,292,4065,817
2215539,294,4066,790
2215540,291,4078,790
2215541,287,4081,790
2215542,285,4081,795
2215543,287,4089,806
2215544,284,4100,796
2215545,280,4112,747
2215546,283,4120,706
2215547,280,4130,704
2215548,268,4146,698
2215549,264,4153,676
2215550,262,4146,671
2215551,256,4138,675
2215552,251,4139,665
2215553,246,4145,654
2215554,244,4142,639
2215555,250,4131,615
2215556,256,4129,603
2215557,248,4126,602
2215558,223,4122,597
2215559,204,4125,605
2215560,200,4120,617
2215561,200,4101,653
2215562,202,4098,670
2215563,215,4089,662
2215564,236,4086,657
2215565,238,4095,659
2215566,221,4096,671
2215567,206,4101,699
2215568,204,4112,702
2215569,212,4110,680
2215570,228,4109,674
2215571,237,4119,696
2215572,243,4121,716
2215573,257,4113,710
2215574,252,4115,686
2215575,230,4120,690
2215576,209,4118,719
2215577,187,4101,724
2215578,168,4085,720
2215579,160,4092,716
2215580,172,4090,698
2215581,197,4073,681
2215582,203,4062,660
2215583,195,4067,641
2215584,204,4100,653
2215585,239,4129,692
2215586,276,4126,721
2215587,302,4118,716
2215588,319,4114,688
2215589,321,4101,658
2215590,301,4094,662
2215591,262,4085,708
2215592,228,4065,762
2215593,210,4047,804
2215594,198,4037,844
2215595,182,4035,877
2215596,163,4044,885
2215597,152,4058,896
2215598,152,4066,916
2215599,154,4068,927
2215600,172,4067,939
2215601,220,4073,946
2215602,318,4089,953
2215603,340,4083,948
2215604,358,4068,937
2215605,375,4057,936
2215606,383,4058,949
2215607,382,4060,955
2215608,376,4050,961
2215609,366,4048,998
2215610,357,4050,1043
2215611,348,4043,1068
2215612,338,4036,1079
2215613,335,4038,1076
2215614,346,4040,1072
2215615,365,4031,1078
2215616,366,4023,1086
2215617,366,4023,1081
2215618,375,4013,1071
2215619,376,4004,1065
2215620,369,4005,1062
2215621,371,4002,1068
2215622,381,4001,1097
2215623,383,4007,1132
2215624,391,4014,1148
2215625,409,4017,1144
2215626,416,4023,1131
2215627,406,4023,1108
2215628,388,4016,1094
2215629,370,4017,1094
2215630,359,4019,1086
2215631,356,4023,1077
2215632,354,4038,1065
2215633,356,4049,1044
2215634,358,4052,1020
2215635,351,4061,998
2215636,335,4076,972
2215637,313,4081,945
2215638,303,4083,923
2215639,300,4091,900
2215640,292,4096,884
2215641,284,4098,879
2215642,281,4100,862
2215643,286,4084,824
2215644,286,4076,810
2215645,279,4060,796
2215646,267,4061,779
2215647,259,4070,779
2215648,252,4075,789
2215649,247,4070,782
2215650,247,4071,777
2215651,259,4084,775
2215652,268,4085,753
2215653,262,4081,722
2215654,254,4090,706
2215655,242,4103,713
2215656,218,4112,709
2215657,190,4120,691
2215658,176,4126,692
2215659,191,4126,698
2215660,212,4134,699
2215661,222,4137,698
2215662,229,4124,704
2215663,234,4116,712
2215664,242,4118,706
2215665,260,4122,679
2215666,273,4117,675
2215667,270,4113,709
2215668,265,4107,725
2215669,262,4095,723
2215670,261,4094,733
2215671,263,4093,739
2215672,266,4086,717
2215673,267,4085,686
2215674,255,4088,688
2215675,220,4093,730
2215676,193,4098,778
2215677,193,4090,792
2215678,210,4077,788
2215679,230,4075,790
2215680,245,4085,788
2215681,256,4093,775
2215682,252,4095,769
2215683,231,4101,798
2215684,249,4082,816
2215685,260,4068,791
2215686,246,4069,776
2215687,225,4075,773
2215688,214,4071,777
2215689,214,4066,790
2215690,217,4065,796
2215691,224,4057,779
2215692,234,4052,769
2215693,239,4053,788
2215694,249,4055,792
2215695,259,4058,767
2215696,246,4057,768
2215697,233,4067,810
2215698,245,4074,836
2215699,270,4067,809
2215700,279,4074,795
2215701,271,4089,818
2215702,274,4095,822
2215703,282,4088,793
2215704,283,4081,780
2215705,281,4089,788
2215706,273,4089,787
2215707,267,4086,773
2215708,264,4084,758
2215709,260,4080,767
2215710,254,4089,797
2215711,252,4091,813
2215712,258,4075,807
2215713,261,4069,813
2215714,256,4077,821
2215715,264,4079,816
2215716,288,4071,815
2215717,301,4070,841
2215718,298,4077,888
2215719,298,4084,930
2215720,311,4084,953
2215721,320,4074,953
2215722,328,4067,938
2215723,336,4068,911
2215724,330,4066,880
2215725,309,4064,875
2215726,287,4065,903
2215727,295,4059,905
2215728,296,4060,911
2215729,292,4060,920
2215730,292,4058,906
2215731,281,4063,896
2215732,263,4076,900
2215733,259,4083,898
2215734,268,4079,893
2215735,282,4077,878
2215736,295,4083,862
2215737,295,4092,860
2215738,291,4098,869
2215739,292,4104,890
2215740,293,4102,904
2215741,297,4093,903
2215742,302,4099,890
2215743,288,4115,886
2215744,260,4121,904
2215745,244,4112,905
2215746,244,4094,889
2215747,247,4077,883
2215748,248,4081,889
2215749,242,4092,897
2215750,228,4083,896
2215751,218,4073,883
2215752,216,4069,853
2215753,213,4066,824
2215754,212,4075,820
2215755,219,4086,826
2215756,232,4078,824
2215757,250,4068,825
2215758,265,4068,832
2215759,272,4079,822
2215760,276,4095,786
2215761,280,4102,751
2215762,268,4108,750
2215763,257,4113,767
2215764,255,4117,754
2215765,249,4109,733
2215766,244,4100,734
2215767,223,4107,739
2215768,211,4107,743
2215769,204,4103,763
2215770,215,4098,793
2215771,241,4092,793
2215772,258,4071,769
2215773,262,4055,769
2215774,267,4058,779
2215775,281,4064,786
2215776,300,4068,797
2215777,317,4071,809
2215778,321,4075,815
2215779,312,4075,829
2215780,310,4071,848
2215781,321,4065,852
2215782,327,4057,835
2215783,326,4052,823
2215784,322,4051,829
2215785,317,4053,839
2215786,315,4051,864
2215787,317,4045,889
2215788,316,4036,894
2215789,317,4032,893
2215790,321,4036,908
2215791,322,4050,917
2215792,322,4061,919
2215793,326,4066,925
2215794,333,4072,937
2215795,345,4070,949
2215796,360,4065,956
2215797,361,4059,951
2215798,345,4051,942
2215799,328,4054,952
2215800,315,4060,977
2215801,318,4059,997
2215802,331,4058,1004
2215803,335,4061,1002
2215804,323,4068,989
2215805,298,4078,985
2215806,283,4071,994
2215807,290,4059,990
2215808,323,4067,978
2215809,326,4058,955
2215810,318,4059,944
2215811,306,4076,940
2215812,294,4086,924
2215813,278,4091,917
2215814,276,4087,904
2215815,290,4074,869
2215816,300,4068,865
2215817,295,4067,877
2215818,275,4066,878
2215819,255,4072,874
2215820,250,4075,864
2215821,252,4074,858
2215822,252,4072,855
2215823,254,4064,858
2215824,256,4060,850
2215825,260,4064,823
2215826,266,4069,793
2215827,269,4077,776
2215828,268,4083,777
2215829,272,4088,785
2215830,280,4092,767
2215831,284,4092,737
2215832,276,4098,732
2215833,263,4108,741
2215834,267,4109,749
2215835,280,4101,764
2215836,284,4102,775
2215837,286,4103,771
2215838,289,4103,775
2215839,291,4104,795
2215840,285,4106,816
2215841,276,4110,822
2215842,266,4112,822
2215843,261,4117,828
2215844,273,4117,843
2215845,296,4111,849
2215846,307,4104,827
2215847,293,4099,810
2215848,281,4103,816
2215849,283,4112,823
2215850,284,4102,801
2215851,284,4085,775
2215852,290,4073,769
2215853,294,4064,784
2215854,288,4062,803
2215855,285,4064,795
2215856,284,4066,766
2215857,276,4072,741
2215858,265,4077,733
2215859,256,4080,751
2215860,256,4081,769
2215861,259,4080,769
2215862,262,4075,756
2215863,260,4074,752
2215864,255,4076,780
2215865,255,4084,811
2215866,256,4082,807
2215867,249,4064,806
2215868,240,4055,829
2215869,233,4052,847
2215870,232,4045,874
2215871,238,4041,902
2215872,244,4034,907
2215873,245,4027,895
2215874,243,4025,888
2215875,242,4025,912
2215876,250,4033,940
2215877,263,4043,944
2215878,273,4051,941
2215879,278,4059,931
2215880,284,4058,922
2215881,285,4059,909
2215882,274,4059,896
2215883,270,4061,907
2215884,276,4076,932
2215885,279,4082,940
2215886,283,4070,942
2215887,291,4068,939
2215888,298,4071,929
2215889,293,4077,921
2215890,272,4099,900
2215891,278,4098,906
2215892,290,4087,912
2215893,294,4079,921
2215894,287,4074,922
2215895,284,4066,907
2215896,283,4061,911
2215897,282,4058,921
2215898,275,4051,921
2215899,260,4044,933
2215900,248,4042,954
2215901,239,4041,957
2215902,245,4037,944
2215903,258,4038,941
2215904,269,4043,936
2215905,289,4041,931
2215906,299,4043,932
2215907,294,4052,923
2215908,277,4052,913
2215909,259,4050,899
2215910,246,4056,888
2215911,237,4067,885
2215912,244,4079,884
2215913,251,4089,873
2215914,252,4091,851
2215915,250,4088,835
2215916,242,4090,832
2215917,233,4088,825
2215918,232,4083,805
2215919,234,4095,799
2215920,229,4107,806
2215921,231,4110,810
2215922,239,4106,824
2215923,239,4099,844
2215924,236,4096,847
2215925,231,4087,841
2215926,221,4073,841
2215927,209,4063,841
2215928,203,4053,854
2215929,208,4042,874
2215930,215,4030,901
2215931,229,4027,968
2215932,245,4020,969
2215933,255,4017,966
2215934,258,4016,953
2215935,268,4013,946
2215936,282,4027,949
2215937,287,4034,943
2215938,281,4026,944
2215939,236,4015,953
2215940,185,4014,949
2215941,194,4034,949
2215942,223,4059,971
2215943,252,4069,999
2215944,292,4072,1005
2215945,340,4075,985
2215946,368,4075,958
2215947,364,4077,961
2215948,333,4080,982
2215949,291,4079,994
2215950,266,4091,997
2215951,262,4108,1002
2215952,274,4113,1003
2215953,286,4107,991
2215954,290,4089,999
2215955,298,4070,1031
2215956,315,4060,1068
2215957,327,4054,1085
2215958,331,4041,1075
2215959,319,4034,1072
2215960,305,4037,1066
2215961,302,4033,1042
2215962,299,4025,1038
2215963,307,4026,1060
2215964,325,4023,1072
2215965,348,4008,1053
2215966,360,4003,1040
2215967,360,4007,1038
2215968,357,4010,1031
2215969,359,4008,1030
2215970,359,4005,1022
2215971,347,4008,993
2215972,343,4014,986
2215973,343,4019,985
2215974,328,4021,980
2215975,315,4028,982
2215976,316,4037,982
2215977,316,4035,956
2215978,309,4032,920
2215979,297,4039,909
2215980,283,4045,916
2215981,273,4045,920
2215982,270,4044,902
2215983,265,4046,876
2215984,257,4050,856
2215985,242,4047,831
2215986,217,4035,809
2215987,196,4039,805
2215988,200,4063,810
2215989,236,4081,809
2215990,288,4081,810
2215991,332,4073,812
2215992,352,4065,814
2215993,351,4065,815
2215994,346,4060,813
2215995,342,4048,811
2215996,333,4033,818
2215997,326,4020,833
2215998,329,4025,842
2215999,331,4034,841
2216000,320,4036,824
2216001,305,4044,802
2216002,294,4063,778
2216003,284,4075,743
2216004,271,4085,712
2216005,264,4092,700
2216006,273,4100,690
2216007,289,4110,668
2216008,300,4114,654
2216009,298,4114,645
2216010,292,4113,636
2216011,287,4106,645
2216012,274,4100,668
2216013,240,4093,704
2216014,236,4085,707
2216015,234,4082,716
2216016,233,4080,733
2216017,238,4085,745
2216018,244,4090,766
2216019,256,4092,794
2216020,271,4091,814
2216021,286,4082,816
2216022,295,4076,809
2216023,291,4081,810
2216024,282,4087,823
2216025,283,4086,845
2216026,290,4078,864
2216027,297,4075,884
2216028,305,4076,895
2216029,304,4080,895
2216030,297,4087,915
2216031,298,4092,941
2216032,296,4097,950
2216033,284,4101,950
