2478646,-31,4168,164
2478647,-25,4163,175
2478648,-22,4162,198
2478649,-20,4163,216
2478650,-15,4164,217
2478651,12,4162,211
2478652,48,4150,203
2478653,65,4136,219
2478654,47,4135,266
2478655,23,4149,298
2478656,24,4148,308
2478657,32,4142,305
2478658,38,4150,294
2478659,57,4150,274
2478660,85,4135,260
2478661,76,4128,267
2478662,76,4127,257
2478663,77,4130,231
2478664,65,4122,237
2478665,43,4115,285
2478666,21,4116,331
2478667,10,4119,348
2478668,11,4120,339
2478669,9,4124,331
2478670,1,4135,322
2478671,0,4138,307
2478672,2,4138,293
2478673,1,4140,279
2478674,6,4139,275
2478675,22,4133,273
2478676,41,4126,268
2478677,51,4131,270
2478678,60,4143,264
2478679,64,4143,260
2478680,52,4138,273
2478681,26,4132,298
2478682,0,4129,323
2478683,-1,4136,316
2478684,18,4139,292
2478685,32,4137,282
2478686,38,4143,289
2478687,45,4146,293
2478688,52,4147,270
2478689,53,4144,260
2478690,48,4138,282
2478691,33,4138,306
2478692,22,4130,313
2478693,20,4125,305
2478694,17,4129,303
2478695,15,4124,299
2478696,12,4119,285
2478697,13,4125,277
2478698,27,4130,275
2478699,40,4123,285
2478700,31,4127,286
2478701,16,4134,277
2478702,6,4133,276
2478703,5,4129,286
2478704,2,4126,294
2478705,-8,4128,297
2478706,-17,4128,292
2478707,-17,4124,281
2478708,-10,4128,269
2478709,-12,4137,249
2478710,-14,4140,232
2478711,-7,4138,230
2478712,-1,4134,244
2478713,-3,4127,273
2478714,-13,4130,281
2478715,-14,4135,253
2478716,2,4128,218
2478717,11,4109,205
2478718,8,4096,200
2478719,12,4097,186
2478720,27,4101,161
2478721,42,4100,125
2478722,43,4099,116
2478723,25,4108,125
2478724,7,4114,131
2478725,-11,4116,157
2478726,-38,4127,198
2478727,-58,4139,214
2478728,-63,4143,187
2478729,-55,4140,151
2478730,-45,4135,151
2478731,-49,4137,178
2478732,-52,4136,201
2478733,-47,4119,215
2478734,-45,4117,244
2478735,-44,4114,258
2478736,-28,4103,275
2478737,-6,4099,301
2478738,16,4101,315
2478739,50,4101,309
2478740,79,4100,287
2478741,92,4098,270
2478742,88,4092,282
2478743,64,4092,323
2478744,42,4101,356
2478745,49,4108,352
2478746,64,4115,322
2478747,53,4123,306
2478748,26,4129,330
2478749,13,4141,351
2478750,18,4150,344
2478751,22,4161,331
2478752,19,4169,321
2478753,18,4174,313
2478754,26,4184,308
2478755,36,4198,307
2478756,48,4210,301
2478757,52,4223,287
2478758,50,4234,293
2478759,49,4234,308
2478760,48,4229,320
2478761,45,4226,336
2478762,41,4223,340
2478763,43,4213,328
2478764,42,4208,327
2478765,41,4206,345
2478766,47,4198,355
2478767,63,4191,341
2478768,74,4183,309
2478769,66,4180,304
2478770,47,4184,354
2478771,64,4177,342
2478772,88,4173,320
2478773,98,4181,290
2478774,90,4178,265
2478775,73,4176,260
2478776,56,4181,282
2478777,34,4185,298
2478778,13,4189,279
2478779,13,4189,247
2478780,20,4186,211
2478781,13,4183,196
2478782,2,4181,195
2478783,-8,4181,196
2478784,-15,4179,200
2478785,-12,4180,207
2478786,-2,4184,192
2478787,4,4183,164
2478788,4,4175,165
2478789,-11,4163,186
2478790,-43,4157,221
2478791,-64,4161,240
2478792,-52,4165,218
2478793,-19,4161,180
2478794,6,4156,148
2478795,14,4150,121
2478796,18,4141,103
2478797,21,4140,100
2478798,15,4146,125
2478799,-11,4153,152
2478800,-32,4153,160
2478801,-32,4141,165
2478802,-33,4129,184
2478803,-52,4122,224
2478804,-71,4122,241
2478805,-66,4122,218
2478806,-39,4118,193
2478807,-14,4117,202
2478808,-18,4116,256
2478809,-26,4122,250
2478810,-18,4125,235
2478811,-6,4115,221
2478812,-10,4114,226
2478813,-19,4130,236
2478814,-22,4138,237
2478815,-23,4140,254
2478816,-27,4149,263
2478817,-21,4159,237
2478818,6,4154,191
2478819,27,4144,173
2478820,15,4154,187
2478821,-3,4162,197
2478822,-9,4167,207
2478823,-8,4184,204
2478824,3,4194,181
2478825,20,4190,149
2478826,21,4188,148
2478827,23,4192,174
2478828,34,4188,192
2478829,31,4183,206
2478830,22,4182,213
2478831,22,4175,208
2478832,23,4170,219
2478833,25,4174,237
2478834,28,4179,234
2478835,22,4179,220
2478836,12,4179,233
2478837,7,4189,255
2478838,22,4195,250
2478839,44,4177,236
2478840,46,4162,252
2478841,23,4170,297
2478842,14,4175,320
2478843,30,4169,310
2478844,48,4167,290
2478845,73,4165,271
2478846,94,4162,253
2478847,85,4162,242
2478848,62,4166,236
2478849,52,4162,219
2478850,42,4166,204
2478851,47,4173,184
2478852,57,4183,151
2478853,66,4186,128
2478854,59,4177,126
2478855,38,4167,126
2478856,29,4171,128
2478857,28,4179,131
2478858,18,4190,144
2478859,16,4193,141
2478860,31,4172,132
2478861,33,4156,145
2478862,9,4158,192
2478863,-14,4167,247
2478864,-13,4163,255
2478865,-3,4150,234
2478866,5,4147,215
2478867,7,4153,214
2478868,9,4150,238
2478869,10,4137,268
2478870,9,4128,278
2478871,16,4113,264
2478872,6,4103,264
2478873,-19,4104,304
2478874,-31,4100,342
2478875,-21,4097,340
2478876,1,4107,295
2478877,33,4113,254
2478878,47,4124,260
2478879,34,4139,276
2478880,33,4142,283
2478881,32,4142,282
2478882,20,4142,285
2478883,19,4135,283
2478884,16,4116,292
2478885,-6,4108,317
2478886,-31,4104,335
2478887,-50,4109,346
2478888,-43,4114,314
2478889,-6,4117,266
2478890,44,4131,239
2478891,83,4144,252
2478892,96,4152,280
2478893,94,4164,298
2478894,110,4164,280
2478895,132,4152,250
2478896,124,4148,248
2478897,104,4146,259
2478898,100,4130,271
2478899,92,4122,297
2478900,82,4122,316
2478901,80,4123,309
2478902,76,4112,319
2478903,65,4099,352
2478904,57,4097,390
2478905,61,4092,427
2478906,69,4086,439
2478907,68,4094,444
2478908,56,4106,438
2478909,47,4110,414
2478910,58,4122,372
2478911,73,4156,316
2478912,79,4226,278
2478913,87,4290,257
2478914,104,4273,223
2478915,118,4195,169
2478916,86,4122,169
2478917,27,4090,216
2478918,-10,4090,248
2478919,-27,4100,273
2478920,-49,4111,289
2478921,-59,4124,289
2478922,-38,4132,277
2478923,-2,4131,256
2478924,14,4129,273
2478925,8,4142,318
2478926,30,4161,331
2478927,114,4149,273
2478928,98,4153,295
2478929,87,4152,313
2478930,93,4144,313
2478931,81,4139,325
2478932,65,4137,345
2478933,66,4139,333
2478934,68,4142,306
2478935,66,4154,293
2478936,62,4168,290
2478937,58,4175,284
2478938,71,4176,275
2478939,93,4173,290
2478940,101,4163,328
2478941,96,4161,358
2478942,99,4155,363
2478943,113,4145,365
2478944,114,4146,389
2478945,103,4145,421
2478946,92,4142,432
2478947,97,4143,416
2478948,119,4140,375
2478949,134,4122,337
2478950,122,4114,354
2478951,97,4125,378
2478952,93,4127,383
2478953,97,4129,375
2478954,91,4146,340
2478955,92,4149,298
2478956,93,4144,270
2478957,71,4153,279
2478958,55,4164,285
2478959,70,4169,263
2478960,74,4171,249
2478961,48,4171,271
2478962,27,4183,291
2478963,35,4194,265
2478964,53,4193,230
2478965,55,4193,222
2478966,67,4201,228
2478967,92,4185,216
2478968,103,4174,219
2478969,97,4169,239
2478970,80,4163,249
2478971,62,4155,242
2478972,52,4149,249
2478973,45,4156,264
2478974,45,4172,247
2478975,68,4179,200
2478976,92,4175,169
2478977,81,4173,176
2478978,55,4178,188
2478979,48,4186,184
2478980,56,4185,179
2478981,65,4174,170
2478982,64,4166,162
2478983,57,4158,168
2478984,60,4150,182
2478985,66,4143,218
2478986,57,4150,255
2478987,44,4161,259
2478988,60,4152,239
2478989,80,4148,230
2478990,70,4146,247
2478991,52,4135,278
2478992,35,4128,303
2478993,22,4127,311
2478994,25,4126,306
2478995,36,4125,311
2478996,44,4119,325
2478997,46,4110,326
2478998,43,4115,315
2478999,42,4127,295
2479000,40,4135,279
2479001,27,4138,268
2479002,14,4132,271
2479003,6,4136,286
2479004,0,4143,293
2479005,7,4142,287
2479006,19,4136,303
2479007,27,4137,313
2479008,35,4134,321
2479009,31,4135,336
2479010,27,4147,341
2479011,42,4151,313
2479012,64,4148,289
2479013,65,4144,298
2479014,52,4150,324
2479015,55,4156,320
2479016,84,4154,292
2479017,104,4155,269
2479018,109,4163,267
2479019,118,4168,270
2479020,120,4168,270
2479021,119,4169,277
2479022,112,4167,279
2479023,100,4167,272
2479024,89,4176,255
2479025,90,4179,241
2479026,103,4172,228
2479027,104,4166,240
2479028,92,4173,283
2479029,99,4185,298
2479030,126,4184,263
2479031,131,4170,223
2479032,111,4169,223
2479033,102,4180,232
2479034,113,4179,216
2479035,131,4167,203
2479036,141,4166,224
2479037,145,4180,240
2479038,156,4178,216
2479039,165,4171,175
2479040,159,4168,150
2479041,153,4168,155
2479042,142,4174,179
2479043,117,4168,204
2479044,88,4158,219
2479045,51,4154,261
2479046,52,4147,246
2479047,54,4131,238
2479048,53,4115,261
2479049,42,4111,281
2479050,30,4120,286
2479051,25,4129,273
2479052,19,4136,264
2479053,8,4147,267
2479054,-1,4158,257
2479055,9,4150,219
2479056,21,4126,185
2479057,12,4120,179
2479058,-3,4131,179
2479059,2,4118,176
2479060,18,4096,170
2479061,12,4097,182
2479062,-10,4088,211
2479063,-23,4086,229
2479064,-26,4139,237
2479065,-25,4208,238
2479066,-14,4219,219
2479067,5,4160,214
2479068,-4,4089,251
2479069,-36,4057,299
2479070,-42,4050,318
2479071,-25,4049,309
2479072,-14,4054,298
2479073,-14,4068,296
2479074,-10,4086,305
2479075,0,4103,317
2479076,7,4117,313
2479077,25,4128,293
2479078,53,4135,269
2479079,79,4126,236
2479080,88,4117,217
2479081,78,4127,235
2479082,63,4137,257
2479083,61,4128,252
2479084,58,4125,248
2479085,76,4155,258
2479086,106,4166,239
2479087,119,4179,212
2479088,119,4186,217
2479089,114,4184,245
2479090,96,4179,262
2479091,83,4175,273
2479092,77,4176,283
2479093,77,4182,280
2479094,81,4185,276
2479095,86,4187,277
2479096,95,4191,282
2479097,104,4192,275
2479098,114,4188,251
2479099,124,4184,242
2479100,120,4180,253
2479101,109,4180,268
2479102,105,4181,268
2479103,105,4180,256
2479104,110,4185,241
2479105,119,4182,230
2479106,122,4179,220
2479107,114,4177,213
2479108,95,4168,223
2479109,87,4172,215
2479110,95,4182,188
2479111,110,4183,171
2479112,113,4182,171
2479113,103,4180,179
2479114,97,4174,186
2479115,96,4168,210
2479116,86,4168,240
2479117,80,4168,246
2479118,92,4168,231
2479119,105,4173,206
2479120,101,4179,196
2479121,90,4173,205
2479122,82,4157,221
2479123,78,4151,245
2479124,80,4152,252
2479125,76,4162,230
2479126,75,4169,215
2479127,63,4175,218
2479128,49,4184,220
2479129,48,4184,194
2479130,50,4176,162
2479131,55,4167,154
2479132,68,4155,161
2479133,79,4147,165
2479134,75,4146,176
2479135,52,4144,197
2479136,30,4143,214
2479137,25,4141,222
2479138,30,4140,212
2479139,30,4143,205
2479140,26,4147,224
2479141,20,4154,252
2479142,26,4155,274
2479143,41,4150,279
2479144,53,4147,276
2479145,71,4147,259
2479146,81,4138,249
2479147,74,4133,260
2479148,67,4144,260
2479149,70,4141,258
2479150,77,4132,265
2479151,85,4137,267
2479152,95,4136,257
2479153,85,4134,244
2479154,56,4144,247
2479155,40,4154,252
2479156,31,4159,242
2479157,20,4166,234
2479159,39,4161,186
2479160,41,4161,187
2479161,35,4176,195
2479162,38,4188,192
2479163,48,4195,173
2479164,56,4172,130
2479165,43,4172,136
2479166,37,4182,136
2479167,30,4183,125
2479168,22,4172,121
2479169,12,4162,124
2479170,3,4160,139
2479171,1,4156,167
2479172,-7,4145,205
2479173,-24,4139,249
2479174,-39,4146,275
2479175,-30,4155,278
2479176,-3,4159,271
2479177,10,4161,269
2479178,6,4165,274
2479179,8,4165,273
2479180,26,4170,244
2479181,57,4170,190
2479182,75,4166,148
2479183,67,4173,138
2479184,51,4182,156
2479185,28,4181,167
2479186,-3,4178,176
2479187,-30,4190,188
2479188,-43,4203,185
2479189,-40,4212,171
2479190,-31,4222,160
2479191,-33,4232,167
2479192,-34,4240,163
2479193,-19,4236,157
2479194,-5,4228,177
2479195,-5,4222,204
2479196,-9,4222,223
2479197,-5,4225,227
2479198,8,4220,237
2479199,19,4209,239
2479200,39,4199,227
2479201,50,4193,226
2479202,21,4185,257
2479203,21,4185,278
2479204,14,4187,294
2479205,2,4186,313
2479206,-2,4178,327
2479207,3,4175,338
2479208,11,4181,336
2479209,23,4183,319
2479210,33,4178,303
2479211,40,4179,302
2479212,47,4183,320
2479213,51,4174,335
2479214,55,4161,349
2479215,52,4155,376
2479216,46,4151,390
2479217,44,4148,379
2479218,38,4147,377
2479219,25,4156,395
2479220,26,4164,381
2479221,48,4156,324
2479222,72,4154,283
2479223,75,4166,270
2479224,68,4174,268
2479225,73,4172,262
2479226,73,4161,265
2479227,65,4146,289
2479228,59,4139,304
2479229,60,4141,288
2479230,73,4142,277
2479231,80,4149,281
2479232,66,4155,274
2479233,46,4146,269
2479234,37,4142,279
2479235,38,4145,284
2479236,38,4139,270
2479237,41,4117,282
2479238,40,4096,316
2479239,34,4084,326
2479240,30,4074,328
2479241,30,4076,361
2479242,44,4075,375
2479243,60,4068,374
2479244,69,4065,362
2479245,81,4070,364
2479246,90,4073,377
2479247,106,4078,370
2479248,116,4084,349
2479249,111,4090,322
2479250,100,4095,314
2479251,82,4092,322
2479252,70,4089,335
2479253,57,4084,348
2479254,46,4073,356
2479255,46,4063,363
2479256,47,4054,362
2479257,49,4051,355
2479258,55,4058,358
2479259,59,4063,367
2479260,52,4069,378
2479261,41,4075,401
2479262,40,4068,411
2479263,47,4062,407
2479264,56,4059,401
2479265,62,4062,397
2479266,63,4069,405
2479267,65,4070,419
2479268,64,4064,427
2479269,59,4053,426
2479270,52,4049,417
2479271,52,4048,401
2479272,66,4042,392
2479273,64,4036,404
2479274,37,4041,431
2479275,24,4051,424
2479276,29,4054,390
2479277,34,4056,374
2479278,24,4059,376
2479279,7,4066,399
2479280,8,4074,421
2479281,7,4093,448
2479282,16,4102,444
2479283,37,4105,428
2479284,57,4105,413
2479285,54,4107,414
2479286,45,4109,417
2479287,55,4107,423
2479288,71,4105,418
2479289,89,4107,391
2479290,118,4109,362
2479291,143,4112,324
2479292,139,4115,297
2479293,121,4114,299
2479294,109,4115,312
2479295,96,4118,325
2479296,85,4112,337
2479297,87,4102,347
2479298,92,4099,352
2479299,89,4110,350
2479300,82,4120,349
2479301,84,4123,352
2479302,103,4127,347
2479303,116,4132,344
2479304,106,4137,352
2479305,93,4144,365
2479306,98,4157,357
2479307,114,4168,339
2479308,119,4178,338
2479309,113,4191,340
2479310,112,4202,329
2479311,104,4212,332
2479312,82,4225,358
2479313,75,4243,360
2479314,98,4251,334
2479315,123,4243,322
2479317,126,4243,335
2479318,119,4257,352
2479319,133,4268,331
2479320,167,4259,292
2479321,172,4241,299
2479322,100,4233,404
2479323,86,4225,415
2479324,95,4215,407
2479325,105,4214,390
2479326,96,4212,378
2479327,90,4203,380
2479328,92,4203,382
2479329,93,4200,376
2479330,99,4193,359
2479331,106,4193,334
2479332,118,4194,299
2479333,126,4185,282
2479334,121,4176,294
2479335,99,4171,319
2479336,71,4168,334
2479337,58,4164,324
2479338,53,4155,302
2479339,51,4149,274
2479340,51,4141,256
2479341,41,4136,254
2479342,32,4137,250
2479343,31,4131,242
2479344,28,4115,249
2479345,22,4112,269
2479346,19,4126,280
2479347,30,4129,266
2479348,38,4125,238
2479349,30,4123,216
2479350,16,4127,197
2479351,8,4135,171
2479352,15,4132,156
2479353,26,4122,179
2479354,25,4118,239
2479355,11,4118,286
2479356,10,4114,294
2479357,31,4115,265
2479358,44,4116,229
2479359,38,4107,213
2479360,8,4106,228
2479361,-33,4126,277
2479362,-26,4136,308
2479363,10,4125,281
2479364,23,4119,251
2479365,14,4120,244
2479366,7,4137,246
2479367,16,4144,235
2479368,28,4134,237
2479369,26,4129,241
2479370,14,4130,240
2479371,9,4135,230
2479372,9,4131,218
2479373,6,4124,212
2479374,14,4122,191
2479375,34,4119,167
2479376,55,4112,166
2479377,67,4102,187
2479378,55,4106,220
2479379,28,4120,253
2479380,28,4125,281
2479381,46,4127,298
2479382,53,4120,298
2479383,62,4110,297
2479384,72,4116,298
2479385,68,4123,308
2479386,65,4123,324
2479387,80,4122,332
2479388,105,4118,323
2479389,113,4113,323
2479390,103,4122,333
2479391,107,4138,322
2479392,125,4137,307
2479393,140,4135,306
2479394,134,4146,312
2479395,120,4159,302
2479396,129,4160,283
2479397,135,4159,286
2479398,115,4164,305
2479399,83,4165,324
2479400,74,4177,302
2479401,86,4175,261
2479402,95,4172,233
2479403,96,4178,238
2479404,85,4191,262
2479405,78,4199,263
2479406,76,4188,273
2479407,73,4174,296
2479408,65,4167,326
2479409,67,4170,339
2479410,95,4165,336
2479411,119,4149,349
2479412,112,4143,372
2479413,89,4150,396
2479414,81,4148,401
2479415,89,4137,392
2479416,99,4130,370
2479417,104,4133,349
2479418,108,4145,338
2479419,113,4152,326
2479420,114,4153,316
2479421,101,4158,317
2479422,83,4164,319
2479423,89,4159,303
2479424,113,4146,277
2479425,130,4138,239
2479426,128,4142,221
2479427,109,4150,222
2479428,86,4157,223
2479429,77,4154,210
2479430,80,4140,187
2479431,82,4128,187
2479432,67,4129,201
2479433,50,4139,215
2479434,42,4138,236
2479435,38,4140,249
2479436,41,4145,238
2479437,60,4142,215
2479438,86,4139,207
2479439,95,4135,224
2479440,80,4142,239
2479441,66,4143,235
2479442,65,4140,241
2479443,46,4147,257
2479444,34,4158,267
2479445,52,4167,259
2479446,72,4170,251
2479447,70,4168,250
2479448,58,4173,267
2479449,46,4166,292
2479450,28,4160,309
2479451,22,4163,302
2479452,43,4154,273
2479453,70,4143,253
2479454,78,4154,256
2479455,78,4161,261
2479456,91,4154,244
2479457,104,4158,222
2479458,108,4162,212
2479459,99,4157,212
2479460,79,4160,222
2479461,57,4165,242
2479462,45,4161,263
2479463,48,4152,269
2479464,48,4156,275
2479465,48,4194,288
2479466,59,4195,323
2479467,83,4132,369
2479468,103,4109,393
2479469,115,4130,391
2479470,128,4134,376
2479471,135,4134,354
2479472,126,4154,329
2479473,121,4175,299
2479474,132,4169,271
2479475,117,4149,272
2479476,60,4130,308
2479477,-2,4127,337
2479478,-32,4147,351
2479479,2,4189,339
2479480,35,4192,289
2479481,60,4183,239
2479482,81,4170,215
2479483,101,4162,234
2479484,98,4167,267
2479485,92,4170,267
2479486,99,4155,241
2479487,84,4143,229
2479488,51,4145,254
2479489,31,4144,266
2479490,32,4130,268
2479491,34,4104,280
2479492,22,4108,307
2479493,7,4144,327
2479494,11,4163,310
2479495,37,4159,274
2479496,65,4148,244
2479497,76,4148,244
2479498,81,4159,254
2479499,97,4165,255
2479500,120,4164,249
2479501,128,4161,237
2479502,121,4159,244
2479503,118,4164,251
2479504,121,4162,245
2479505,115,4148,251
2479506,94,4146,279
2479507,72,4151,319
2479508,63,4143,352
2479509,64,4147,357
2479510,83,4156,333
2479511,122,4141,296
2479512,136,4134,286
2479513,109,4143,329
2479514,91,4144,359
2479515,111,4136,345
2479516,140,4135,303
2479517,158,4127,274
2479518,161,4117,276
2479519,149,4129,279
2479520,184,4137,237
2479521,204,4127,215
2479522,184,4132,252
2479523,147,4141,289
2479524,115,4141,309
2479525,87,4131,335
2479526,64,4130,362
2479527,56,4138,358
2479528,66,4139,329
2479529,83,4135,306
2479530,80,4133,299
2479531,72,4133,299
2479532,78,4134,286
2479533,81,4125,270
2479534,72,4115,274
2479535,60,4124,297
2479536,58,4131,314
2479537,60,4126,326
2479538,54,4134,337
2479539,41,4151,359
2479540,42,4158,380
2479541,56,4158,386
2479542,76,4155,374
2479543,96,4157,362
2479544,103,4164,366
2479545,93,4169,370
2479546,78,4167,366
2479547,78,4166,339
2479548,95,4165,299
2479549,115,4152,275
2479550,125,4150,262
2479551,136,4161,239
2479552,155,4153,224
2479553,161,4143,223
2479554,146,4143,236
2479555,123,4143,255
2479556,101,4141,249
2479557,94,4133,247
2479558,91,4127,273
2479559,70,4131,324
2479560,27,4131,379
2479561,36,4129,361
2479562,57,4126,325
2479563,72,4126,313
2479564,60,4140,311
2479565,41,4160,298
2479566,46,4159,279
2479567,59,4149,272
2479568,47,4157,279
2479569,29,4168,285
2479570,41,4174,270
2479571,69,4172,228
2479572,86,4170,209
2479573,76,4176,220
2479574,45,4175,238
2479575,14,4168,259
2479576,11,4169,269
2479577,27,4162,277
2479578,35,4149,292
2479579,41,4148,302
2479580,42,4149,306
2479581,26,4155,290
2479582,25,4162,265
2479583,55,4160,226
2479584,82,4157,186
2479585,81,4157,181
2479586,54,4166,210
2479587,22,4174,255
2479588,7,4176,283
2479589,-8,4186,289
2479590,-18,4186,260
2479591,1,4171,229
2479592,7,4166,243
2479593,-24,4170,271
2479594,-26,4173,281
2479595,10,4179,262
2479596,55,4174,213
2479597,108,4167,153
2479598,139,4170,131
2479599,114,4180,200
2479600,99,4174,224
2479601,67,4167,238
2479602,29,4166,247
2479603,14,4156,261
2479604,2,4153,288
2479605,-25,4145,298
2479606,-31,4144,306
2479607,-17,4152,307
2479608,7,4159,282
2479609,51,4160,241
2479610,79,4157,222
2479611,76,4161,233
2479612,72,4164,227
2479613,76,4162,216
2479614,62,4166,215
2479615,44,4172,202
2479616,55,4178,187
2479617,65,4184,176
2479618,70,4179,164
2479619,84,4176,160
2479620,82,4178,174
2479621,57,4179,217
2479622,28,4180,261
2479623,24,4179,260
2479624,49,4164,228
2479625,71,4149,227
2479626,70,4149,262
2479627,63,4166,279
2479628,71,4174,254
2479629,97,4161,226
2479630,114,4146,225
2479631,105,4129,249
2479632,68,4125,310
2479633,-1,4130,379
2479634,-39,4125,403
2479635,-23,4124,393
2479636,1,4126,375
2479637,19,4123,344
2479638,40,4118,242
2479639,65,4118,223
2479640,91,4127,256
2479641,85,4136,301
2479642,64,4134,300
2479643,58,4132,286
2479644,59,4130,274
2479645,71,4126,260
2479646,83,4131,279
2479647,51,4136,314
2479648,8,4127,328
2479649,8,4122,321
2479650,25,4120,317
2479651,39,4114,311
2479652,46,4111,307
2479653,41,4111,315
2479654,26,4107,313
2479655,9,4106,304
2479656,6,4105,276
2479657,7,4108,267
2479658,-20,4125,316
2479659,-51,4136,359
2479660,-35,4139,354
2479661,-1,4133,312
2479662,29,4111,256
2479663,59,4103,231
2479664,54,4121,245
2479665,25,4128,271
2479666,22,4129,296
2479667,31,4133,312
2479668,24,4127,314
2479669,16,4121,310
2479670,9,4118,319
2479671,1,4124,341
2479672,2,4138,336
2479673,28,4143,298
2479674,62,4139,253
2479675,57,4142,236
2479676,24,4147,253
2479677,-5,4142,299
2479678,-19,4137,306
2479679,-2,4127,274
2479680,31,4125,238
2479681,38,4137,237
2479682,25,4153,236
2479683,17,4161,218
2479684,17,4160,205
2479685,19,4158,194
2479686,12,4158,200
2479687,-7,4160,217
2479688,-23,4163,234
2479689,-27,4166,248
2479690,-16,4169,229
2479691,11,4163,204
2479692,31,4152,211
2479693,11,4155,241
2479694,-18,4165,260
2479695,-8,4167,265
2479696,27,4174,265
2479697,62,4184,246
2479698,101,4177,223
2479699,121,4173,235
2479700,105,4173,278
2479701,88,4170,304
2479702,96,4170,293
2479703,114,4162,248
2479704,119,4155,204
2479705,109,4160,178
2479706,86,4166,170
2479707,35,4166,194
2479708,-12,4160,241
2479709,-25,4156,292
2479710,-7,4154,310
2479711,29,4153,295
2479712,58,4161,285
2479713,80,4165,262
2479714,109,4153,229
2479715,128,4147,217
2479716,106,4152,235
2479717,63,4145,312
2479718,59,4137,317
2479719,62,4133,316
2479720,59,4130,316
2479721,47,4129,318
2479722,42,4131,333
2479723,43,4136,352
2479724,44,4145,362
2479725,43,4148,354
2479726,36,4143,345
2479727,21,4140,350
2479728,13,4144,356
2479729,16,4146,346
2479730,24,4144,344
2479731,32,4139,349
2479732,53,4135,348
2479733,74,4135,368
2479734,65,4142,390
2479735,61,4149,371
2479736,94,4145,315
2479737,114,4136,262
2479738,98,4129,222
2479739,74,4128,204
2479740,39,4139,218
2479741,8,4151,224
2479742,2,4154,225
2479743,-3,4166,244
2479744,-17,4176,259
2479745,-14,4168,266
2479746,8,4157,278
2479747,34,4154,285
2479748,64,4157,280
2479749,81,4152,276
2479750,90,4141,293
2479751,87,4141,326
2479752,73,4138,346
2479753,68,4135,345
2479754,72,4137,322
2479755,82,4128,288
2479756,82,4127,276
2479757,8,4145,363
2479758,-6,4142,369
2479759,17,4143,342
2479760,57,4139,285
2479761,104,4127,236
2479762,127,4129,235
2479763,92,4138,279
2479764,41,4142,343
2479765,12,4139,380
2479766,6,4123,383
2479767,23,4109,380
2479768,52,4108,379
2479769,82,4109,370
2479770,103,4112,365
2479771,104,4113,366
2479772,96,4113,364
2479773,93,4120,373
2479774,83,4130,376
2479775,73,4129,343
2479776,81,4120,302
2479777,79,4115,303
2479778,54,4114,339
2479779,34,4117,371
2479780,33,4120,372
2479781,33,4118,365
2479782,15,4116,377
2479783,3,4114,395
2479784,4,4127,412
2479785,7,4147,406
2479786,36,4149,366
2479787,72,4145,327
2479788,79,4143,307
2479789,83,4144,295
2479790,102,4154,289
2479791,99,4159,295
2479792,91,4152,288
2479793,101,4147,274
2479794,87,4145,280
2479795,62,4149,293
2479796,58,4159,288
2479797,90,4164,236
2479798,107,4160,210
2479799,102,4161,226
2479800,64,4165,276
2479801,41,4165,302
2479802,57,4159,299
2479803,75,4156,289
2479804,80,4153,286
2479805,81,4154,296
2479806,77,4165,307
2479807,80,4171,297
2479808,106,4169,265
2479809,129,4169,246
2479810,127,4170,245
2479811,109,4171,240
2479812,79,4174,251
2479813,53,4172,276
2479814,51,4168,282
2479815,62,4161,278
2479816,62,4148,263
2479817,54,4143,245
2479818,34,4153,247
2479819,18,4165,258
2479820,27,4165,272
2479821,40,4161,269
2479822,52,4152,246
2479823,59,4152,251
2479824,32,4159,286
2479825,-12,4157,312
2479826,-13,4158,305
2479827,22,4149,259
2479828,41,4139,223
2479829,29,4138,221
2479830,2,4132,241
2479831,-21,4134,275
2479832,-19,4138,300
2479833,8,4143,312
2479834,34,4145,320
2479835,50,4137,317
2479836,67,4120,303
2479837,60,4120,305
2479838,44,4122,297
2479839,47,4128,271
2479840,38,4140,246
2479841,19,4150,231
2479842,26,4164,213
2479843,41,4171,207
2479844,40,4174,217
2479845,34,4179,231
2479846,22,4182,267
2479847,-2,4186,310
2479848,-10,4187,315
2479849,12,4187,290
2479850,45,4187,251
2479851,65,4181,216
2479852,80,4184,206
2479853,93,4193,231
2479854,95,4200,264
2479855,98,4193,270
2479856,109,4180,261
2479857,110,4169,246
2479858,104,4165,226
2479859,102,4168,212
2479860,108,4161,199
2479861,107,4152,205
2479862,91,4154,234
2479863,80,4162,261
2479864,64,4166,276
2479865,42,4169,281
2479866,35,4165,271
2479867,32,4150,268
2479868,13,4143,288
2479869,6,4148,300
2479870,23,4159,297
2479871,38,4166,290
2479872,54,4159,278
2479873,82,4149,274
2479874,81,4158,300
2479875,44,4165,325
2479876,7,4158,369
2479877,5,4157,358
2479878,40,4150,335
2479879,59,4162,343
2479880,45,4166,344
2479881,73,4152,302
2479882,123,4147,261
2479883,117,4151,273
2479884,93,4147,289
2479885,84,4142,283
2479886,70,4143,294
2479887,52,4145,323
2479888,30,4145,347
2479889,13,4140,346
2479890,19,4127,312
2479891,37,4119,285
2479892,32,4124,306
2479893,7,4125,337
2479894,10,4122,351
2479895,41,4115,346
2479896,73,4101,317
2479897,91,4100,294
2479898,87,4107,279
2479899,80,4117,253
2479900,77,4125,227
2479901,57,4126,224
2479902,28,4130,246
2479903,1,4143,291
2479904,-20,4158,340
2479905,-17,4160,347
2479906,2,4152,333
2479907,11,4134,343
2479908,24,4105,340
2479909,82,4095,309
2479910,148,4111,288
2479911,157,4134,276
2479912,116,4155,265
2479913,63,4178,235
2479914,19,4200,188
2479915,-7,4202,124
2479916,-4,4167,-16
2479917,-18,4164,-23
2479918,-34,4167,2
2479919,-28,4171,10
2479920,-10,4170,8
2479921,-17,4170,29
2479922,-42,4183,71
2479923,-64,4207,124
2479924,-70,4223,172
2479925,-53,4218,210
2479926,-28,4207,251
2479927,-6,4200,288
2479928,17,4197,316
2479929,33,4202,342
2479930,41,4208,359
2479931,59,4201,355
2479932,91,4186,328
2479933,110,4172,298
2479934,90,4153,314
2479935,45,4149,380
2479936,-2,4149,427
2479937,-34,4144,419
2479938,-46,4143,395
2479939,-49,4142,398
2479940,-41,4152,391
2479941,-12,4169,352
2479942,17,4176,331
2479943,21,4174,341
2479944,17,4176,357
2479945,50,4197,331
2479946,59,4205,313
2479947,74,4201,288
2479948,81,4191,270
2479949,69,4188,264
2479950,49,4183,255
2479951,36,4175,252
2479952,32,4172,255
2479953,20,4169,269
2479954,2,4161,292
2479955,-20,4150,305
2479956,-37,4146,305
2479957,-33,4147,302
2479958,-24,4146,308
2479959,-13,4151,315
2479960,8,4162,304
2479961,32,4157,281
2479962,41,4151,289
2479963,39,4156,309
2479964,49,4158,318
2479965,65,4157,325
2479966,82,4159,330
2479967,102,4159,334
2479968,112,4152,335
2479969,97,4145,343
2479970,80,4141,341
2479971,81,4141,324
2479972,80,4139,315
2479973,69,4125,313
2479974,58,4114,331
2479975,46,4102,368
2479976,16,4079,434
2479977,22,4072,442
2479978,49,4057,411
2479979,71,4053,392
2479980,76,4051,388
2479981,93,4047,381
2479982,105,4045,382
2479983,99,4045,411
2479984,97,4052,442
2479985,96,4054,441
2479986,92,4052,412
2479987,90,4047,374
2479988,86,4040,365
2479989,65,4043,395
2479990,37,4056,409
2479991,22,4064,392
2479992,23,4059,381
2479993,7,4054,392
2479994,-21,4062,417
2479995,-28,4069,422
2479996,-25,4067,410
2479997,-12,4063,384
2479998,27,4055,343
2479999,56,4060,319
2480000,47,4077,330
2480001,28,4097,346
2480002,30,4107,335
2480003,55,4110,306
2480004,71,4120,278
2480005,68,4126,266
2480006,51,4128,257
2480007,30,4127,246
2480008,19,4132,248
2480009,4,4136,266
2480010,-7,4138,271
2480011,17,4141,245
2480012,39,4142,227
2480013,33,4141,245
2480014,28,4143,273
2480015,57,4147,258
2480016,84,4143,226
2480017,101,4152,228
2480018,91,4167,258
2480019,79,4174,280
2480020,78,4181,291
2480021,73,4184,281
2480022,68,4180,265
2480023,56,4189,294
2480024,44,4197,339
2480025,63,4196,350
2480026,98,4196,336
2480027,113,4193,329
2480028,112,4190,339
2480029,102,4188,360
2480030,80,4180,390
2480031,63,4172,412
2480032,67,4166,421
2480033,80,4165,417
2480034,95,4167,402
2480035,115,4164,386
2480036,125,4151,383
2480037,115,4149,387
2480038,99,4148,384
2480039,90,4140,394
2480040,86,4134,407
2480041,85,4127,403
2480042,94,4118,398
2480043,94,4111,401
2480044,87,4111,400
2480045,87,4116,387
2480046,89,4119,358
2480047,83,4116,340
2480048,71,4111,348
2480049,57,4121,360
2480050,36,4154,360
2480051,29,4178,346
2480052,43,4187,332
2480053,68,4184,317
2480054,120,4168,284
2480055,122,4154,269
2480056,120,4140,256
2480057,119,4143,261
2480058,99,4144,280
2480059,76,4139,293
2480060,68,4143,306
2480061,67,4141,320
2480062,80,4128,313
2480063,102,4128,291
2480064,112,4139,288
2480065,97,4147,297
2480066,81,4152,301
2480067,73,4154,301
2480068,64,4155,307
2480069,55,4162,324
2480070,48,4169,326
2480071,50,4169,313
2480072,51,4163,299
2480073,46,4129,284
2480074,59,4091,281
2480075,82,4136,262
2480076,88,4276,193
2480077,75,4414,104
2480078,51,4461,37
2480079,25,4396,6
2480080,21,4269,15
2480081,41,4144,36
2480083,76,4049,58
2480084,100,4003,101
2480084,87,4007,161
2480085,50,4047,230
2480086,-2,4100,292
2480088,-56,4134,349
2480089,-88,4140,407
2480090,-89,4142,443
2480091,-64,4143,462
2480092,-7,4142,534
2480093,28,4153,536
2480094,70,4157,511
2480095,102,4158,482
2480096,118,4159,445
2480097,123,4169,424
2480098,113,4185,409
2480099,95,4190,369
2480100,66,4198,324
2480101,19,4207,310
2480102,-25,4216,303
2480103,-43,4220,255
2480104,-32,4213,186
2480105,-8,4202,133
2480106,3,4199,118
2480107,9,4196,125
2480108,31,4183,120
2480109,63,4164,121
2480110,83,4142,143
2480111,86,4128,178
2480112,81,4129,209
2480113,73,4132,233
2480114,67,4139,278
2480115,55,4153,333
2480116,49,4164,376
2480117,57,4172,421
2480118,54,4188,486
2480119,47,4198,510
2480120,76,4203,449
2480121,107,4207,369
2480122,96,4206,321
2480123,57,4209,299
2480124,7,4207,279
2480125,-29,4201,263
2480126,-52,4195,258
2480127,-68,4180,264
2480128,-79,4169,293
2480129,-94,4168,363
2480130,-40,4169,340
2480131,22,4156,296
2480132,49,4140,293
2480133,39,4133,332
2480134,30,4138,363
2480135,47,4149,341
2480136,81,4147,288
2480137,101,4135,266
2480138,82,4132,286
2480139,40,4139,313
2480140,21,4144,319
2480141,34,4133,302
2480142,37,4114,282
2480143,17,4101,296
2480144,-13,4100,333
2480145,-39,4098,349
2480146,-40,4095,363
2480147,-29,4094,374
2480148,-5,4081,341
2480149,23,4063,302
2480150,27,4062,309
2480151,24,4065,320
2480152,37,4068,324
2480153,52,4074,339
2480154,65,4063,361
2480155,89,4038,370
2480156,119,4023,349
2480157,149,4028,312
2480158,165,4050,282
2480159,156,4071,258
2480160,129,4081,228
2480161,87,4096,209
2480162,31,4109,208
2480163,-9,4115,219
2480164,-21,4121,236
2480165,-28,4117,250
2480166,-30,4104,265
2480167,-37,4102,287
2480168,-46,4137,326
2480169,-23,4148,334
2480170,11,4151,332
2480171,40,4157,333
2480172,47,4159,379
2480173,42,4162,448
2480174,54,4159,469
2480175,86,4148,445
2480176,101,4138,432
2480177,80,4131,462
2480178,57,4134,490
2480179,64,4144,474
2480180,94,4136,437
2480181,118,4127,410
2480182,110,4125,407
2480183,78,4120,431
2480184,49,4127,473
2480185,39,4131,479
2480186,59,4111,440
2480187,70,4101,431
2480188,38,4108,440
2480189,22,4112,441
2480190,29,4114,441
2480191,11,4117,434
2480192,8,4118,404
2480193,46,4115,362
2480194,60,4111,359
2480195,33,4113,398
2480196,24,4118,430
2480197,50,4127,410
2480198,76,4118,361
2480199,96,4098,344
2480200,101,4093,366
2480201,75,4091,397
2480202,54,4090,418
2480203,49,4090,434
2480204,31,4090,462
2480205,15,4085,481
2480206,33,4091,468
2480207,68,4114,426
2480208,127,4130,296
2480209,147,4137,270
2480210,119,4152,294
2480211,77,4170,311
2480212,70,4182,294
2480213,74,4172,278
2480214,49,4171,279
2480215,19,4175,284
2480216,11,4165,297
2480217,5,4161,310
2480218,16,4159,289
2480219,71,4161,248
2480220,118,4161,222
2480221,116,4153,226
2480222,89,4152,260
2480223,66,4154,294
2480224,60,4155,305
2480225,72,4151,294
2480226,79,4135,275
2480227,80,4124,271
2480228,70,4123,303
2480229,30,4133,356
2480230,-10,4145,389
2480231,-21,4162,377
2480232,8,4175,323
2480233,63,4166,274
2480234,83,4161,261
2480235,65,4167,275
2480236,53,4178,297
2480237,53,4176,309
2480238,39,4168,323
2480239,16,4170,323
2480240,20,4169,274
2480241,50,4173,214
2480242,67,4178,192
2480243,60,4178,204
2480244,56,4184,204
2480245,69,4174,186
2480246,82,4159,199
2480247,65,4152,234
2480248,14,4144,281
2480249,-7,4134,317
2480250,-42,4137,374
2480251,-45,4146,361
2480252,19,4147,275
2480253,105,4150,182
2480254,151,4154,132
2480255,159,4161,143
2480256,150,4174,172
2480257,130,4179,200
2480258,109,4167,234
2480259,77,4151,263
2480260,38,4146,270
2480261,30,4142,254
2480262,45,4132,241
2480263,48,4125,252
2480264,25,4125,290
2480265,13,4131,318
2480266,45,4132,294
2480267,89,4128,244
2480268,103,4122,221
2480269,74,4122,245
2480270,37,4125,294
2480271,19,4135,334
2480272,21,4144,351
2480273,43,4141,337
2480274,81,4134,316
2480275,97,4138,325
2480276,65,4144,354
2480277,40,4149,372
2480278,54,4152,353
2480279,77,4147,321
2480280,90,4147,336
2480281,98,4152,357
2480282,115,4154,337
2480283,144,4158,308
2480284,153,4163,295
2480285,138,4168,307
2480286,118,4180,323
2480287,105,4175,316
2480288,84,4170,355
2480289,47,4173,402
2480290,21,4177,432
2480291,15,4181,440
2480292,25,4179,425
2480293,52,4171,390
2480294,86,4180,360
2480295,87,4215,366
2480296,67,4226,400
2480297,83,4173,423
2480298,132,4104,405
2480299,174,4079,377
2480300,190,4103,367
2480301,190,4145,370
2480302,183,4169,370
2480303,164,4172,364
2480304,131,4164,376
2480305,89,4148,380
2480306,66,4126,361
2480307,65,4114,330
2480308,52,4126,304
2480309,33,4147,301
2480310,33,4169,303
2480311,52,4179,299
2480312,73,4166,306
2480313,75,4145,313
2480314,48,4134,311
2480315,10,4127,303
2480316,-17,4122,281
2480317,-22,4117,258
2480318,-15,4114,257
2480319,-8,4124,269
2480320,19,4133,265
2480321,56,4131,245
2480322,69,4125,244
2480323,48,4128,279
2480324,20,4139,321
2480325,-3,4134,332
2480326,-4,4113,330
2480327,-14,4105,384
2480328,-25,4112,398
2480329,-4,4122,357
2480330,39,4117,289
2480331,73,4110,257
2480332,70,4103,276
2480333,39,4101,323
2480334,11,4104,360
2480335,-2,4105,387
2480336,0,4103,395
2480337,6,4097,381
2480338,6,4094,374
2480339,3,4089,371
2480340,12,4094,358
2480341,37,4102,330
2480342,50,4103,316
2480343,44,4103,325
2480344,47,4099,333
2480345,57,4101,329
2480346,62,4109,306
2480347,82,4110,265
2480348,112,4105,232
2480349,120,4107,225
2480350,114,4109,221
2480351,112,4099,220
2480352,97,4096,249
2480353,65,4099,287
2480354,45,4097,320
2480355,52,4100,335
2480356,70,4111,303
2480357,94,4121,258
2480358,123,4124,228
2480359,131,4123,223
2480360,112,4127,252
2480361,88,4138,287
2480362,66,4149,301
2480363,58,4156,293
2480364,69,4152,287
2480365,76,4146,291
2480366,69,4153,310
2480367,89,4167,358
2480368,103,4171,356
2480369,103,4169,368
2480370,92,4169,402
2480371,75,4178,420
2480372,65,4187,426
2480373,67,4185,430
2480374,76,4179,431
2480375,73,4173,447
2480376,60,4173,477
2480377,64,4178,491
2480378,74,4178,490
2480379,80,4174,486
2480380,88,4166,492
2480381,87,4161,519
2480382,70,4167,536
2480383,63,4164,515
2480384,91,4146,475
2480385,124,4145,441
2480386,132,4160,429
2480387,141,4175,426
2480388,165,4179,411
2480389,184,4174,402
2480390,190,4172,398
2480391,184,4176,404
2480392,166,4173,430
2480393,141,4161,461
2480394,118,4144,486
2480395,114,4136,490
2480396,126,4137,469
2480397,147,4138,439
2480398,165,4157,397
2480399,177,4175,349
2480400,178,4173,317
2480401,164,4172,296
2480402,146,4157,298
2480403,116,4146,323
2480404,80,4153,333
2480405,73,4141,298
2480406,90,4123,251
2480407,86,4131,248
2480408,62,4151,285
2480409,42,4165,299
2480410,36,4164,320
2480411,36,4160,325
2480412,58,4151,330
2480413,91,4145,346
2480414,100,4150,355
2480415,93,4154,364
2480416,101,4136,378
2480417,115,4116,404
2480418,115,4122,418
2480419,113,4138,418
2480420,116,4162,402
2480421,121,4170,380
2480422,114,4155,372
2480423,77,4132,393
2480424,34,4117,422
2480425,15,4110,415
2480426,10,4098,395
2480427,-6,4092,405
2480428,-31,4109,421
2480429,-42,4124,416
2480430,-19,4126,400
2480431,18,4132,373
2480432,50,4136,351
2480433,80,4128,329
2480434,105,4126,323
2480435,119,4141,338
2480436,126,4152,337
2480437,138,4147,320
2480438,151,4144,303
2480439,150,4150,290
2480440,140,4147,297
2480441,125,4137,318
2480442,108,4141,341
2480443,95,4141,356
2480444,82,4130,364
2480445,65,4127,398
2480446,47,4142,428
2480447,81,4163,404
2480448,112,4160,372
2480449,116,4152,368
2480450,101,4158,375
2480451,105,4170,360
2480452,145,4166,325
2480453,174,4158,294
2480454,160,4160,303
2480455,126,4169,341
2480456,105,4164,382
2480457,103,4148,411
2480458,113,4147,418
2480459,127,4147,407
2480460,144,4145,390
2480461,154,4153,393
2480462,154,4158,412
2480463,158,4153,429
2480464,161,4150,442
2480465,163,4154,440
2480466,161,4158,426
2480467,172,4155,416
2480468,181,4154,408
2480469,174,4164,391
2480470,175,4176,365
2480471,186,4176,351
2480472,188,4170,352
2480473,180,4162,371
2480474,163,4148,403
2480475,137,4132,436
2480476,114,4127,471
2480477,106,4137,478
2480478,118,4134,454
2480479,136,4120,419
2480480,151,4115,394
2480481,165,4113,382
2480482,172,4110,380
2480483,167,4108,394
2480484,169,4118,397
2480485,178,4127,398
2480486,178,4127,407
2480487,161,4127,407
2480488,138,4132,403
2480489,161,4137,362
2480490,157,4131,353
2480491,126,4140,360
2480492,96,4147,372
2480493,90,4144,378
2480494,104,4144,374
2480495,123,4136,363
2480496,137,4127,349
2480497,134,4126,355
2480498,116,4130,364
2480499,99,4125,364
2480500,94,4113,361
2480501,86,4104,364
2480502,75,4106,354
2480503,67,4109,350
2480504,54,4107,376
2480505,40,4114,411
2480506,32,4124,422
2480507,45,4133,372
2480508,83,4139,296
2480509,120,4137,243
2480510,123,4136,219
2480511,105,4151,220
2480512,87,4165,238
2480513,67,4177,257
2480514,60,4180,251
2480515,63,4171,209
2480516,53,4193,151
2480517,36,4238,107
2480518,25,4278,94
2480519,10,4309,99
2480520,-4,4315,97
2480521,-5,4273,101
2480522,7,4210,100
2480523,15,4163,80
2480524,15,4138,80
2480525,8,4132,107
2480526,-22,4141,207
2480527,-16,4156,226
2480528,2,4169,222
2480529,24,4157,210
2480530,33,4148,220
2480531,25,4155,257
2480532,26,4152,300
2480533,44,4146,345
2480534,57,4149,370
2480535,64,4137,392
2480536,65,4133,405
2480537,59,4142,408
2480538,66,4144,406
2480539,88,4145,390
2480540,97,4142,377
2480541,89,4136,382
2480542,81,4140,398
2480543,77,4150,389
2480544,73,4160,347
2480545,70,4162,296
2480546,73,4151,266
2480547,63,4138,249
2480548,46,4144,241
2480549,52,4169,255
2480550,57,4191,284
2480551,41,4209,296
2480552,32,4218,281
2480553,55,4209,258
2480554,78,4204,249
2480555,83,4215,256
2480556,97,4220,244
2480557,128,4215,235
2480558,142,4210,256
2480559,132,4209,279
2480560,128,4203,290
2480561,138,4192,296
2480562,155,4191,291
2480563,163,4197,272
2480564,157,4193,262
2480565,151,4183,261
2480566,145,4181,275
2480567,103,4196,280
2480568,110,4183,261
2480569,116,4166,257
2480570,102,4167,281
2480571,85,4160,324
2480572,79,4145,361
2480573,75,4140,384
2480574,71,4136,398
2480575,68,4138,397
2480576,80,4135,382
2480577,108,4114,372
2480578,117,4104,382
2480579,90,4115,410
2480580,65,4128,419
2480581,73,4122,382
2480582,90,4100,360
2480583,81,4088,379
2480584,45,4100,416
2480585,21,4121,413
2480586,30,4126,365
2480587,51,4120,317
2480588,65,4123,288
2480589,71,4124,283
2480590,68,4122,286
2480591,55,4123,311
2480592,35,4133,334
2480593,15,4141,346
2480594,3,4142,356
2480595,1,4143,379
2480596,9,4140,399
2480597,22,4133,427
2480598,37,4137,449
2480599,50,4144,444
2480600,61,4143,434
2480601,73,4138,413
2480602,76,4123,401
2480603,66,4107,404
2480604,34,4108,431
2480605,8,4113,459
2480606,32,4120,429
2480607,58,4109,398
2480608,75,4105,364
2480609,86,4101,347
2480610,88,4099,350
2480611,76,4102,353
2480612,64,4101,357
2480613,60,4098,342
2480614,66,4097,315
2480615,73,4093,279
2480616,78,4085,242
2480617,78,4082,219
2480618,65,4085,213
2480619,44,4091,226
2480620,25,4095,242
2480621,20,4091,269
2480622,19,4093,293
2480623,21,4100,285
2480624,32,4104,269
2480625,30,4109,259
2480626,14,4117,259
2480627,8,4119,255
2480628,20,4118,252
2480629,30,4124,270
2480630,21,4130,294
2480631,-1,4132,320
2480632,-14,4143,348
2480633,-15,4160,357
2480634,-3,4166,361
2480635,21,4166,361
2480636,36,4174,346
2480637,55,4178,348
2480638,67,4169,374
2480639,63,4167,412
2480640,68,4174,434
2480641,90,4165,432
2480642,99,4144,412
2480643,87,4137,395
2480644,75,4143,391
2480645,81,4150,412
2480646,77,4147,416
2480647,75,4133,411
2480648,86,4121,398
2480649,91,4119,409
2480650,81,4118,424
2480651,71,4115,431
2480652,71,4118,425
2480653,80,4123,422
2480654,74,4134,435
2480655,62,4143,444
2480656,79,4141,431
2480657,95,4140,407
2480658,78,4140,410
2480659,66,4141,415
2480660,69,4143,413
2480661,66,4146,402
2480662,56,4149,393
2480663,46,4153,395
2480664,43,4158,399
2480665,44,4151,408
2480666,44,4138,416
2480667,42,4136,417
2480668,52,4138,413
2480669,82,4137,391
2480670,113,4139,371
2480671,137,4142,363
2480672,146,4147,348
2480673,149,4152,351
2480674,154,4153,365
2480675,152,4150,373
2480676,136,4148,377
2480677,119,4155,388
2480678,107,4156,402
2480679,91,4142,419
2480680,77,4136,441
2480681,70,4141,460
2480682,72,4148,466
2480683,85,4153,453
2480684,103,4149,430
2480685,124,4125,403
2480686,105,4131,417
2480687,92,4145,411
2480688,98,4149,386
2480689,107,4140,362
2480690,101,4132,350
2480691,85,4130,358
2480692,64,4139,378
2480693,52,4153,386
2480694,59,4152,373
2480695,69,4145,341
2480696,64,4142,311
2480697,48,4142,319
2480698,32,4148,350
2480699,33,4155,360
2480700,56,4143,343
2480701,70,4128,334
2480702,46,4126,370
2480703,17,4132,413
2480704,18,4137,414
2480705,37,4134,382
2480706,50,4130,353
2480707,49,4126,359
2480708,40,4127,387
2480709,21,4136,406
2480710,10,4146,409
2480711,19,4154,404
2480712,32,4157,395
2480713,40,4156,387
2480714,46,4158,373
2480715,61,4158,347
2480716,90,4151,314
2480717,117,4146,279
2480718,125,4149,272
2480719,114,4153,291
2480720,90,4148,328
2480721,58,4144,378
2480722,32,4138,414
2480723,26,4123,426
2480724,34,4112,430
2480725,50,4101,430
2480726,53,4100,423
2480727,54,4106,419
2480728,42,4126,420
2480729,41,4137,420
2480730,52,4138,421
2480731,56,4137,416
2480732,63,4126,403
2480733,73,4121,399
2480734,70,4124,398
2480735,66,4127,404
2480736,63,4132,407
2480737,57,4134,405
2480738,58,4129,399
2480739,66,4121,403
2480740,77,4122,407
2480741,82,4124,388
2480742,92,4120,350
2480743,119,4114,329
2480744,140,4108,332
2480745,148,4109,343
2480746,147,4112,370
2480747,130,4111,402
2480748,113,4112,422
2480749,107,4109,438
2480750,103,4109,453
2480751,99,4111,463
2480752,105,4110,461
2480753,106,4100,457
2480754,93,4101,471
2480755,87,4112,483
2480756,100,4113,479
2480757,110,4109,466
2480758,104,4106,460
2480759,93,4116,459
2480760,92,4127,440
2480761,103,4122,405
2480762,112,4117,387
2480763,112,4118,394
2480764,117,4112,395
2480765,123,4117,401
2480766,120,4122,402
2480767,111,4125,385
2480768,106,4127,365
2480769,111,4131,355
2480770,120,4132,353
2480771,118,4140,353
2480772,108,4155,347
2480773,112,4153,338
2480774,117,4149,329
2480775,107,4151,329
2480776,96,4151,332
2480777,92,4155,327
2480778,97,4163,311
2480779,102,4167,300
2480780,99,4170,299
2480781,101,4170,298
2480782,107,4167,295
2480783,105,4163,304
2480784,98,4159,329
2480785,100,4156,341
2480786,106,4154,330
2480787,114,4155,325
2480788,120,4150,338
2480789,110,4148,356
2480790,97,4144,375
2480791,96,4140,386
2480792,92,4138,393
2480793,76,4133,409
2480794,62,4135,428
2480795,56,4143,439
2480796,53,4148,440
2480797,46,4146,451
2480798,44,4147,466
2480799,53,4149,458
2480800,65,4142,444
2480801,80,4136,426
2480802,112,4132,401
2480803,156,4123,382
2480804,200,4134,366
2480805,196,4149,363
2480806,176,4170,332
2480807,156,4193,283
2480808,129,4199,248
2480809,86,4188,251
2480810,43,4183,256
2480811,13,4176,244
2480812,4,4156,239
2480813,7,4139,258
2480814,-3,4139,300
2480815,-16,4148,340
2480816,-23,4153,372
2480817,-21,4155,387
2480818,-7,4151,392
2480819,9,4149,397
2480820,18,4149,408
2480821,33,4142,426
2480822,63,4137,446
2480823,96,4138,471
2480824,117,4134,493
2480825,131,4127,505
2480826,146,4120,510
2480827,149,4118,510
2480828,141,4124,494
2480829,144,4132,462
2480830,153,4133,429
2480831,151,4129,417
2480832,135,4130,424
2480833,113,4135,428
2480834,92,4136,428
2480835,75,4136,422
2480836,71,4136,398
2480837,79,4119,364
2480838,78,4109,360
2480839,46,4121,388
2480840,12,4134,412
2480841,4,4130,400
2480842,12,4117,381
2480843,12,4112,383
2480844,10,4132,432
2480845,24,4157,437
2480846,46,4181,423
2480847,73,4197,405
2480848,94,4211,379
2480849,107,4227,359
2480850,125,4241,335
2480851,151,4249,292
2480852,179,4248,260
2480853,199,4234,253
2480854,194,4222,255
2480855,177,4209,252
2480856,170,4188,247
2480857,166,4171,256
2480858,152,4156,275
2480859,136,4145,288
2480860,138,4145,293
2480861,152,4148,299
2480862,159,4150,306
2480863,148,4155,313
2480864,122,4153,312
2480865,106,4148,308
2480866,105,4144,317
2480867,101,4141,339
2480868,93,4144,369
2480869,91,4150,393
2480870,94,4154,402
2480871,107,4154,406
2480872,120,4155,415
2480873,121,4162,419
2480874,117,4163,407
2480875,114,4158,378
2480876,103,4154,354
2480877,92,4152,355
2480878,100,4152,364
2480879,118,4151,373
2480880,131,4150,392
2480881,135,4152,408
2480882,132,4152,415
2480883,130,4147,418
2480884,120,4148,418
2480885,105,4145,441
2480886,73,4143,504
2480887,70,4145,511
2480888,94,4145,497
2480889,120,4152,470
2480890,132,4164,435
2480891,131,4168,408
2480892,119,4161,408
2480893,116,4159,411
2480894,123,4157,412
2480895,129,4147,406
2480896,115,4141,398
2480897,89,4142,399
2480898,75,4144,395
2480899,73,4143,389
2480900,72,4144,382
2480901,67,4146,365
2480902,73,4141,344
2480903,76,4130,338
2480904,63,4129,345
2480905,48,4141,337
2480906,44,4145,326
2480907,54,4148,320
2480908,60,4157,318
2480909,52,4168,329
2480910,43,4178,339
2480911,41,4178,327
2480912,43,4174,315
2480913,32,4177,313
2480914,13,4186,293
2480915,10,4193,275
2480916,24,4195,269
2480917,39,4195,256
2480918,59,4196,244
2480919,76,4189,244
2480920,74,4190,255
2480921,55,4195,268
2480922,37,4183,267
2480923,34,4173,272
2480924,19,4178,299
2480925,-2,4172,315
2480926,24,4147,332
2480927,26,4138,349
2480928,30,4138,360
2480929,35,4140,377
2480930,46,4136,392
2480931,69,4126,379
2480932,105,4126,355
2480933,136,4137,338
2480934,138,4155,330
2480935,116,4179,326
2480936,95,4189,314
2480937,96,4176,288
2480938,100,4167,270
2480939,83,4166,273
2480940,62,4169,287
2480941,49,4174,294
2480942,41,4172,294
2480943,38,4166,310
2480944,27,4162,350
2480945,6,4162,398
2480946,5,4157,425
2480947,22,4151,427
2480948,29,4142,435
2480949,31,4144,457
2480950,46,4149,467
2480951,76,4144,464
2480952,105,4133,466
2480953,117,4117,483
2480954,126,4114,494
2480955,135,4119,478
2480956,132,4112,457
2480957,113,4100,449
2480958,85,4091,459
2480959,62,4089,470
2480960,56,4094,464
2480961,65,4101,443
2480962,71,4106,424
2480963,76,4105,415
2480964,72,4097,412
2480965,58,4094,421
2480966,36,4105,453
2480967,34,4101,469
2480968,35,4109,479
2480969,32,4112,487
2480970,34,4113,493
2480971,44,4118,488
2480972,58,4116,478
2480973,73,4114,477
2480974,74,4115,487
2480975,78,4117,487
2480976,96,4115,477
2480977,112,4113,465
2480978,109,4109,464
2480979,98,4102,482
2480980,86,4102,498
2480981,82,4098,496
2480982,90,4095,481
2480983,92,4101,460
2480984,87,4097,439
2480985,79,4091,422
2480986,70,4095,436
2480987,66,4104,464
2480988,59,4106,474
2480989,54,4102,479
2480990,64,4106,468
2480991,79,4107,457
2480992,77,4105,464
2480993,72,4106,477
2480994,75,4101,493
2480995,77,4098,508
2480996,82,4104,514
2480997,94,4106,507
2480998,97,4103,508
2480999,85,4109,533
2481000,79,4121,544
2481001,92,4119,519
2481002,106,4111,498
2481003,110,4110,491
2481004,92,4110,488
2481005,65,4101,492
2481006,48,4099,511
2481007,43,4101,519
2481008,40,4109,509
2481009,47,4115,494
2481010,62,4114,483
2481011,72,4115,479
2481012,74,4119,475
2481013,88,4124,458
2481014,108,4122,450
2481015,113,4121,454
2481016,105,4120,461
2481017,92,4122,471
2481018,81,4129,476
2481019,79,4123,468
2481020,83,4111,466
2481021,74,4109,489
2481022,58,4118,509
2481023,63,4126,507
2481024,81,4122,498
2481025,84,4123,501
2481026,72,4126,512
2481027,67,4119,522
2481028,68,4114,528
2481029,65,4117,531
2481030,60,4126,518
2481031,70,4134,502
2481032,96,4133,491
2481033,112,4127,489
2481034,118,4127,494
2481035,117,4124,492
2481036,113,4125,502
2481037,116,4132,513
2481038,122,4133,509
2481039,120,4134,508
2481040,100,4143,507
2481041,79,4159,494
2481042,87,4172,469
2481043,115,4177,444
2481044,132,4172,427
2481045,121,4174,429
2481046,95,4189,429
2481047,87,4189,422
2481048,86,4194,401
2481049,74,4200,373
2481050,62,4202,371
2481051,48,4213,401
2481052,38,4222,415
2481053,54,4217,389
2481054,90,4218,354
2481055,125,4208,335
2481056,154,4204,321
2481057,174,4213,307
2481058,191,4208,309
2481059,195,4185,331
2481060,178,4165,375
2481061,148,4160,418
2481062,127,4150,433
2481063,127,4140,419
2481064,120,4139,394
2481065,98,4145,395
2481066,74,4151,434
2481067,51,4162,464
2481068,46,4172,459
2481069,56,4165,442
2481070,69,4160,431
2481071,69,4162,434
2481072,74,4159,433
2481073,100,4153,422
2481074,122,4143,409
2481075,134,4126,399
2481076,131,4111,419
2481077,108,4096,464
2481078,91,4077,521
2481079,103,4071,548
2481080,132,4078,535
2481081,152,4075,500
2481082,153,4071,465
2481083,120,4082,458
2481084,69,4089,450
2481085,38,4089,436
2481086,26,4083,440
2481087,27,4080,453
2481088,17,4084,478
2481089,14,4086,482
2481090,14,4095,476
2481091,6,4104,463
2481092,18,4105,431
2481093,46,4106,397
2481094,52,4114,398
2481095,27,4122,430
2481096,19,4125,434
2481097,34,4127,425
2481098,53,4124,431
2481099,87,4109,428
2481100,120,4093,439
2481101,126,4082,469
2481102,121,4074,481
2481103,120,4072,482
2481104,96,4063,491
2481105,52,4054,510
2481106,20,4057,528
2481107,7,4054,539
2481108,-8,4047,576
2481109,-50,4057,612
2481110,-74,4071,590
2481111,-29,4073,532
2481112,16,4076,492
2481113,21,4091,485
2481114,34,4117,475
2481115,59,4136,449
2481116,65,4142,429
2481117,62,4143,416
2481118,57,4137,420
2481119,28,4145,457
2481120,6,4158,461
2481121,34,4161,421
2481122,67,4157,378
2481123,70,4143,356
2481124,50,4145,389
2481125,60,4143,406
2481126,60,4142,416
2481127,42,4138,437
2481128,25,4130,454
2481129,29,4132,438
2481130,63,4135,398
2481131,95,4130,381
2481132,96,4136,413
2481133,78,4149,454
2481134,78,4154,465
2481135,93,4159,448
2481136,106,4151,432
2481137,111,4139,437
2481138,100,4146,465
2481139,84,4154,494
2481140,86,4154,500
2481141,108,4149,491
2481142,124,4135,495
2481143,122,4126,513
2481144,114,4137,529
2481145,110,4147,532
2481146,119,4148,515
2481147,130,4140,498
2481148,130,4119,505
2481149,121,4117,526
2481150,109,4132,536
2481151,124,4130,518
2481152,162,4119,488
2481153,186,4112,468
2481154,184,4110,466
2481155,165,4106,479
2481156,146,4104,483
2481157,130,4113,480
2481158,127,4115,490
2481159,132,4113,499
2481160,135,4126,475
2481161,151,4126,438
2481162,168,4111,407
2481163,161,4109,403
2481164,133,4117,440
2481165,100,4122,492
2481166,97,4113,488
2481167,120,4085,458
2481168,117,4081,449
2481169,95,4089,462
2481170,93,4091,467
2481171,95,4089,470
2481172,73,4090,478
2481173,39,4092,488
2481174,21,4092,490
2481175,25,4091,462
2481176,49,4075,440
2481177,73,4066,445
2481178,75,4079,457
2481179,80,4089,446
2481180,102,4085,412
2481181,98,4090,404
2481182,83,4108,409
2481183,99,4126,397
2481184,113,4129,387
2481185,109,4117,408
2481186,108,4098,434
2481187,112,4086,433
2481188,139,4086,415
2481189,166,4086,412
2481190,150,4095,417
2481191,131,4103,407
2481192,139,4098,406
2481193,128,4084,417
2481194,91,4072,430
2481195,63,4069,457
2481196,40,4075,463
2481197,35,4072,439
2481198,56,4054,428
2481199,66,4049,440
2481200,50,4064,465
2481201,46,4091,470
2481202,73,4113,443
2481203,101,4119,411
2481204,104,4127,421
2481205,94,4139,462
2481206,84,4146,498
2481207,85,4145,550
2481208,87,4145,561
2481209,105,4141,563
2481210,122,4141,570
2481211,112,4142,583
2481212,105,4146,584
2481213,115,4152,577
2481214,120,4157,573
2481215,118,4157,570
2481216,122,4148,586
2481217,128,4149,603
2481218,124,4167,610
2481219,124,4171,605
2481220,134,4157,597
2481221,127,4161,588
2481222,114,4169,579
2481223,119,4163,566
2481224,129,4146,548
2481225,125,4133,559
2481226,104,4147,582
2481227,89,4165,579
2481228,108,4168,535
2481229,137,4162,490
2481230,142,4157,481
2481231,134,4156,484
2481232,135,4153,479
2481233,146,4143,463
2481234,152,4135,440
2481235,144,4141,408
2481236,136,4147,389
2481237,129,4146,390
2481238,114,4145,393
2481239,96,4145,386
2481240,93,4151,359
2481241,104,4145,337
2481242,111,4135,315
2481243,109,4142,292
2481244,104,4157,297
2481245,117,4161,304
2481246,143,4153,307
2481247,140,4163,314
2481248,131,4189,310
2481249,123,4205,298
2481250,112,4202,306
2481251,96,4181,337
2481252,68,4167,375
2481253,62,4153,398
2481254,87,4126,424
2481255,90,4108,472
2481256,72,4102,522
2481257,60,4110,544
2481258,78,4117,534
2481259,115,4110,512
2481260,142,4106,517
2481261,149,4115,546
2481262,147,4122,565
2481263,157,4125,572
2481264,166,4131,570
2481265,163,4134,544
2481266,180,4124,486
2481267,206,4112,444
2481268,203,4118,448
2481269,186,4128,463
2481270,170,4137,471
2481271,145,4146,479
2481272,126,4149,483
2481273,133,4146,469
2481274,154,4150,444
2481275,159,4163,441
2481276,137,4172,458
2481277,118,4177,470
2481278,116,4179,486
2481279,121,4189,489
2481280,145,4186,466
2481281,168,4171,457
2481282,164,4168,476
2481283,154,4162,504
2481284,156,4157,525
2481285,171,4153,533
2481286,178,4142,527
2481287,167,4136,517
2481288,165,4143,490
2481289,176,4138,486
2481290,172,4128,500
2481291,141,4126,540
2481292,110,4137,564
2481293,102,4150,560
2481294,124,4163,521
2481295,162,4167,450
2481296,186,4160,392
2481297,177,4165,378
2481298,157,4173,396
2481299,144,4169,414
2481300,137,4164,419
2481301,133,4168,403
2481302,133,4174,377
2481303,141,4177,348
2481304,142,4173,337
2481305,126,4166,360
2481306,108,4163,376
2481307,95,4161,380
2481308,85,4162,378
2481309,88,4159,364
2481310,105,4158,367
2481311,100,4159,383
2481312,74,4163,408
2481313,59,4169,427
2481314,73,4174,409
2481315,111,4171,349
2481316,150,4165,296
2481317,156,4173,287
2481318,134,4187,309
2481319,107,4199,332
2481320,85,4189,339
2481321,63,4172,342
2481322,31,4167,358
2481323,-3,4163,402
2481324,-26,4166,433
2481325,-11,4169,420
2481326,68,4172,359
2481327,95,4182,328
2481328,125,4183,298
2481329,153,4182,290
2481330,153,4184,308
2481331,137,4185,332
2481332,128,4187,350
2481333,123,4181,361
2481334,117,4161,368
2481335,109,4148,370
2481336,97,4137,379
2481337,87,4138,399
2481338,85,4147,400
2481339,87,4138,394
2481340,81,4129,406
2481341,68,4134,420
2481342,67,4142,434
2481343,73,4140,441
2481344,75,4137,431
2481345,82,4144,414
2481346,102,4150,397
2481347,133,4152,386
2481348,153,4148,396
2481349,144,4148,414
2481350,133,4157,415
2481351,128,4158,416
2481352,116,4152,433
2481353,119,4150,447
2481354,138,4144,453
2481355,140,4141,456
2481356,135,4139,442
2481357,132,4143,443
2481358,95,4154,480
2481359,60,4156,516
2481360,82,4154,519
2481361,129,4146,482
2481362,138,4142,457
2481363,114,4143,467
2481364,102,4146,482
2481365,111,4153,470
2481366,134,4152,384
2481367,105,4155,393
2481368,53,4163,443
2481369,26,4166,473
2481370,23,4162,465
2481371,13,4164,458
2481372,0,4175,448
2481373,25,4180,410
2481374,69,4190,380
2481375,76,4205,376
2481376,81,4215,363
2481377,96,4226,334
2481378,80,4243,341
2481379,65,4250,363
2481380,81,4255,350
2481381,104,4262,308
2481382,131,4258,267
2481383,142,4238,262
2481384,113,4222,290
2481385,81,4217,317
2481386,76,4209,320
2481387,87,4189,304
2481388,95,4164,294
2481389,99,4156,287
2481390,94,4159,280
2481391,74,4152,275
2481392,42,4150,295
2481393,4,4156,347
2481394,-16,4156,390
2481395,-9,4146,390
2481396,22,4128,371
2481397,51,4120,366
2481398,49,4122,387
2481399,34,4114,430
2481400,42,4083,459
2481401,84,4064,472
2481402,120,4074,493
2481403,116,4089,509
2481404,93,4096,514
2481405,57,4107,457
2481406,54,4105,426
2481407,49,4110,373
2481408,49,4112,306
2481409,62,4104,269
2481410,58,4102,274
2481411,36,4119,307
2481412,30,4138,329
2481413,48,4134,319
2481414,71,4121,292
2481415,75,4116,292
2481416,64,4125,327
2481417,46,4140,367
2481418,38,4138,393
2481419,37,4118,416
2481420,21,4099,450
2481421,21,4094,469
2481422,45,4097,503
2481423,52,4092,569
2481424,43,4075,641
2481425,41,4063,718
2481426,45,4056,754
2481427,80,4043,720
2481428,131,4035,666
2481429,137,4035,650
2481430,114,4041,681
2481431,111,4043,700
2481432,125,4048,691
2481433,129,4066,670
2481434,127,4073,637
2481435,115,4077,632
2481436,87,4087,635
2481437,73,4096,615
2481438,82,4103,579
2481439,91,4105,531
2481440,83,4100,487
2481441,65,4103,464
2481442,55,4118,466
2481443,62,4123,469
2481444,63,4124,476
2481445,16,4127,506
2481446,4,4134,520
2481447,0,4132,503
2481448,22,4129,455
2481449,43,4138,426
2481450,42,4150,423
2481451,55,4163,416
2481452,73,4174,409
2481453,86,4170,407
2481454,110,4164,408
2481455,113,4166,407
2481456,73,4166,429
2481457,21,4169,496
2481458,-1,4169,534
2481459,30,4156,508
2481460,48,4149,478
2481461,37,4149,473
2481462,50,4150,486
2481463,69,4150,498
2481464,78,4153,491
2481465,105,4147,456
2481466,134,4132,428
2481467,126,4126,456
2481468,93,4133,521
2481469,73,4139,555
2481470,85,4131,535
2481471,106,4124,504
2481472,93,4126,512
2481473,64,4131,533
2481474,84,4136,513
2481475,130,4141,477
2481476,142,4137,462
2481477,132,4131,464
2481478,118,4132,486
2481479,88,4136,524
2481480,67,4138,553
2481481,67,4141,559
2481482,68,4143,535
2481483,81,4135,497
2481484,98,4133,477
2481485,87,4146,452
2481486,101,4140,440
2481487,96,4134,440
2481488,78,4133,442
2481489,78,4136,412
2481490,99,4133,379
2481491,98,4131,389
2481492,68,4139,432
2481493,46,4137,447
2481494,44,4128,435
2481495,51,4122,415
2481496,66,4114,401
2481497,74,4112,410
2481498,61,4117,418
2481499,51,4128,417
2481500,51,4128,406
2481501,42,4121,408
2481502,22,4127,439
2481503,14,4129,457
2481504,33,4127,445
2481505,59,4127,423
2481506,70,4125,415
2481507,61,4133,432
2481508,49,4142,453
2481509,60,4150,439
2481510,77,4148,407
2481511,68,4140,409
2481512,39,4145,439
2481513,19,4152,466
2481514,2,4155,477
2481515,-5,4152,468
2481516,14,4146,439
2481517,20,4149,428
2481519,30,4147,404
2481520,47,4135,375
2481521,30,4138,404
2481522,7,4139,444
2481523,4,4141,466
2481524,13,4139,473
2481525,37,4134,468
2481526,74,4125,439
2481527,110,4121,414
2481528,132,4127,409
2481529,137,4130,407
2481530,119,4142,406
2481531,87,4160,376
2481532,70,4169,325
2481533,50,4166,307
2481534,16,4162,332
2481535,7,4151,341
2481536,21,4138,317
2481537,17,4132,315
2481538,12,4121,329
2481539,16,4118,344
2481540,9,4129,382
2481541,4,4134,411
2481542,22,4126,425
2481543,28,4124,453
2481544,18,4130,488
2481545,25,4133,514
2481546,48,4132,525
2481547,63,4131,520
2481548,80,4133,503
2481549,108,4131,490
2481550,130,4120,493
2481551,133,4122,520
2481552,113,4134,539
2481553,112,4142,504
2481554,150,4141,435
2481555,166,4131,398
2481556,123,4124,427
2481557,66,4123,473
2481558,31,4119,500
2481559,13,4098,523
2481560,6,4063,541
2481561,98,4006,511
2481562,125,4153,411
2481563,98,4395,266
2481564,20,4539,184
2481565,-57,4515,162
2481566,-49,4381,168
2481567,41,4209,208
2481568,132,4056,269
2481569,193,3952,345
2481570,214,3903,442
2481571,184,3902,551
2481572,142,3926,649
2481573,118,3955,714
2481574,90,3985,768
2481575,33,4020,837
2481576,-36,4057,898
2481577,-43,4083,908
2481578,26,4091,862
2481579,102,4096,811
2481580,160,4106,769
2481581,210,4113,703
2481582,263,4116,624
2481583,283,4124,568
2481584,248,4136,537
2481585,197,4137,518
2481586,142,4133,521
2481587,86,4125,544
2481588,40,4124,559
2481589,17,4127,564
2481590,25,4119,563
2481591,42,4111,586
2481592,48,4109,628
2481593,74,4111,642
2481594,134,4107,629
2481595,182,4104,619
2481596,223,4098,603
2481597,256,4090,599
2481598,254,4088,619
2481599,242,4089,627
2481600,239,4085,613
2481601,229,4075,601
2481602,204,4074,607
2481603,155,4083,591
2481604,136,4091,576
2481605,119,4097,567
2481606,106,4094,566
2481607,101,4095,558
2481608,106,4095,535
2481609,123,4088,515
2481610,142,4084,512
2481611,151,4080,537
2481612,158,4077,558
2481613,155,4083,563
2481614,150,4083,567
2481615,155,4073,571
2481616,157,4074,589
2481617,151,4085,600
2481618,145,4088,608
2481619,136,4095,611
2481620,127,4110,600
2481621,128,4114,580
2481622,142,4109,556
2481623,150,4116,560
2481624,143,4124,567
2481625,143,4133,553
2481626,151,4145,526
2481627,155,4149,494
2481628,161,4148,469
2481629,166,4151,458
2481630,164,4157,459
2481631,156,4159,461
2481632,141,4158,473
2481633,133,4166,476
2481634,138,4171,451
2481635,143,4165,430
2481636,133,4163,428
2481637,117,4164,438
2481638,109,4155,464
2481639,103,4150,491
2481640,87,4150,509
2481641,82,4136,512
2481642,101,4117,506
2481643,115,4115,525
2481644,120,4122,541
2481645,127,4126,537
2481646,131,4121,529
2481647,139,4122,529
2481648,146,4136,533
2481649,151,4152,524
2481650,150,4159,518
2481651,144,4158,526
2481652,136,4153,542
2481653,127,4153,557
2481654,130,4159,557
2481655,152,4163,549
2481656,179,4162,524
2481657,185,4154,511
2481658,179,4153,511
2481659,176,4166,512
2481660,178,4171,520
2481661,187,4170,525
2481662,193,4166,533
2481663,195,4152,551
2481664,203,4148,559
2481665,228,4154,551
2481666,269,4150,546
2481667,293,4137,535
2481668,288,4133,544
2481669,268,4140,562
2481670,261,4142,562
2481671,263,4133,559
2481672,250,4128,574
2481673,231,4129,606
2481674,217,4127,625
2481675,215,4119,620
2481676,222,4113,596
2481677,215,4113,589
2481678,198,4125,596
2481679,198,4133,599
2481680,211,4128,589
2481681,218,4132,570
2481682,207,4140,564
2481683,193,4130,542
2481684,188,4128,549
2481685,178,4137,547
2481686,185,4141,517
2481687,195,4134,491
2481688,189,4136,495
2481689,179,4142,518
2481690,182,4132,512
2481691,201,4119,491
2481692,204,4113,502
2481693,188,4117,532
2481694,180,4119,556
2481695,184,4114,567
2481696,185,4115,580
2481697,176,4116,605
2481698,164,4113,633
2481699,159,4118,645
2481700,165,4122,636
2481701,178,4114,624
2481702,180,4118,627
2481703,173,4145,626
2481704,195,4147,586
2481705,245,4130,529
2481706,267,4137,486
2481707,250,4145,467
2481708,233,4141,454
2481709,216,4129,442
2481710,177,4119,470
2481711,130,4128,521
2481712,105,4137,552
2481713,113,4137,548
2481714,142,4132,525
2481715,155,4110,511
2481716,143,4104,510
2481717,125,4123,531
2481718,130,4132,544
2481719,157,4134,525
2481720,189,4131,480
2481721,224,4127,436
2481722,235,4142,420
2481723,203,4145,439
2481724,151,4142,461
2481725,103,4136,492
2481726,79,4139,514
2481727,81,4139,503
2481728,93,4129,483
2481729,87,4129,485
2481730,76,4148,480
2481731,83,4159,456
2481732,112,4155,429
2481733,135,4155,418
2481734,144,4158,421
2481735,161,4161,427
2481736,167,4164,451
2481737,158,4158,484
2481738,138,4149,509
2481739,122,4147,524
2481740,126,4144,521
2481741,134,4146,506
2481742,131,4154,486
2481743,133,4145,464
2481744,138,4136,464
2481745,134,4128,452
2481746,144,4116,430
2481747,141,4115,439
2481748,112,4117,442
2481749,123,4107,407
2481750,147,4097,388
2481751,119,4099,433
2481752,60,4109,504
2481753,30,4111,541
2481754,29,4110,551
2481755,30,4110,543
2481756,45,4110,513
2481757,68,4113,484
2481758,78,4126,466
2481759,79,4136,453
2481760,82,4134,443
2481761,78,4132,441
2481762,71,4140,508
2481763,89,4143,497
2481764,119,4139,446
2481765,125,4134,445
2481766,98,4138,484
2481767,70,4143,520
2481768,60,4138,534
2481769,62,4124,525
2481770,75,4114,511
2481771,81,4116,512
2481772,76,4122,545
2481773,75,4132,573
2481774,94,4137,551
2481775,135,4129,494
2481776,163,4120,449
2481777,160,4124,438
2481778,137,4131,446
2481779,123,4136,459
2481780,116,4142,465
2481781,106,4139,461
2481782,97,4140,447
2481783,81,4140,432
2481784,65,4135,435
2481785,37,4132,449
2481786,13,4136,448
2481787,25,4141,421
2481788,57,4139,386
2481789,78,4142,376
2481790,73,4146,388
2481791,57,4147,426
2481792,45,4141,476
2481793,40,4135,495
2481794,50,4128,493
2481795,59,4116,500
2481796,53,4115,507
2481797,56,4117,500
2481798,83,4121,473
2481799,116,4121,424
2481800,147,4118,381
2481801,147,4123,378
2481802,131,4137,385
2481803,136,4145,369
2481804,122,4148,368
2481805,101,4145,389
2481806,76,4144,409
2481807,60,4136,420
2481808,61,4131,424
2481809,67,4126,420
2481810,63,4130,439
2481811,48,4137,489
2481812,43,4137,533
2481813,41,4135,560
2481814,44,4130,562
2481815,62,4134,548
2481816,104,4140,506
2481817,167,4138,444
2481818,195,4135,442
2481819,166,4139,490
2481820,139,4143,515
2481821,140,4142,508
2481822,146,4134,496
2481823,135,4126,501
2481824,86,4133,552
2481825,45,4146,611
2481826,67,4150,606
2481827,126,4131,545
2481828,179,4116,475
2481829,204,4128,448
2481830,202,4152,441
2481831,193,4163,424
2481832,190,4157,414
2481833,179,4153,423
2481834,162,4154,440
2481835,148,4155,462
2481836,134,4154,487
2481837,108,4153,508
2481838,85,4153,507
2481839,91,4153,473
2481840,97,4152,459
2481841,96,4146,463
2481842,116,4138,473
2481843,114,4142,483
2481844,134,4144,488
2481845,153,4148,482
2481846,166,4144,446
2481847,172,4136,424
2481848,150,4136,443
2481849,120,4143,473
2481850,106,4147,499
2481851,93,4139,511
2481852,83,4132,528
2481853,77,4129,554
2481854,80,4129,571
2481855,94,4136,577
2481856,103,4140,575
2481857,124,4133,562
2481858,146,4126,556
2481859,151,4128,565
2481860,156,4130,563
2481861,159,4137,543
2481862,159,4142,524
2481863,146,4144,528
2481864,113,4153,543
2481865,85,4147,530
2481866,81,4139,519
2481867,71,4145,538
2481868,59,4154,550
2481869,75,4155,522
2481870,94,4147,478
2481871,100,4136,451
2481872,103,4129,451
2481873,99,4130,485
2481874,91,4137,521
2481875,87,4140,532
2481876,80,4134,514
2481877,68,4128,494
2481878,55,4135,497
2481879,60,4143,502
2481880,80,4133,499
2481881,84,4127,506
2481882,76,4129,521
2481883,85,4128,514
2481884,107,4138,474
2481885,119,4131,440
2481886,122,4133,422
2481887,100,4140,448
2481888,80,4153,473
2481889,69,4171,472
2481890,65,4170,458
2481891,81,4156,436
2481892,104,4145,417
2481893,102,4141,425
2481894,74,4146,447
2481895,48,4150,475
2481896,31,4146,496
2481897,33,4139,486
2481898,50,4131,475
2481899,54,4126,489
2481900,55,4128,509
2481901,80,4123,494
2481902,123,4108,440
2481903,141,4105,421
2481904,124,4117,454
2481905,111,4129,471
2481906,102,4132,456
2481907,80,4131,455
2481908,52,4136,478
2481909,44,4135,483
2481910,63,4124,472
2481911,75,4115,473
2481912,74,4117,488
2481913,74,4113,502
2481914,54,4112,529
2481915,27,4123,562
2481916,38,4127,549
2481917,77,4124,495
2481918,106,4113,461
2481919,107,4105,470
2481920,87,4112,503
2481921,77,4121,532
2481922,88,4130,544
2481923,98,4161,535
2481924,77,4208,476
2481925,64,4227,471
2481926,64,4242,457
2481927,77,4227,438
2481928,72,4189,436
2481929,52,4161,460
2481930,42,4152,489
2481931,48,4130,513
2481932,72,4092,534
2481933,82,4068,563
2481934,68,4064,609
2481935,72,4079,635
2481936,117,4089,606
2481937,169,4088,547
2481938,180,4096,530
2481939,165,4101,534
2481940,172,4101,534
2481941,178,4101,544
2481942,157,4094,544
2481943,144,4092,551
2481944,132,4101,565
2481945,117,4092,583
2481946,115,4069,623
2481947,118,4067,658
2481948,147,4087,636
2481949,186,4104,568
2481950,174,4126,526
2481951,120,4143,494
2481952,83,4148,453
2481953,58,4152,445
2481954,26,4152,454
2481955,7,4148,447
2481956,20,4139,428
2481957,38,4131,420
2481958,36,4123,449
2481959,13,4125,499
2481960,-8,4136,525
2481961,2,4137,509
2481962,28,4134,478
2481963,30,4139,482
2481964,24,4146,505
2481965,50,4149,509
2481966,95,4147,511
2481967,122,4141,532
2481968,159,4123,540
2481969,175,4114,564
2481970,147,4107,621
2481971,96,4098,684
2481972,61,4079,719
2481973,37,4069,741
2481974,20,4065,738
2481975,28,4058,704
2481976,54,4059,680
2481977,89,4060,665
2481978,119,4058,657
2481979,131,4066,673
2481980,130,4073,705
2481981,133,4078,726
2481982,138,4082,719
2481983,154,4086,699
2481984,178,4093,668
2481985,186,4099,640
2481986,187,4114,639
2481987,177,4130,640
2481988,169,4137,628
2481989,168,4140,615
2481990,169,4136,599
2481991,167,4138,592
2481992,152,4150,594
2481993,148,4159,593
2481994,168,4159,571
2481995,196,4155,530
2481996,229,4149,500
2481997,236,4146,511
2481998,203,4142,548
2481999,185,4133,572
2482000,189,4128,592
2482001,191,4121,610
2482002,197,4112,608
2482003,205,4102,578
2482004,200,4092,538
2482005,186,4098,525
2482006,180,4110,531
2482007,174,4119,535
2482008,156,4120,548
2482009,154,4108,547
2482010,161,4097,531
2482011,184,4099,506
2482012,189,4109,488
2482013,158,4118,489
2482014,119,4123,503
2482015,97,4124,514
2482016,83,4118,524
2482017,75,4113,530
2482018,83,4105,524
2482019,99,4097,519
2482020,104,4092,515
2482021,103,4100,522
2482022,107,4114,512
2482023,119,4124,477
2482024,129,4136,467
2482025,109,4154,497
2482026,91,4165,513
2482027,103,4169,497
2482028,105,4169,486
2482029,94,4157,487
2482030,91,4155,509
2482031,93,4162,556
2482032,94,4161,605
2482033,90,4154,626
2482034,99,4147,606
2482035,133,4134,560
2482036,164,4123,514
2482037,180,4122,483
2482038,197,4126,469
2482039,196,4130,479
2482040,170,4134,500
2482041,149,4140,504
2482042,135,4143,496
2482043,121,4144,506
2482044,111,4146,535
2482045,104,4146,554
2482046,96,4147,559
2482047,96,4148,560
2482048,111,4148,544
2482049,212,4124,468
2482050,229,4115,466
2482051,204,4120,498
2482052,182,4132,508
2482053,174,4133,490
2482054,164,4130,483
2482055,154,4129,490
2482056,143,4134,494
2482057,136,4136,491
2482058,131,4134,501
2482059,128,4133,496
2482060,140,4127,460
2482061,163,4120,436
2482062,163,4122,440
2482063,137,4128,476
2482064,120,4140,534
2482065,104,4159,581
2482066,103,4159,581
2482067,124,4143,557
2482068,141,4136,536
2482069,154,4134,503
2482070,165,4137,482
2482071,154,4143,496
2482072,138,4147,517
2482073,145,4141,503
2482074,157,4133,498
2482075,147,4132,522
2482076,138,4127,528
2482077,142,4130,527
2482078,137,4131,529
2482079,126,4132,507
2482080,133,4137,456
2482081,142,4133,395
2482082,132,4130,363
2482083,113,4128,362
2482084,99,4124,373
2482085,93,4123,397
2482086,82,4119,419
2482087,69,4116,432
2482088,64,4116,429
2482089,81,4118,438
2482090,85,4124,486
2482091,76,4124,523
2482092,87,4128,551
2482093,107,4136,566
2482094,133,4141,552
2482095,170,4141,504
2482096,197,4137,456
2482097,203,4135,453
2482098,179,4142,459
2482099,149,4149,448
2482100,136,4150,440
2482101,115,4149,442
2482102,83,4148,468
2482103,55,4154,510
2482104,48,4159,517
2482105,77,4155,477
2482106,123,4151,431
2482107,157,4154,392
2482108,183,4150,334
2482109,205,4147,287
2482110,187,4153,303
2482111,140,4158,368
2482112,126,4163,424
2482113,140,4161,436
2482114,149,4156,430
2482115,144,4147,433
2482116,136,4142,446
2482117,130,4142,456
2482118,125,4129,461
2482119,127,4114,467
2482120,120,4113,494
2482121,100,4117,547
2482122,110,4116,583
2482123,149,4108,578
2482124,167,4099,567
2482125,150,4096,581
2482126,130,4093,596
2482127,126,4096,602
2482128,123,4097,603
2482129,115,4089,593
2482130,89,4103,621
2482131,69,4115,634
2482132,70,4122,616
2482133,84,4127,589
2482134,109,4130,557
2482135,131,4135,532
2482136,135,4145,509
2482137,134,4150,482
2482138,136,4143,473
2482139,124,4137,483
2482140,102,4133,500
2482141,84,4134,508
2482142,62,4139,497
2482143,53,4136,484
2482144,58,4123,475
2482145,55,4115,464
2482146,64,4115,442
2482147,79,4116,431
2482148,70,4118,454
2482149,68,4120,468
2482150,90,4119,444
2482151,114,4107,407
2482152,125,4097,385
2482153,116,4104,399
2482154,83,4115,437
2482155,68,4109,446
2482156,72,4105,447
2482157,58,4112,445
2482158,49,4120,435
2482159,56,4128,435
2482160,49,4138,445
2482161,29,4141,460
2482162,26,4136,449
2482163,31,4129,445
2482164,33,4124,457
2482165,35,4133,456
2482166,54,4140,447
2482167,87,4137,438
2482168,97,4137,450
2482169,68,4150,468
2482170,80,4149,461
2482171,83,4147,448
2482172,86,4154,434
2482173,89,4159,429
2482174,88,4155,432
2482175,89,4150,442
2482176,96,4148,434
2482177,111,4153,405
2482178,122,4151,385
2482179,116,4143,386
2482180,107,4141,393
2482181,104,4139,390
2482182,107,4134,373
2482183,122,4130,354
2482184,140,4131,354
2482185,136,4132,373
2482186,121,4125,383
2482187,124,4120,386
2482188,124,4125,402
2482189,112,4132,422
2482190,118,4137,437
2482191,124,4141,458
2482192,108,4140,497
2482193,95,4134,543
2482194,95,4137,590
2482195,102,4135,618
2482196,124,4125,634
2482197,143,4127,651
2482198,144,4133,655
2482199,149,4139,646
2482200,176,4144,627
2482201,233,4138,587
2482202,286,4134,545
2482203,287,4138,543
2482204,260,4145,567
2482205,233,4147,581
2482206,217,4136,584
2482207,214,4137,583
2482208,210,4142,585
2482209,214,4147,586
2482210,209,4144,599
2482211,200,4144,622
2482212,218,4134,594
2482213,280,4115,528
2482214,330,4095,493
2482215,327,4095,511
2482216,305,4102,529
2482217,298,4101,545
2482218,276,4095,577
2482219,250,4078,610
2482220,236,4063,639
2482221,212,4058,654
2482222,198,4053,657
2482223,200,4057,672
2482224,195,4068,693
2482225,198,4066,712
2482226,219,4062,728
2482227,231,4069,740
2482228,231,4077,735
2482229,238,4080,705
2482230,252,4082,670
2482231,264,4076,647
2482232,261,4070,647
2482233,237,4064,668
2482234,209,4061,670
2482235,197,4069,649
2482236,190,4075,621
2482237,187,4078,593
2482238,185,4079,579
2482239,184,4076,562
2482240,199,4080,532
2482241,211,4088,510
2482242,216,4096,500
2482243,212,4110,508
2482244,196,4123,525
2482245,196,4122,506
2482246,226,4116,452
2482247,245,4117,423
2482248,229,4126,430
2482249,189,4153,449
2482250,165,4148,468
2482251,144,4143,482
2482252,142,4139,482
2482253,153,4137,478
2482254,150,4138,484
2482255,149,4148,489
2482256,160,4164,481
2482257,172,4163,471
2482258,178,4154,474
2482259,166,4151,499
2482260,154,4151,510
2482261,162,4154,494
2482262,174,4153,472
2482263,169,4151,463
2482264,148,4159,483
2482265,134,4170,502
2482266,139,4168,496
2482267,163,4166,471
2482268,182,4175,448
2482269,177,4182,443
2482270,164,4189,459
2482271,154,4191,475
2482272,151,4192,480
2482273,155,4196,479
2482274,155,4194,468
2482275,153,4189,453
2482276,160,4181,456
2482277,164,4175,471
2482278,168,4175,463
2482279,186,4168,437
2482280,202,4153,424
2482281,210,4141,432
2482282,219,4139,442
2482283,225,4136,453
2482284,217,4131,475
2482285,205,4122,503
2482286,203,4120,517
2482287,207,4126,509
2482288,210,4129,513
2482289,208,4138,533
2482290,201,4141,508
2482291,209,4131,484
2482292,221,4132,455
2482293,234,4138,449
2482294,235,4145,465
2482295,231,4153,468
2482296,227,4156,451
2482297,208,4149,441
2482298,180,4145,447
2482299,149,4151,466
2482300,127,4152,488
2482301,118,4144,500
2482302,114,4142,492
2482303,134,4143,474
2482304,159,4132,456
2482305,167,4115,431
2482306,169,4109,432
2482307,167,4109,473
2482308,157,4105,514
2482309,141,4100,548
2482310,134,4098,584
2482311,131,4094,612
2482312,136,4083,613
2482313,161,4074,597
2482314,181,4070,603
2482315,168,4077,638
2482316,163,4090,659
2482317,191,4098,633
2482318,208,4098,598
2482319,207,4098,588
2482320,210,4100,583
2482321,204,4107,585
2482322,180,4114,593
2482323,157,4104,578
2482324,144,4098,571
2482325,116,4112,596
2482326,88,4122,618
2482327,83,4120,626
2482328,87,4114,642
2482329,93,4105,644
2482330,174,4082,540
2482331,222,4084,496
2482332,215,4089,513
2482333,160,4102,556
2482334,119,4111,560
2482335,102,4112,520
2482336,84,4103,473
2482337,65,4100,461
2482338,52,4104,472
2482339,63,4097,474
2482340,84,4097,462
2482341,92,4100,455
2482342,88,4105,463
2482343,75,4112,476
2482344,75,4112,487
2482345,87,4118,489
2482346,98,4127,472
2482347,115,4132,448
2482348,128,4132,439
2482349,132,4140,460
2482350,126,4147,496
2482351,121,4140,519
2482352,128,4128,532
2482353,132,4117,553
2482354,120,4113,580
2482355,135,4112,581
2482356,143,4116,558
2482357,138,4126,529
2482358,140,4135,508
2482359,140,4145,509
2482360,127,4161,525
2482361,116,4166,536
2482362,115,4152,534
2482363,118,4145,528
2482364,128,4154,515
2482365,153,4163,490
2482366,172,4164,472
2482367,162,4165,477
2482368,144,4171,487
2482369,153,4179,500
2482370,186,4181,514
2482371,204,4175,512
2482372,202,4173,507
2482373,201,4177,491
2482374,217,4176,475
2482375,221,4171,488
2482376,198,4166,500
2482377,185,4165,502
2482378,178,4166,503
2482379,167,4161,505
2482380,157,4156,513
2482381,147,4154,525
2482382,151,4155,525
2482383,159,4156,504
2482384,163,4152,483
2482385,165,4147,491
2482386,153,4148,521
2482387,132,4152,535
2482388,129,4148,523
2482389,134,4142,493
2482390,127,4140,455
2482391,123,4150,435
2482392,124,4165,425
2482393,130,4172,414
2482394,151,4172,403
2482395,162,4165,389
2482396,140,4162,389
2482397,103,4170,416
2482398,86,4171,427
2482399,101,4159,411
2482400,108,4153,401
2482401,99,4151,405
2482402,105,4150,414
2482403,110,4145,414
2482404,109,4141,424
2482405,102,4141,457
2482406,86,4138,494
2482407,65,4131,508
2482408,66,4121,496
2482409,86,4116,483
2482410,95,4119,492
2482411,93,4117,514
2482412,99,4115,524
2482413,109,4113,512
2482414,119,4104,496
2482415,130,4103,491
2482416,118,4113,506
2482417,96,4118,526
2482418,95,4121,533
2482419,107,4133,527
2482420,114,4149,514
2482421,113,4150,489
2482422,107,4146,476
2482423,91,4152,500
2482424,81,4155,537
2482425,74,4152,573
2482426,60,4151,602
2482427,60,4151,608
2482428,77,4152,599
2482429,98,4144,571
2482430,127,4134,542
2482431,142,4136,543
2482432,137,4135,551
2482433,128,4128,563
2482434,122,4124,571
2482435,130,4127,569
2482436,140,4128,571
2482437,130,4123,576
2482438,117,4119,583
2482439,114,4121,590
2482440,92,4122,562
2482441,92,4112,550
2482442,90,4105,542
2482443,79,4103,536
2482444,75,4101,541
2482445,63,4108,553
2482446,48,4126,565
2482447,60,4148,554
2482448,86,4173,511
2482449,106,4195,451
2482450,119,4214,399
2482451,128,4231,378
2482452,122,4240,397
2482453,101,4254,433
2482454,88,4266,448
2482455,86,4269,446
2482456,78,4267,447
2482457,74,4250,435
2482458,74,4235,418
2482459,51,4228,429
2482460,24,4215,477
2482461,7,4199,528
2482462,11,4178,527
2482463,56,4155,484
2482464,94,4147,460
2482465,93,4135,470
2482466,108,4110,482
2482467,139,4082,473
2482468,161,4076,455
2482469,197,4084,423
2482470,220,4094,396
2482471,193,4106,400
2482472,150,4111,398
2482473,129,4113,375
2482474,119,4115,354
2482475,97,4119,351
2482476,88,4124,348
2482477,95,4123,329
2482478,96,4115,303
2482479,90,4112,304
2482480,71,4121,351
2482481,53,4139,460
2482482,75,4145,472
2482483,96,4154,480
2482484,102,4167,502
2482485,106,4183,523
2482486,113,4194,528
2482487,118,4184,517
2482488,125,4165,529
2482489,117,4157,572
2482490,105,4149,601
2482491,110,4132,622
2482492,117,4115,656
2482493,129,4100,664
2482494,153,4086,655
2482495,160,4078,684
2482496,150,4080,728
2482497,156,4083,741
2482498,179,4076,724
2482499,190,4074,715
2482500,176,4080,717
2482501,151,4082,706
2482502,140,4095,695
2482503,146,4110,681
2482504,148,4110,670
2482505,150,4103,661
2482506,175,4094,634
2482507,191,4082,614
2482508,184,4069,602
2482509,196,4058,565
2482510,224,4051,515
2482511,235,4039,501
2482512,221,4018,542
2482513,197,4002,606
2482514,170,3996,651
2482515,150,3992,663
2482516,145,3991,657
2482517,131,3997,651
2482518,122,4016,629
2482519,118,4035,597
2482520,101,4056,546
2482521,91,4076,481
2482522,93,4072,401
2482523,106,4050,364
2482524,120,4030,351
2482525,117,4014,371
2482526,125,3984,398
2482527,158,3951,413
2482528,200,3935,437
2482529,223,3960,455
2482530,214,4042,477
2482531,178,4132,533
2482532,134,4170,611
2482533,100,4167,676
2482534,92,4153,696
2482535,118,4148,698
2482536,143,4157,713
2482537,169,4168,728
2482538,207,4163,722
2482539,236,4142,721
2482540,253,4120,728
2482541,255,4097,732
2482542,235,4078,737
2482543,208,4064,734
2482544,192,4050,722
2482545,175,4050,701
2482546,152,4061,680
2482547,127,4080,665
2482548,105,4098,650
2482549,99,4112,645
2482550,117,4129,645
2482551,148,4144,625
2482552,170,4155,599
2482553,174,4158,589
2482554,175,4155,574
2482555,188,4150,567
2482556,206,4147,571
2482557,218,4139,566
2482558,223,4133,565
2482559,224,4134,583
2482560,218,4122,614
2482561,213,4093,647
2482562,186,4034,708
2482563,167,4020,720
2482564,147,4026,722
2482565,140,4046,710
2482566,167,4072,665
2482567,233,4097,600
2482568,287,4129,566
2482569,291,4139,569
2482570,273,4114,568
2482571,244,4085,553
2482572,202,4068,544
2482573,162,4071,534
2482574,119,4098,523
2482575,72,4138,513
2482576,41,4180,494
2482577,29,4212,476
2482578,31,4237,461
2482579,41,4264,437
2482580,55,4285,408
2482581,69,4298,388
2482582,76,4300,384
2482583,81,4283,380
2482584,88,4263,383
2482585,83,4252,410
2482586,71,4233,445
2482587,76,4211,462
2482588,103,4195,461
2482589,123,4180,455
2482590,129,4161,456
2482591,127,4146,453
2482592,124,4138,452
2482593,126,4134,473
2482594,127,4126,490
2482595,130,4122,484
2482596,134,4119,485
2482597,138,4109,489
2482598,144,4099,472
2482599,141,4090,477
2482600,122,4096,507
2482601,115,4107,520
2482602,166,4097,540
2482603,192,4087,530
2482604,212,4081,519
2482605,217,4085,535
2482606,214,4093,566
2482607,217,4099,574
2482608,218,4097,552
2482609,213,4098,530
2482610,198,4112,525
2482611,175,4128,532
2482612,163,4136,531
2482613,160,4140,535
2482614,162,4140,543
2482615,168,4140,550
2482616,171,4143,562
2482617,169,4142,577
2482618,173,4145,581
2482619,179,4150,566
2482620,182,4140,551
2482621,178,4129,545
2482622,162,4130,544
2482623,150,4137,538
2482624,152,4144,518
2482625,159,4149,514
2482626,159,4151,520
2482627,153,4156,534
2482628,144,4164,559
2482629,135,4166,562
2482630,130,4167,546
2482631,138,4156,528
2482632,157,4139,512
2482633,164,4136,501
2482634,166,4129,502
2482635,179,4120,508
2482636,191,4122,509
2482637,196,4124,511
2482638,190,4121,514
2482639,172,4120,521
2482640,165,4123,528
2482641,170,4123,521
2482642,163,4104,523
2482643,165,4100,534
2482644,162,4096,549
2482645,150,4091,579
2482646,142,4088,596
2482647,147,4091,568
2482648,159,4092,538
2482649,161,4094,534
2482650,156,4102,552
2482651,159,4112,567
2482652,178,4123,558
2482653,191,4131,552
2482654,186,4132,564
2482655,171,4140,584
