3142226,98,4275,162
3142227,128,4275,91
3142228,124,4269,39
3142229,108,4259,6
3142231,79,4248,14
3142232,14,4237,77
3142233,-65,4214,137
3142234,-112,4204,182
3142235,-132,4203,234
3142236,-168,4192,301
3142237,-208,4185,362
3142238,-214,4190,357
3142239,-181,4204,309
3142240,-127,4208,264
3142241,-72,4203,227
3142242,-9,4203,196
3142243,44,4197,174
3142244,65,4199,182
3142245,61,4199,184
3142246,52,4189,189
3142247,48,4198,216
3142248,47,4196,213
3142249,38,4189,217
3142250,29,4185,239
3142251,10,4172,260
3142252,-16,4174,286
3142253,-36,4186,308
3142254,-56,4170,292
3142255,-33,4162,296
3142256,-14,4146,303
3142257,-14,4132,323
3142258,-29,4140,339
3142259,-42,4136,321
3142260,-39,4126,314
3142261,-16,4115,332
3142262,-5,4102,369
3142263,-14,4100,409
3142264,-24,4111,418
3142265,-25,4120,408
3142266,-14,4118,407
3142267,9,4108,424
3142268,37,4091,432
3142269,56,4085,448
3142270,52,4091,488
3142271,28,4099,524
3142272,14,4115,541
3142273,34,4129,508
3142274,71,4132,466
3142275,97,4139,462
3142276,103,4145,450
3142277,88,4148,424
3142278,77,4151,406
3142279,43,4137,443
3142280,23,4131,465
3142281,8,4137,499
3142282,-18,4134,525
3142283,-43,4134,532
3142284,-34,4138,500
3142285,14,4141,430
3142286,70,4145,374
3142287,104,4141,339
3142288,106,4134,304
3142289,100,4131,269
3142290,90,4122,266
3142291,59,4103,277
3142292,27,4083,268
3142293,25,4084,272
3142294,31,4089,286
3142295,7,4085,300
3142296,-20,4090,330
3142297,-30,4096,352
3142298,-40,4099,367
3142299,-46,4099,370
3142300,-35,4100,364
3142301,-31,4109,382
3142302,-48,4110,415
3142303,-78,4106,446
3142304,-77,4118,432
3142305,-41,4128,357
3142306,11,4130,293
3142307,62,4143,275
3142308,83,4151,254
3142309,89,4152,211
3142310,78,4147,197
3142311,44,4128,204
3142312,2,4101,176
3142313,0,4096,199
3142314,-35,4083,267
3142315,-94,4077,322
3142316,-124,4086,319
3142317,-107,4113,315
3142318,-74,4129,308
3142319,-53,4131,319
3142320,-37,4133,336
3142321,-33,4139,331
3142322,-51,4149,345
3142323,-69,4167,379
3142324,-66,4182,363
3142325,-21,4192,285
3142326,43,4209,235
3142327,68,4207,227
3142328,56,4204,225
3142329,49,4217,220
3142330,29,4226,238
3142331,-20,4212,287
3142332,-65,4188,352
3142333,-95,4194,436
3142334,-122,4205,490
3142335,-151,4206,518
3142336,-153,4210,529
3142337,-126,4198,529
3142338,-105,4191,552
3142339,-85,4186,549
3142340,-53,4181,525
3142341,-6,4178,416
3142342,35,4168,326
3142343,78,4159,292
3142344,73,4135,292
3142345,28,4122,323
3142346,-15,4131,362
3142347,-51,4133,386
3142348,-78,4128,400
3142349,-84,4139,393
3142350,-66,4142,344
3142351,-36,4149,292
3142352,-22,4160,257
3142353,-27,4150,219
3142354,-36,4143,186
3142355,-47,4145,177
3142356,-71,4143,200
3142357,-99,4136,227
3142358,-108,4143,262
3142359,-105,4145,298
3142360,-100,4136,318
3142361,-76,4118,306
3142362,-29,4116,305
3142363,5,4121,322
3142364,5,4114,317
3142365,8,4115,320
3142366,18,4124,334
3142367,13,4120,332
3142368,14,4118,336
3142369,13,4127,354
3142370,-4,4133,354
3142371,-10,4145,331
3142372,9,4161,261
3142373,3,4149,266
3142374,-17,4146,299
3142375,-60,4151,334
3142376,-99,4146,341
3142377,-115,4132,351
3142378,-112,4128,379
3142379,-98,4122,375
3142380,-72,4115,362
3142382,-53,4116,379
3142383,-57,4109,400
3142384,-63,4099,396
3142385,-33,4097,371
3142386,16,4099,341
3142387,50,4090,308
3142388,78,4089,257
3142389,112,4096,182
3142390,129,4096,154
3142391,100,4089,198
3142392,35,4068,238
3142393,-19,4064,270
3142394,-55,4077,316
3142395,-91,4076,339
3142396,-97,4075,317
3142397,-65,4079,301
3142398,-38,4074,322
3142399,-33,4058,345
3142400,-28,4048,348
3142401,-9,4047,339
3142402,1,4038,338
3142403,2,4035,334
3142404,21,4041,279
3142405,13,4057,278
3142406,-15,4056,293
3142407,-46,4061,327
3142408,-61,4081,331
3142409,-63,4095,298
3142410,-53,4107,299
3142411,-43,4120,305
3142412,-40,4126,279
3142413,-27,4140,265
3142414,-24,4160,296
3142415,-46,4160,334
3142416,-51,4149,354
3142417,-34,4154,393
3142418,-24,4155,416
3142419,-23,4153,392
3142420,-14,4156,377
3142421,-9,4157,386
3142422,-15,4161,393
3142423,-18,4177,406
3142424,-23,4194,423
3142425,-36,4208,440
3142426,-42,4218,454
3142427,-39,4222,459
3142428,-41,4231,484
3142429,-50,4245,522
3142430,-59,4252,543
3142431,-73,4256,559
3142432,-92,4252,545
3142433,-103,4253,527
3142434,-99,4254,517
3142435,-95,4253,514
3142436,-101,4258,524
3142437,-108,4257,495
3142438,-113,4267,450
3142439,-53,4271,313
3142440,-18,4266,281
3142441,-5,4258,259
3142442,-1,4252,227
3142443,17,4250,182
3142444,40,4253,134
3142445,57,4237,87
3142446,74,4222,73
3142447,74,4224,122
3142448,24,4214,181
3142449,-55,4201,232
3142450,-115,4197,262
3142451,-150,4188,262
3142452,-158,4180,266
3142453,-152,4176,293
3142454,-150,4171,334
3142455,-145,4171,332
3142456,-119,4182,264
3142457,-63,4199,194
3142458,3,4200,142
3142459,50,4183,113
3142460,69,4169,138
3142461,51,4153,164
3142462,17,4139,153
3142463,9,4136,126
3142464,14,4133,121
3142465,8,4128,154
3142466,-4,4119,202
3142467,-11,4108,245
3142468,-41,4111,306
3142469,-97,4110,367
3142470,-124,4109,380
3142471,-98,4127,351
3142472,-53,4141,306
3142473,-19,4140,247
3142474,13,4140,201
3142475,49,4145,191
3142476,50,4146,219
3142477,27,4144,244
3142478,0,4132,272
3142479,-13,4136,314
3142480,-22,4146,334
3142481,-42,4153,331
3142482,-50,4155,296
3142483,-31,4154,226
3142484,-1,4158,185
3142485,11,4146,187
3142486,-6,4125,203
3142487,-29,4117,216
3142488,-49,4123,237
3142489,-67,4126,266
3142490,-73,4118,276
3142491,-54,4105,288
3142492,-29,4092,316
3142493,-22,4087,353
3142494,-34,4101,405
3142495,-56,4113,423
3142496,-56,4126,414
3142497,-15,4131,369
3142498,40,4122,303
3142499,85,4120,272
3142500,108,4121,247
3142501,105,4124,226
3142502,86,4135,233
3142503,62,4135,222
3142504,41,4128,211
3142505,28,4130,249
3142506,1,4129,320
3142507,-47,4130,389
3142508,-88,4148,417
3142509,-101,4166,407
3142510,-86,4169,363
3142511,-36,4168,307
3142512,39,4167,321
3142513,18,4165,339
3142514,-20,4175,328
3142515,-41,4181,319
3142516,-42,4178,333
3142517,-35,4173,343
3142518,-29,4182,324
3142519,-16,4187,281
3142520,-6,4184,261
3142521,-20,4175,274
3142522,-47,4168,315
3142523,-62,4157,337
3142524,-62,4152,348
3142525,-60,4155,386
3142526,-53,4142,398
3142527,-21,4138,378
3142528,22,4141,337
3142529,38,4131,315
3142530,18,4120,337
3142531,-3,4118,380
3142532,-23,4117,427
3142533,-52,4121,456
3142534,-66,4134,433
3142535,-30,4145,381
3142536,31,4143,355
3142537,54,4147,364
3142538,30,4154,382
3142539,-10,4157,390
3142540,-53,4162,427
3142541,-105,4159,502
3142542,-145,4154,539
3142543,-132,4147,499
3142544,-81,4156,466
3142545,-57,4155,456
3142546,-59,4138,441
3142547,-43,4128,429
3142548,-64,4112,441
3142549,-88,4100,421
3142550,-78,4103,379
3142551,-50,4108,335
3142552,-28,4112,305
3142553,-9,4113,273
3142554,14,4120,229
3142555,34,4129,208
3142556,35,4128,202
3142557,19,4125,208
3142558,5,4129,222
3142559,-15,4134,247
3142560,-49,4129,294
3142561,-74,4126,317
3142562,-73,4141,304
3142563,-57,4154,270
3142564,-40,4151,226
3142565,-21,4158,226
3142566,-12,4165,243
3142567,-26,4171,254
3142568,-32,4195,253
3142569,-11,4210,229
3142570,14,4207,208
3142571,32,4203,208
3142572,32,4199,222
3142573,5,4193,238
3142574,-23,4199,263
3142575,-21,4204,279
3142576,-6,4205,279
3142577,10,4198,272
3142578,27,4186,273
3142579,32,4181,279
3142580,21,4180,260
3142581,-34,4189,252
3142582,-47,4177,228
3142583,-31,4178,225
3142584,-13,4180,243
3142585,-30,4164,261
3142586,-61,4140,281
3142587,-75,4127,305
3142588,-76,4117,296
3142589,-59,4115,256
3142590,-18,4122,209
3142591,19,4111,156
3142592,43,4102,143
3142593,49,4105,148
3142594,23,4113,139
3142595,-11,4118,155
3142596,-44,4117,209
3142597,-77,4114,252
3142598,-88,4111,257
3142599,-79,4116,252
3142600,-62,4116,242
3142601,-52,4119,235
3142602,-39,4127,226
3142603,-19,4140,212
3142604,-14,4152,204
3142605,-20,4152,200
3142606,-20,4151,197
3142607,-4,4152,173
3142608,24,4160,146
3142609,44,4164,138
3142610,40,4164,161
3142611,10,4171,210
3142612,-42,4184,258
3142613,-99,4196,315
3142614,-137,4195,357
3142615,-136,4207,339
3142616,-98,4218,317
3142617,-59,4227,279
3142618,-21,4235,235
3142619,13,4235,209
3142620,26,4240,235
3142621,16,4235,264
3142622,4,4225,267
3142623,-16,4221,300
3142624,-61,4207,352
3142625,-101,4194,401
3142626,-104,4194,431
3142627,-89,4195,436
3142628,-75,4184,432
3142629,-50,4173,408
3142630,-8,4159,357
3142631,38,4148,301
3142632,65,4149,268
3142633,62,4144,271
3142634,39,4138,282
3142635,15,4129,256
3142636,3,4124,227
3142637,-1,4127,228
3142638,-16,4122,228
3142639,-18,4126,231
3142640,0,4139,239
3142641,-8,4139,247
3142642,-40,4132,256
3142643,-53,4128,258
3142644,-48,4133,278
3142645,-50,4136,332
3142646,-53,4119,350
3142647,-34,4117,320
3142648,5,4134,299
3142649,28,4136,283
3142650,53,4124,251
3142651,117,4133,253
3142652,78,4106,280
3142653,12,4091,341
3142654,-51,4094,408
3142655,-99,4095,435
3142656,-115,4099,436
3142657,-91,4101,426
3142658,-63,4099,425
3142659,-49,4099,434
3142660,-40,4101,442
3142661,-38,4112,446
3142662,-30,4122,434
3142663,-16,4126,431
3142664,0,4124,422
3142665,7,4126,407
3142666,1,4133,405
3142667,-6,4136,376
3142668,-6,4137,331
3142669,7,4148,334
3142670,16,4154,361
3142671,5,4155,381
3142672,-20,4164,388
3142673,-53,4168,387
3142674,-88,4168,411
3142675,-117,4167,441
3142676,-137,4171,467
3142677,-141,4173,484
3142678,-137,4173,487
3142679,-125,4180,471
3142680,-87,4184,425
3142681,-26,4190,362
3142682,31,4198,321
3142683,48,4193,312
3142684,45,4180,303
3142685,43,4181,294
3142686,29,4177,289
3142687,-20,4150,292
3142688,-23,4144,280
3142689,-25,4152,281
3142690,-29,4155,307
3142691,-39,4140,328
3142692,-48,4134,358
3142693,-55,4143,406
3142694,-67,4137,446
3142695,-75,4127,473
3142696,-66,4134,484
3142697,-42,4146,450
3142698,-4,4161,396
3142699,45,4167,355
3142700,78,4164,327
3142701,76,4169,294
3142702,60,4183,260
3142703,32,4193,248
3142704,-14,4193,267
3142705,-58,4191,297
3142706,-83,4202,300
3142707,-89,4223,283
3142708,-73,4226,258
3142709,-33,4199,245
3142710,-27,4195,252
3142711,-49,4185,271
3142712,-90,4171,304
3142713,-129,4171,326
3142714,-136,4174,312
3142715,-108,4178,280
3142716,-67,4180,234
3142717,-33,4164,201
3142718,-15,4147,203
3142719,-13,4137,205
3142720,-27,4135,193
3142721,-38,4150,196
3142722,-41,4144,198
3142723,-39,4127,188
3142724,-22,4129,199
3142725,-20,4128,213
3142726,-45,4128,233
3142727,-69,4131,245
3142728,-79,4135,271
3142729,-82,4149,329
3142730,-86,4149,342
3142731,-86,4142,331
3142732,-84,4150,344
3142733,-95,4155,364
3142735,-94,4150,350
3142736,-55,4160,309
3142737,0,4153,276
3142738,-7,4142,292
3142739,-6,4142,298
3142740,1,4132,303
3142741,-18,4118,336
3142742,-58,4104,363
3142743,-84,4093,377
3142744,-98,4089,396
3142745,-125,4084,415
3142746,-161,4072,436
3142747,-169,4075,449
3142748,-126,4078,417
3142749,-60,4075,388
3142750,-12,4075,393
3142751,0,4074,386
3142752,-5,4080,346
3142753,3,4103,308
3142754,14,4121,299
3142755,8,4121,288
3142756,-2,4111,260
3142757,-2,4117,246
3142758,-24,4136,259
3142759,-67,4141,285
3142760,-94,4147,294
3142761,-106,4160,285
3142762,-112,4166,265
3142763,-103,4172,243
3142764,-93,4181,242
3142765,-91,4181,254
3142766,-93,4169,257
3142767,-99,4171,269
3142768,-103,4171,275
3142769,-100,4170,288
3142770,-83,4173,315
3142771,-58,4167,317
3142772,-48,4170,333
3142773,-17,4166,289
3142774,7,4172,269
3142775,21,4163,258
3142776,19,4169,276
3142777,0,4190,292
3142778,-31,4216,309
3142779,-56,4232,329
3142780,-66,4229,335
3142781,-64,4221,338
3142782,-56,4213,360
3142783,-68,4209,430
3142784,-110,4209,509
3142785,-151,4208,533
3142786,-139,4213,508
3142787,-80,4216,471
3142788,-23,4202,452
3142789,-2,4183,461
3142790,-13,4172,487
3142791,-49,4172,502
3142792,-84,4181,490
3142793,-83,4183,458
3142794,-53,4165,419
3142795,-15,4138,386
3142796,10,4119,388
3142797,5,4119,426
3142798,-30,4119,437
3142799,-55,4125,410
3142800,-46,4133,362
3142801,-15,4125,316
3142802,12,4104,295
3142803,9,4086,290
3142804,-16,4084,299
3142805,-89,4079,320
3142806,-110,4078,371
3142807,-105,4066,394
3142808,-83,4069,415
3142809,-55,4082,424
3142810,-40,4087,424
3142811,-34,4088,412
3142812,-13,4087,368
3142813,6,4093,337
3142814,9,4086,338
3142815,-5,4083,359
3142816,-28,4087,374
3142817,-45,4092,366
3142818,-60,4102,359
3142819,-76,4100,375
3142820,-91,4087,388
3142821,-89,4086,384
3142822,-71,4106,382
3142823,-58,4119,374
3142824,-48,4110,354
3142825,-26,4109,341
3142826,-11,4117,357
3142827,-25,4125,366
3142828,-44,4137,353
3142829,-41,4151,353
3142830,-29,4163,353
3142831,-19,4170,328
3142832,-11,4180,325
3142833,-9,4199,338
3142834,-21,4208,315
3142835,-29,4214,291
3142836,-72,4223,350
3142837,-114,4219,383
3142838,-125,4232,406
3142839,-123,4232,404
3142840,-119,4232,400
3142841,-97,4237,397
3142842,-73,4228,376
3142843,-54,4223,359
3142844,-37,4216,325
3142845,-27,4202,292
3142846,-13,4187,292
3142847,-1,4171,301
3142848,-1,4154,315
3142849,-11,4140,314
3142850,-17,4124,287
3142851,-22,4121,289
3142852,-24,4123,310
3142853,-32,4121,320
3142854,-35,4115,298
3142855,-21,4107,257
3142856,-12,4105,239
3142857,-25,4100,236
3142858,-45,4091,239
3142859,-58,4092,261
3142860,-72,4097,278
3142861,-85,4094,278
3142862,-80,4093,279
3142863,-56,4097,270
3142864,-31,4100,269
3142865,-18,4116,305
3142866,-24,4130,357
3142867,-40,4131,391
3142868,-57,4138,431
3142869,-76,4140,468
3142870,-88,4134,459
3142871,-78,4146,453
3142872,-48,4161,467
3142873,-35,4165,445
3142874,1,4179,407
3142875,31,4192,361
3142876,45,4196,328
3142877,45,4194,329
3142878,20,4180,358
3142879,-39,4174,418
3142880,-107,4172,469
3142881,-148,4170,484
3142882,-153,4167,489
3142883,-138,4151,491
3142884,-112,4148,498
3142885,-88,4161,487
3142886,-66,4168,450
3142887,-49,4176,436
3142888,-47,4178,448
3142889,-58,4173,435
3142890,-51,4177,394
3142891,-19,4179,368
3142892,-4,4175,362
3142893,-11,4157,342
3142894,-23,4142,348
3142895,-42,4148,382
3142896,-73,4154,394
3142897,-84,4152,368
3142898,-61,4150,339
3142899,-47,4151,363
3142900,-54,4140,391
3142901,-62,4123,390
3142902,-61,4128,405
3142903,-58,4130,413
3142904,-54,4113,388
3142905,-28,4108,385
3142906,-9,4110,362
3142907,-10,4111,310
3142908,-5,4103,332
3142909,-24,4093,364
3142910,-36,4090,403
3142911,-37,4095,441
3142912,-36,4107,435
3142913,-23,4117,403
3142914,-3,4122,369
3142915,10,4118,340
3142916,17,4115,330
3142917,6,4118,335
3142918,-23,4113,343
3142919,-44,4105,353
3142920,-39,4101,344
3142921,-17,4103,321
3142922,-4,4102,322
3142923,-10,4091,340
3142924,-23,4089,372
3142925,-37,4095,405
3142926,-56,4093,436
3142927,-67,4090,477
3142928,-54,4091,471
3142929,-26,4097,440
3142930,5,4103,420
3142931,12,4107,401
3142932,0,4117,398
3142933,1,4124,375
3142934,12,4131,337
3142935,21,4133,334
3142936,13,4119,347
3142937,-8,4107,355
3142938,-13,4113,342
3142939,-3,4126,320
3142940,1,4134,341
3142941,-17,4129,367
3142942,-35,4129,364
3142943,-50,4129,312
3142944,-53,4126,291
3142945,-37,4130,298
3142946,-30,4134,309
3142947,-52,4131,325
3142948,-77,4124,328
3142949,-86,4129,339
3142950,-84,4132,337
3142951,-69,4134,316
3142952,-38,4143,322
3142953,-13,4154,336
3142954,4,4159,320
3142955,26,4156,274
3142956,47,4150,234
3142957,60,4142,225
3142958,49,4134,240
3142959,2,4133,263
3142960,-61,4147,294
3142961,-101,4158,335
3142962,-106,4160,380
3142963,-91,4164,396
3142964,-59,4172,362
3142965,-18,4172,304
3142966,16,4163,269
3142967,23,4161,283
3142968,4,4151,301
3142969,-24,4139,309
3142970,-48,4149,355
3142971,-73,4155,395
3142972,-95,4161,389
3142973,-83,4181,365
3142974,-55,4196,337
3142975,-44,4209,340
3142976,-69,4217,434
3142977,-109,4222,471
3142978,-135,4230,445
3142979,-128,4240,397
3142980,-104,4247,383
3142981,-77,4239,365
3142982,-54,4242,365
3142983,-57,4257,407
3142984,-91,4251,428
3142985,-118,4246,434
3142986,-109,4253,452
3142987,-90,4251,449
3142988,-60,4246,423
3142989,-14,4240,383
3142990,19,4239,362
3142991,29,4235,368
3142992,16,4222,364
3142993,-9,4217,370
3142994,-28,4224,406
3142995,-32,4225,417
3142996,-19,4225,385
3142997,11,4233,351
3142998,27,4243,349
3142999,3,4236,374
3143000,-40,4226,404
3143001,-74,4226,443
3143002,-104,4228,490
3143003,-122,4237,501
3143004,-106,4244,490
3143005,-86,4253,495
3143006,-88,4259,484
3143007,-91,4259,459
3143008,-67,4260,427
3143009,-36,4262,408
3143010,-21,4253,395
3143011,-9,4241,362
3143012,24,4222,325
3143013,12,4216,348
3143014,-15,4203,371
3143015,-39,4180,376
3143016,-47,4166,364
3143017,-61,4153,365
3143018,-82,4125,380
3143019,-87,4088,373
3143020,-89,4056,359
3143021,-98,4037,361
3143022,-111,4031,349
3143023,-112,4041,342
3143024,-91,4060,352
3143025,-67,4070,363
3143026,-57,4071,373
3143027,-40,4069,368
3143028,-17,4068,382
3143029,-4,4054,403
3143030,5,4033,411
3143031,13,4033,421
3143032,27,4039,410
3143033,33,4035,411
3143034,37,4036,431
3143035,53,4040,423
3143036,56,4045,423
3143037,38,4054,436
3143038,14,4071,445
3143039,4,4090,443
3143040,5,4107,434
3143041,-1,4124,445
3143042,-8,4135,437
3143043,-11,4138,415
3143044,-20,4137,438
3143045,-48,4126,483
3143046,-89,4116,511
3143047,-108,4117,541
3143048,-107,4131,602
3143049,-83,4119,583
3143050,-32,4116,575
3143051,12,4107,538
3143052,38,4105,492
3143053,64,4116,485
3143054,66,4117,506
3143055,39,4102,544
3143056,17,4096,561
3143057,10,4101,546
3143058,10,4099,536
3143059,6,4084,531
3143060,2,4080,530
3143061,2,4091,529
3143062,-6,4099,522
3143063,-21,4098,517
3143064,-25,4089,511
3143065,-13,4083,487
3143066,1,4085,460
3143067,1,4081,460
3143068,-19,4079,476
3143069,-46,4085,498
3143070,-69,4092,520
3143071,-79,4103,508
3143072,-61,4108,437
3143073,-13,4114,371
3143074,20,4115,370
3143075,13,4104,402
3143076,-10,4107,429
3143077,-21,4120,422
3143078,-22,4129,407
3143079,-33,4124,428
3143080,-44,4101,457
3143081,-38,4083,457
3143082,-27,4081,459
3143083,-37,4082,481
3143084,-46,4096,456
3143085,-19,4109,447
3143086,-9,4109,448
3143087,-14,4108,466
3143088,-11,4116,485
3143089,1,4129,476
3143090,4,4137,442
3143091,16,4137,380
3143092,35,4132,324
3143093,52,4126,339
3143094,43,4118,389
3143095,-10,4122,422
3143096,-58,4142,463
3143097,-85,4161,518
3143098,-107,4156,542
3143099,-91,4149,517
3143100,-37,4157,490
3143101,2,4155,485
3143102,-7,4142,508
3143103,-35,4132,541
3143104,-47,4129,525
3143105,-39,4127,475
3143106,-14,4122,446
3143107,5,4115,422
3143108,15,4113,423
3143109,29,4125,429
3143110,25,4134,414
3143111,-4,4134,403
3143112,-18,4122,355
3143113,0,4111,306
3143114,21,4109,311
3143115,8,4098,341
3143116,-39,4078,366
3143117,-77,4078,399
3143118,-107,4090,444
3143119,-134,4086,489
3143120,-94,4079,465
3143121,-45,4103,440
3143122,-9,4111,418
3143123,24,4103,375
3143124,57,4105,348
3143125,82,4116,346
3143126,70,4115,324
3143127,43,4107,289
3143128,35,4112,285
3143129,12,4117,297
3143130,-33,4109,337
3143131,-63,4104,379
3143132,-75,4105,397
3143133,-85,4113,405
3143134,-92,4116,398
3143135,-105,4116,392
3143136,-124,4120,393
3143137,-128,4133,396
3143138,-122,4145,400
3143139,-116,4143,387
3143140,-101,4146,365
3143141,-65,4156,347
3143142,-28,4155,319
3143143,-16,4158,306
3143144,-15,4168,308
3143145,-13,4175,284
3143146,-17,4180,254
3143147,-19,4178,241
3143148,-27,4174,250
3143149,-52,4175,271
3143150,-89,4185,318
3143151,-134,4191,355
3143152,-170,4189,368
3143153,-166,4192,386
3143154,-139,4198,398
3143155,-129,4189,401
3143156,-107,4190,423
3143157,-108,4194,418
3143158,-113,4183,420
3143159,-101,4178,422
3143160,-79,4173,412
3143161,-60,4168,403
3143162,-44,4168,397
3143163,-35,4164,404
3143164,-37,4162,420
3143165,-41,4158,416
3143166,-35,4144,361
3143167,-14,4139,316
3143168,15,4134,311
3143169,19,4116,315
3143170,-10,4102,329
3143171,-50,4105,355
3143172,-103,4108,382
3143173,-153,4100,405
3143174,-164,4094,401
3143175,-133,4094,367
3143176,-86,4092,326
3143177,-49,4090,307
3143178,-35,4097,319
3143179,-32,4106,302
3143180,-26,4123,275
3143181,-14,4138,263
3143182,-19,4143,250
3143183,-33,4148,246
3143184,-31,4142,232
3143185,-22,4138,253
3143186,-28,4140,297
3143187,-56,4140,320
3143188,-81,4148,349
3143189,-88,4156,395
3143190,-98,4150,432
3143191,-106,4142,461
3143192,-92,4143,549
3143193,-88,4141,545
3143194,-68,4129,511
3143195,-46,4125,505
3143196,-21,4128,506
3143197,4,4134,488
3143198,33,4139,471
3143199,60,4145,459
3143200,64,4137,429
3143201,46,4130,395
3143202,15,4128,363
3143203,-23,4133,333
3143204,-51,4153,326
3143205,-61,4155,305
3143206,-60,4159,287
3143207,-55,4177,307
3143208,-62,4180,340
3143209,-80,4173,351
3143210,-93,4178,365
3143211,-107,4182,399
3143212,-120,4165,418
3143213,-111,4157,439
3143214,-90,4164,460
3143218,-28,4140,461
3143219,-2,4128,436
3143220,17,4122,425
3143221,29,4113,418
3143222,24,4098,430
3143223,5,4087,454
3143224,-19,4090,467
3143225,-40,4100,482
3143226,-41,4105,491
3143227,-27,4100,489
3143228,-11,4102,470
3143229,4,4113,438
3143230,17,4118,423
3143231,12,4109,437
3143232,-17,4104,453
3143233,-45,4110,465
3143234,-91,4118,488
3143235,-86,4111,478
3143236,-69,4116,467
3143237,-50,4125,491
3143238,-46,4124,506
3143239,-48,4124,488
3143240,-30,4125,475
3143241,-8,4124,483
3143242,0,4113,482
3143243,6,4095,467
3143244,7,4089,474
3143245,-12,4094,514
3143246,-47,4099,559
3143247,-61,4102,558
3143248,-31,4116,531
3143249,13,4120,521
3143250,25,4106,528
3143251,18,4104,535
3143252,9,4107,511
3143253,-20,4109,499
3143254,-44,4107,517
3143255,-55,4102,536
3143256,-54,4101,527
3143257,-39,4106,494
3143258,-30,4117,488
3143259,-34,4127,504
3143260,-36,4133,502
3143261,-19,4144,500
3143262,-8,4162,541
3143263,-27,4161,555
3143264,-36,4163,519
3143265,-3,4177,488
3143266,18,4181,471
3143267,-4,4178,455
3143268,-26,4177,457
3143269,-56,4183,496
3143270,-72,4186,503
3143271,-57,4178,489
3143272,-40,4164,464
3143273,-41,4167,455
3143274,-44,4166,416
3143275,-31,4166,383
3143276,-7,4166,392
3143277,-2,4157,413
3143278,-16,4150,441
3143279,-23,4147,438
3143280,-23,4158,433
3143281,-19,4161,445
3143282,-20,4151,448
3143283,-7,4149,450
3143284,17,4149,458
3143285,9,4147,485
3143286,-14,4145,517
3143287,-30,4147,528
3143288,-38,4155,496
3143289,-34,4159,455
3143290,-13,4159,447
3143291,12,4147,452
3143292,32,4144,463
3143293,36,4156,468
3143294,19,4158,460
3143295,-4,4161,462
3143296,-13,4167,468
3143297,-3,4161,454
3143298,8,4152,458
3143299,6,4148,476
3143300,-12,4140,490
3143301,-38,4140,527
3143302,-49,4146,541
3143303,-47,4147,507
3143304,-26,4154,480
3143305,24,4153,488
3143306,7,4142,467
3143307,-3,4144,426
3143308,7,4158,427
3143309,-5,4156,449
3143310,-33,4151,440
3143311,-28,4157,406
3143312,5,4162,374
3143313,25,4153,345
3143314,30,4139,325
3143315,42,4128,306
3143316,54,4123,321
3143317,45,4110,368
3143318,10,4100,404
3143319,-23,4100,422
3143320,-35,4106,423
3143321,-43,4113,438
3143322,-58,4105,440
3143323,-66,4108,409
3143324,-49,4129,379
3143325,-25,4148,369
3143326,-21,4152,383
3143327,-16,4152,390
3143328,2,4164,384
3143329,14,4177,390
3143330,5,4180,408
3143331,-8,4171,389
3143332,9,4181,364
3143333,24,4190,352
3143334,13,4171,333
3143335,3,4157,359
3143336,0,4148,396
3143337,-11,4135,378
3143338,-7,4126,340
3143339,12,4133,343
3143340,12,4127,370
3143341,-19,4112,391
3143342,-41,4118,385
3143343,-66,4107,386
3143344,-70,4087,389
3143345,-46,4087,390
3143346,-22,4094,380
3143347,-19,4092,362
3143348,-15,4087,372
3143349,-4,4095,386
3143350,-3,4103,392
3143351,4,4103,408
3143352,8,4102,415
3143353,-8,4097,412
3143354,-16,4097,393
3143355,-2,4105,358
3143356,19,4106,311
3143357,29,4110,304
3143358,24,4117,352
3143359,-7,4114,412
3143360,-65,4117,465
3143361,-111,4127,499
3143362,-114,4133,489
3143363,-82,4127,453
3143364,-31,4124,455
3143365,4,4122,481
3143366,1,4121,476
3143367,-6,4132,460
3143368,9,4142,444
3143369,25,4144,440
3143370,37,4147,470
3143371,34,4147,483
3143372,13,4145,476
3143373,7,4147,477
3143374,2,4137,466
3143375,-19,4130,473
3143376,-17,4132,494
3143377,3,4140,552
3143378,-6,4151,534
3143379,0,4167,488
3143380,10,4176,470
3143381,-5,4164,477
3143382,-24,4144,458
3143383,-20,4150,422
3143384,2,4159,392
3143385,26,4160,388
3143386,37,4157,407
3143387,42,4151,425
3143388,41,4147,427
3143389,38,4148,416
3143390,37,4150,405
3143391,43,4137,380
3143392,55,4125,355
3143393,53,4129,342
3143394,37,4127,328
3143395,23,4120,350
3143396,7,4115,392
3143397,-17,4115,419
3143398,-19,4122,430
3143399,1,4125,416
3143400,11,4126,403
3143401,12,4124,419
3143402,16,4141,458
3143403,21,4162,469
3143404,29,4183,466
3143405,36,4196,450
3143406,46,4196,391
3143407,76,4203,328
3143408,117,4209,297
3143409,128,4211,285
3143410,112,4213,259
3143411,97,4215,274
3143412,77,4204,339
3143413,9,4164,413
3143414,-5,4172,412
3143415,-17,4170,415
3143416,-24,4148,425
3143417,-10,4136,420
3143418,13,4146,422
3143419,23,4151,436
3143420,15,4143,437
3143421,4,4145,426
3143422,9,4146,380
3143423,31,4147,333
3143424,55,4150,314
3143425,72,4147,284
3143426,89,4157,242
3143427,111,4173,207
3143428,108,4176,181
3143429,79,4168,166
3143430,60,4160,175
3143431,56,4162,197
3143432,45,4167,220
3143433,27,4168,236
3143434,31,4168,231
3143435,52,4164,206
3143436,66,4146,186
3143437,75,4128,199
3143438,73,4133,242
3143439,46,4146,288
3143440,10,4149,293
3143441,-1,4153,276
3143442,17,4160,262
3143443,43,4157,237
3143444,68,4157,210
3143445,98,4158,184
3143446,105,4152,197
3143447,81,4148,283
3143448,37,4152,388
3143449,-39,4163,439
3143450,-25,4168,440
3143451,-2,4170,440
3143452,18,4177,444
3143453,33,4186,452
3143454,29,4193,448
3143455,13,4190,425
3143456,17,4188,399
3143457,46,4184,380
3143458,63,4185,371
3143459,62,4192,349
3143460,54,4192,296
3143461,50,4195,288
3143462,56,4206,350
3143463,39,4198,386
3143464,21,4188,375
3143465,29,4202,378
3143466,28,4214,436
3143467,-2,4198,477
3143468,-27,4185,473
3143469,-15,4194,461
3143470,-1,4196,432
3143471,2,4194,395
3143472,32,4196,364
3143473,83,4188,359
3143474,105,4180,364
3143475,95,4177,363
3143476,71,4165,375
3143477,38,4153,395
3143478,0,4148,414
3143479,-28,4138,445
3143480,-38,4130,473
3143481,-37,4124,458
3143482,-30,4129,421
3143483,-18,4146,375
3143484,-4,4149,313
3143485,21,4146,245
3143486,21,4139,250
3143487,13,4133,287
3143488,-6,4130,317
3143489,-32,4130,313
3143490,-51,4126,286
3143491,-46,4117,269
3143492,-21,4104,298
3143493,-5,4093,364
3143494,-16,4094,428
3143495,-35,4101,464
3143496,-42,4103,440
3143497,-34,4105,424
3143498,-14,4107,450
3143499,8,4103,478
3143500,31,4103,486
3143501,56,4112,468
3143502,75,4123,436
3143503,84,4136,421
3143504,88,4149,423
3143505,86,4149,413
3143506,81,4152,422
3143507,74,4164,468
3143508,39,4160,492
3143509,-12,4146,489
3143510,-31,4143,498
3143511,-33,4138,531
3143512,-42,4124,578
3143513,-40,4121,611
3143514,-25,4133,612
3143515,-6,4137,568
3143516,15,4124,510
3143517,32,4104,481
3143518,45,4085,468
3143519,45,4078,445
3143520,23,4082,408
3143521,16,4066,350
3143522,22,4047,299
3143523,34,4042,317
3143524,22,4043,336
3143525,-8,4045,326
3143526,-25,4052,322
3143527,-36,4058,318
3143528,-47,4054,288
3143529,-41,4052,258
3143530,-19,4052,263
3143531,-4,4050,309
3143532,-14,4057,365
3143533,-51,4072,386
3143534,-80,4087,358
3143535,-76,4094,314
3143536,-54,4097,293
3143537,-22,4102,297
3143538,-10,4109,305
3143539,-30,4129,331
3143540,-55,4154,357
3143541,-66,4166,357
3143542,-45,4166,379
3143543,-12,4164,418
3143544,-4,4159,450
3143545,-22,4153,476
3143546,-43,4153,482
3143547,-66,4149,476
3143548,-90,4147,468
3143549,-95,4152,452
3143550,-82,4149,448
3143551,-66,4148,467
3143552,-37,4143,465
3143553,-31,4134,467
3143554,-51,4134,513
3143555,-40,4138,531
3143556,-4,4135,531
3143557,-10,4141,535
3143558,-6,4145,521
3143559,13,4155,506
3143560,39,4158,475
3143561,35,4159,466
3143562,17,4169,483
3143563,12,4174,502
3143564,1,4172,532
3143565,-24,4168,543
3143566,-45,4170,527
3143567,-45,4165,502
3143568,-50,4157,508
3143569,-52,4155,532
3143570,-53,4159,529
3143571,-64,4161,508
3143572,-66,4156,487
3143573,-80,4149,501
3143574,-97,4141,535
3143575,-90,4138,547
3143576,-64,4138,532
3143577,-32,4125,500
3143578,-13,4111,488
3143579,-10,4107,506
3143580,-15,4109,520
3143581,-21,4102,523
3143582,-43,4101,542
3143583,-54,4108,525
3143584,-38,4118,467
3143585,-25,4127,437
3143586,-26,4129,445
3143587,-32,4133,464
3143588,-17,4134,430
3143589,5,4137,382
3143590,2,4141,374
3143591,-19,4143,362
3143592,-14,4148,330
3143593,-22,4148,346
3143594,-33,4138,382
3143595,-42,4138,420
3143596,-22,4145,427
3143597,8,4146,421
3143598,23,4149,431
3143599,27,4145,452
3143600,16,4145,447
3143601,3,4153,429
3143602,-2,4155,441
3143603,-7,4157,460
3143604,-2,4164,478
3143605,-9,4171,514
3143606,-22,4168,541
3143607,-17,4162,546
3143608,5,4158,554
3143609,5,4160,559
3143610,5,4164,538
3143611,17,4160,510
3143612,20,4146,494
3143613,13,4138,490
3143614,0,4134,492
3143615,-16,4125,497
3143616,-32,4115,504
3143617,-47,4111,500
3143618,-60,4105,462
3143619,-73,4097,445
3143620,-94,4096,459
3143621,-81,4098,445
3143622,-36,4099,421
3143623,-1,4104,399
3143624,15,4116,390
3143625,2,4127,411
3143626,-23,4137,431
3143627,-28,4135,412
3143628,-19,4132,435
3143629,-27,4139,423
3143630,-39,4154,400
3143631,-40,4165,398
3143632,-21,4169,407
3143633,3,4170,413
3143634,13,4170,410
3143635,2,4167,418
3143636,-25,4162,437
3143637,-53,4163,444
3143638,-63,4160,430
3143639,-57,4149,396
3143640,-44,4140,372
3143641,-33,4142,393
3143642,-57,4147,470
3143643,-97,4147,524
3143644,-105,4143,512
3143645,-92,4139,469
3143646,-63,4134,429
3143647,-42,4132,427
3143648,-27,4138,433
3143649,-8,4144,410
3143650,-13,4158,390
3143651,-30,4168,373
3143652,-49,4162,347
3143653,-79,4161,352
3143654,-98,4164,367
3143655,-84,4168,372
3143656,-62,4174,378
3143657,-56,4177,371
3143658,-62,4173,365
3143659,-60,4165,374
3143660,-43,4165,351
3143661,-15,4161,303
3143662,-27,4164,318
3143663,-64,4166,355
3143664,-27,4160,294
3143665,-26,4169,280
3143666,-26,4169,293
3143667,-26,4170,328
3143668,-38,4173,355
3143669,-52,4177,376
3143670,-71,4178,391
3143671,-89,4172,391
3143672,-95,4159,372
3143673,-89,4149,355
3143674,-81,4153,357
3143675,-66,4165,360
3143676,-47,4171,342
3143677,-46,4174,337
3143678,-58,4171,352
3143679,-74,4161,364
3143680,-90,4161,368
3143681,-92,4169,346
3143682,-74,4170,315
3143683,-59,4166,301
3143684,-61,4157,297
3143685,-72,4152,318
3143686,-85,4156,379
3143687,-80,4162,423
3143688,-64,4163,433
3143689,-53,4161,425
3143690,-33,4164,406
3143691,-5,4172,371
3143692,20,4184,333
3143693,-22,4190,360
3143694,-38,4191,373
3143695,-28,4195,370
3143697,-37,4196,388
3143698,-66,4200,406
3143699,-71,4198,390
3143700,-60,4187,372
3143701,-73,4178,387
3143702,-85,4173,403
3143703,-72,4182,393
3143704,-52,4191,382
3143705,-40,4186,381
3143706,-49,4180,396
3143707,-53,4173,415
3143708,-35,4166,422
3143709,-20,4154,427
3143710,-20,4147,440
3143711,-14,4147,425
3143712,-7,4147,390
3143713,-14,4148,376
3143714,-24,4146,387
3143715,-41,4151,427
3143716,-43,4157,461
3143717,-45,4161,494
3143718,-35,4160,498
3143719,-17,4167,498
3143720,2,4177,487
3143721,2,4173,476
3143722,-21,4175,519
3143723,-32,4198,543
3143724,-25,4216,499
3143725,-29,4213,463
3143726,-42,4206,476
3143727,-27,4200,484
3143728,-8,4194,494
3143729,-7,4193,525
3143730,-10,4193,550
3143731,-8,4184,558
3143732,4,4165,548
3143733,10,4152,543
3143734,15,4150,528
3143735,35,4133,502
3143736,35,4116,510
3143737,27,4113,539
3143738,43,4103,550
3143739,38,4103,567
3143740,16,4111,575
3143741,3,4116,550
3143742,-3,4122,529
3143743,-14,4127,529
3143744,-29,4131,535
3143745,-37,4131,536
3143746,-45,4137,551
3143747,-43,4151,557
3143748,-38,4162,542
3143749,-16,4180,483
3143750,-30,4183,499
3143751,-43,4180,547
3143752,-41,4178,585
3143753,-28,4164,590
3143754,-34,4146,627
3143755,-57,4138,676
3143756,-50,4120,655
3143757,-26,4094,625
3143758,-11,4067,622
3143759,-13,4053,616
3143760,1,4050,568
3143761,39,4041,506
3143762,66,4035,491
3143763,78,4032,484
3143764,86,4026,453
3143765,74,4019,438
3143766,45,4014,455
3143767,13,4013,480
3143768,-4,4013,467
3143769,-11,4015,444
3143770,-21,4021,459
3143771,-32,4033,477
3143772,-39,4050,463
3143773,-29,4069,441
3143774,-10,4080,441
3143775,18,4081,444
3143776,34,4098,463
3143777,34,4123,472
3143778,45,4136,458
3143779,46,4143,460
3143780,28,4150,490
3143781,-7,4150,570
3143782,-16,4149,584
3143783,-19,4148,570
3143784,-11,4143,555
3143785,-5,4132,570
3143786,-24,4135,612
3143787,-21,4139,584
3143788,2,4137,523
3143789,16,4133,490
3143790,29,4116,466
3143791,30,4104,463
3143792,33,4100,450
3143793,41,4092,443
3143794,42,4079,462
3143795,25,4077,487
3143796,15,4082,487
3143797,28,4084,464
3143798,28,4084,451
3143799,-2,4090,470
3143800,-33,4104,499
3143801,-30,4108,502
3143802,-14,4109,488
3143803,-11,4117,467
3143804,-15,4134,456
3143805,-14,4148,454
3143806,-15,4148,468
3143807,-27,4150,504
3143808,-29,4157,511
3143809,-11,4158,480
3143810,-4,4158,481
3143811,-22,4164,523
3143812,-39,4172,542
3143813,-36,4173,533
3143814,-30,4171,538
3143815,-34,4173,549
3143816,-10,4170,528
3143817,-1,4167,530
3143818,-6,4166,540
3143819,-8,4160,541
3143820,-9,4145,528
3143821,-17,4130,528
3143822,-28,4117,548
3143823,-33,4108,562
3143824,-41,4095,548
3143825,-39,4077,528
3143826,-26,4064,521
3143827,-10,4059,493
3143828,3,4062,462
3143829,10,4066,437
3143830,13,4065,410
3143831,14,4063,396
3143832,18,4061,383
3143833,20,4065,378
3143834,16,4073,385
3143835,3,4079,419
3143836,-13,4083,487
3143837,-8,4082,528
3143838,9,4087,530
3143839,14,4101,526
3143840,23,4104,519
3143841,26,4101,530
3143842,11,4108,571
3143843,9,4118,584
3143844,22,4128,544
3143845,30,4140,506
3143846,36,4136,506
3143847,32,4121,531
3143848,16,4114,555
3143849,-21,4119,600
3143850,-14,4112,586
3143851,16,4107,539
3143852,36,4108,508
3143853,33,4106,513
3143854,31,4112,525
3143855,38,4125,529
3143856,40,4135,540
3143857,40,4147,538
3143858,36,4155,526
3143859,20,4155,534
3143860,6,4156,529
3143861,16,4153,491
3143862,29,4153,456
3143863,24,4153,437
3143864,7,4148,427
3143865,-5,4151,430
3143866,-12,4155,430
3143867,-17,4155,416
3143868,-9,4152,403
3143869,-2,4143,399
3143870,-14,4146,405
3143871,-20,4159,405
3143872,-15,4165,386
3143873,-7,4165,365
3143874,-18,4166,355
3143875,-39,4165,372
3143876,-56,4167,437
3143877,-70,4176,485
3143878,-35,4179,436
3143879,6,4176,366
3143880,6,4176,356
3143881,-3,4174,382
3143882,-9,4171,404
3143883,-22,4173,423
3143884,-21,4178,449
3143885,-24,4181,509
3143886,-25,4178,516
3143887,-24,4174,514
3143888,-9,4175,504
3143889,16,4188,478
3143890,38,4199,423
3143891,50,4207,403
3143892,48,4216,414
3143893,57,4215,393
3143894,61,4211,403
3143895,35,4213,462
3143896,17,4215,491
3143897,14,4215,483
3143898,6,4216,464
3143899,-8,4224,463
3143900,-19,4232,460
3143901,-17,4234,440
3143902,-31,4233,452
3143903,-68,4228,521
3143904,-87,4231,558
3143905,-61,4237,522
3143906,-33,4240,487
3143907,-26,4245,477
3143908,-23,4247,472
3143909,-19,4247,461
3143910,-29,4243,447
3143911,-39,4233,441
3143912,-47,4221,454
3143913,-57,4210,470
3143914,-60,4196,477
3143915,-62,4180,489
3143916,-66,4172,484
3143917,-55,4166,447
3143918,-27,4157,416
3143919,-8,4160,399
3143920,44,4152,351
3143921,54,4150,351
3143922,59,4153,346
3143923,64,4147,325
3143924,53,4138,331
3143925,21,4135,371
3143926,-8,4133,419
3143927,-27,4138,451
3143928,-37,4134,476
3143929,-52,4136,509
3143930,-53,4139,517
3143931,-41,4136,497
3143932,-12,4127,470
3143933,20,4123,461
3143934,48,4120,445
3143935,87,4118,441
3143936,134,4135,453
3143937,165,4163,422
3143938,134,4176,394
3143939,53,4158,400
3143940,-27,4132,434
3143941,-73,4118,486
3143942,-90,4106,515
3143943,-92,4095,523
3143944,-94,4093,532
3143945,-87,4094,548
3143946,-66,4102,557
3143947,-29,4110,536
3143948,17,4108,513
3143949,46,4116,509
3143950,49,4112,509
3143951,45,4103,535
3143952,61,4092,548
3143953,61,4085,563
3143954,46,4082,571
3143955,39,4078,552
3143956,40,4073,544
3143957,36,4069,552
3143958,46,4063,534
3143959,59,4052,501
3143960,61,4042,474
3143961,59,4045,471
3143962,49,4049,481
3143963,45,4045,475
3143964,38,4042,455
3143965,29,4042,453
3143966,0,4049,477
3143967,-14,4055,467
3143968,6,4048,446
3143969,-3,4050,483
3143970,-29,4062,537
3143971,-34,4071,533
3143973,-22,4082,507
3143974,-15,4099,509
3143975,-15,4104,506
3143976,-14,4103,498
3143977,-12,4107,494
3143978,-1,4101,486
3143979,-2,4108,500
3143980,-13,4117,494
3143981,-5,4112,461
3143982,11,4107,455
3143983,6,4102,484
3143984,-14,4076,495
3143985,-20,4071,481
3143986,-20,4071,478
3143987,-22,4071,482
3143988,-24,4071,469
3143989,-25,4065,453
3143990,-37,4062,443
3143991,-38,4062,431
3143992,-23,4061,433
3143993,-15,4055,439
3143994,-18,4053,436
3143995,-20,4067,451
3143996,-15,4086,454
3143997,-1,4094,430
3143998,14,4106,427
3143999,30,4129,448
3144000,44,4135,467
3144001,39,4136,490
3144002,27,4145,527
3144003,15,4153,554
3144004,11,4153,563
3144005,10,4147,574
3144006,6,4138,587
3144007,7,4124,594
3144008,1,4118,612
3144009,-4,4118,629
3144010,-11,4120,642
3144011,-14,4124,644
3144012,-3,4130,618
3144013,16,4141,574
3144014,36,4147,525
3144015,46,4152,505
3144016,46,4155,503
3144017,34,4158,532
3144018,10,4169,575
3144019,-1,4174,587
3144020,-1,4173,602
3144021,-7,4168,596
3144022,-5,4169,579
3144023,-3,4179,585
3144024,-4,4184,584
3144025,11,4177,558
3144026,27,4170,558
3144027,27,4175,580
3144028,49,4182,554
3144029,62,4177,499
3144030,35,4157,464
3144031,49,4150,424
3144032,68,4145,418
3144033,15,4128,477
3144034,-35,4123,522
3144035,-23,4126,509
3144036,7,4126,456
3144037,17,4131,417
3144038,3,4135,421
3144039,-6,4124,433
3144040,8,4118,424
3144041,25,4115,403
3144042,25,4115,427
3144043,4,4123,467
3144044,-6,4128,470
3144045,-11,4139,462
3144046,-25,4141,471
3144047,-45,4134,510
3144048,-58,4132,548
3144049,-49,4133,570
3144050,-27,4132,582
3144051,6,4131,566
3144052,31,4131,548
3144053,37,4126,551
3144054,36,4130,565
3144055,40,4137,543
3144056,54,4137,536
3144057,36,4135,556
3144058,18,4124,575
3144059,10,4109,608
3144060,9,4094,646
3144061,3,4075,659
3144062,1,4066,674
3144063,1,4065,689
3144064,9,4056,701
3144065,23,4052,711
3144066,44,4050,687
3144067,60,4055,687
3144068,71,4065,684
3144069,92,4065,652
3144070,101,4074,634
3144071,99,4086,607
3144072,92,4087,597
3144073,77,4095,621
3144074,63,4102,629
3144075,45,4113,631
3144076,37,4123,628
3144077,25,4120,619
3144078,7,4129,614
3144079,-2,4145,601
3144080,-9,4153,584
3144081,-12,4150,569
3144082,-18,4147,589
3144083,-32,4150,606
3144084,-43,4150,617
3144085,-48,4157,627
3144086,-33,4152,582
3144087,-15,4132,552
3144088,-25,4126,578
3144089,-25,4114,581
3144090,-11,4101,567
3144091,1,4110,579
3144092,37,4117,554
3144093,42,4117,537
3144094,29,4124,523
3144095,13,4130,511
3144096,-8,4143,502
3144097,-17,4144,480
3144098,-26,4142,476
3144099,-40,4150,476
3144100,-51,4145,464
3144101,-76,4142,490
3144102,-114,4148,542
3144103,-120,4147,563
3144104,-104,4147,566
3144105,-98,4155,571
3144106,-83,4158,569
3144107,-62,4151,561
3144108,-34,4141,542
3144109,-18,4134,533
3144110,-21,4122,542
3144111,-28,4115,572
3144112,-27,4116,590
3144113,-22,4110,575
3144114,-13,4103,568
3144115,-17,4101,568
3144116,-23,4092,552
3144117,-19,4087,544
3144118,-16,4086,526
3144119,12,4077,482
3144120,26,4065,458
3144121,6,4058,464
3144122,-15,4051,482
3144123,-40,4054,502
3144124,-54,4066,500
3144125,-49,4066,482
3144126,-44,4064,494
3144127,-44,4072,519
3144128,-30,4069,507
3144129,-19,4059,487
3144130,-3,4064,489
3144131,12,4077,500
3144132,4,4083,515
3144133,-18,4088,550
3144134,-22,4095,590
3144135,-19,4105,605
3144136,-4,4108,586
3144137,23,4105,565
3144138,27,4108,574
3144139,13,4103,607
3144140,4,4107,640
3144141,15,4110,633
3144142,30,4109,624
3144143,29,4118,627
3144144,35,4133,607
3144145,47,4137,584
3144146,37,4127,586
3144147,19,4126,594
3144148,20,4124,570
3144149,37,4109,546
3144150,31,4106,563
3144151,18,4111,580
3144152,24,4111,577
3144153,39,4107,557
3144154,53,4101,554
3144155,51,4106,562
3144156,65,4114,526
3144157,85,4116,485
3144158,82,4112,478
3144159,61,4106,484
3144160,41,4095,483
3144161,21,4090,504
3144162,-8,4095,543
3144163,-20,4099,560
3144164,-25,4100,577
3144165,-38,4107,610
3144166,-32,4101,623
3144167,-21,4100,612
3144168,6,4106,580
3144169,37,4123,567
3144170,48,4137,554
3144171,38,4139,566
3144172,19,4140,622
3144173,-6,4144,688
3144174,-35,4148,716
3144175,-42,4152,699
3144176,-33,4158,671
3144177,-23,4161,644
3144178,-11,4154,628
3144179,4,4146,615
3144180,16,4145,616
3144181,16,4147,607
3144182,28,4147,561
3144183,32,4145,527
3144184,4,4144,532
3144185,-32,4139,562
3144186,-59,4135,575
3144187,-69,4132,576
3144188,-74,4130,578
3144189,-67,4123,568
3144190,-59,4122,562
3144191,-50,4116,543
3144192,-29,4110,520
3144193,-11,4123,504
3144194,-1,4131,476
3144195,4,4133,463
3144196,-5,4146,490
3144197,-17,4154,540
3144198,-26,4148,584
3144199,-31,4148,597
3144200,-30,4150,578
3144201,-9,4162,553
3144202,2,4169,558
3144203,15,4169,566
3144204,14,4167,578
3144205,15,4165,586
3144206,26,4167,577
3144207,40,4179,560
3144208,56,4190,532
3144209,71,4192,510
3144210,56,4195,529
3144211,28,4193,552
3144212,15,4187,565
3144213,8,4184,598
3144214,2,4173,642
3144215,-11,4167,680
3144216,-19,4169,686
3144217,-4,4164,666
3144218,3,4164,672
3144219,-5,4174,692
3144220,1,4174,690
3144221,14,4162,672
3144222,22,4154,679
3144223,25,4156,677
3144224,37,4148,652
3144225,47,4138,656
3144226,49,4137,669
3144227,65,4135,655
3144228,79,4131,628
3144229,76,4122,611
3144230,79,4112,607
3144231,86,4111,602
3144232,79,4106,606
3144233,63,4090,632
3144234,45,4077,664
3144235,40,4076,678
3144236,53,4078,663
3144237,55,4065,689
3144238,53,4071,698
3144239,80,4077,672
3144240,106,4085,633
3144241,120,4086,593
3144242,129,4086,568
3144243,127,4094,562
3144244,110,4099,572
3144245,88,4104,581
3144246,71,4108,591
3144247,52,4111,596
3144248,48,4103,580
3144249,44,4104,568
3144250,44,4109,560
3144251,61,4101,562
3144252,66,4098,595
3144253,60,4099,628
3144254,65,4101,626
3144255,72,4105,599
3144256,78,4102,578
3144257,83,4098,589
3144258,81,4104,618
3144259,68,4112,617
3144260,60,4110,562
3144261,74,4109,504
3144262,67,4117,511
3144263,33,4122,557
3144264,23,4123,574
3144265,29,4124,572
3144266,20,4126,568
3144267,17,4121,578
3144268,5,4125,603
3144269,-2,4139,615
3144270,-1,4147,631
3144271,-2,4157,626
3144272,10,4163,606
3144273,-4,4176,639
3144274,11,4159,628
3144275,1,4156,663
3144276,-23,4156,682
3144277,-22,4155,679
3144278,-13,4163,678
3144279,-10,4153,667
3144280,-19,4133,670
3144281,-44,4123,691
3144282,-69,4118,712
3144283,-69,4110,725
3144284,-52,4114,709
3144285,-28,4125,662
3144286,-12,4136,632
3144287,-6,4141,613
3144288,1,4136,597
3144289,-1,4137,580
3144290,4,4142,548
3144291,13,4144,528
3144292,10,4143,529
3144293,5,4141,521
3144294,-2,4137,507
3144295,-11,4131,510
3144296,-23,4129,544
3144297,-34,4131,599
3144298,-33,4126,658
3144299,-29,4121,709
3144300,-11,4116,728
3144301,7,4119,721
3144302,26,4121,701
3144303,54,4120,715
3144304,60,4133,761
3144305,65,4147,785
3144306,75,4156,783
3144307,90,4152,743
3144308,96,4144,729
3144309,59,4165,746
3144310,52,4166,721
3144311,33,4165,697
3144312,17,4156,687
3144313,4,4137,707
3144314,-8,4124,727
3144315,-1,4124,685
3144316,23,4131,588
3144317,47,4134,502
3144318,35,4135,457
3144319,19,4123,390
3144320,16,4111,328
3144321,-5,4111,324
3144322,-41,4102,335
3144323,-62,4092,320
3144324,-63,4097,307
3144325,-60,4092,319
3144326,-47,4079,358
3144327,-45,4085,423
3144328,-36,4097,472
3144329,-8,4102,490
3144330,20,4104,507
3144331,36,4104,559
3144332,31,4110,633
3144333,45,4108,654
3144334,71,4098,647
3144335,84,4096,672
3144336,102,4085,690
3144337,122,4068,690
3144338,137,4056,689
3144339,135,4055,683
3144340,123,4057,664
3144341,110,4055,654
3144342,78,4059,656
3144343,54,4061,635
3144344,47,4071,596
3144345,26,4083,542
3144346,-3,4073,571
3144347,-20,4066,593
3144348,-24,4059,622
3144349,-36,4063,661
3144350,-29,4070,660
3144351,-13,4073,649
3144352,-1,4072,652
3144353,13,4070,671
3144354,22,4071,696
3144355,42,4064,708
3144356,56,4065,738
3144357,69,4073,745
3144358,96,4075,709
3144359,112,4077,682
3144360,117,4070,664
3144361,122,4062,651
3144362,129,4059,645
3144363,122,4053,648
3144364,104,4050,651
3144365,85,4058,656
3144366,64,4063,658
3144367,40,4063,662
3144368,25,4065,643
3144369,25,4064,595
3144370,19,4065,581
3144371,11,4074,593
3144372,11,4072,580
3144373,17,4070,577
3144374,18,4089,593
3144375,24,4103,576
3144376,42,4110,530
3144377,64,4112,480
3144378,77,4113,476
3144379,72,4118,507
3144380,68,4117,524
3144381,56,4109,595
3144382,47,4110,611
3144383,38,4105,628
3144384,24,4109,648
3144385,33,4109,643
3144386,38,4109,654
3144387,36,4120,673
3144388,41,4137,656
3144389,56,4153,607
3144390,58,4163,601
3144391,40,4173,633
3144392,34,4169,636
3144393,26,4167,646
3144394,9,4172,686
3144395,-2,4177,705
3144396,-11,4189,696
3144397,-13,4197,657
3144398,0,4196,588
3144399,12,4197,542
3144400,22,4190,535
3144401,21,4190,550
3144402,7,4200,563
3144403,6,4194,570
3144404,7,4179,581
3144405,5,4169,596
3144406,-4,4164,609
3144407,-16,4151,627
3144408,-32,4141,628
3144409,-37,4136,601
3144410,-20,4134,579
3144411,-23,4141,579
3144412,-28,4138,573
3144413,-10,4134,557
3144414,17,4125,549
3144415,24,4122,572
3144416,12,4129,588
3144417,40,4111,494
3144418,34,4118,444
3144419,34,4111,424
3144420,24,4099,457
3144421,14,4089,513
3144422,12,4084,543
3144423,17,4074,530
3144424,23,4067,527
3144425,27,4073,541
3144426,55,4082,544
3144427,80,4095,535
3144428,102,4102,510
3144429,136,4105,503
3144430,137,4109,540
3144431,109,4093,590
3144432,78,4067,644
3144433,44,4057,696
3144434,25,4059,731
3144435,7,4068,750
3144436,3,4084,752
3144437,11,4103,726
3144438,24,4121,678
3144439,42,4152,612
3144440,61,4177,497
3144441,94,4174,371
3144442,98,4172,328
3144443,71,4174,359
3144444,49,4160,379
3144445,47,4133,374
3144446,40,4113,389
3144447,16,4104,441
3144448,-8,4091,497
3144449,-23,4081,534
3144450,-19,4073,552
3144451,-5,4062,576
3144452,1,4061,623
3144453,26,4084,634
3144454,55,4093,639
3144455,66,4102,658
3144456,67,4117,665
3144457,90,4135,647
3144458,112,4156,627
3144459,112,4171,639
3144460,91,4176,653
3144461,82,4179,634
3144462,72,4187,627
3144463,55,4198,631
3144464,57,4193,636
3144465,46,4192,673
3144466,24,4201,676
3144467,18,4207,650
3144468,11,4215,658
3144469,-19,4222,682
3144470,-38,4214,689
3144471,-33,4204,684
3144472,-15,4192,671
3144473,-2,4181,679
3144474,10,4171,684
3144475,31,4153,690
3144476,33,4145,747
3144477,34,4138,803
3144478,49,4135,819
3144479,77,4141,745
3144480,117,4147,636
3144481,138,4160,570
3144482,150,4171,517
3144483,153,4180,501
3144484,118,4190,520
3144485,91,4178,521
3144486,72,4171,543
3144487,36,4178,572
3144488,17,4170,556
3144489,-11,4164,509
3144490,-25,4150,518
3144491,-42,4137,565
3144492,-65,4126,619
3144493,-89,4123,658
3144494,-76,4126,634
3144495,-21,4122,573
3144496,16,4117,550
3144497,29,4122,532
3144498,63,4115,481
3144499,93,4101,464
3144500,96,4104,477
3144501,98,4112,455
3144502,96,4113,450
3144503,85,4113,465
3144504,78,4114,459
3144505,86,4101,475
3144506,71,4094,528
3144507,49,4083,550
3144508,51,4067,545
3144509,54,4057,554
3144510,43,4055,578
3144511,44,4055,577
3144512,70,4052,566
3144513,81,4058,604
3144514,75,4068,641
3144515,77,4078,624
3144516,94,4088,597
3144517,97,4100,603
3144518,95,4107,602
3144519,103,4106,589
3144520,110,4112,611
3144521,107,4121,655
3144522,98,4121,683
3144523,85,4131,705
3144524,66,4148,697
3144525,-6,4139,712
3144526,-40,4123,746
3144527,-48,4113,768
3144528,-33,4109,752
3144529,-8,4103,717
3144530,12,4102,673
3144531,25,4108,653
3144532,36,4109,644
3144533,60,4107,653
3144534,67,4115,684
3144535,57,4114,700
3144536,59,4101,714
3144537,62,4094,735
3144538,60,4084,753
3144539,48,4076,736
3144540,46,4076,690
3144541,51,4081,666
3144542,62,4082,660
3144543,67,4082,660
3144544,62,4082,659
3144545,62,4083,655
3144546,60,4088,636
3144547,57,4085,612
3144548,42,4087,633
3144549,27,4095,656
3144550,28,4091,630
3144551,30,4082,609
3144552,19,4083,639
3144553,-4,4087,653
3144554,0,4091,635
3144555,9,4103,622
3144556,9,4101,585
3144557,20,4092,554
3144558,21,4091,561
3144559,23,4088,587
3144560,25,4083,593
3144561,35,4066,604
3144562,21,4067,641
3144563,12,4066,643
3144564,17,4058,621
3144565,28,4063,589
3144566,33,4074,568
3144567,29,4082,551
3144568,41,4081,535
3144569,36,4079,535
3144570,33,4082,513
3144571,38,4082,501
3144572,20,4085,526
3144573,10,4086,536
3144574,14,4092,531
3144575,18,4101,542
3144576,17,4107,562
3144577,22,4106,555
3144578,37,4104,551
3144579,30,4109,584
3144580,19,4108,598
3144581,34,4102,581
3144582,57,4102,564
3144583,70,4106,563
3144584,66,4111,592
3144585,58,4119,624
3144586,67,4125,633
3144587,70,4135,627
3144588,61,4148,611
3144589,54,4150,621
3144590,24,4162,655
3144591,2,4173,686
3144592,-2,4181,707
3144593,9,4190,684
3144594,19,4197,670
3144595,12,4202,697
3144596,9,4204,728
3144597,32,4207,751
3144598,44,4202,768
3144599,40,4201,806
3144600,37,4206,852
3144601,38,4209,877
3144602,39,4220,877
3144603,49,4234,863
3144604,58,4241,835
3144605,82,4237,814
3144606,96,4237,808
3144607,92,4229,804
3144608,71,4213,822
3144609,45,4201,856
3144610,24,4188,877
3144611,13,4174,877
3144612,19,4161,868
3144613,28,4143,834
3144614,35,4113,801
3144615,34,4104,800
3144616,41,4118,794
3144617,58,4120,779
3144618,79,4101,758
3144619,93,4087,753
3144620,99,4084,735
3144621,115,4070,681
3144622,119,4062,652
3144623,109,4057,638
3144624,94,4051,622
3144625,81,4053,614
3144626,71,4057,599
3144627,46,4065,584
3144628,28,4070,586
3144629,18,4074,594
3144630,22,4074,575
3144631,40,4061,565
3144632,29,4057,606
3144633,-23,4065,702
3144634,-21,4061,692
3144635,0,4058,654
3144636,17,4064,612
3144637,24,4071,581
3144638,28,4072,564
3144639,42,4075,563
3144640,46,4082,589
3144641,38,4082,604
3144642,42,4080,593
3144643,46,4083,565
3144644,57,4074,546
3144645,55,4066,571
3144646,36,4067,596
3144647,44,4064,578
3144648,50,4069,545
3144649,37,4072,537
3144650,12,4073,560
3144651,-6,4075,557
3144652,9,4077,528
3144653,10,4085,548
3144654,-17,4094,581
3144655,-21,4092,572
3144656,-13,4095,543
3144657,-8,4098,516
3144658,4,4103,501
3144659,15,4110,511
3144660,18,4106,530
3144661,19,4104,530
3144662,31,4099,519
3144663,36,4088,539
3144664,16,4088,598
3144665,-6,4095,640
3144666,8,4089,634
3144667,35,4084,635
3144668,44,4078,641
3144669,51,4078,626
3144670,59,4082,618
3144671,58,4093,624
3144672,56,4110,646
3144673,50,4122,674
3144674,46,4125,687
3144675,41,4133,691
3144676,35,4141,689
3144677,36,4132,693
3144678,23,4127,741
3144679,-7,4132,784
3144680,5,4127,767
3144681,44,4133,735
3144682,53,4147,728
3144683,52,4139,741
3144684,51,4135,731
3144685,61,4138,682
3144686,66,4129,659
3144687,42,4116,677
3144688,13,4105,714
3144689,-11,4106,728
3144690,-7,4106,696
3144691,11,4096,667
3144692,19,4096,650
3144693,-1,4100,660
3144694,-28,4103,677
3144695,-9,4108,642
3144696,24,4116,588
3144697,43,4122,569
3144698,53,4128,575
3144699,64,4131,603
3144700,61,4128,652
3144701,44,4126,690
3144702,44,4129,674
3144703,65,4130,629
3144704,70,4128,631
3144705,16,4119,698
3144706,-8,4119,706
3144707,-18,4118,694
3144708,-12,4122,700
3144709,-5,4132,716
3144710,19,4133,724
3144711,31,4132,749
3144712,29,4132,766
3144713,37,4133,750
3144714,63,4135,711
3144715,77,4139,682
3144716,74,4142,649
3144717,83,4133,614
3144718,90,4119,603
3144719,82,4106,632
3144720,66,4102,678
3144721,52,4102,700
3144722,43,4113,707
3144723,45,4123,683
3144724,45,4127,654
3144725,46,4136,647
3144726,56,4140,633
3144727,74,4139,604
3144728,89,4140,602
3144729,78,4144,624
3144730,72,4140,615
3144731,79,4143,588
3144732,78,4153,599
3144733,55,4153,637
3144734,44,4143,668
3144735,50,4134,679
3144736,55,4127,697
3144737,54,4128,729
3144738,61,4138,749
3144739,96,4147,757
3144740,105,4151,749
3144741,112,4153,761
3144742,115,4157,781
3144743,119,4155,777
3144744,118,4159,781
3144745,117,4167,765
3144746,118,4170,741
3144747,100,4172,751
3144748,93,4163,775
3144749,93,4159,785
3144750,82,4164,782
3144751,75,4163,771
3144752,79,4159,758
3144753,87,4157,769
3144754,70,4165,795
3144755,57,4174,792
3144756,68,4176,778
3144757,70,4180,777
3144758,59,4185,788
3144759,53,4192,785
3144760,58,4197,754
3144761,62,4200,734
3144762,59,4205,721
3144763,54,4208,692
3144764,63,4201,665
3144765,58,4195,652
3144766,45,4182,611
3144767,44,4154,573
3144768,42,4139,596
3144769,32,4138,627
3144770,23,4128,620
3144771,31,4116,624
3144772,40,4110,652
3144773,40,4094,676
3144774,42,4077,701
3144775,75,4064,701
3144776,109,4068,719
3144777,115,4081,736
3144778,121,4085,711
3144779,147,4088,681
3144780,165,4092,670
3144781,168,4079,668
3144782,152,4068,686
3144783,123,4071,719
3144784,94,4077,745
3144785,76,4080,744
3144786,69,4074,710
3144787,69,4076,666
3144788,74,4083,624
3144789,78,4081,597
3144790,75,4082,606
3144791,63,4086,637
3144792,36,4092,651
3144793,24,4093,632
3144794,27,4094,624
3144795,26,4094,646
3144796,28,4087,662
3144797,43,4080,657
3144798,55,4086,652
3144799,59,4087,644
3144800,69,4081,634
3144801,79,4088,623
3144802,87,4092,599
3144803,95,4090,569
3144804,93,4088,548
3144805,83,4082,548
3144806,58,4076,576
3144807,46,4073,595
3144808,56,4070,582
3144809,68,4067,565
3144810,63,4068,587
3144811,31,4069,635
3144812,33,4072,629
3144813,49,4083,613
3144814,67,4093,610
3144815,65,4113,613
3144816,72,4130,592
3144817,75,4142,596
3144818,55,4150,638
3144819,24,4156,688
3144820,4,4165,711
3144821,10,4176,688
3144822,23,4183,668
3144823,23,4190,677
3144824,22,4197,685
3144825,31,4197,681
3144826,32,4194,693
3144827,19,4185,714
3144828,15,4170,746
3144829,17,4158,788
3144830,16,4144,835
3144831,9,4126,854
3144832,27,4108,814
3144833,57,4096,773
3144834,59,4085,743
3144835,62,4067,724
3144836,55,4063,750
3144837,39,4068,763
3144838,41,4062,743
3144839,52,4060,722
3144840,57,4067,705
3144841,54,4063,684
3144842,53,4052,680
3144843,38,4060,713
3144844,30,4066,732
3144845,40,4064,737
3144846,49,4078,684
3144847,70,4075,631
3144848,77,4080,637
3144849,59,4096,699
3144850,42,4111,711
3144851,58,4116,662
3144852,66,4130,644
3144853,43,4140,650
3144854,34,4135,673
3144855,31,4141,699
3144856,29,4142,706
3144857,28,4138,744
3144858,20,4138,764
3144859,44,4125,745
3144860,63,4122,778
3144861,61,4126,821
3144862,87,4117,812
3144863,115,4108,783
3144864,120,4107,775
3144865,115,4109,759
3144866,116,4116,704
3144867,118,4126,638
3144868,120,4129,591
3144869,109,4130,582
3144870,81,4131,574
3144871,57,4135,561
3144872,38,4141,545
3144873,33,4138,512
3144874,27,4138,516
3144875,5,4133,558
3144876,-7,4116,607
3144877,-9,4104,650
3144878,1,4101,675
3144879,32,4103,665
3144880,50,4117,635
3144881,57,4123,602
3144882,74,4128,547
3144883,84,4139,532
3144884,85,4149,560
3144885,79,4151,589
3144886,86,4151,601
3144887,89,4146,637
3144888,76,4138,676
3144889,73,4123,680
3144890,80,4112,657
3144891,81,4108,652
3144892,86,4095,668
3144893,97,4090,669
3144894,112,4091,652
3144895,124,4089,652
3144896,118,4097,672
3144897,100,4100,693
3144898,89,4105,703
3144899,92,4118,681
3144900,103,4129,636
3144901,101,4132,610
3144902,75,4136,612
3144903,60,4146,600
3144904,67,4155,576
3144905,65,4158,571
3144906,44,4157,588
3144907,31,4155,602
3144908,38,4144,597
3144909,35,4138,615
3144910,6,4142,667
3144911,-16,4140,704
3144912,-15,4133,730
3144913,-9,4129,761
3144914,-3,4128,806
3144915,5,4138,861
3144916,26,4150,874
3144917,63,4153,845
3144918,90,4155,816
3144919,130,4163,803
3144920,160,4168,802
3144921,171,4165,824
3144922,148,4164,845
3144923,136,4157,837
3144924,125,4163,845
3144925,104,4168,846
3144926,91,4160,843
3144927,80,4167,836
3144928,72,4172,795
3144929,74,4163,747
3144930,66,4155,744
3144931,40,4154,787
3144932,22,4157,793
3144933,24,4162,732
3144934,34,4167,650
3144935,38,4170,591
3144936,37,4166,582
3144937,30,4157,591
3144938,31,4145,574
3144939,37,4136,587
3144940,25,4134,635
3144941,12,4131,653
3144942,25,4117,648
3144943,33,4104,663
3144944,31,4100,676
3144945,40,4096,673
3144946,53,4094,680
3144947,58,4095,680
3144948,66,4089,657
3144949,80,4081,655
3144950,80,4090,675
3144951,75,4096,669
3144952,79,4100,645
3144953,90,4114,616
3144954,91,4121,581
3144955,89,4123,559
3144956,75,4130,571
3144957,72,4123,574
3144958,48,4120,578
3144959,32,4117,575
3144960,24,4121,580
3144961,8,4130,566
3144962,14,4126,533
3144963,15,4132,549
3144964,8,4138,568
3144965,27,4127,565
3144966,45,4113,579
3144967,46,4104,596
3144968,52,4104,617
3144969,57,4101,632
3144970,70,4091,633
3144971,87,4092,639
3144972,95,4092,627
3144973,105,4091,607
3144974,108,4095,597
3144975,120,4088,590
3144976,134,4091,592
3144977,127,4091,599
3144978,113,4080,624
3144979,106,4079,657
3144980,106,4083,679
3144981,103,4092,676
3144982,70,4093,689
3144983,33,4092,717
3144984,42,4102,679
3144985,65,4106,614
3144986,71,4109,612
3144987,66,4113,636
3144988,78,4109,650
3144989,82,4112,673
3144990,62,4121,695
3144991,40,4102,648
3144992,18,4112,668
3144993,2,4141,715
3144994,13,4146,744
3144995,33,4131,768
3144996,34,4117,788
3144997,36,4103,791
3144998,45,4088,781
3144999,62,4077,774
3145000,73,4062,793
3145001,73,4053,815
3145002,88,4049,812
3145003,95,4046,785
3145004,103,4050,725
3145005,110,4059,651
3145006,107,4063,611
3145007,91,4065,608
3145008,69,4064,588
3145009,61,4058,562
3145010,46,4058,560
3145011,33,4066,570
3145012,25,4068,571
3145013,19,4066,551
3145014,19,4060,546
3145015,14,4052,580
3145016,19,4062,601
3145017,38,4073,597
3145018,52,4071,617
3145019,53,4067,637
3145020,54,4067,627
3145021,80,4068,617
3145022,102,4070,643
3145023,95,4074,664
3145024,104,4075,656
3145025,110,4079,657
3145026,97,4081,681
3145027,73,4087,713
3145028,68,4094,704
3145029,74,4091,674
3145030,80,4093,656
3145031,75,4103,655
3145032,63,4115,648
3145033,51,4125,624
3145034,50,4127,601
3145035,47,4124,587
3145036,45,4124,597
3145037,37,4123,634
3145038,26,4122,664
3145039,25,4125,646
3145040,42,4117,646
3145041,45,4113,702
3145042,46,4120,717
3145043,73,4122,704
3145044,93,4124,705
3145045,114,4125,694
3145046,135,4124,704
3145047,142,4127,747
3145048,146,4130,774
3145049,155,4137,771
3145050,153,4146,770
3145051,127,4153,764
3145052,107,4158,744
3145053,100,4165,725
3145054,93,4177,688
3145055,90,4179,643
3145056,78,4184,633
3145057,73,4180,660
3145058,64,4177,721
3145059,52,4181,769
3145060,67,4175,796
3145061,67,4177,828
3145062,56,4180,836
3145063,67,4178,843
3145064,80,4179,825
3145065,94,4172,799
3145066,108,4160,795
3145067,105,4158,814
3145068,95,4164,811
3145069,101,4166,784
3145070,110,4163,759
3145071,106,4163,727
3145072,110,4162,676
3145073,123,4156,634
3145074,126,4153,642
3145075,120,4163,672
3145076,126,4168,667
3145077,117,4164,654
3145078,94,4156,659
3145079,79,4157,678
3145080,68,4168,680
3145081,75,4167,663
3145082,77,4164,655
3145083,67,4167,660
3145084,51,4175,663
3145085,39,4166,632
3145086,46,4163,618
3145087,43,4175,650
3145088,46,4177,679
3145089,58,4184,680
3145090,62,4191,638
3145091,61,4194,600
3145092,56,4199,594
3145093,59,4198,605
3145094,47,4203,610
3145095,34,4203,594
3145096,43,4185,603
3145097,44,4170,657
3145098,43,4163,692
3145099,48,4151,733
3145100,47,4134,716
3145101,62,4122,699
3145102,57,4123,693
3145103,63,4120,685
3145104,73,4115,682
3145105,77,4111,674
3145106,74,4110,676
3145107,64,4105,673
3145108,68,4092,671
3145109,68,4086,676
3145110,75,4083,666
3145111,90,4085,657
3145112,93,4108,679
3145113,87,4126,700
3145114,91,4117,721
3145115,95,4102,748
3145116,101,4083,764
3145117,107,4074,776
3145118,116,4073,748
3145119,132,4062,717
3145120,133,4059,740
3145121,122,4061,783
3145122,115,4063,787
3145123,119,4065,760
3145124,119,4058,748
3145125,117,4045,758
3145126,109,4047,757
3145127,106,4044,726
3145128,124,4032,705
3145129,128,4032,692
3145130,125,4039,655
3145131,128,4046,608
3145132,134,4044,595
3145133,127,4051,629
3145134,111,4060,661
3145135,110,4058,680
3145136,94,4062,673
3145137,88,4054,669
3145138,80,4053,696
3145139,86,4054,703
3145140,99,4050,693
3145141,95,4056,707
3145142,92,4067,700
3145143,118,4061,669
3145144,138,4058,662
3145145,136,4067,668
3145146,135,4074,676
3145147,139,4083,680
3145148,140,4086,660
3145149,138,4076,648
3145150,127,4071,677
3145151,114,4076,698
3145152,100,4081,672
3145153,100,4078,623
3145154,93,4066,641
3145155,59,4070,701
3145156,50,4075,709
3145157,64,4078,687
3145158,68,4093,675
3145159,71,4095,660
3145160,81,4097,656
3145161,85,4112,651
3145162,84,4117,615
3145163,76,4123,579
3145164,68,4128,565
3145165,55,4126,596
3145166,44,4129,645
3145167,34,4142,660
3145168,31,4151,642
3145169,30,4158,636
3145170,18,4159,646
3145171,19,4149,669
3145172,27,4179,732
3145173,33,4178,723
3145174,41,4168,739
3145175,45,4152,768
3145176,41,4145,805
3145177,27,4149,817
3145178,34,4146,798
3145179,47,4140,808
3145180,33,4133,852
3145181,21,4125,878
3145182,41,4124,869
3145183,68,4130,843
3145184,82,4135,814
3145185,86,4137,788
3145186,83,4140,752
3145187,80,4140,712
3145188,74,4136,689
3145189,61,4130,679
3145190,53,4117,678
3145191,40,4112,671
3145192,37,4107,653
3145193,42,4109,673
3145194,41,4114,710
3145195,31,4111,706
3145196,33,4113,687
3145197,50,4116,688
3145198,48,4117,705
3145199,48,4122,707
3145200,67,4118,669
3145201,87,4106,646
3145202,88,4106,679
3145203,75,4109,692
3145204,82,4113,678
3145205,85,4120,668
3145206,86,4123,658
3145207,93,4122,662
3145208,83,4119,656
3145209,84,4119,663
3145210,79,4126,673
3145211,78,4117,659
3145212,75,4101,659
3145213,68,4089,684
3145214,56,4088,714
3145215,58,4081,717
3145216,66,4069,728
3145217,63,4067,744
3145218,81,4063,729
3145219,112,4068,730
3145220,115,4081,737
3145221,111,4085,733
3145222,117,4084,709
3145223,129,4077,660
3145224,135,4069,634
3145225,126,4064,633
3145226,113,4073,643
3145227,98,4086,633
3145228,88,4093,624
3145229,75,4101,634
3145230,69,4105,640
3145231,65,4104,629
3145232,58,4110,630
3145233,54,4109,639
3145234,46,4097,642
3145235,48,4094,653
3145236,55,4100,682
3145237,53,4101,685
3145238,63,4099,653
3145239,77,4106,640
3145240,78,4111,628
3145241,83,4106,601
3145242,86,4098,571
3145243,87,4079,565
3145244,75,4070,599
3145245,88,4065,572
3145246,84,4059,568
3145247,80,4046,600
3145248,77,4042,655
3145249,83,4045,671
3145250,104,4046,666
3145251,111,4043,673
3145252,101,4043,689
3145253,96,4054,710
3145254,110,4062,729
3145255,118,4074,756
3145256,121,4076,770
3145257,126,4076,768
3145258,130,4087,758
3145259,141,4096,764
3145260,148,4101,791
3145261,145,4105,813
3145262,132,4108,835
3145263,128,4115,854
3145264,136,4110,840
3145265,140,4104,819
3145266,133,4110,797
3145267,131,4105,765
3145268,132,4098,774
3145269,120,4103,804
3145270,119,4104,825
3145271,121,4100,850
3145272,117,4106,878
3145273,109,4109,878
3145274,99,4104,865
3145275,89,4105,850
3145276,84,4109,834
3145277,72,4110,825
3145278,66,4111,797
3145279,77,4113,764
3145280,89,4120,746
3145281,110,4136,724
3145282,119,4136,710
3145283,114,4140,698
3145284,103,4159,689
3145285,92,4172,680
3145286,84,4171,661
3145287,92,4167,636
3145288,94,4165,627
3145289,85,4166,659
3145290,60,4163,684
3145291,52,4153,670
3145292,64,4149,662
3145293,59,4160,682
3145294,67,4166,667
3145295,92,4154,641
3145296,105,4150,649
3145297,106,4141,650
3145298,103,4125,667
3145299,95,4126,702
3145300,96,4130,713
3145301,120,4123,692
3145302,134,4115,681
3145303,127,4111,688
3145304,126,4116,688
3145305,130,4122,676
3145306,132,4120,673
3145307,139,4115,694
3145308,141,4123,717
3145309,142,4129,726
3145310,142,4119,746
3145311,131,4107,782
3145312,125,4093,779
3145313,130,4088,757
3145314,131,4084,752
3145315,137,4071,744
3145316,163,4062,737
3145317,175,4060,753
3145318,179,4058,758
3145319,178,4058,746
3145320,169,4054,701
3145321,168,4042,675
3145322,157,4046,704
3145323,155,4047,703
3145324,163,4048,682
3145325,158,4054,655
3145326,158,4056,633
3145327,150,4058,639
3145328,133,4055,645
3145329,144,4053,650
3145330,156,4060,695
3145331,152,4068,730
3145332,151,4060,737
3145333,148,4052,770
3145334,131,4060,791
3145335,127,4065,770
3145336,135,4062,735
3145337,151,4064,719
3145338,166,4071,724
3145339,179,4079,728
3145340,188,4089,721
3145341,187,4090,701
3145342,185,4084,669
3145343,189,4083,639
3145344,177,4085,621
3145345,161,4086,638
3145346,136,4095,656
3145347,108,4091,632
3145348,98,4087,614
3145349,85,4090,623
3145350,75,4084,640
3145351,61,4085,644
3145352,57,4094,604
3145353,67,4098,550
3145354,56,4107,563
3145355,53,4113,562
3145356,56,4118,546
3145357,69,4124,536
3145358,64,4133,554
3145359,52,4138,567
3145360,63,4140,583
3145361,59,4151,599
3145362,53,4156,586
3145363,69,4158,574
3145364,67,4168,573
3145365,67,4179,574
3145366,80,4179,581
3145367,86,4175,606
3145368,82,4180,643
3145369,84,4177,657
3145370,92,4169,685
3145371,75,4182,724
3145372,80,4184,711
3145373,102,4174,698
3145374,113,4170,717
3145375,122,4167,743
3145376,132,4167,771
3145377,131,4175,805
3145378,123,4182,802
3145379,133,4173,771
3145380,133,4160,785
3145381,118,4160,806
3145382,120,4154,780
3145383,130,4144,769
3145384,121,4143,791
3145385,118,4137,802
3145386,122,4137,799
3145387,122,4132,780
3145388,118,4118,759
3145389,92,4109,748
3145390,100,4103,741
3145391,108,4101,769
3145392,97,4108,775
3145393,110,4083,734
3145394,120,4065,765
3145395,95,4072,796
3145396,98,4068,769
3145397,120,4068,745
3145398,134,4073,728
3145399,135,4072,697
3145400,149,4060,665
3145401,159,4057,664
3145402,160,4053,676
3145403,162,4053,705
3145404,158,4072,730
3145405,175,4079,723
3145406,192,4072,725
3145407,181,4062,767
3145408,164,4056,803
3145409,170,4062,827
3145410,175,4072,847
3145411,175,4073,827
3145412,184,4067,795
3145413,187,4068,781
3145414,179,4072,781
3145415,183,4069,778
3145416,200,4064,763
3145417,210,4061,763
3145418,208,4074,781
3145419,216,4081,753
3145420,224,4067,703
3145421,223,4053,696
3145422,206,4050,749
3145423,183,4055,797
3145424,204,4046,775
3145425,189,4052,788
3145426,177,4059,797
3145427,189,4063,767
3145428,207,4059,730
3145429,209,4050,730
3145430,204,4053,733
3145431,225,4054,693
3145432,236,4054,662
3145433,212,4062,665
3145434,190,4070,650
3145435,184,4067,609
3145436,190,4055,586
3145437,186,4051,604
3145438,162,4059,655
3145439,147,4062,678
3145440,158,4056,656
3145441,168,4058,631
3145442,152,4063,619
3145443,141,4063,613
3145444,152,4061,604
3145445,155,4064,619
3145446,141,4075,635
3145447,143,4079,600
3145448,153,4070,557
3145449,139,4059,558
3145450,112,4060,589
3145451,104,4075,617
3145452,96,4095,630
3145453,84,4110,600
3145454,97,4114,564
3145455,114,4118,579
3145456,120,4113,630
3145457,119,4119,686
3145458,122,4135,700
3145459,131,4140,684
3145460,124,4153,717
3145461,129,4165,771
3145462,137,4187,777
3145463,160,4179,753
3145464,162,4170,804
3145465,147,4169,850
3145466,169,4159,838
3145467,180,4161,833
3145468,173,4165,824
3145469,175,4150,809
3145470,177,4138,839
3145471,158,4146,873
3145472,149,4135,834
3145473,152,4118,794
3145474,139,4121,793
3145475,134,4124,775
3145476,148,4117,727
3145477,159,4108,699
3145478,139,4109,724
3145479,120,4117,729
3145480,127,4115,698
3145481,137,4123,680
3145482,145,4136,670
3145483,143,4142,654
3145484,140,4151,635
3145485,140,4157,646
3145486,127,4163,685
3145487,131,4168,684
3145488,138,4174,657
3145489,131,4192,651
3145490,123,4200,646
3145491,120,4191,642
3145492,116,4182,667
3145493,112,4176,697
3145494,110,4168,697
3145495,114,4160,683
3145496,120,4156,683
3145497,125,4159,689
3145498,135,4156,670
3145499,146,4149,635
3145500,148,4147,608
3145501,150,4148,604
3145502,150,4147,594
3145503,155,4139,578
3145504,158,4136,576
3145505,157,4128,567
3145506,150,4119,554
3145507,152,4113,571
3145508,142,4114,618
3145509,130,4112,629
3145510,147,4105,629
3145511,155,4117,655
3145512,170,4144,660
3145513,193,4157,687
3145514,159,4150,727
3145515,122,4123,704
3145516,128,4106,645
3145517,129,4102,578
3145518,110,4111,543
3145519,80,4138,535
3145520,74,4152,550
3145521,83,4168,607
3145522,88,4184,641
3145523,96,4190,638
3145524,109,4185,633
3145525,118,4168,648
3145526,111,4162,672
3145527,110,4162,694
3145528,109,4169,707
3145529,105,4169,687
3145530,120,4144,684
3145531,123,4128,739
3145532,132,4140,756
3145533,166,4142,719
3145534,184,4139,733
3145535,186,4134,755
3145536,205,4129,742
3145537,228,4133,743
3145538,217,4141,763
3145539,192,4132,772
3145540,178,4134,782
3145541,182,4136,754
3145542,197,4131,725
3145543,188,4136,740
3145544,173,4131,753
3145545,174,4130,768
3145546,174,4138,758
3145547,169,4140,746
3145548,161,4137,761
3145549,159,4130,798
3145550,162,4133,835
3145551,178,4132,811
3145552,204,4117,788
3145553,208,4108,801
3145554,213,4094,811
3145555,228,4079,814
3145556,239,4072,813
3145557,239,4066,814
3145558,234,4068,792
3145559,246,4063,754
3145560,249,4057,769
3145561,223,4075,791
3145562,219,4084,742
3145563,231,4079,685
3145564,219,4073,661
3145565,189,4059,662
3145566,156,4052,653
3145567,138,4059,630
3145568,98,4061,616
3145569,76,4055,657
3145570,62,4060,691
3145571,84,4055,632
3145572,126,4051,561
3145573,126,4059,566
3145574,122,4066,605
3145575,127,4085,599
3145576,142,4081,548
3145577,149,4071,573
3145578,130,4085,634
3145579,122,4093,633
3145580,137,4091,595
3145581,140,4081,580
3145582,131,4066,630
3145583,119,4062,717
3145584,114,4070,758
3145585,125,4068,731
3145586,136,4059,696
3145587,148,4051,666
3145588,154,4047,665
3145589,151,4066,698
3145590,150,4083,709
3145591,161,4076,706
3145592,153,4069,742
3145593,126,4075,755
3145594,123,4071,707
3145595,113,4067,700
3145596,84,4067,748
3145597,66,4066,783
3145598,65,4070,795
3145599,69,4077,803
3145600,76,4076,815
3145601,86,4083,834
3145602,101,4104,832
3145603,138,4118,796
3145604,198,4132,792
3145605,216,4140,816
3145606,237,4138,814
3145607,255,4127,798
3145608,257,4117,793
3145609,252,4117,825
3145610,246,4119,863
3145611,234,4119,889
3145612,228,4124,890
3145613,224,4125,874
3145614,213,4129,896
3145615,194,4143,941
3145616,186,4150,964
3145617,198,4151,955
3145618,211,4164,940
3145619,207,4177,929
3145620,209,4174,928
3145621,211,4174,939
3145622,214,4168,923
3145623,219,4158,917
3145624,211,4163,922
3145625,212,4166,906
3145626,218,4170,894
3145627,223,4175,875
3145628,223,4171,845
3145629,213,4173,826
3145630,204,4180,810
3145631,194,4176,797
3145632,181,4171,807
3145633,161,4171,813
3145634,155,4167,785
3145635,164,4156,764
3145636,165,4141,783
3145637,146,4135,820
3145638,138,4130,826
3145639,154,4117,809
3145640,161,4117,815
3145641,171,4121,809
3145642,182,4122,784
3145643,186,4114,749
3145644,195,4115,742
3145645,200,4127,742
3145646,210,4133,718
3145647,214,4122,703
3145648,191,4122,733
3145649,162,4129,752
3145650,162,4115,729
3145651,154,4108,734
3145652,124,4100,747
3145653,103,4081,729
3145654,91,4066,705
3145655,88,4052,715
3145656,77,4045,752
3145657,86,4030,757
3145658,111,4022,750
3145659,125,4029,725
3145661,168,4017,642
3145662,182,4024,647
3145663,194,4024,630
3145664,223,4015,618
3145665,239,4017,631
3145666,234,4010,643
3145667,221,4008,649
3145668,204,4016,633
3145669,194,4016,617
3145670,184,4019,618
3145671,156,4029,617
3145672,141,4033,620
3145673,137,4027,635
3145674,128,4023,667
3145675,119,4037,706
3145676,117,4056,715
3145677,124,4065,714
3145678,130,4056,710
3145679,138,4042,698
3145680,154,4050,715
3145681,165,4065,733
3145682,173,4073,711
3145683,183,4066,681
3145684,182,4058,686
3145685,166,4065,683
3145686,164,4063,663
3145687,164,4053,667
3145688,147,4042,660
3145689,134,4036,625
3145690,128,4056,553
3145691,118,4067,532
3145692,113,4079,522
3145693,103,4092,504
3145694,101,4097,489
3145695,96,4107,491
3145696,80,4112,500
3145697,76,4116,521
3145698,64,4130,556
3145699,44,4131,574
3145700,44,4135,603
3145701,43,4150,627
3145702,58,4158,634
3145703,72,4178,651
3145704,88,4189,666
3145705,108,4185,680
3145706,131,4181,684
3145707,155,4181,691
3145708,158,4185,705
3145709,163,4178,731
3145710,167,4174,774
3145711,171,4182,786
3145712,185,4172,748
3145713,184,4159,735
3145714,168,4168,761
3145715,165,4170,755
3145716,183,4163,729
3145717,191,4161,720
3145718,189,4156,726
3145719,186,4155,740
3145720,185,4147,739
3145721,186,4144,741
3145722,186,4153,740
3145723,192,4151,748
3145724,196,4147,793
3145725,196,4135,826
3145726,200,4134,839
3145727,193,4133,828
3145728,195,4123,799
3145729,201,4112,782
3145730,202,4110,785
3145731,205,4110,773
3145732,218,4110,743
3145733,224,4113,718
3145734,226,4121,711
3145735,217,4120,686
3145736,210,4109,663
3145737,193,4104,661
3145738,179,4101,647
3145739,173,4095,652
3145740,160,4093,642
3145741,171,4093,600
3145742,171,4081,582
3145743,168,4071,587
3145744,169,4076,596
3145745,185,4074,594
3145746,205,4062,581
3145747,207,4054,566
3145748,209,4042,570
3145749,212,4037,589
3145750,214,4040,584
3145751,226,4042,562
3145752,246,4046,566
3145753,234,4055,570
3145754,215,4060,544
3145755,217,4062,510
3145756,219,4071,491
3145757,214,4080,500
3145758,203,4091,536
3145759,194,4102,554
3145760,192,4100,563
3145761,177,4104,626
3145762,143,4110,683
3145763,144,4106,655
3145764,137,4102,633
3145765,125,4101,617
3145766,122,4104,594
3145767,139,4096,583
3145768,157,4098,609
3145769,155,4115,617
3145770,170,4123,585
3145771,177,4127,561
3145772,151,4129,560
3145773,126,4123,574
3145774,120,4119,601
3145775,104,4126,636
3145776,94,4132,635
3145777,107,4144,604
3145778,123,4141,584
3145779,118,4140,615
3145780,89,4163,655
3145781,79,4166,672
3145782,97,4154,709
3145783,100,4147,757
3145784,88,4154,781
3145785,89,4177,770
3145786,104,4200,758
3145787,132,4216,748
3145788,175,4210,744
3145789,204,4203,735
3145790,215,4193,711
3145791,221,4169,707
3145792,221,4154,729
3145793,227,4142,762
3145794,221,4142,801
3145795,217,4148,790
3145796,239,4131,751
3145797,253,4116,749
3145798,251,4119,744
3145799,260,4109,716
3145800,251,4102,711
3145801,232,4101,715
3145802,213,4096,742
3145803,194,4098,775
3145804,185,4091,758
3145805,192,4078,742
3145806,193,4084,751
3145807,184,4091,739
3145808,190,4085,709
3145809,193,4087,699
3145810,190,4088,680
3145811,202,4074,664
3145812,211,4073,695
3145813,211,4083,716
3145814,214,4077,691
3145815,223,4062,666
3145816,222,4050,694
3145817,212,4046,736
3145818,224,4041,733
3145819,246,4050,701
3145820,248,4070,644
3145821,254,4055,594
3145822,258,4036,622
3145823,238,4041,689
3145824,229,4036,718
3145825,228,4041,738
3145826,223,4056,740
3145827,232,4045,681
3145828,249,4023,642
3145829,249,4019,671
3145830,239,4032,695
3145831,246,4041,678
3145832,264,4042,651
3145833,268,4047,632
3145834,225,4046,665
3145835,214,4053,676
3145836,207,4055,657
3145837,198,4057,653
3145838,183,4064,673
3145839,171,4075,683
3145840,164,4087,662
3145841,178,4087,628
3145842,195,4087,626
3145843,185,4094,634
3145844,186,4091,621
3145845,192,4095,621
3145846,181,4107,638
3145847,174,4108,663
3145848,180,4098,705
3145849,190,4091,759
3145850,194,4095,784
3145851,208,4098,773
3145852,223,4104,765
3145853,229,4109,765
3145854,242,4110,763
3145855,260,4115,749
3145856,279,4118,724
3145857,285,4118,733
3145858,278,4123,779
3145859,268,4121,812
3145860,249,4110,829
3145861,220,4110,837
3145862,195,4125,804
3145863,186,4128,731
3145864,180,4111,704
3145865,164,4097,752
3145866,155,4098,806
3145867,162,4105,810
3145868,165,4114,765
3145869,163,4118,715
3145870,146,4134,757
3145871,148,4141,737
3145872,165,4134,716
3145873,153,4139,710
3145874,158,4134,703
3145875,155,4133,734
3145876,133,4136,768
3145877,133,4135,800
3145878,143,4148,808
3145879,151,4149,748
3145880,161,4139,697
3145881,166,4136,690
3145882,169,4131,692
3145883,173,4128,698
3145884,188,4121,706
3145885,198,4100,729
3145886,195,4089,770
3145887,192,4097,796
3145888,190,4109,777
3145889,206,4101,740
3145890,212,4082,753
3145891,200,4071,790
3145892,196,4067,791
3145893,199,4072,766
3145894,195,4085,744
3145895,193,4108,731
3145896,191,4128,698
3145897,192,4123,678
3145898,189,4109,701
3145899,160,4116,740
3145900,129,4122,751
3145901,127,4105,752
3145902,108,4109,799
3145903,76,4125,825
3145904,89,4115,803
3145905,112,4100,820
3145906,129,4111,850
3145907,165,4103,811
3145908,205,4102,819
3145909,232,4110,840
3145910,257,4114,842
3145911,279,4114,827
3145912,291,4110,810
3145913,290,4111,815
3145914,286,4119,808
3145915,289,4117,772
3145916,279,4115,761
3145917,248,4122,771
3145918,225,4127,761
3145919,220,4129,729
3145920,201,4130,686
3145921,174,4121,663
3145922,159,4112,699
3145923,148,4120,740
3145924,145,4138,735
3145925,159,4145,691
3145926,172,4142,658
3145927,167,4147,689
3145928,168,4148,744
3145929,176,4158,773
3145930,175,4173,768
3145931,172,4180,734
3145932,183,4180,705
3145933,195,4173,723
3145934,189,4176,754
3145935,184,4173,733
3145936,195,4161,694
3145937,188,4148,707
3145938,166,4141,757
3145939,158,4140,762
3145940,174,4123,726
3145941,181,4108,709
3145942,176,4079,734
3145943,186,4082,751
3145944,199,4087,732
3145945,213,4084,694
3145946,216,4082,689
3145947,203,4103,702
3145948,205,4127,673
3145949,220,4130,609
3145950,222,4110,586
3145951,210,4099,646
3145954,205,4136,627
3145956,188,4132,636
3145957,161,4110,673
3145958,151,4108,712
3145959,157,4129,717
3145960,168,4125,675
3145961,182,4098,653
3145962,163,4097,711
3145963,178,4100,683
3145963,178,4105,660
3145964,163,4100,647
3145965,160,4079,659
3145966,162,4075,672
3145967,163,4069,656
3145968,164,4059,659
3145969,148,4067,668
3145970,140,4055,639
3145971,149,4050,635
3145972,134,4063,633
3145973,123,4057,620
3145974,120,4062,635
3145975,116,4074,640
3145976,110,4078,638
3145977,99,4084,657
3145978,80,4100,690
3145979,59,4110,691
3145980,75,4106,679
3145981,98,4103,693
3145982,112,4097,729
3145983,135,4100,761
3145984,163,4117,774
3145985,190,4132,749
3145986,213,4135,705
3145987,228,4137,712
3145988,229,4148,769
3145989,222,4155,810
3145990,234,4150,807
3145991,241,4137,813
3145992,228,4131,844
3145993,214,4124,844
3145994,226,4099,815
3145995,235,4082,822
3145996,228,4083,844
3145997,230,4076,841
3145998,243,4060,839
3145999,253,4044,875
3146000,246,4051,921
3146001,244,4065,889
3146002,252,4053,810
3146003,240,4038,822
3146004,226,4048,810
3146005,210,4053,749
3146006,203,4034,717
3146007,177,4035,740
3146008,142,4052,743
3146009,133,4071,705
3146010,130,4078,665
3146011,123,4079,681
3146012,103,4103,716
3146013,98,4115,688
3146014,119,4105,656
3146015,125,4116,659
3146016,123,4131,632
3146017,138,4130,578
3146018,145,4119,563
3146019,125,4122,603
3146020,110,4120,622
3146021,119,4097,641
3146022,112,4102,710
3146023,122,4119,744
3146024,177,4124,715
3146025,246,4122,672
3146026,299,4123,670
3146027,324,4135,689
3146028,346,4141,686
3146029,355,4146,690
3146030,330,4151,700
3146031,307,4143,701
3146032,287,4136,721
3146033,241,4135,741
3146034,190,4131,747
3146035,152,4135,743
3146036,130,4140,733
3146037,113,4151,722
3146038,99,4168,689
3146039,104,4166,654
3146040,120,4177,639
3146041,149,4170,627
3146042,181,4157,638
3146043,197,4150,683
3146044,199,4157,697
3146045,223,4147,666
3146046,247,4139,680
3146047,238,4143,697
3146048,239,4132,661
3146049,253,4126,624
3146050,250,4114,617
3146051,236,4101,660
3146052,219,4114,704
3146053,213,4134,683
3146054,213,4141,642
3146055,205,4138,620
3146056,198,4129,650
3146057,187,4137,709
3146058,172,4152,693
3146059,164,4148,638
3146060,147,4142,630
3146061,129,4141,649
3146062,117,4150,640
3146063,112,4147,600
3146064,119,4137,596
3146065,100,4143,603
3146066,98,4131,575
3146067,120,4114,572
3146068,110,4109,594
3146069,103,4099,601
3146070,123,4095,615
3146071,132,4096,641
3146072,137,4097,655
3146073,154,4082,668
3146074,179,4058,718
3146075,195,4060,789
3146076,248,4079,750
3146077,276,4078,729
3146078,278,4084,733
3146079,293,4089,738
3146080,305,4096,731
3146081,304,4092,728
3146082,293,4095,741
3146083,279,4111,749
3146084,278,4118,742
3146085,276,4110,730
3146086,254,4100,740
3146087,226,4092,759
3146088,209,4088,773
3146089,190,4085,774
3146090,175,4087,732
3146091,170,4089,697
3146092,154,4084,718
3146093,136,4084,741
3146094,137,4091,732
3146095,147,4077,689
3146096,157,4042,657
3146097,159,4026,684
3146098,162,4030,715
3146099,173,4032,687
3146100,191,4026,657
3146101,195,4023,663
3146102,181,4023,645
3146103,184,4020,609
3146104,195,4019,619
3146105,196,4027,663
3146106,203,4035,691
3146107,224,4039,684
3146108,235,4045,662
3146109,225,4051,634
3146110,234,4042,603
3146111,252,4034,613
3146112,239,4053,659
3146113,228,4091,673
3146114,244,4084,683
3146115,235,4088,715
3146116,226,4098,732
3146117,244,4094,725
3146118,253,4087,737
3146119,240,4085,761
3146120,246,4084,745
3146121,272,4077,703
3146122,292,4057,699
3146123,290,4040,748
3146124,277,4031,793
3146125,280,4019,819
3146126,284,4017,831
3146127,279,4021,825
3146128,261,4022,818
3146129,233,4024,816
3146130,214,4026,812
3146131,204,4026,800
3146132,196,4029,776
3146133,188,4042,737
3146134,184,4065,680
3146135,182,4091,604
3146136,172,4093,525
3146137,158,4070,512
3146138,132,4060,594
3146139,94,4061,686
3146140,78,4072,711
3146141,73,4094,672
3146142,84,4098,608
3146143,99,4089,613
3146144,112,4085,677
3146145,146,4078,713
3146146,195,4080,735
3146147,237,4109,736
3146148,274,4137,682
3146149,306,4139,634
3146150,349,4127,732
3146151,358,4122,820
3146152,358,4119,885
3146153,348,4110,922
3146154,337,4102,935
3146155,324,4093,935
3146156,307,4091,923
3146157,292,4099,898
3146158,276,4107,865
3146159,266,4105,834
3146160,260,4102,826
3146161,245,4101,817
3146162,228,4097,788
3146163,210,4100,764
3146164,187,4106,745
3146165,167,4102,725
3146166,150,4093,709
3146167,142,4087,692
3146168,142,4084,670
3146169,147,4084,653
3146170,162,4093,654
3146171,184,4104,659
3146172,211,4103,670
3146173,237,4102,691
3146174,251,4113,702
3146175,267,4140,677
3146176,293,4191,581
3146177,289,4218,416
3146178,283,4183,323
3146179,255,4148,422
3146180,186,4137,621
3146181,136,4121,793
3146182,117,4106,891
3146183,113,4101,926
3146184,120,4099,928
3146185,150,4097,925
3146186,254,4127,857
3146187,309,4135,787
3146188,358,4138,762
3146189,373,4157,816
3146190,373,4182,887
3146191,375,4195,918
3146192,356,4205,916
3146193,318,4224,891
3146194,280,4253,811
3146195,240,4251,653
3146196,220,4206,541
3146197,174,4165,595
3146198,90,4147,725
3146199,42,4134,803
3146200,31,4127,828
3146201,25,4126,829
3146202,22,4116,787
3146203,48,4091,758
3146204,90,4083,791
3146205,120,4104,810
3146206,162,4107,756
3146207,238,4087,704
3146208,288,4087,739
3146209,298,4101,773
3146210,323,4108,740
3146211,337,4123,721
3146212,324,4131,729
3146213,318,4115,753
3146214,308,4116,807
3146215,283,4123,845
3146216,267,4116,834
3146217,257,4114,796
3146218,239,4116,766
3146219,226,4123,748
3146220,224,4122,742
3146221,220,4120,759
3146222,212,4131,771
3146223,206,4125,734
3146224,217,4102,694
3146225,221,4102,712
3146226,212,4117,749
3146227,246,4104,722
3146228,247,4101,736
3146229,247,4084,744
3146230,261,4062,754
3146231,261,4065,794
3146232,258,4073,807
3146233,275,4062,781
