5308798,25,4120,749
5308799,6,4130,725
5308800,2,4134,657
5308801,28,4123,596
5308802,70,4111,586
5308803,83,4115,597
5308804,75,4126,596
5308805,76,4130,596
5308806,72,4151,553
5308807,64,4157,469
5308808,69,4135,423
5308809,86,4104,454
5308810,90,4082,554
5308811,71,4082,675
5308812,23,4103,720
5308813,18,4110,636
5308814,31,4106,566
5308815,53,4122,523
5308816,57,4158,471
5308817,69,4163,421
5308818,95,4137,436
5308819,94,4132,503
5308820,75,4134,550
5308821,57,4127,584
5308822,45,4124,615
5308823,32,4112,616
5308824,13,4089,644
5308825,-7,4097,685
5308826,-40,4117,650
5308827,-43,4110,628
5308828,-14,4106,638
5308829,-11,4109,646
5308830,-37,4121,639
5308831,-59,4126,593
5308832,-60,4116,574
5308833,-53,4102,575
5308834,-56,4093,618
5308835,-62,4100,662
5308836,-68,4114,697
5308837,-61,4134,707
5308838,-40,4140,649
5308839,-15,4142,614
5308840,2,4157,572
5308841,15,4156,507
5308842,51,4138,508
5308843,69,4146,574
5308844,41,4162,583
5308845,34,4148,529
5308846,57,4135,478
5308847,34,4100,539
5308848,18,4086,587
5308849,-10,4087,624
5308850,-29,4068,666
5308851,-45,4071,739
5308852,-79,4102,710
5308853,-81,4094,638
5308854,-51,4111,593
5308855,-50,4152,489
5308856,-52,4163,390
5308857,-22,4153,356
5308858,14,4146,414
5308859,11,4140,505
5308860,-2,4141,571
5308861,-11,4161,584
5308862,-21,4161,545
5308863,-19,4140,511
5308864,-13,4131,518
5308865,1,4127,584
5308866,24,4122,683
5308867,35,4131,734
5308868,37,4150,713
5308869,48,4157,629
5308870,78,4145,584
5308871,107,4137,621
5308872,103,4147,680
5308873,97,4169,689
5308874,107,4179,656
5308875,122,4177,617
5308876,137,4165,593
5308877,145,4172,588
5308878,137,4197,539
5308879,131,4186,521
5308880,143,4174,556
5308881,96,4182,645
5308882,98,4172,680
5308883,105,4178,717
5308884,95,4185,725
5308885,89,4202,674
5308886,86,4225,592
5308887,101,4224,537
5308888,126,4216,541
5308889,115,4225,565
5308890,95,4229,561
5308891,97,4231,583
5308892,92,4246,583
5308893,72,4248,520
5308894,81,4234,467
5308895,90,4230,452
5308896,82,4225,481
5308897,88,4219,515
5308898,91,4208,536
5308899,101,4200,555
5308900,130,4184,577
5308901,138,4173,651
5308902,128,4188,683
5308903,135,4198,619
5308904,166,4209,510
5308905,212,4193,435
5308906,257,4176,497
5308907,259,4197,561
5308908,229,4208,579
5308909,228,4196,585
5308910,231,4199,584
5308911,208,4209,579
5308912,199,4200,552
5308913,202,4197,565
5308914,181,4209,554
5308915,152,4182,536
5308916,150,4139,598
5308917,131,4153,675
5308918,85,4191,656
5308919,67,4191,561
5308920,75,4172,513
5308921,67,4180,482
5308922,52,4148,557
5308923,33,4144,624
5308924,2,4151,605
5308925,-1,4153,513
5308926,16,4126,475
5308927,29,4094,515
5308928,22,4075,608
5308929,6,4076,693
5308930,10,4081,701
5308931,12,4077,659
5308932,6,4055,621
5308933,-2,4047,636
5308934,-28,4067,618
5308935,-52,4113,531
5308936,-53,4131,395
5308937,-35,4108,317
5308938,-29,4109,343
5308939,-62,4123,375
5308940,-84,4125,383
5308941,-72,4108,420
5308942,-66,4110,481
5308943,-84,4136,461
5308944,-81,4126,390
5308945,-56,4110,376
5308946,-55,4132,396
5308947,-56,4133,391
5308948,-25,4112,415
5308949,4,4103,491
5308950,11,4105,567
5308951,17,4106,636
5308952,16,4115,667
5308953,7,4118,647
5308954,7,4109,626
5308955,19,4083,638
5308956,20,4081,716
5308957,27,4081,760
5308958,19,4107,770
5308959,1,4134,701
5308960,-2,4139,563
5308961,-8,4163,417
5308962,-16,4166,281
5308963,-10,4151,264
5308965,-10,4169,327
5308966,-27,4175,392
5308967,-39,4183,451
5308968,-36,4183,456
5308969,-24,4148,458
5308970,-12,4119,524
5308971,-33,4121,590
5308972,-58,4120,625
5308973,-54,4119,655
5308974,-48,4103,696
5308975,-58,4094,725
5308976,-67,4100,717
5308977,-63,4089,706
5308978,-60,4081,735
5308979,-63,4087,784
5308980,-62,4121,713
5308981,-51,4127,632
5308982,-51,4121,560
5308983,-50,4114,545
5308984,-52,4122,551
5308985,-45,4125,584
5308986,-47,4153,609
5308987,-77,4181,514
5308988,-68,4167,429
5308989,-31,4159,436
5308990,-46,4164,470
5308991,-58,4153,510
5308992,-33,4138,557
5308993,-30,4134,635
5308994,-40,4139,682
5308995,-57,4156,642
5308996,-70,4142,571
5308997,-47,4107,573
5308998,-27,4116,614
5308999,-27,4125,620
5309000,-9,4098,651
5309001,34,4079,731
5309002,34,4115,763
5309003,-7,4143,683
5309004,0,4127,591
5309005,30,4122,563
5309006,21,4126,570
5309007,13,4108,583
5309008,34,4094,611
5309009,47,4097,633
5309010,46,4081,649
5309011,67,4090,685
5309012,56,4103,630
5309013,50,4100,566
5309014,72,4072,543
5309015,94,4071,584
5309016,89,4070,627
5309017,102,4045,681
5309018,96,4081,718
5309019,43,4111,634
5309020,30,4078,505
5309021,65,4045,473
5309022,47,4061,515
5309023,11,4059,539
5309024,21,4040,573
5309025,22,4032,629
5309026,2,4033,651
5309027,-30,4049,613
5309028,-55,4045,555
5309029,-61,4044,508
5309030,-56,4048,457
5309031,-47,4042,419
5309032,-45,4028,424
5309033,-40,4035,480
5309034,-45,4043,522
5309035,-32,4021,538
5309036,13,4012,579
5309037,7,4037,609
5309038,-25,4047,598
5309039,-3,4030,578
5309040,25,4028,576
5309041,13,4051,582
5309042,7,4066,572
5309043,15,4072,558
5309044,15,4069,559
5309045,29,4066,576
5309046,19,4109,587
5309047,1,4127,523
5309048,1,4085,520
5309049,30,4045,635
5309050,11,4087,803
5309051,-66,4134,817
5309052,-98,4125,715
5309053,-79,4093,611
5309054,-58,4074,593
5309055,-63,4109,625
5309056,-95,4164,573
5309057,-92,4190,476
5309058,-64,4189,384
5309059,-47,4181,347
5309060,-39,4194,341
5309061,-27,4195,340
5309062,-10,4181,392
5309063,-5,4162,506
5309064,-17,4168,597
5309065,-39,4170,619
5309066,-32,4150,649
5309067,-19,4141,698
5309068,-35,4150,756
5309069,-60,4158,786
5309070,-62,4152,770
5309071,-52,4172,740
5309072,-51,4182,677
5309073,-32,4160,633
5309074,-21,4190,633
5309075,-59,4235,566
5309076,-71,4231,483
5309077,-50,4232,455
5309078,-60,4217,445
5309079,-59,4197,472
5309080,-49,4177,532
5309081,-38,4164,621
5309082,-52,4184,679
5309083,-76,4170,659
5309084,-42,4136,635
5309085,-44,4139,669
5309086,-66,4143,635
5309087,-43,4144,578
5309088,-38,4153,531
5309089,-40,4152,500
5309090,-46,4151,477
5309091,-66,4130,497
5309092,-88,4128,582
5309093,-126,4141,625
5309094,-125,4125,672
5309095,-103,4129,733
5309096,-110,4151,742
5309097,-90,4156,678
5309098,-35,4129,616
5309099,20,4114,609
5309100,36,4150,604
5309101,28,4177,563
5309102,48,4172,514
5309103,92,4144,492
5309104,121,4134,518
5309105,112,4143,575
5309106,103,4132,626
5309107,86,4133,639
5309108,46,4116,624
5309109,39,4086,628
5309110,26,4069,650
5309111,-8,4067,675
5309112,-43,4077,679
5309113,-73,4060,660
5309114,-68,4037,664
5309115,-64,4037,687
5309116,-84,4054,678
5309117,-74,4063,660
5309118,-58,4081,614
5309119,-54,4091,544
5309120,-25,4089,502
5309121,-7,4097,475
5309122,-9,4101,498
5309123,-7,4096,544
5309124,21,4053,647
5309125,36,4061,702
5309126,15,4082,724
5309127,2,4074,696
5309128,21,4059,673
5309129,42,4053,671
5309130,33,4067,641
5309131,15,4078,587
5309132,22,4074,549
5309133,24,4069,574
5309134,8,4071,621
5309135,-20,4098,620
5309136,-55,4109,570
5309137,-53,4088,542
5309138,-54,4100,562
5309139,-93,4099,544
5309140,-83,4080,539
5309141,-83,4096,544
5309142,-104,4069,542
5309143,-68,4042,594
5309144,-54,4073,637
5309145,-79,4099,637
5309146,-78,4102,603
5309147,-53,4100,576
5309148,-48,4100,591
5309149,-60,4121,624
5309150,-63,4124,602
5309151,-29,4098,596
5309152,0,4095,652
5309153,-11,4118,701
5309154,-28,4139,689
5309155,-8,4118,662
5309156,23,4112,679
5309157,10,4119,710
5309158,5,4134,751
5309159,1,4151,744
5309160,0,4147,703
5309161,7,4146,680
5309162,-11,4135,642
5309163,-13,4125,643
5309164,-17,4122,667
5309165,-15,4125,705
5309166,-13,4120,727
5309167,-22,4112,727
5309168,-15,4101,709
5309169,-12,4114,679
5309170,-12,4119,653
5309171,14,4113,656
5309172,34,4125,666
5309173,34,4134,659
5309174,50,4132,649
5309175,76,4134,655
5309176,76,4144,660
5309177,68,4146,650
5309178,64,4136,632
5309179,67,4119,616
5309180,72,4113,633
5309181,59,4102,677
5309182,49,4098,740
5309183,32,4120,772
5309184,-3,4128,719
5309185,-10,4117,648
5309186,0,4086,595
5309187,12,4055,619
5309188,13,4063,701
5309189,-9,4077,731
5309190,-24,4066,717
5309191,-29,4064,686
5309192,-51,4069,606
5309193,-41,4053,546
5309194,-15,4048,559
5309195,-45,4086,582
5309196,-103,4129,529
5309197,-97,4104,456
5309198,-55,4100,479
5309199,-88,4116,466
5309200,-79,4110,426
5309201,-48,4058,426
5309202,-25,4027,502
5309203,-47,4047,576
5309204,-76,4071,581
5309205,-57,4075,560
5309207,-25,4060,570
5309208,-10,4042,600
5309209,-3,4046,625
5309210,2,4050,642
5309211,15,4042,684
5309212,35,4035,753
5309213,30,4060,798
5309214,-13,4101,756
5309215,-28,4098,655
5309216,-3,4103,592
5309217,-16,4114,562
5309218,-32,4113,554
5309219,-22,4131,555
5309220,-22,4146,540
5309221,-18,4133,567
5309222,-21,4126,624
5309223,-23,4120,663
5309224,-16,4130,691
5309225,-31,4137,674
5309226,-15,4103,656
5309227,9,4118,696
5309228,16,4094,707
5309229,72,4106,750
5309230,66,4133,727
5309231,57,4119,670
5309232,95,4110,628
5309233,106,4115,584
5309234,106,4105,588
5309235,117,4115,631
5309236,76,4134,629
5309237,31,4133,603
5309238,33,4129,563
5309239,37,4114,525
5309240,32,4104,550
5309241,1,4111,588
5309242,-36,4122,627
5309243,-63,4115,659
5309244,-77,4107,701
5309245,-83,4114,714
5309246,-98,4114,686
5309247,-107,4130,639
5309248,-110,4130,563
5309249,-90,4112,533
5309250,-72,4124,556
5309251,-57,4137,593
5309252,-35,4147,639
5309253,-38,4169,661
5309254,-28,4161,578
5309255,9,4154,569
5309256,13,4159,612
5309257,-10,4183,631
5309258,-20,4186,595
5309259,12,4163,565
5309260,51,4158,595
5309261,48,4175,634
5309262,32,4170,655
5309263,37,4170,668
5309264,29,4177,648
5309265,22,4160,626
5309266,38,4136,628
5309267,47,4122,671
5309268,39,4121,717
5309269,21,4121,737
5309270,-10,4133,722
5309271,-20,4122,681
5309272,11,4098,666
5309273,19,4101,661
5309274,-15,4121,625
5309275,-39,4131,583
5309276,-42,4146,545
5309277,-35,4135,520
5309278,-1,4117,564
5309279,0,4143,638
5309280,-16,4147,696
5309281,7,4143,734
5309282,-7,4157,701
5309283,-19,4149,590
5309284,-17,4157,562
5309285,-34,4147,565
5309286,-24,4148,593
5309287,-22,4144,639
5309288,-17,4134,697
5309289,-2,4123,744
5309290,10,4129,769
5309291,-7,4144,742
5309292,-41,4159,652
5309293,-46,4148,531
5309294,-14,4121,476
5309295,14,4128,537
5309296,-10,4142,601
5309297,-5,4124,629
5309298,23,4145,652
5309299,-8,4173,622
5309300,-23,4150,577
5309301,17,4122,587
5309302,23,4117,652
5309303,-23,4144,706
5309304,-44,4164,687
5309305,-16,4148,643
5309306,13,4133,661
5309307,-13,4154,698
5309308,-57,4165,669
5309310,-47,4141,628
5309311,-22,4128,636
5309312,-16,4138,674
5309313,-4,4153,625
5309314,23,4140,590
5309315,46,4133,588
5309316,53,4170,605
5309317,35,4197,558
5309318,35,4161,516
5309319,70,4130,560
5309320,64,4142,620
5309321,39,4164,642
5309322,44,4167,629
5309323,48,4142,622
5309324,42,4141,654
5309325,14,4157,657
5309326,3,4138,647
5309327,25,4124,688
5309328,15,4140,729
5309329,-15,4141,736
5309330,-9,4144,728
5309331,-3,4152,688
5309332,21,4121,678
5309333,60,4104,736
5309334,37,4111,780
5309335,-5,4110,758
5309336,-14,4100,711
5309337,-8,4090,692
5309338,-2,4078,688
5309339,4,4086,679
5309340,-25,4100,635
5309341,-33,4078,580
5309342,-3,4066,562
5309343,-19,4066,579
5309344,-31,4068,600
5309345,-26,4077,596
5309346,-20,4059,592
5309347,8,4040,626
5309348,4,4039,663
5309349,-18,4039,666
5309350,-6,4034,662
5309351,-1,4036,663
5309352,-33,4069,653
5309353,-60,4077,598
5309354,-31,4074,553
5309355,-30,4085,531
5309356,-48,4087,532
5309357,-53,4110,535
5309358,-75,4123,513
5309359,-75,4101,514
5309360,-60,4094,553
5309361,-75,4106,576
5309362,-89,4098,561
5309363,-75,4094,566
5309364,-83,4088,570
5309365,-85,4062,593
5309366,-54,4059,650
5309367,-61,4074,661
5309368,-64,4068,663
5309369,-28,4062,666
5309370,-18,4067,634
5309371,-18,4065,593
5309372,9,4043,587
5309373,34,4057,638
5309374,2,4103,651
5309375,-25,4117,600
5309376,-15,4117,512
5309377,-7,4116,430
5309378,1,4092,424
5309379,18,4081,515
5309380,10,4117,603
5309381,-32,4108,599
5309382,-9,4075,619
5309383,14,4089,637
5309384,-34,4090,630
5309385,-36,4080,673
5309386,-3,4081,726
5309387,-37,4122,774
5309388,-34,4116,726
5309389,-9,4131,677
5309390,-25,4150,615
5309391,-35,4144,581
5309392,-18,4155,565
5309393,-27,4163,548
5309394,-27,4160,563
5309395,-12,4175,587
5309396,-24,4175,589
5309397,-13,4166,584
5309398,-3,4156,582
5309399,4,4126,628
5309400,13,4148,690
5309401,-4,4155,672
5309402,22,4130,656
5309403,59,4134,671
5309404,49,4143,670
5309405,49,4138,670
5309406,85,4129,678
5309407,102,4134,689
5309408,86,4133,695
5309409,67,4134,685
5309410,59,4123,678
5309411,56,4105,707
5309412,32,4135,752
5309413,-14,4158,725
5309414,-16,4157,661
5309415,-3,4162,617
5309416,-26,4153,581
5309417,-30,4162,595
5309418,-25,4172,608
5309419,-47,4174,619
5309420,-55,4156,656
5309421,-30,4152,726
5309422,-45,4183,751
5309423,-84,4170,685
5309424,-35,4151,609
5309425,-55,4153,603
5309426,-44,4148,593
5309427,-18,4152,587
5309428,-14,4160,585
5309429,-23,4147,584
5309430,2,4135,624
5309431,-5,4139,639
5309432,-36,4122,615
5309433,-15,4088,620
5309434,4,4061,683
5309435,-13,4058,765
5309436,-37,4056,812
5309437,-43,4068,819
5309438,-57,4091,785
5309439,-78,4081,717
5309440,-76,4076,658
5309441,-56,4072,629
5309442,-21,4057,665
5309443,-4,4087,737
5309444,-47,4129,730
5309445,-65,4125,652
5309446,-31,4116,575
5309447,-23,4120,529
5309448,-23,4119,503
5309449,-5,4108,496
5309450,3,4098,520
5309451,-11,4092,553
5309452,-19,4090,577
5309453,-15,4074,597
5309454,-9,4080,644
5309455,-29,4097,642
5309456,-52,4072,620
5309457,-45,4064,663
5309458,-56,4069,701
5309459,-34,4048,750
5309460,-31,4050,750
5309461,-34,4085,720
5309462,-46,4096,629
5309463,-16,4076,597
5309464,13,4094,613
5309465,-11,4131,585
5309466,-22,4149,532
5309467,1,4156,477
5309468,29,4151,462
5309469,37,4137,488
5309470,27,4147,532
5309471,10,4150,537
5309472,23,4130,565
5309473,44,4123,650
5309474,22,4115,717
5309475,18,4100,786
5309476,17,4107,840
5309477,-18,4119,831
5309478,-31,4124,787
5309479,-33,4124,717
5309480,-35,4117,640
5309481,-30,4124,617
5309482,-44,4128,615
5309483,-39,4115,626
5309484,-28,4125,656
5309485,-34,4141,668
5309486,-46,4143,651
5309487,-47,4146,642
5309488,-49,4128,637
5309489,-26,4109,686
5309490,-5,4116,752
5309491,-13,4117,767
5309492,6,4104,746
5309493,43,4104,727
5309494,50,4120,698
5309495,49,4137,659
5309496,48,4143,612
5309497,43,4138,585
5309498,41,4148,594
5309499,35,4139,603
5309500,36,4138,644
5309501,24,4125,702
5309502,18,4095,752
5309503,8,4097,788
5309504,-50,4098,762
5309505,-101,4088,691
5309506,-102,4070,622
5309507,-83,4057,585
5309508,-74,4067,601
5309509,-87,4076,622
5309510,-86,4078,615
5309511,-59,4072,616
5309512,-41,4071,651
5309513,-48,4076,689
5309514,-59,4076,670
5309515,-71,4088,604
5309516,-45,4068,496
5309517,-15,4074,530
5309518,-26,4080,595
5309519,-37,4091,641
5309520,-47,4100,614
5309521,-38,4075,586
5309522,-11,4076,613
5309523,-41,4085,614
5309524,-50,4078,634
5309526,-46,4099,666
5309527,-94,4102,642
5309528,-94,4091,632
5309529,-73,4087,615
5309530,-72,4081,610
5309531,-68,4084,636
5309532,-67,4076,658
5309533,-68,4073,688
5309534,-77,4073,685
5309535,-62,4057,683
5309536,-52,4071,686
5309537,-58,4072,666
5309538,-43,4055,670
5309539,-50,4076,671
5309540,-84,4080,637
5309541,-71,4065,596
5309542,-38,4054,593
5309543,-39,4045,631
5309544,-38,4052,666
5309545,-33,4078,668
5309546,-48,4095,638
5309547,-37,4070,613
5309548,3,4061,628
5309549,-55,4123,577
5309550,-65,4133,491
5309551,-62,4124,434
5309552,-42,4109,451
5309553,-43,4118,506
5309554,-64,4120,570
5309555,-55,4111,646
5309556,-45,4100,723
5309557,-54,4113,787
5309558,-82,4134,764
5309559,-78,4124,710
5309560,-55,4123,690
5309561,-57,4135,705
5309562,-55,4156,728
5309563,-49,4165,698
5309564,-28,4154,673
5309565,-10,4164,689
5309566,-40,4199,665
5309567,-47,4191,596
5309568,13,4158,623
5309569,37,4168,730
5309570,-11,4207,774
5309571,-53,4222,708
5309572,-40,4214,622
5309573,-13,4193,602
5309574,-14,4198,622
5309575,-20,4197,647
5309576,5,4196,690
5309577,24,4210,724
5309578,28,4203,730
5309579,56,4188,735
5309580,79,4177,758
5309581,64,4182,758
5309582,49,4166,725
5309583,61,4153,728
5309584,41,4156,724
5309585,51,4156,725
5309586,44,4149,730
5309587,26,4115,744
5309588,35,4100,776
5309589,10,4128,787
5309590,-41,4149,737
5309591,-58,4133,636
5309592,-31,4117,579
5309593,-29,4138,569
5309594,-65,4154,556
5309595,-60,4148,559
5309596,-32,4146,585
5309597,-23,4140,636
5309598,-16,4126,691
5309599,-13,4130,707
5309600,-10,4114,702
5309601,6,4095,709
5309602,15,4086,737
5309603,20,4068,767
5309604,18,4070,779
5309605,-12,4080,764
5309606,-28,4073,729
5309607,-8,4066,698
5309608,13,4046,716
5309609,18,4067,757
5309610,-23,4105,706
5309611,-39,4084,612
5309612,3,4044,597
5309613,13,4045,646
5309614,-33,4079,653
5309615,-61,4089,588
5309616,-23,4073,558
5309617,-36,4045,611
5309618,-30,4019,714
5309619,-39,4043,802
5309620,-101,4064,774
5309621,-120,4054,676
5309622,-103,4046,610
5309623,-101,4049,596
5309624,-104,4068,588
5309625,-119,4077,557
5309626,-120,4078,532
5309627,-115,4081,513
5309628,-101,4072,530
5309629,-90,4083,567
5309630,-102,4085,609
5309631,-107,4078,652
5309632,-104,4065,667
5309633,-75,4050,685
5309634,-61,4079,712
5309635,-81,4094,680
5309636,-80,4098,606
5309637,-66,4131,553
5309638,-58,4136,519
5309639,-27,4118,546
5309640,9,4114,646
5309641,-3,4138,735
5309642,-24,4147,755
5309643,-1,4130,752
5309644,15,4123,771
5309645,0,4108,780
5309646,-17,4112,783
5309647,-40,4129,738
5309648,-33,4109,679
5309649,8,4114,681
5309650,-9,4149,664
5309651,-37,4157,616
5309652,-13,4136,574
5309653,0,4115,583
5309654,-17,4107,622
5309655,-63,4125,665
5309656,-83,4104,656
5309657,-70,4081,670
5309658,-72,4081,701
5309659,-102,4069,705
5309660,-84,4062,727
5309661,-71,4095,732
5309662,-90,4107,687
5309663,-68,4103,630
5309664,-41,4104,596
5309665,-32,4091,590
5309666,-21,4074,616
5309667,0,4069,683
5309668,-2,4083,721
5309669,-20,4088,727
5309670,-40,4087,697
5309671,-61,4087,647
5309672,-80,4106,600
5309673,-92,4111,549
5309674,-84,4097,534
5309675,-81,4090,558
5309676,-90,4102,572
5309677,-101,4094,558
5309678,-76,4072,567
5309679,-70,4084,590
5309680,-94,4075,590
5309681,-79,4054,604
5309682,-67,4039,638
5309683,-62,4036,674
5309684,-49,4048,690
5309685,-38,4044,689
5309686,-22,4026,689
5309687,-4,4029,685
5309688,-33,4070,658
5309689,-27,4046,663
5309690,1,4044,735
5309691,-30,4082,780
5309692,-74,4099,734
5309693,-89,4093,657
5309694,-92,4090,602
5309695,-107,4093,559
5309696,-111,4105,553
5309697,-123,4137,551
5309698,-148,4124,514
5309699,-111,4097,540
5309700,-84,4114,584
5309701,-90,4122,615
5309702,-75,4134,630
5309703,-59,4145,638
5309704,-39,4143,665
5309705,-31,4157,695
5309706,-23,4161,720
5309707,5,4162,725
5309708,41,4167,737
5309709,61,4170,748
5309711,68,4156,773
5309712,85,4159,807
5309713,64,4179,769
5309714,69,4147,701
5309715,60,4147,740
5309716,32,4154,778
5309717,17,4167,768
5309718,12,4161,752
5309719,12,4145,767
5309720,-1,4156,762
5309721,-11,4168,710
5309722,5,4154,660
5309723,28,4150,663
5309724,27,4153,693
5309725,29,4156,723
5309726,23,4174,739
5309727,8,4177,708
5309728,27,4173,676
5309729,38,4180,668
5309730,42,4169,663
5309731,76,4159,687
5309732,79,4151,723
5309733,70,4136,757
5309734,64,4136,773
5309735,39,4137,761
5309736,25,4138,732
5309737,32,4118,698
5309738,38,4128,706
5309739,5,4152,703
5309740,-14,4156,665
5309741,-7,4148,635
5309742,8,4137,654
5309743,-16,4159,672
5309744,-45,4157,670
5309745,-4,4147,695
5309746,3,4155,731
5309747,-21,4152,752
5309748,-15,4163,737
5309749,-4,4163,621
5309750,53,4122,655
5309751,75,4119,759
5309752,12,4164,780
5309753,-36,4154,686
5309754,9,4126,634
5309755,29,4132,627
5309756,-11,4134,621
5309757,-7,4127,632
5309758,-3,4119,634
5309759,-27,4107,660
5309760,-32,4089,712
5309761,-24,4088,768
5309762,-37,4097,785
5309763,-51,4096,766
5309764,-61,4115,719
5309765,-69,4119,653
5309766,-53,4103,636
5309767,-47,4112,664
5309768,-56,4130,691
5309769,-55,4159,695
5309770,-68,4179,641
5309771,-85,4174,580
5309772,-65,4168,562
5309773,-55,4179,561
5309774,-68,4179,572
5309775,-58,4165,585
5309776,-40,4158,604
5309777,-33,4139,627
5309778,-7,4124,701
5309779,-23,4131,759
5309780,-54,4125,738
5309781,-12,4098,655
5309782,3,4089,657
5309783,1,4090,697
5309784,-3,4082,737
5309785,7,4066,774
5309786,-1,4067,815
5309787,-39,4071,802
5309788,-57,4059,773
5309789,-48,4056,740
5309790,-60,4084,713
5309791,-92,4095,666
5309792,-101,4093,609
5309793,-118,4109,573
5309794,-148,4110,550
5309795,-138,4109,575
5309796,-144,4127,614
5309797,-170,4124,639
5309798,-172,4125,630
5309799,-155,4132,605
5309800,-115,4125,602
5309801,-85,4141,609
5309802,-59,4139,605
5309803,-5,4124,615
5309804,39,4116,670
5309805,43,4116,754
5309806,17,4107,792
5309807,9,4085,808
5309808,8,4096,798
5309809,-28,4112,717
5309810,-37,4101,639
5309811,-7,4084,623
5309812,-5,4086,657
5309813,-12,4110,681
5309814,-17,4123,645
5309815,-17,4108,606
5309816,6,4107,620
5309817,9,4121,633
5309818,6,4114,657
5309819,16,4082,718
5309820,21,4059,733
5309821,6,4061,738
5309822,-14,4046,707
5309823,19,4037,709
5309824,28,4053,719
5309825,9,4047,699
5309826,40,4037,705
5309827,55,4038,732
5309828,24,4046,738
5309829,10,4054,697
5309830,19,4054,639
5309831,18,4062,608
5309832,8,4056,604
5309833,19,4056,638
5309834,14,4062,672
5309835,13,4053,688
5309836,49,4032,724
5309837,70,4025,779
5309838,55,4043,807
5309839,44,4058,796
5309840,43,4068,762
5309841,31,4066,726
5309842,35,4058,739
5309843,54,4069,756
5309844,59,4069,730
5309845,65,4066,744
5309846,55,4100,770
5309847,13,4125,741
5309848,10,4127,693
5309849,24,4141,662
5309850,-3,4138,631
5309851,-13,4126,613
5309852,-15,4127,635
5309853,-38,4127,650
5309854,-45,4124,644
5309855,-24,4098,648
5309856,13,4081,701
5309857,9,4091,771
5309858,-18,4108,803
5309859,-18,4107,753
5309860,3,4095,712
5309861,17,4103,691
5309862,0,4121,665
5309863,9,4113,660
5309864,39,4106,706
5309865,29,4121,754
5309866,3,4124,765
5309867,13,4124,781
5309868,31,4117,819
5309869,13,4123,858
5309870,-26,4135,845
5309871,-8,4127,839
5309872,26,4156,851
5309873,-14,4169,788
5309874,-11,4154,726
5309875,33,4153,719
5309876,41,4155,769
5309877,40,4170,822
5309878,26,4180,821
5309879,14,4180,768
5309880,9,4170,692
5309881,31,4151,659
5309882,52,4152,685
5309883,34,4170,721
5309884,3,4173,725
5309885,4,4156,696
5309886,41,4142,702
5309887,47,4134,730
5309888,25,4120,746
5309889,11,4106,752
5309890,1,4101,738
5309891,1,4076,721
5309892,26,4055,754
5309893,15,4066,798
5309894,-17,4067,797
5309895,-11,4076,766
5309896,-42,4056,641
5309897,-32,4043,619
5309898,-33,4051,617
5309899,-62,4062,627
5309900,-73,4076,647
5309901,-69,4068,658
5309902,-51,4053,684
5309903,-47,4044,714
5309904,-48,4039,750
5309905,-68,4067,740
5309906,-99,4068,677
5309907,-62,4051,673
5309908,-23,4059,700
5309909,-34,4071,725
5309910,-32,4071,757
5309911,-25,4075,764
5309912,-33,4083,744
5309913,-34,4070,722
5309914,-16,4069,740
5309915,-25,4098,747
5309916,-43,4116,720
5309917,-43,4114,687
5309918,-59,4110,662
5309919,-67,4096,662
5309920,-67,4099,675
5309921,-82,4126,657
5309922,-102,4133,607
5309923,-118,4113,576
5309924,-117,4094,569
5309925,-112,4091,602
5309926,-139,4082,642
5309927,-153,4072,665
5309928,-148,4065,678
5309929,-158,4051,690
5309930,-142,4030,715
5309931,-154,4037,702
5309932,-177,4031,696
5309933,-174,4026,702
5309934,-171,4029,703
5309935,-168,4040,715
5309936,-131,4046,726
5309937,-90,4033,727
5309938,-76,4040,755
5309939,-125,4059,734
5309940,-149,4062,679
5309941,-129,4083,626
5309942,-150,4093,575
5309943,-163,4094,556
5309944,-167,4110,539
5309945,-188,4106,504
5309946,-158,4079,534
5309947,-133,4082,634
5309948,-177,4100,685
5309949,-199,4102,663
5309950,-186,4091,634
5309951,-179,4096,640
5309952,-191,4104,631
5309953,-193,4108,607
5309954,-173,4099,590
5309955,-138,4085,617
5309956,-122,4094,678
5309957,-127,4108,727
5309958,-119,4129,741
5309959,-106,4137,706
5309960,-80,4125,695
5309961,-68,4126,742
5309962,-96,4151,765
5309963,-102,4149,734
5309964,-67,4139,733
5309965,-65,4147,777
5309966,-84,4164,804
5309967,-95,4158,780
5309968,-31,4139,849
5309969,-76,4190,833
5309970,-114,4174,741
5309971,-56,4150,726
5309972,-32,4177,772
5309973,-83,4195,757
5309974,-81,4175,690
5309975,-26,4148,675
5309976,-16,4149,711
5309977,-59,4154,720
5309978,-75,4150,698
5309979,-66,4138,684
5309980,-60,4118,709
5309981,-66,4114,747
5309982,-88,4113,746
5309983,-92,4086,722
5309984,-65,4065,739
5309985,-65,4070,778
5309986,-92,4085,785
5309987,-99,4092,758
5309988,-123,4107,706
5309989,-124,4100,645
5309990,-81,4108,624
5309991,-70,4130,611
5309992,-64,4121,589
5309993,-53,4111,613
5309994,-70,4113,651
5309995,-80,4098,664
5309996,-56,4101,685
5309997,-83,4122,677
5309998,-109,4088,669
5309999,-64,4067,742
5310000,-70,4064,805
5310001,-94,4050,832
5310002,-94,4054,833
5310003,-101,4057,824
5310004,-93,4065,801
5310005,-94,4083,750
5310006,-73,4083,717
5310007,-41,4104,702
5310008,-45,4108,667
5310009,-12,4110,679
5310010,-12,4122,706
5310011,-39,4127,693
5310012,-46,4138,656
5310013,-65,4139,606
5310014,-64,4138,589
5310015,-67,4156,585
5310016,-100,4149,572
5310017,-99,4122,596
5310018,-87,4112,648
5310019,-96,4106,687
5310020,-97,4112,691
5310021,-86,4102,685
5310022,-58,4091,717
5310023,-54,4089,738
5310024,-46,4058,754
5310025,6,4047,823
5310026,9,4075,865
5310027,-20,4074,824
5310028,13,4055,792
5310029,54,4062,780
5310030,41,4089,758
5310031,20,4100,712
5310032,33,4085,690
5310033,43,4100,716
5310034,5,4124,717
5310035,-21,4109,702
5310036,4,4078,739
5310037,11,4069,831
5310038,-24,4074,911
5310039,-44,4079,966
5310040,-76,4098,960
5310041,-136,4105,857
5310042,-143,4090,736
5310043,-122,4102,655
5310044,-123,4108,610
5310045,-51,4126,666
5310046,-43,4133,704
5310047,-39,4138,716
5310048,-35,4135,703
5310049,-21,4133,701
5310050,-10,4129,708
5310051,2,4125,730
5310052,6,4142,745
5310053,-14,4139,729
5310054,8,4121,744
5310055,28,4137,779
5310056,9,4145,793
5310057,0,4156,771
5310058,4,4142,743
5310059,26,4134,788
5310060,10,4158,858
5310061,-34,4153,880
5310062,-25,4143,886
5310063,-16,4159,898
5310064,-78,4174,852
5310065,-107,4166,773
5310066,-64,4160,736
5310067,-51,4170,759
5310068,-85,4187,771
5310069,-101,4191,734
5310070,-81,4168,706
5310071,-54,4154,741
5310072,-43,4144,801
5310073,-38,4143,869
5310074,-48,4163,906
5310075,-83,4170,851
5310076,-82,4150,780
5310077,-28,4140,766
5310078,-41,4160,742
5310079,-16,4156,718
5310080,-9,4171,714
5310081,-34,4175,689
5310082,-25,4150,642
5310083,24,4128,640
5310084,35,4109,682
5310085,34,4094,750
5310086,17,4098,814
5310087,-34,4112,840
5310088,-64,4103,808
5310089,-42,4080,767
5310090,-9,4062,768
5310091,-2,4060,814
5310092,-28,4085,849
5310093,-54,4088,809
5310094,-43,4074,773
5310095,-46,4089,726
5310096,-54,4094,661
5310097,-42,4087,634
5310098,-46,4099,662
5310099,-61,4107,696
5310100,-63,4106,681
5310101,-54,4094,669
5310102,-47,4086,670
5310103,-31,4077,665
5310104,-11,4084,676
5310105,-40,4084,639
5310106,-33,4060,625
5310107,14,4054,675
5310108,9,4051,737
5310109,5,4060,780
5310110,-3,4044,758
5310111,23,4029,776
5310112,28,4045,784
5310113,6,4048,766
5310114,18,4059,754
5310115,11,4065,722
5310116,23,4065,707
5310117,29,4086,769
5310118,6,4098,747
5310119,15,4094,724
5310120,31,4103,727
5310121,-4,4117,713
5310122,-40,4127,683
5310123,-25,4116,659
5310124,-8,4107,687
5310125,-22,4111,745
5310126,-26,4098,799
5310127,-39,4107,838
5310128,-67,4115,841
5310129,-76,4108,814
5310130,-57,4101,795
5310131,-35,4110,789
5310132,-50,4110,773
5310133,-29,4084,794
5310134,-13,4082,836
5310135,-21,4092,859
5310136,-6,4095,840
5310137,-5,4100,809
5310138,-1,4101,803
5310139,6,4096,801
5310140,15,4094,825
5310141,6,4122,812
5310142,-36,4141,731
5310143,-41,4132,658
5310144,-24,4135,635
5310145,-42,4131,636
5310146,-62,4141,652
5310147,-82,4156,658
5310148,-82,4119,657
5310149,-48,4082,716
5310150,-39,4071,811
5310151,-71,4088,885
5310152,-134,4109,790
5310153,-133,4095,718
5310154,-104,4070,723
5310155,-73,4087,766
5310156,-107,4103,752
5310157,-108,4101,718
5310158,-86,4089,676
5310160,-87,4085,671
5310161,-124,4098,652
5310162,-154,4082,627
5310163,-143,4064,651
5310164,-142,4047,692
5310165,-125,4037,763
5310166,-134,4047,814
5310167,-158,4044,807
5310168,-131,4026,793
5310169,-113,4024,807
5310170,-141,4046,812
5310171,-161,4059,765
5310172,-153,4058,699
5310173,-103,4046,694
5310174,-65,4043,734
5310175,-77,4063,771
5310176,-94,4083,763
5310177,-98,4076,722
5310178,-102,4079,695
5310179,-89,4069,703
5310180,-98,4088,732
5310181,-110,4091,733
5310182,-99,4094,726
5310183,-99,4098,710
5310184,-103,4084,684
5310185,-62,4071,713
5310186,-28,4059,775
5310187,-48,4059,849
5310188,-80,4067,871
5310189,-82,4065,841
5310190,-78,4065,816
5310191,-82,4055,778
5310192,-76,4055,738
5310193,-73,4047,704
5310194,-55,4043,719
5310195,-51,4052,740
5310196,-64,4045,751
5310197,-48,4036,769
5310198,-7,4021,823
5310199,-7,4039,879
5310200,-35,4051,854
5310201,-21,4057,802
5310202,-22,4072,754
5310203,-23,4057,731
5310204,3,4056,774
5310205,5,4077,822
5310206,-21,4104,836
5310207,-51,4133,793
5310208,-41,4118,714
5310209,-27,4142,665
5310210,-3,4111,707
5310211,31,4124,796
5310212,-2,4127,824
5310213,9,4115,845
5310214,38,4107,866
5310215,35,4106,887
5310216,40,4100,885
5310217,46,4101,907
5310218,40,4103,926
5310219,51,4085,932
5310220,67,4094,941
5310221,35,4111,906
5310222,17,4120,852
5310223,37,4124,814
5310224,33,4128,817
5310225,19,4118,828
5310226,21,4114,854
5310227,5,4139,859
5310228,-34,4150,817
5310229,-40,4146,796
5310230,-21,4132,778
5310231,0,4122,785
5310232,-4,4134,801
5310233,-21,4131,798
5310234,-15,4125,795
5310235,-19,4131,793
5310236,-42,4129,791
5310237,-39,4113,783
5310238,-9,4102,807
5310239,-21,4095,843
5310240,-44,4094,868
5310241,-46,4074,862
5310242,-21,4048,857
5310243,-7,4039,872
5310244,-31,4039,886
5310245,-53,4053,868
5310246,-57,4045,780
5310247,-45,4042,755
5310248,-58,4043,750
5310249,-65,4050,735
5310250,-85,4042,697
5310251,-96,4019,687
5310252,-99,3998,702
5310253,-109,3984,753
5310254,-104,3988,832
5310255,-127,4032,870
5310256,-194,4051,788
5310257,-186,4027,702
5310258,-136,4008,699
5310259,-133,4010,746
5310260,-140,4033,787
5310261,-145,4064,785
5310262,-153,4073,754
5310263,-138,4059,740
5310264,-123,4080,739
5310265,-144,4091,702
5310266,-133,4084,680
5310267,-129,4104,650
5310268,-148,4090,626
5310269,-114,4083,669
5310270,-90,4098,726
5310271,-104,4106,748
5310272,-98,4104,737
5310273,-69,4066,738
5310274,-23,4052,804
5310275,-23,4070,857
5310276,-57,4071,861
5310277,-36,4072,845
5310278,-23,4074,821
5310279,-39,4079,828
5310280,-61,4105,758
5310281,-51,4119,732
5310282,-40,4100,731
5310283,-27,4097,794
5310284,-45,4111,826
5310285,-55,4102,823
5310286,-45,4092,838
5310287,-63,4090,835
5310288,-78,4081,789
5310289,-58,4059,744
5310290,-33,4050,739
5310291,-39,4053,755
5310292,-57,4071,781
5310293,-84,4098,780
5310294,-92,4106,731
5310295,-57,4087,704
5310296,-42,4090,726
5310297,-88,4105,719
5310298,-118,4110,690
5310299,-92,4093,668
5310300,-65,4094,703
5310301,-76,4117,745
5310302,-119,4130,740
5310303,-131,4112,735
5310304,-117,4110,756
5310305,-124,4124,790
5310306,-118,4124,829
5310307,-119,4133,854
5310308,-136,4129,848
5310309,-132,4130,841
5310310,-126,4143,825
5310311,-124,4136,798
5310312,-97,4141,800
5310313,-100,4150,804
5310314,-129,4147,805
5310315,-155,4154,758
5310316,-147,4146,746
5310317,-144,4140,764
5310318,-132,4150,808
5310319,-125,4151,834
5310320,-121,4142,871
5310321,-138,4155,883
5310322,-188,4170,814
5310323,-188,4146,725
5310324,-150,4137,683
5310325,-146,4123,676
5310326,-119,4116,730
5310327,-109,4153,777
5310328,-130,4153,769
5310329,-108,4130,773
5310330,-99,4130,785
5310331,-140,4137,765
5310332,-157,4115,734
5310333,-127,4098,738
5310334,-119,4109,765
5310335,-150,4135,775
5310336,-153,4142,752
5310337,-120,4122,738
5310338,-89,4118,770
5310339,-82,4108,816
5310340,-69,4109,862
5310341,-84,4120,869
5310342,-104,4110,845
5310343,-90,4097,835
5310344,-100,4093,832
5310345,-122,4102,806
5310346,-108,4085,755
5310347,-68,4080,755
5310348,-74,4099,782
5310349,-89,4119,709
5310350,-86,4112,663
5310352,-70,4068,670
5310353,-33,4061,721
5310354,-38,4053,780
5310355,-27,4044,836
5310356,-28,4061,852
5310357,-43,4042,822
5310358,-3,4015,815
5310359,19,4016,839
5310360,19,4024,868
5310361,24,4040,886
5310362,1,4054,873
5310363,4,4048,831
5310364,42,4039,785
5310365,53,4045,774
5310366,27,4041,780
5310367,20,4032,782
5310368,38,4020,772
5310369,45,4022,793
5310370,23,4021,814
5310371,13,3992,812
5310372,31,3966,820
5310373,19,3961,830
5310374,11,3946,845
5310375,33,3939,893
5310376,0,3966,903
5310377,-40,3977,815
5310378,-7,3968,724
5310379,37,3952,711
5310380,45,3948,757
5310381,48,3960,813
5310382,55,3961,832
5310383,45,3984,805
5310384,28,3993,748
5310385,31,3976,724
5310386,41,3971,792
5310387,38,3969,837
5310388,43,3981,859
5310389,32,3981,873
5310390,34,3974,890
5310391,46,3972,910
5310392,55,3968,939
5310393,49,3979,945
5310394,23,3988,922
5310395,6,3968,915
5310396,1,3951,930
5310397,-2,3938,945
5310398,0,3951,971
5310399,-28,3996,941
5310400,-48,3995,838
5310401,-19,3963,770
5310402,2,3964,772
5310403,-8,3980,777
5310404,-4,3978,770
5310405,18,3976,797
5310406,8,3982,817
5310407,-19,3981,793
5310408,-27,3958,750
5310409,-12,3931,758
5310410,-31,3941,782
5310411,-77,3931,782
5310412,-64,3914,809
5310413,-82,3935,835
5310414,-144,3947,823
5310415,-159,3942,783
5310416,-129,3924,756
5310417,-118,3918,777
5310418,-124,3929,824
5310419,-129,3981,828
5310420,-164,4008,744
5310421,-161,3994,663
5310422,-165,4025,608
5310423,-197,4028,539
5310424,-147,4037,539
5310425,-92,4037,650
5310426,-99,4053,728
5310427,-87,4039,773
5310428,-34,4048,849
5310429,-62,4066,869
5310430,-94,4052,860
5310431,-83,4062,865
5310432,-96,4065,843
5310433,-51,4038,845
5310434,5,4045,905
5310435,1,4045,950
5310436,19,4055,1010
5310437,25,4078,1055
5310438,8,4086,1042
5310439,8,4091,1016
5310440,-5,4107,982
5310441,-27,4111,932
5310442,-21,4103,899
5310443,-37,4122,873
5310444,-57,4123,844
5310445,-47,4140,838
5310446,-74,4161,813
5310447,-52,4142,820
5310448,5,4150,880
5310449,-22,4173,905
5310450,-37,4164,910
5310451,7,4160,974
5310452,2,4188,1022
5310453,-30,4180,981
5310454,40,4169,1012
5310455,-29,4227,1002
5310456,-81,4243,870
5310457,-28,4201,752
5310458,42,4174,780
5310459,39,4177,923
5310460,-11,4175,1022
5310461,-33,4161,1024
5310462,-44,4145,989
5310463,-71,4139,948
5310464,-96,4138,890
5310465,-96,4110,853
5310466,-69,4103,899
5310467,-88,4131,928
5310468,-124,4123,871
5310469,-105,4093,829
5310470,-97,4094,833
5310471,-137,4114,815
5310472,-166,4108,760
5310473,-139,4088,742
5310474,-104,4088,800
5310475,-117,4104,882
5310476,-122,4117,909
5310477,-99,4128,879
5310478,-75,4127,830
5310479,-50,4135,804
5310480,8,4155,725
5310481,39,4168,764
5310482,10,4183,799
5310483,-12,4200,826
5310484,-16,4202,816
5310485,18,4169,843
5310486,57,4176,920
5310487,17,4194,957
5310488,-36,4191,927
5310489,-26,4173,887
5310490,8,4152,914
5310491,18,4154,1010
5310492,-10,4162,1061
5310493,-12,4151,1049
5310494,26,4142,1020
5310495,30,4137,1011
5310496,8,4134,996
5310497,1,4126,940
5310498,26,4124,908
5310499,31,4136,894
5310500,3,4142,870
5310501,-13,4158,825
5310502,-15,4147,769
5310503,11,4109,774
5310504,41,4104,859
5310505,29,4101,946
5310506,16,4091,1019
5310507,-8,4102,1038
5310508,-49,4090,972
5310509,-42,4070,913
5310510,-39,4094,871
5310511,-117,4131,692
5310512,-77,4108,643
5310513,-41,4109,670
5310514,-66,4110,679
5310515,-49,4073,704
5310516,-3,4058,813
5310517,-16,4060,932
5310518,-53,4066,968
5310519,-79,4063,906
5310521,-85,4046,828
5310522,-64,4040,808
5310523,-46,4055,804
5310524,-55,4089,766
5310525,-43,4094,699
5310526,11,4074,698
5310527,39,4093,791
5310528,16,4111,835
5310529,25,4087,814
5310530,49,4061,826
5310531,23,4049,884
5310532,-7,4050,934
5310533,-19,4055,945
5310534,-31,4042,933
5310535,-21,4027,917
5310536,-18,4016,904
5310537,-3,4002,944
5310538,13,4019,1006
5310539,-1,4036,1011
5310540,13,4049,939
5310541,37,4041,825
5310542,69,4022,810
5310543,31,4064,839
5310544,40,4055,824
5310545,46,4043,837
5310546,36,4034,845
5310547,29,4033,813
5310548,34,4031,789
5310549,43,4020,790
5310550,26,4021,840
5310551,-7,4036,863
5310552,-17,4037,809
5310553,-6,4026,775
5310554,-13,4021,785
5310555,-24,4011,789
5310556,-6,3999,822
5310557,4,4004,891
5310558,-4,3991,950
5310559,-3,3982,986
5310560,-9,3983,970
5310561,17,3970,942
5310562,61,3985,938
5310563,42,4010,910
5310564,41,4008,860
5310565,90,4013,848
5310566,88,4038,889
5310567,59,4047,917
5310568,82,4052,909
5310569,111,4068,868
5310570,122,4064,823
5310571,147,4054,824
5310572,141,4061,853
5310573,108,4076,880
5310574,79,4080,882
5310575,71,4073,877
5310576,70,4060,883
5310577,58,4048,899
5310578,44,4045,925
5310579,14,4040,955
5310580,21,4034,955
5310581,11,4044,951
5310582,-5,4056,906
5310583,19,4044,872
5310584,38,4031,893
5310585,14,4039,931
5310586,-20,4051,916
5310587,-12,4053,863
5310588,17,4057,808
5310589,35,4049,798
5310590,47,4061,836
5310591,39,4085,860
5310592,46,4084,880
5310593,70,4092,897
5310594,64,4117,853
5310595,55,4131,775
5310596,77,4119,741
5310597,105,4124,789
5310598,92,4139,856
5310599,64,4153,932
5310600,45,4166,969
5310601,45,4161,968
5310602,64,4156,1014
5310603,42,4176,1061
5310604,-12,4195,1036
5310605,-14,4184,1001
5310606,8,4178,1031
5310607,-14,4191,1072
5310608,-27,4214,1056
5310609,2,4230,984
5310610,28,4240,901
5310611,26,4245,831
5310612,37,4233,815
5310613,72,4218,876
5310614,34,4209,1032
5310615,36,4191,1016
5310616,68,4188,997
5310617,53,4172,952
5310618,40,4169,931
5310619,31,4176,910
5310620,1,4175,878
5310621,-11,4162,851
5310622,0,4162,876
5310623,-7,4172,925
5310624,-25,4168,955
5310625,-40,4170,966
5310626,-54,4160,943
5310627,-48,4143,934
5310628,-45,4137,927
5310629,-63,4128,911
5310630,-74,4115,907
5310631,-79,4112,921
5310632,-90,4124,934
5310633,-105,4130,908
5310634,-93,4121,856
5310635,-65,4134,828
5310636,-77,4150,789
5310637,-73,4149,755
5310638,-34,4157,696
5310639,-38,4142,714
5310640,-29,4143,735
5310641,-52,4143,738
5310642,-56,4139,759
5310643,-58,4136,773
5310644,-77,4118,784
5310645,-67,4113,813
5310646,-63,4101,836
5310647,-52,4080,891
5310648,-30,4082,950
5310649,-41,4096,969
5310650,-66,4104,924
5310651,-33,4107,886
5310652,14,4117,877
5310653,4,4115,870
5310654,6,4121,886
5310655,10,4130,854
5310656,-5,4125,807
5310657,1,4120,803
5310658,5,4107,818
5310659,1,4106,863
5310660,-23,4106,896
5310661,-24,4085,935
5310662,-9,4078,992
5310663,-39,4085,1003
5310664,-64,4093,957
5310665,-61,4098,872
5310666,-54,4090,812
5310667,-60,4112,900
5310668,-104,4130,895
5310669,-102,4134,843
5310670,-86,4130,759
5310672,-62,4113,737
5310673,-50,4118,807
5310674,-85,4134,850
5310675,-99,4129,854
5310676,-71,4124,853
5310677,-62,4103,851
5310678,-43,4080,901
5310679,-31,4070,968
5310680,-38,4053,1023
5310681,-36,4055,1038
5310682,-29,4044,1047
5310683,-15,4045,1055
5310684,-14,4059,1029
5310685,-20,4079,963
5310686,-27,4083,852
5310687,-17,4087,789
5310688,-26,4105,762
5310689,-36,4102,761
5310690,-36,4109,783
5310691,-57,4103,778
5310692,-57,4091,784
5310693,-69,4093,804
5310694,-100,4092,828
5310695,-112,4075,843
5310696,-102,4050,863
5310697,-86,4047,919
5310698,-94,4048,960
5310699,-52,4029,928
5310700,-28,4017,901
5310701,-2,4014,920
5310702,8,4042,925
5310703,-16,4045,851
5310704,7,4030,757
5310705,34,4037,705
5310706,3,4049,665
5310707,-23,4040,624
5310708,-7,4023,631
5310709,-22,4027,665
5310710,-58,4009,706
5310711,-45,3994,794
5310712,-68,3998,889
5310713,-118,3986,903
5310714,-109,3983,851
5310715,-88,3957,818
5310716,-96,3956,858
5310717,-106,3967,887
5310718,-88,3977,885
5310719,-95,4004,874
5310720,-116,4005,847
5310721,-95,4002,832
5310722,-76,4011,830
5310723,-70,4021,826
5310724,-80,4030,799
5310725,-104,4019,755
5310726,-98,4011,761
5310727,-114,4039,763
5310728,-138,4040,729
5310729,-102,4038,744
5310730,-101,4053,814
5310731,-124,4059,865
5310732,-63,4055,788
5310733,-50,4043,834
5310734,-71,4050,878
5310735,-72,4049,880
5310736,-42,4052,893
5310737,-67,4063,910
5310738,-101,4054,878
5310739,-67,4038,879
5310740,-36,4041,937
5310741,-25,4037,1013
5310742,-25,4041,1047
5310743,-57,4043,991
5310744,-52,4035,919
5310745,-22,4033,891
5310746,-29,4046,922
5310747,-57,4078,938
5310748,-79,4114,849
5310749,-56,4113,708
5310750,-8,4106,671
5310751,-11,4115,731
5310752,-9,4117,806
5310753,28,4128,849
5310754,27,4133,859
5310755,11,4124,874
5310756,25,4112,881
5310757,45,4104,887
5310758,33,4109,959
5310759,26,4115,953
5310760,47,4100,968
5310761,84,4103,1041
5310762,66,4120,1077
5310763,33,4111,1049
5310764,48,4099,1024
5310765,52,4093,1024
5310766,30,4094,1014
5310767,12,4099,995
5310768,-7,4119,985
5310769,-31,4128,949
5310770,-24,4120,930
5310771,-19,4124,930
5310772,-30,4135,926
5310773,-24,4134,910
5310774,-1,4137,918
5310775,-6,4156,922
5310776,-24,4152,883
5310777,16,4133,864
5310778,52,4120,908
5310779,33,4132,1004
5310780,-29,4142,1013
5310781,-51,4122,930
5310782,-7,4093,899
5310783,-15,4082,944
5310784,-50,4066,1023
5310785,-49,4062,1084
5310786,-64,4059,1097
5310787,-77,4070,1036
5310788,-99,4079,907
5310789,-68,4067,764
5310790,-38,4074,716
5310792,-58,4074,750
5310793,-66,4078,823
5310794,-90,4085,852
5310795,-114,4076,817
5310796,-96,4091,767
5310797,-96,4091,694
5310798,-93,4063,663
5310799,-92,4060,693
5310800,-139,4083,687
5310801,-176,4089,646
5310802,-176,4099,625
5310803,-176,4078,631
5310804,-145,4068,729
5310805,-151,4081,828
5310806,-185,4077,847
5310807,-172,4053,855
5310808,-142,4034,914
5310809,-147,4041,947
5310810,-137,4021,935
5310811,-87,4008,962
5310812,-98,4027,1015
5310813,-121,4041,999
5310814,-74,4037,933
5310815,-15,4018,952
5310816,9,4034,1010
5310817,2,4076,1003
5310818,21,4076,902
5310819,12,4097,865
5310820,2,4116,783
5310821,31,4123,709
5310822,33,4134,675
5310823,9,4124,673
5310824,11,4119,715
5310825,-5,4110,761
5310826,-20,4091,836
5310827,-33,4088,932
5310828,-46,4060,1001
5310829,-19,4022,1104
5310830,-4,4012,1215
5310831,-18,4000,1269
5310832,-6,4001,1266
5310833,11,4018,1231
5310834,24,4004,1205
5310835,64,3999,1227
5310836,63,4016,1210
5310837,62,4038,1121
5310838,69,4073,999
5310839,47,4089,845
5310840,61,4093,729
5310841,90,4087,668
5310842,95,4088,673
5310843,78,4095,705
5310844,78,4087,757
5310845,72,4090,810
5310846,38,4081,810
5310847,53,4039,797
5310848,78,4000,841
5310849,51,3983,947
5310850,33,3984,1034
5310851,46,3980,1042
5310852,69,3989,979
5310853,82,3986,949
5310854,118,4002,993
5310855,108,4016,1009
5310856,114,4017,1013
5310857,145,4031,1028
5310858,148,4028,1025
5310859,150,4029,1030
5310860,140,4041,1035
5310861,123,4059,1003
5310862,125,4066,955
5310863,155,4061,963
5310864,169,4080,1009
5310865,139,4098,1008
5310866,142,4105,970
5310867,177,4095,948
5310868,193,4070,997
5310869,174,4060,1098
5310870,120,4058,1127
5310871,87,4056,1067
5310872,75,4042,971
5310873,83,4020,931
5310874,80,4021,982
5310875,33,4011,1026
5310876,27,3995,1040
5310877,21,4003,1023
5310878,-33,4004,963
5310879,-47,3992,922
5310880,-44,3980,923
5310881,-77,3972,955
5310882,-114,3988,1002
5310883,-129,4008,1026
5310884,-106,4016,1010
5310885,-61,4035,970
5310886,-22,4067,915
5310887,7,4112,800
5310888,46,4122,670
5310889,112,4119,646
5310890,71,4132,874
5310891,29,4139,883
5310892,19,4125,828
5310893,8,4106,789
5310894,-2,4084,819
5310895,-15,4103,906
5310896,-59,4117,927
5310897,-38,4092,955
5310898,-5,4102,1017
5310899,-31,4115,1066
5310900,-20,4102,1095
5310901,2,4111,1102
5310902,-15,4138,1060
5310903,-11,4136,964
5310904,35,4139,932
5310905,36,4161,934
5310906,12,4172,914
5310907,32,4185,889
5310908,43,4191,854
5310909,35,4193,839
5310910,47,4181,863
5310911,44,4179,899
5310912,7,4169,930
5310913,-16,4163,934
5310914,-15,4137,933
5310915,1,4127,1001
5310916,-35,4133,1041
5310917,-61,4088,1044
5310918,-5,4079,1103
5310919,-19,4113,1108
5310920,-28,4079,945
5310921,-5,4092,943
5310922,-49,4109,919
5310923,-48,4129,862
5310924,-29,4125,802
5310925,-30,4110,806
5310926,-56,4105,834
5310927,-89,4107,832
5310928,-87,4109,850
5310929,-83,4110,895
5310930,-108,4115,908
5310931,-104,4098,906
5310932,-74,4086,917
5310933,-74,4098,907
5310934,-78,4120,887
5310935,-79,4119,822
5310936,-47,4106,813
5310937,-2,4115,893
5310938,-23,4142,923
5310939,-57,4143,868
5310940,-5,4118,829
5310942,26,4119,843
5310943,-23,4108,860
5310944,-64,4092,876
5310945,-72,4082,881
5310946,-81,4092,874
5310947,-101,4092,823
5310948,-87,4071,803
5310949,-74,4070,826
5310950,-111,4068,841
5310951,-137,4060,833
5310952,-108,4042,832
5310953,-97,4024,885
5310954,-111,4021,971
5310955,-118,4027,1029
5310956,-132,4055,1009
5310957,-141,4053,887
5310958,-109,4042,790
5310959,-85,4029,755
5310960,-74,4015,810
5310961,-81,4047,892
5310962,-116,4058,893
5310963,-133,4065,864
5310964,-165,4062,796
5310965,-175,4046,723
5310966,-153,4039,694
5310967,-149,4042,729
5310968,-177,4056,738
5310969,-171,4021,719
5310970,-102,3993,797
5310971,-116,4004,899
5310972,-177,4003,941
5310973,-166,3996,949
5310974,-153,4007,972
5310975,-179,4031,949
5310976,-164,4028,881
5310977,-114,4029,875
5310978,-141,4089,791
5310979,-85,4078,741
5310980,-61,4073,787
5310981,-88,4082,860
5310982,-104,4093,856
5310983,-96,4100,816
5310984,-95,4089,755
5310985,-59,4070,755
5310986,-44,4075,816
5310987,-71,4050,871
5310988,-62,4042,934
5310989,-91,4050,968
5310990,-126,4028,981
5310991,-96,4032,979
5310992,-75,4048,938
5310993,-69,4036,880
5310994,-33,4015,873
5310995,-22,4020,927
5310996,-65,4026,968
5310997,-91,4003,973
5310998,-79,3971,996
5310999,-61,3958,1077
5311000,-111,4008,1128
5311001,-181,4021,1015
5311002,-115,3999,889
5311003,-59,4008,853
5311004,-95,4023,887
5311005,-124,4066,865
5311006,-118,4073,767
5311007,-58,4040,746
5311008,-73,4056,836
5311009,-56,4027,832
5311010,-22,4018,868
5311011,-49,4007,939
5311012,-72,4014,974
5311013,-92,4029,915
5311014,-80,4004,857
5311015,-37,3999,843
5311016,-35,3997,855
5311017,-16,3997,902
5311018,0,4021,956
5311019,2,4032,982
5311020,24,4029,951
5311021,52,4010,923
5311022,67,3991,951
5311023,62,3986,1015
5311024,50,3995,1084
5311025,26,4013,1101
5311026,15,4006,1069
5311027,48,3990,1080
5311028,75,3988,1147
5311029,57,4024,1174
5311030,29,4062,1069
5311031,59,4033,916
5311032,125,4021,903
5311033,106,4071,927
5311034,46,4094,819
5311035,80,4050,695
5311036,124,4039,726
5311037,54,4058,826
5311038,11,4033,890
5311039,38,4001,960
5311040,25,3990,1068
5311041,-18,3989,1170
5311042,-39,3989,1186
5311043,29,3959,1120
5311044,-12,4016,1074
5311045,-32,4035,925
5311046,42,4034,805
5311047,66,4034,805
5311048,69,4038,865
5311049,88,4044,906
5311050,96,4025,969
5311051,78,4030,1007
5311052,50,4035,983
5311053,65,4006,948
5311054,69,3991,979
5311055,17,4020,1050
5311056,-25,4050,994
5311057,31,4050,861
5311058,92,4065,760
5311059,70,4062,694
5311060,101,4042,718
5311061,151,4037,826
5311062,155,4013,1024
5311063,131,4023,1226
5311064,66,4032,1263
5311065,71,4010,1166
5311066,92,4001,1071
5311067,58,4012,1024
5311068,28,4044,928
5311069,23,4067,815
5311070,55,4069,771
5311071,76,4085,832
5311072,59,4103,917
5311073,60,4104,923
5311074,90,4105,878
5311075,95,4105,809
5311076,94,4089,788
5311077,103,4071,838
5311078,60,4081,1049
5311079,37,4070,1052
5311080,68,4045,1069
5311081,82,4052,1119
5311082,53,4037,1152
5311083,89,4014,1226
5311084,110,4044,1317
5311085,49,4067,1289
5311086,61,4054,1156
5311087,126,4076,1048
5311088,93,4113,939
5311089,69,4137,803
5311090,105,4147,720
5311091,103,4150,719
5311092,58,4163,754
5311093,24,4174,765
5311094,24,4158,761
5311095,35,4152,823
5311096,-1,4169,869
5311097,-26,4155,872
5311098,-16,4163,908
5311099,-42,4175,916
5311100,-30,4146,915
5311101,-6,4143,965
5311102,-35,4145,1029
5311103,-24,4133,1077
5311104,0,4146,1127
5311105,-24,4156,1112
5311106,-12,4161,1031
5311107,41,4132,968
5311108,82,4107,1002
5311109,54,4126,1095
5311110,2,4151,1105
5311111,40,4153,859
5311112,36,4144,789
5311113,22,4131,759
5311114,25,4096,773
5311115,36,4090,914
5311116,-15,4107,1047
5311117,-55,4101,1058
5311118,-23,4109,955
5311119,-1,4111,780
5311121,41,4069,659
5311122,90,4042,728
5311123,55,4060,917
5311124,-1,4072,1041
5311125,7,4087,1028
5311126,15,4070,934
5311127,40,4044,881
5311128,65,4050,851
5311129,51,4066,843
5311130,38,4079,849
5311131,47,4093,855
5311132,52,4085,890
5311133,41,4072,962
5311134,15,4098,1038
5311135,-30,4101,1005
5311136,-4,4085,942
5311137,34,4097,941
5311138,-19,4141,932
5311139,6,4123,806
5311140,54,4141,842
5311141,27,4144,888
5311142,34,4151,948
5311143,24,4144,950
5311144,44,4116,962
5311145,81,4140,1004
5311146,23,4162,988
5311147,13,4152,916
5311148,79,4158,823
5311149,96,4145,752
5311150,95,4115,791
5311151,51,4135,864
5311152,-2,4131,892
5311153,16,4094,929
5311154,-4,4071,977
5311155,-58,4052,1025
5311156,-57,4039,1069
5311157,-66,4051,1103
5311158,-120,4067,1060
5311159,-113,4057,924
5311160,-30,4033,844
5311161,-1,4036,895
5311162,-39,4058,992
5311163,-53,4076,1023
5311164,-38,4101,962
5311165,-15,4104,838
5311166,29,4105,743
5311167,35,4115,674
5311168,28,4097,646
5311169,49,4090,717
5311170,-34,4111,831
5311171,-4,4090,784
5311172,42,4090,761
5311173,18,4087,749
5311174,33,4066,800
5311175,73,4054,904
5311176,44,4040,1036
5311177,-1,4048,1111
5311178,-8,4037,1044
5311179,47,4013,986
5311180,68,4022,955
5311181,47,4038,917
5311182,55,4062,862
5311183,79,4068,790
5311184,100,4076,782
5311185,71,4085,800
5311186,60,4064,834
5311187,66,4080,886
5311188,0,4105,874
5311189,-17,4069,835
5311190,32,4041,891
5311191,14,4041,993
5311192,-24,4034,1065
5311193,-40,4056,1090
5311194,-67,4081,1011
5311195,-49,4082,868
5311196,1,4060,786
5311197,19,4054,851
5311198,-25,4109,925
5311199,-56,4108,873
5311200,14,4063,856
5311201,26,4061,926
5311202,-40,4065,930
5311203,-37,4079,820
5311204,-46,4071,676
5311205,0,4040,617
5311206,-1,4047,643
5311207,-48,4037,704
5311208,-57,4043,793
5311209,-72,4032,865
5311210,-61,3999,920
5311211,-62,3970,987
5311212,-93,3966,1056
5311213,-127,4002,1012
5311214,-146,4013,886
5311215,-107,4007,837
5311216,-103,4043,845
5311217,-153,4070,805
5311218,-118,4075,748
5311219,-72,4096,737
5311220,-87,4092,761
5311221,-74,4098,817
5311222,-68,4110,860
5311223,-68,4100,904
5311224,-56,4113,953
5311225,-77,4129,971
5311226,-91,4125,971
5311227,-72,4135,933
5311228,-47,4156,857
5311229,-5,4171,787
5311230,40,4159,764
5311231,48,4145,836
5311232,30,4157,941
5311233,25,4170,974
5311234,57,4135,963
5311235,58,4089,1131
5311236,24,4083,1153
5311237,37,4099,1083
5311238,48,4069,967
5311239,107,4039,962
5311240,101,4063,1023
5311241,34,4080,1045
5311242,41,4090,956
5311243,107,4071,849
5311244,136,4038,858
5311245,107,4026,921
5311246,84,4043,954
5311247,65,4054,941
5311248,65,4025,950
5311249,69,4017,1006
5311250,39,4043,1035
5311251,15,4024,996
5311252,39,3971,1004
5311253,55,3976,1107
5311254,-17,4020,1118
5311255,-13,4003,1012
5311256,105,3987,935
5311257,111,4003,927
5311258,62,4008,967
5311259,65,4038,977
5311260,71,4062,932
5311261,77,4078,862
5311262,84,4063,789
5311263,126,4029,807
5311264,143,4053,886
5311265,90,4067,917
5311266,100,4042,899
5311267,144,4004,895
5311268,139,3983,973
5311269,100,3982,1028
5311270,83,3977,1048
5311271,107,3957,1053
5311272,135,3935,1128
5311273,94,3940,1120
5311274,94,3942,1080
5311275,133,3936,1030
5311276,149,3926,1032
5311277,144,3936,1040
5311278,120,3958,1031
5311279,101,3979,995
5311280,107,3968,930
5311281,142,3967,893
5311282,112,4002,834
5311283,63,4012,757
5311284,100,4014,725
5311285,121,4026,748
5311286,75,4040,790
5311287,45,4030,818
5311288,53,4040,863
5311289,36,4031,890
5311290,49,3983,972
5311291,64,3969,1116
5311292,22,3975,1233
5311293,9,3994,1267
5311294,46,3978,1246
5311295,110,3970,1257
5311296,123,4005,1250
5311297,105,4037,1157
5311298,138,4063,1024
5311299,174,4063,928
5311300,190,4044,921
5311301,191,4051,1014
5311302,135,4076,1059
5311303,95,4067,999
5311304,128,4052,940
5311305,107,4054,889
5311306,60,4045,845
5311307,97,4001,881
5311308,107,4009,1017
5311309,16,4041,1088
5311310,-26,4035,1005
5311311,76,3989,892
5311312,71,3973,982
5311313,60,3977,1088
5311314,31,3984,1148
5311315,32,3992,1173
5311316,41,4002,1151
5311317,5,4019,1076
5311318,20,4004,1006
5311319,88,4019,983
5311320,72,4052,944
5311321,73,4040,887
5311322,119,4039,900
5311323,108,4040,979
5311324,81,4067,1036
5311325,65,4069,991
5311326,81,4015,940
5311327,119,4000,1020
5311328,93,4039,1091
5311329,53,4058,1055
5311330,84,4061,968
5311331,123,4043,913
5311332,132,4056,930
5311333,123,4063,932
5311334,155,4029,973
5311335,192,4020,1110
5311336,145,4032,1233
5311337,99,4038,1239
5311338,122,4033,1152
5311339,143,4006,1049
5311340,180,3971,1072
5311341,176,4006,1169
5311342,105,4043,1157
5311343,102,4030,1065
5311344,142,4011,983
5311345,140,3999,981
5311346,116,3995,1005
5311347,81,4049,945
5311348,60,4028,856
5311349,93,4018,864
5311350,58,4044,872
5311351,-9,4021,841
5311352,9,4002,884
5311353,-7,4014,982
5311354,-68,4028,1043
5311355,-81,4025,1027
5311356,-55,3984,1004
5311357,-9,3956,1120
5311358,-16,3974,1284
5311359,-71,4018,1331
5311360,-74,4047,1198
5311361,-9,4026,994
5311362,63,4014,929
5311363,61,4030,980
5311364,20,4069,1033
5311365,18,4099,1007
5311367,51,4101,917
5311368,72,4095,841
5311369,95,4078,835
5311370,111,4091,919
5311371,67,4127,1003
5311372,75,4092,973
5311373,128,4068,1146
5311374,22,4154,1204
5311375,-40,4159,990
5311376,95,4100,793
5311377,147,4077,844
5311378,73,4078,1033
5311379,35,4100,1144
5311380,47,4090,1169
5311381,58,4047,1213
5311382,52,4037,1290
5311383,31,4076,1212
5311384,36,4069,1038
5311385,86,4062,946
5311386,78,4095,898
5311387,39,4119,813
5311388,75,4117,721
5311389,112,4096,722
5311390,85,4082,828
5311391,38,4083,937
5311392,28,4067,971
5311393,51,4021,1018
5311394,43,4009,1114
5311395,1,4001,1170
5311396,12,4009,1199
5311397,-4,4032,1149
5311398,-11,4013,1052
5311399,59,4016,1030
5311400,62,4048,1005
5311401,71,4047,957
5311402,149,4028,975
5311403,149,4041,1053
5311404,27,4074,909
5311405,83,4064,773
5311406,103,4029,727
5311407,94,4012,817
5311408,40,4027,933
5311409,-4,4037,992
5311410,-4,4032,1001
5311411,19,4010,1017
5311412,41,4004,1071
5311413,38,4000,1085
5311414,37,4025,1048
5311415,33,4030,959
5311416,68,4027,880
5311417,101,4027,897
5311418,83,4025,976
5311419,48,4028,1031
5311420,26,4039,1012
5311421,26,4021,981
5311422,46,4012,1031
5311423,12,4042,1067
5311424,-31,4050,1031
5311425,-10,4048,963
5311426,4,4027,925
5311427,8,4019,959
5311428,2,4056,977
5311429,5,4064,919
5311430,47,4067,877
5311431,59,4088,873
5311432,51,4098,814
5311433,80,4105,772
5311434,70,4097,776
5311435,26,4101,807
5311436,8,4109,834
5311437,17,4103,858
5311438,35,4107,938
5311439,4,4100,981
5311440,-7,4088,1032
5311441,-18,4106,1064
5311442,9,4095,1068
5311443,12,4107,1094
5311444,2,4090,1108
5311445,35,4124,1104
5311446,10,4173,1001
5311447,25,4163,841
5311448,124,4145,800
5311449,127,4152,869
5311450,46,4171,949
5311451,44,4170,982
5311452,78,4154,970
5311453,82,4148,959
5311454,84,4123,961
5311455,94,4113,980
5311456,89,4117,1009
5311457,85,4118,992
5311458,106,4100,957
5311459,137,4079,971
5311460,125,4062,1035
5311461,95,4049,1112
5311462,82,4068,1192
5311463,62,4082,1245
5311464,47,4083,1236
5311465,47,4083,1183
5311466,41,4108,1110
5311467,16,4129,973
5311468,41,4118,858
5311469,69,4143,858
5311470,23,4170,847
5311471,24,4176,846
5311472,38,4195,832
5311473,31,4171,858
5311474,51,4166,960
5311475,15,4185,1037
5311476,-24,4167,983
5311477,-8,4156,973
5311478,-3,4145,995
5311479,6,4126,1065
5311480,9,4113,1102
5311481,16,4091,1123
5311482,44,4082,1162
5311483,23,4101,1165
5311484,-6,4098,1073
5311485,59,4072,958
5311486,116,4080,923
5311487,70,4079,923
5311488,47,4073,933
5311489,59,4090,927
5311490,35,4086,888
5311491,29,4073,827
5311492,56,4065,806
5311493,42,4052,861
5311494,5,4051,960
5311495,-28,4075,994
5311496,-54,4075,916
5311497,-21,4053,856
5311498,12,4074,846
5311499,-21,4082,845
5311500,7,4071,902
5311501,47,4099,978
5311502,11,4123,981
5311503,24,4121,925
5311504,78,4126,883
5311505,112,4099,930
5311506,131,4096,1043
5311507,109,4117,1148
5311508,83,4125,1177
5311509,98,4114,1111
5311510,147,4089,1096
5311511,126,4099,1114
5311512,131,4142,1116
5311513,80,4176,1002
5311514,86,4166,847
5311515,159,4148,759
5311516,174,4150,783
5311517,129,4165,819
5311518,127,4123,835
5311519,158,4088,917
5311520,93,4074,1042
5311521,30,4048,1157
5311522,16,4049,1182
5311523,6,4013,1103
5311524,27,3966,1054
5311525,12,3973,1036
5311526,-10,3992,971
5311527,16,3982,872
5311528,80,3937,869
5311529,110,3946,1011
5311530,40,3988,1087
5311531,20,3980,1014
5311532,75,3962,937
5311533,61,3963,934
5311534,10,3971,949
5311535,-32,4017,886
5311536,-46,4012,751
5311537,26,3982,720
5311538,49,4013,822
5311539,-27,4034,869
5311540,-12,4022,848
5311541,32,4014,859
5311542,12,4006,940
5311543,-2,4007,1031
5311544,-18,4021,1023
5311545,2,4017,991
5311546,0,4053,986
5311547,-30,4056,902
5311548,41,4025,890
5311549,112,4027,1025
5311550,59,4041,1186
5311551,30,4049,1282
5311552,74,4043,1286
5311553,99,4027,1261
5311554,91,4031,1218
5311555,64,4046,1154
5311556,53,4073,1104
5311557,55,4106,1018
5311558,67,4137,937
5311559,80,4162,899
5311560,91,4162,902
5311561,113,4174,973
5311562,87,4210,1013
5311563,69,4200,987
5311564,112,4166,995
5311565,94,4127,1094
5311566,49,4097,1270
5311567,-5,4126,1375
5311568,-75,4125,1287
5311569,-46,4071,1165
5311571,-4,4052,1139
5311572,-30,4060,1153
5311573,-26,4087,1148
5311574,-1,4104,1077
5311575,43,4074,1039
5311576,29,4079,1127
5311577,44,4049,1080
5311578,84,4053,1045
5311579,51,4059,1011
5311580,40,4054,971
5311581,51,4060,948
5311582,46,4069,927
5311583,63,4065,882
5311584,87,4045,835
5311585,97,4035,840
5311586,95,4022,848
5311587,108,3972,920
5311588,122,3984,1093
5311589,45,4010,1152
5311590,3,3964,1105
5311591,46,3940,1096
5311592,33,3942,1119
5311593,-16,3955,1130
5311594,-29,3959,1073
5311595,-7,3953,1039
5311596,18,3948,1072
5311597,16,3966,1138
5311598,-11,3994,1124
5311599,10,3986,1032
5311600,75,3984,981
5311601,90,3995,949
5311602,92,4012,943
5311603,101,4050,929
5311604,75,4070,848
5311605,84,4049,775
5311606,116,4035,811
5311607,86,4025,912
5311608,22,4034,1022
5311609,-35,4048,1038
5311610,47,3967,1087
5311611,-22,3988,1177
5311612,-64,3995,1188
5311613,-29,4017,1113
5311614,-27,4002,1037
5311615,-11,4002,1007
5311616,-31,4047,971
5311617,-52,4051,921
5311618,-4,4042,904
5311619,1,4053,905
5311620,-32,4050,892
5311621,-37,4052,911
5311622,-56,4062,941
5311623,-52,4045,946
5311624,-22,4019,1004
5311625,-33,4023,1108
5311626,-68,4032,1190
5311627,-71,4043,1215
5311628,-38,4038,1187
5311629,0,4045,1179
5311630,-17,4096,1124
5311631,-14,4121,797
5311632,54,4108,748
5311633,57,4109,851
5311634,-10,4133,976
5311635,-62,4133,1006
5311636,-56,4112,986
5311637,-54,4084,999
5311638,-97,4084,1054
5311639,-146,4083,1077
5311640,-126,4073,1017
5311641,-96,4075,963
5311642,-93,4035,994
5311643,-67,4049,1093
5311644,-82,4097,1106
5311645,-70,4077,1002
5311646,1,4035,948
5311647,5,4056,973
5311648,-38,4088,957
5311649,-12,4072,913
5311650,19,4053,959
5311651,-24,4039,1065
5311652,-55,4035,1124
5311653,-35,4021,1111
5311654,-15,3987,1113
5311655,10,3953,1182
5311656,43,3968,1279
5311657,27,3986,1199
5311658,96,3969,1124
5311659,107,3989,1088
5311660,99,4025,1029
5311661,122,4011,956
5311662,126,4033,947
5311663,75,4075,920
5311664,74,4048,823
5311665,130,4032,824
5311666,82,4042,909
5311667,-7,4040,965
5311669,2,4018,990
5311670,23,3989,1033
5311671,-16,3966,1087
5311672,-44,3981,1112
5311673,-48,3966,1075
5311674,5,3917,1089
5311675,33,3920,1175
5311676,13,3927,1224
5311677,48,3917,1233
5311678,88,3924,1189
5311679,101,3936,1129
5311680,99,3967,1029
5311681,105,3969,867
5311682,155,3927,776
5311683,163,3944,846
5311684,97,3980,915
5311685,80,4009,893
5311686,113,4002,797
5311687,153,3955,779
5311688,158,3938,897
5311689,116,3961,975
5311690,96,3941,962
5311691,110,3967,1047
5311692,65,3981,1017
5311693,107,3950,1009
5311694,131,3945,1091
5311695,74,3960,1186
5311696,70,3951,1256
5311697,98,3965,1290
5311698,75,3969,1249
5311699,106,3963,1196
5311700,136,3994,1138
5311701,135,4000,1058
5311702,174,4014,1028
5311703,172,4024,1004
5311704,169,4019,981
5311705,194,4013,982
5311706,193,3991,1028
5311707,173,4008,1116
5311708,129,4011,1110
5311709,138,3955,1084
5311710,150,3934,1132
5311711,94,3940,1188
5311712,72,3936,1207
5311713,76,3932,1186
5311714,58,3920,1164
5311715,46,3912,1145
5311716,34,3950,1119
5311717,9,3972,1038
5311718,32,3951,942
5311719,73,3944,942
5311720,56,3957,990
5311721,22,3956,1020
5311722,26,3952,1078
5311723,-2,3999,1101
5311724,-45,4009,1015
5311725,-9,3993,952
5311726,-13,3980,1017
5311727,-16,4017,1087
5311728,-41,4043,1091
5311729,-3,4021,1072
5311730,40,3996,1134
5311731,12,4029,1253
5311732,-44,4072,1198
5311733,8,4065,1030
5311734,64,4068,934
5311735,32,4063,938
5311736,48,4052,991
5311737,75,4037,1072
5311738,71,4019,1193
5311739,45,4030,1274
5311740,46,4040,1237
5311741,96,4038,1131
5311742,127,4021,1040
5311743,142,4006,1020
5311744,149,3995,1086
5311745,137,4016,1212
5311746,112,4057,1242
5311747,139,4063,1132
5311748,191,4055,1017
5311749,214,4033,961
5311750,213,4029,994
5311751,186,4041,1040
5311752,168,4042,1060
5311753,159,3997,1153
5311754,120,4012,1243
5311755,84,4016,1235
5311756,108,3995,1211
5311757,121,4010,1241
5311758,82,4058,1207
5311759,93,4060,1089
5311760,152,4052,970
5311761,160,4041,946
5311762,154,4044,1043
5311763,122,4090,1091
5311764,97,4079,1015
5311765,133,4044,939
5311766,133,4018,962
5311767,81,4012,1055
5311768,30,4021,1089
5311769,28,4012,1053
5311770,32,4007,1036
5311771,9,4006,1065
5311772,17,4015,1081
5311773,53,4016,1061
5311774,86,4022,1048
5311775,110,4028,1047
5311776,117,4060,1057
5311777,93,4079,964
5311778,130,4047,859
5311779,158,4062,861
5311780,108,4073,867
5311781,93,4074,859
5311782,63,4090,807
5311783,44,4060,745
5311784,102,3999,806
5311785,91,3994,1031
5311786,-35,3948,1294
5311787,-5,3939,1313
5311788,-29,3950,1269
5311789,-9,3958,1169
5311790,41,3965,1063
5311791,71,4006,971
5311792,70,4048,859
5311793,70,4065,763
5311794,73,4103,715
5311795,60,4137,636
5311796,87,4096,592
5311797,93,4052,746
5311798,-18,4072,981
5311799,-116,4087,1057
5311800,-101,4072,1007
5311801,-86,4061,931
5311802,-92,4021,936
5311803,-62,4010,1071
5311804,-77,4067,1163
5311806,-89,4067,1110
5311807,63,4026,1203
5311808,0,4054,1321
5311809,27,4063,1293
5311810,89,4081,1196
5311811,87,4092,1078
5311812,105,4101,976
5311813,132,4103,927
5311814,126,4125,948
5311815,77,4180,926
5311816,80,4195,816
5311817,166,4185,740
5311818,179,4177,774
5311819,129,4184,898
5311820,75,4178,974
5311821,72,4150,1007
5311822,85,4140,1059
5311823,42,4133,1100
5311824,23,4123,1125
5311825,43,4128,1135
5311826,36,4147,1137
5311827,33,4156,1099
5311828,86,4140,1043
5311829,135,4132,1073
5311830,124,4161,1135
5311831,109,4177,1126
5311832,148,4175,1056
5311833,195,4134,1029
5311834,214,4114,1142
5311835,159,4145,1277
5311836,120,4146,1294
5311837,155,4149,1224
5311838,170,4137,1135
5311839,194,4117,1075
5311840,220,4123,1056
5311841,218,4139,1057
5311842,242,4125,993
5311843,251,4131,1013
5311844,215,4115,1019
5311845,221,4090,1019
5311846,201,4092,1034
5311847,146,4073,1062
5311848,141,4060,1051
5311849,156,4038,1023
5311850,138,4019,1069
5311851,70,4004,1138
5311852,41,3987,1169
5311853,41,3993,1141
5311854,30,3987,1052
5311855,59,3987,965
5311856,84,3998,919
5311857,76,4000,929
5311858,58,4000,950
5311859,37,4003,974
5311860,19,3986,997
5311861,10,3957,1045
5311862,-8,3968,1088
5311863,-26,3951,1072
5311864,13,3937,1101
5311865,-3,3967,1143
5311866,-52,3967,1118
5311867,-22,3942,1088
5311868,6,3935,1128
5311869,-13,3977,1215
5311870,-48,4009,1186
5311871,7,3996,1045
5311872,96,3983,970
5311873,60,3996,1002
5311874,-18,4000,1012
5311875,5,3960,1044
5311876,-51,3971,1172
5311877,-131,3978,1221
5311878,-111,3956,1190
5311879,-56,3948,1182
5311880,-69,3950,1214
5311881,-74,3944,1244
5311882,-64,3949,1205
5311883,-52,3948,1152
5311884,-21,3948,1143
5311885,-15,3973,1121
5311886,0,3974,1083
5311887,45,3965,1065
5311888,39,3978,1087
5311889,5,3997,1097
5311890,-2,4003,1059
5311891,4,3995,1006
5311892,5,3990,966
5311893,2,3980,965
5311894,-11,3995,987
5311895,-36,3992,968
5311896,-23,3973,968
5311897,-23,3965,1027
5311898,-25,3966,1040
5311899,-13,3956,1062
5311900,-3,3956,1144
5311901,-28,3982,1233
5311902,-46,4000,1201
5311903,12,3993,1074
5311904,85,4001,979
5311905,90,4027,960
5311906,69,4047,947
5311907,88,4067,909
5311908,108,4085,915
5311909,87,4082,954
5311910,85,4055,986
5311911,98,4044,1031
5311913,64,4050,1096
5311914,31,4047,1083
5311915,50,4030,976
5311916,73,3995,936
5311917,48,3986,1032
5311918,-12,4023,1099
5311919,-17,4040,1056
5311920,49,4045,1010
5311921,80,4057,1023
5311922,73,4070,1050
5311923,73,4072,1043
5311924,77,4067,1034
5311925,70,4064,1040
5311926,61,4066,1060
5311927,46,4079,1059
5311928,18,4080,1016
5311929,42,4060,1040
5311930,44,4056,1134
5311931,19,4068,1187
5311932,10,4058,1170
5311933,41,4042,1158
5311934,48,4042,1121
5311935,52,4014,1070
5311936,96,4024,1068
5311937,68,4056,1068
5311938,36,4050,1036
5311939,59,4064,997
5311940,54,4066,945
5311941,67,4043,915
5311942,97,4056,980
5311943,48,4073,1028
5311944,17,4055,1032
5311945,47,4055,1081
5311946,11,4066,1118
5311947,-24,4050,1105
5311948,17,4044,1099
5311949,20,4046,1118
5311950,-10,4056,1137
5311951,-8,4083,1114
5311952,3,4092,1041
5311953,36,4087,997
5311954,68,4105,1000
5311955,50,4125,974
5311956,59,4134,952
5311957,72,4171,929
5311958,71,4153,885
5311959,134,4127,939
5311960,131,4144,1068
5311961,78,4137,1165
5311962,100,4116,1226
5311963,118,4071,1341
5311964,139,4078,1362
5311965,169,4062,1325
5311966,215,4061,1307
5311967,220,4113,1254
5311968,213,4123,1121
5311969,287,4108,1049
5311970,305,4137,1077
5311971,225,4167,1092
5311972,187,4163,1026
5311973,214,4138,1000
5311974,192,4153,1049
5311975,104,4158,1040
5311976,92,4121,992
5311977,119,4110,1002
5311978,88,4114,1025
5311979,72,4077,1051
5311980,90,4042,1111
5311981,72,4020,1171
5311982,54,4006,1202
5311983,58,4000,1186
5311984,63,4010,1106
5311985,85,3997,1012
5311986,135,3981,1024
5311987,110,4008,1067
5311988,67,3997,1043
5311989,118,3976,987
5311990,154,3967,979
5311991,139,3974,1018
5311992,125,3974,1003
5311993,154,3956,941
5311994,181,3954,909
5311995,174,3969,912
5311996,170,3976,903
5311997,189,3961,883
5311998,204,3950,888
5311999,178,3945,927
5312000,136,3950,998
5312001,95,3956,1040
5312002,66,3953,1016
5312003,36,3962,968
5312004,29,3942,940
5312005,60,3951,980
5312006,35,3976,994
5312007,41,3971,977
5312008,86,3967,968
5312009,78,3967,972
5312010,64,3979,969
5312011,69,4008,906
5312012,91,4014,833
5312013,113,4026,820
5312014,98,4047,795
5312015,115,4038,735
5312016,149,4045,726
5312017,129,4037,796
5312018,127,4019,895
5312019,124,4033,949
5312020,102,4028,966
5312021,82,4030,966
5312022,31,4028,928
5312023,26,3997,887
5312024,74,3986,901
5312025,83,3996,988
5312026,77,4015,1064
5312027,116,4025,1036
5312028,182,4030,950
5312029,203,4030,861
5312030,207,4012,812
5312031,215,3988,832
5312032,172,3969,950
5312033,96,3973,1083
5312034,54,3987,1128
5312035,51,3991,1089
5312036,79,3981,1038
5312037,93,3998,1011
5312038,87,4004,991
5312039,128,4010,1019
5312040,126,4093,916
5312041,201,4096,807
5312042,266,4095,811
5312043,227,4104,902
5312044,171,4098,989
5312045,157,4111,1035
5312046,145,4112,1023
5312047,143,4097,1009
5312048,127,4098,996
5312049,117,4099,999
5312050,129,4102,1017
5312051,128,4098,1066
5312052,135,4115,1153
5312053,152,4126,1211
5312054,185,4116,1211
5312055,222,4100,1175
5312056,232,4102,1119
5312057,221,4101,1046
5312058,235,4080,1034
5312059,239,4069,1126
5312060,181,4067,1263
5312061,112,4093,1306
5312062,101,4110,1179
5312063,152,4098,1026
5312064,181,4084,1007
5312065,134,4104,1046
5312066,87,4133,1019
5312067,117,4127,916
5312068,166,4107,896
5312069,146,4106,1014
5312070,82,4132,1100
5312071,59,4153,1014
5312072,92,4123,816
5312073,152,4074,766
5312074,151,4056,938
5312075,76,4069,1161
5312076,20,4084,1271
5312077,52,4115,1124
5312078,109,4082,1006
5312079,151,4082,1030
5312080,119,4125,1083
5312081,95,4141,1055
5312082,139,4144,1018
5312083,170,4141,1036
5312084,166,4138,1105
5312085,152,4151,1119
5312086,150,4148,1061
5312087,170,4108,1006
5312088,184,4075,1045
5312089,148,4089,1146
5312090,96,4096,1190
5312091,105,4100,1165
5312092,116,4115,1079
5312093,128,4093,968
5312094,188,4063,956
5312095,201,4063,1086
5312096,137,4084,1213
5312097,122,4083,1235
5312098,145,4065,1174
5312099,138,4046,1125
5312100,138,4043,1105
5312101,147,4038,1084
5312102,168,4026,1093
5312103,176,4042,1153
5312104,135,4069,1163
5312105,146,4063,1077
5312106,231,4045,1028
5312107,235,4059,1101
5312108,165,4074,1164
5312109,159,4079,1153
5312110,196,4082,1176
5312111,163,4090,1226
5312112,117,4086,1213
5312113,128,4077,1159
5312114,141,4076,1123
5312115,144,4076,1147
5312116,109,4048,1265
5312117,114,4051,1287
5312118,90,4068,1258
5312119,62,4063,1166
5312120,104,4040,1063
5312121,141,4027,1062
5312122,112,4041,1134
5312123,73,4061,1124
5312124,66,4049,978
5312125,113,3996,847
5312126,153,3960,886
5312127,116,3973,1032
5312128,54,3976,1083
5312129,53,3931,1051
5312130,79,3890,1091
5312131,44,3870,1238
5312132,-17,3887,1346
5312133,-54,3927,1226
5312134,-14,3907,975
5312135,71,3887,843
5312136,68,3918,858
5312137,26,3957,869
5312138,55,3961,834
5312139,79,3946,848
5312140,29,3943,910
5312141,-12,3941,937
5312142,-12,3947,886
5312143,-6,3925,793
5312144,11,3895,769
5312145,20,3891,864
5312146,6,3905,964
5312147,9,3906,1015
5312148,31,3898,1052
5312149,36,3898,1068
5312150,90,3906,981
5312151,113,3921,937
5312152,105,3937,916
5312153,121,3936,945
5312154,148,3935,1044
5312155,136,3952,1138
5312156,121,3943,1157
5312157,145,3910,1173
5312158,145,3911,1231
5312159,90,3912,1232
5312160,91,3936,1175
5312161,111,3972,1050
5312162,137,3966,949
5312163,160,3982,981
5312164,117,4014,1073
5312165,102,4032,1130
5312166,135,4029,1131
5312167,168,4024,1163
5312168,167,4023,1197
5312169,151,4012,1190
5312170,150,4031,1175
5312171,112,4050,1103
5312172,114,4034,1039
5312173,133,4030,1060
5312174,94,4023,1142
5312175,88,4037,1211
5312176,97,4056,1193
5312177,118,4031,1149
5312178,157,4018,1198
5312179,138,4035,1292
5312180,87,4065,1291
5312181,89,4060,1167
5312182,135,4041,1051
5312183,129,4044,1052
5312184,82,4069,1077
5312185,93,4086,1064
5312186,125,4088,1060
5312187,115,4110,1051
5312188,142,4101,931
5312189,157,4116,1019
5312190,79,4146,1114
5312191,41,4155,1115
5312192,48,4158,1073
5312193,56,4132,1097
5312194,91,4110,1233
5312195,70,4117,1349
5312196,55,4102,1372
5312197,115,4086,1353
5312198,139,4090,1347
5312199,152,4087,1373
5312200,190,4115,1389
5312201,181,4137,1324
5312202,198,4140,1226
5312203,220,4157,1111
5312204,205,4146,1047
5312205,202,4137,1076
5312206,179,4142,1130
5312207,159,4154,1155
5312208,168,4152,1111
5312209,188,4139,1059
5312210,175,4133,1031
5312211,159,4136,1006
5312212,155,4134,968
5312213,176,4117,972
5312214,204,4096,1088
5312215,177,4079,1259
5312216,173,4055,1401
5312217,209,4040,1519
5312218,192,4039,1561
5312219,181,4028,1513
5312220,219,4018,1437
5312221,225,4045,1401
5312222,202,4085,1340
5312223,237,4085,1219
5312224,294,4084,1168
5312225,276,4090,1174
5312226,266,4086,1175
5312227,285,4060,1181
5312228,269,4048,1227
5312229,240,4053,1274
5312230,181,4063,1247
5312231,147,4056,1137
5312232,158,4041,1013
5312233,186,4008,983
5312234,217,4003,1125
5312235,166,4035,1248
5312236,138,4016,1226
5312237,218,3989,1170
5312238,211,3990,1121
5312239,139,3989,1054
5312240,147,3988,948
5312241,175,3980,875
5312242,162,3988,913
5312243,119,4009,981
5312244,81,4012,969
5312245,87,3984,929
5312246,124,3961,968
5312247,122,3957,1046
5312248,111,3956,1096
5312249,129,3958,1109
5312250,123,3940,1094
5312251,122,3928,1098
5312252,124,3950,1095
5312253,121,3964,1054
5312254,155,3961,1011
5312255,181,3962,998
5312256,182,3985,1044
5312257,149,4016,1073
5312258,115,4019,1017
5312259,133,3989,948
5312260,167,3979,984
5312261,137,3995,1113
5312262,88,3993,1208
5312263,93,3993,1240
5312264,100,3988,1303
5312265,102,3995,1284
5312266,123,4001,1226
5312267,142,4011,1137
5312268,158,4033,1097
5312269,153,4047,1053
5312270,155,4043,984
5312271,173,4053,942
5312272,168,4047,961
5312273,142,4050,1026
5312274,110,4041,1067
5312275,88,4017,1110
5312276,37,3989,1092
5312277,-1,4000,1034
5312278,-16,4053,1007
5312279,-18,4067,989
5312280,-3,4036,1028
5312281,-21,4022,1164
5312282,-57,4043,1281
5312283,-22,4058,1298
5312284,27,4065,1241
5312285,34,4064,1162
5312286,27,4080,1084
5312287,15,4092,999
5312288,21,4098,964
5312289,-2,4114,973
5312290,-27,4126,955
5312291,-15,4128,902
5312292,50,4080,1005
5312293,64,4079,1126
5312294,78,4067,1187
5312295,114,4050,1171
5312296,124,4023,1131
5312297,133,4003,1140
5312298,123,4007,1162
5312299,113,3999,1149
5312300,128,3990,1112
5312301,122,3979,1123
5312302,114,3967,1152
5312303,131,3967,1187
5312304,129,3996,1188
5312305,104,4000,1089
5312306,140,3979,1008
5312307,167,3984,1025
5312308,149,3996,1106
5312309,119,4005,1151
5312311,98,4006,1114
5312312,117,3988,1071
5312313,148,3966,1116
5312314,150,3969,1225
5312315,138,3976,1290
5312316,146,3990,1284
5312317,165,3988,1223
5312318,199,3988,1174
5312319,194,4008,1159
5312320,160,4017,1134
5312321,163,4019,1097
5312322,184,4012,1079
5312323,191,4023,1069
5312324,159,4030,1021
5312325,146,4020,978
5312326,146,4009,983
5312327,157,3955,1201
5312328,135,3966,1328
5312329,84,3960,1316
5312330,82,3949,1196
5312331,90,3936,1077
5312332,101,3918,1026
5312333,128,3928,1059
5312334,113,3953,1069
5312335,110,3941,1053
5312336,159,3935,1080
5312337,148,3952,1129
5312338,112,3948,1136
5312339,125,3941,1133
5312340,96,3942,1142
5312341,39,3938,1125
5312342,24,3940,1055
5312343,27,3939,995
5312344,32,3950,993
5312345,4,3969,956
5312346,18,3965,884
5312347,75,3975,852
5312348,69,3985,858
5312349,60,3978,843
5312350,85,3971,843
5312351,88,3969,893
5312352,56,3963,936
5312353,63,3923,994
5312354,103,3908,1117
5312355,61,3922,1237
5312356,27,3932,1263
5312357,43,3944,1157
5312358,63,3926,1029
5312359,103,3925,994
5312360,89,3949,991
5312361,70,3952,969
5312362,118,3948,977
5312363,129,3966,1039
5312364,67,3994,1064
5312365,55,3997,885
5312366,69,3982,903
5312367,37,3996,996
5312368,4,4010,1027
5312369,24,4014,1008
5312370,39,4024,978
5312371,53,4031,951
5312372,80,4027,939
5312373,113,4024,973
5312374,149,4027,1059
5312375,130,4036,1134
5312376,115,4010,1163
5312377,144,3992,1207
5312378,133,4004,1266
5312379,96,4013,1258
5312380,104,4001,1198
5312381,134,4002,1206
5312382,103,4042,1247
5312383,78,4056,1209
5312384,141,4052,1163
5312385,165,4061,1179
5312386,150,4061,1207
5312387,181,4083,1214
5312388,182,4105,1186
5312389,169,4097,1107
5312390,202,4089,1031
5312391,194,4095,1013
5312392,143,4112,1022
5312393,134,4123,1019
5312394,136,4123,1031
5312395,93,4120,1069
5312396,65,4104,1060
5312397,104,4085,1074
5312398,128,4092,1188
5312399,100,4100,1285
5312400,115,4097,1309
5312401,136,4087,1270
5312402,149,4088,1286
5312403,159,4090,1306
5312404,176,4088,1326
5312405,214,4079,1345
5312406,251,4086,1369
5312407,237,4097,1360
5312408,217,4085,1304
5312409,236,4081,1252
5312410,233,4091,1207
5312411,207,4088,1158
5312412,185,4083,1130
5312413,176,4071,1140
5312414,188,4067,1207
5312415,172,4073,1270
5312416,148,4065,1266
5312417,133,4059,1184
5312418,117,4048,1079
5312419,127,4041,1014
5312420,149,4028,1031
5312421,169,4026,1129
5312422,147,4036,1181
5312423,117,4018,1149
5312424,140,3993,1080
5312425,173,3981,1054
5312426,171,3969,1077
5312427,174,3955,1144
5312428,161,3980,1222
5312429,105,3997,1184
5312430,112,3980,1055
5312431,165,3965,992
5312432,172,3973,1054
5312433,144,3999,1118
5312434,151,4001,1137
5312435,176,4006,1148
5312436,176,4006,1133
5312437,208,4018,1163
5312438,186,4030,1171
5312439,206,4038,1187
5312440,214,4050,1210
5312441,166,4049,1189
5312442,180,4041,1136
5312443,232,4038,1108
5312444,226,4049,1122
5312445,212,4062,1117
5312446,236,4069,1100
5312447,247,4070,1101
5312448,235,4064,1116
5312449,220,4051,1141
5312450,219,4038,1182
5312451,211,4027,1215
5312452,196,4015,1235
5312453,202,4008,1256
5312454,190,4008,1249
5312455,180,4001,1205
5312456,199,3997,1173
5312457,190,4014,1154
5312458,175,4015,1126
5312459,200,4000,1124
5312460,197,3997,1172
5312461,152,4005,1191
5312462,149,4004,1168
5312463,180,4003,1187
5312464,158,4013,1221
5312465,119,4021,1213
5312466,116,4022,1143
5312467,138,4023,1072
5312468,160,4027,1073
5312469,124,4047,1103
5312470,71,4047,1083
5312471,96,4039,1045
5312472,110,4050,1033
5312473,78,4037,1024
5312474,104,4019,1051
5312475,128,4022,1111
5312476,78,4035,1111
5312477,60,4017,1044
5312478,73,3993,1021
5312479,91,3988,1058
5312480,97,3995,1124
5312481,97,4014,1158
5312482,114,4016,1148
5312483,131,4018,1144
5312484,93,4028,1126
5312485,59,4037,1072
5312486,65,4049,1007
5312487,63,4066,971
5312488,62,4081,958
5312489,68,4101,957
5312490,56,4101,935
5312491,73,4084,936
5312492,82,4100,990
5312493,43,4105,1007
5312494,60,4092,1019
5312495,95,4100,1066
5312496,70,4106,1104
5312497,77,4091,1097
5312498,105,4092,1096
5312499,87,4097,1088
5312500,98,4091,1061
5312501,131,4094,1072
5312502,127,4094,1117
5312503,137,4087,1155
5312504,169,4087,1182
5312505,175,4097,1185
5312506,178,4076,1166
5312507,203,4068,1170
5312508,181,4076,1164
5312509,151,4066,1129
5312510,163,4061,1089
5312511,206,4045,1109
5312512,224,4054,1173
5312513,179,4064,1171
5312514,209,4023,1180
5312515,171,4020,1230
5312516,154,4015,1208
5312517,182,4009,1159
5312518,175,4003,1122
5312519,166,3998,1117
5312520,169,4010,1143
5312521,164,4023,1175
5312522,150,4030,1146
5312523,134,4013,1054
5312524,153,4005,1030
5312525,140,4030,1056
5312526,114,4029,1050
5312527,159,4014,1058
5312528,178,4003,1124
5312529,146,3999,1187
5312530,139,3985,1179
5312531,165,3985,1178
5312532,146,4008,1166
5312533,113,4013,1064
5312534,138,4010,994
5312535,142,4017,1020
5312536,118,4023,1051
5312537,154,4018,1069
5312538,207,4013,1141
5312539,197,4017,1245
5312540,156,4024,1284
5312541,163,4007,1254
5312542,180,3990,1238
5312543,155,3992,1256
5312544,141,4011,1233
5312545,154,4020,1180
5312546,188,4020,1177
5312547,208,4039,1194
5312548,205,4060,1186
5312549,184,4087,1132
5312550,141,4084,1040
5312551,154,4068,993
5312552,138,4056,1043
5312553,122,4045,1040
5312554,114,4033,1040
5312555,88,4018,1066
5312556,48,4010,1083
5312557,35,4003,1070
5312558,57,3977,1061
5312559,81,3965,1149
5312560,52,3975,1208
5312561,32,3967,1159
5312562,68,3961,1077
5312563,75,3967,979
5312564,71,3964,899
5312565,93,3963,872
5312566,111,3974,901
5312567,120,3985,946
5312568,124,3991,972
5312569,129,3992,994
5312570,116,3992,1006
5312571,94,3990,1012
5312572,98,3988,1018
5312573,95,3987,1019
5312574,78,3991,1018
5312575,61,3994,981
5312576,65,3992,948
5312577,81,3994,975
5312578,71,4018,1039
5312579,33,4037,1034
5312580,40,4037,964
5312581,103,4035,930
5312582,152,4026,998
5312583,159,4037,1118
5312584,145,4044,1178
5312585,168,4034,1200
5312586,191,4028,1225
5312587,202,4025,1244
5312588,220,4035,1224
5312589,236,4045,1187
5312590,271,4059,1109
5312591,304,4064,1122
5312592,309,4075,1157
5312593,291,4069,1169
5312594,277,4072,1149
5312595,250,4059,1120
5312596,248,4034,1150
5312597,233,4037,1214
5312598,180,4039,1204
5312599,178,4032,1122
5312600,221,4024,1082
5312601,219,4016,1129
5312602,197,4011,1218
5312603,194,4018,1261
5312604,168,4025,1219
5312605,165,4005,1176
5312606,190,3988,1201
5312607,180,3997,1267
5312608,161,4009,1260
5312609,192,4011,1208
5312610,238,4017,1176
5312611,229,4024,1150
5312612,216,4035,1107
5312613,233,4032,1057
5312614,253,4037,1077
5312615,230,4046,1103
5312616,222,4024,1113
5312617,248,4012,1160
5312618,204,4018,1205
5312619,150,4010,1191
5312620,187,4004,1204
5312621,186,4024,1243
5312622,121,4030,1195
5312623,140,4040,1086
5312624,184,4055,1002
5312625,188,4068,1001
5312626,177,4086,999
5312627,184,4090,985
5312628,210,4088,1007
5312629,167,4089,1087
5312630,147,4080,1075
5312631,181,4066,1120
5312632,171,4072,1190
5312633,125,4075,1202
5312634,151,4068,1177
5312635,164,4079,1170
5312636,144,4084,1131
5312637,184,4072,1072
5312638,224,4074,1084
5312639,203,4078,1139
5312640,194,4089,1188
5312641,196,4098,1203
5312642,203,4090,1186
5312643,218,4086,1169
5312644,185,4095,1139
5312645,152,4102,1086
5312646,147,4101,1018
5312647,139,4094,987
5312648,139,4086,1033
5312649,136,4085,1123
5312650,108,4077,1173
5312651,106,4051,1180
5312652,127,4041,1181
5312653,117,4046,1173
5312654,110,4040,1137
5312655,144,4034,1120
5312656,148,4040,1124
5312657,137,4038,1093
5312658,166,4038,1051
5312659,182,4042,1031
5312660,190,4034,1035
5312661,187,4026,1051
5312662,162,4011,1041
5312663,177,3992,1018
5312664,221,3981,1053
5312665,209,3971,1114
5312666,201,3953,1174
5312667,199,3953,1208
5312668,130,3944,1159
5312669,135,3942,1122
5312670,139,3944,1122
5312671,140,3940,1135
5312672,149,3943,1148
5312673,139,3966,1118
5312674,124,3964,1029
5312675,162,3956,984
5312676,170,3969,1023
5312677,138,3976,1070
5312678,128,3976,1063
5312679,121,3954,1043
5312680,136,3917,1111
5312681,141,3918,1247
5312682,58,3934,1258
5312683,32,3917,1114
5312684,104,3915,982
5312685,112,3926,938
5312686,116,3922,958
5312687,161,3924,1009
5312688,170,3920,1084
5312689,153,3917,1123
5312690,146,3908,1106
5312691,151,3895,1098
5312692,128,3895,1116
5312693,91,3885,1128
5312694,91,3886,1139
5312695,91,3904,1150
5312696,79,3919,1120
5312697,82,3923,1040
5312698,121,3907,991
5312699,158,3907,1019
5312700,143,3924,1052
5312701,119,3936,1039
5312702,119,3945,1024
5312703,109,3952,1024
5312704,98,3936,1033
5312705,116,3935,1049
5312706,103,3926,1071
5312707,117,3931,1106
5312708,125,3931,1155
5312709,115,3935,1178
5312710,147,3946,1210
5312711,167,3971,1206
5312712,158,3975,1136
5312713,197,3980,1081
5312714,200,4000,1050
5312715,168,3998,1017
5312716,171,3998,996
5312717,175,4009,1015
5312718,140,4026,1035
5312719,109,4022,1030
5312720,121,4009,1048
5312721,121,4013,1094
5312722,101,3999,1123
5312723,110,3995,1160
5312724,99,4000,1193
5312725,90,3994,1204
5312726,114,3988,1202
5312727,148,3978,1254
5312728,178,3980,1384
5312729,167,3997,1471
5312730,157,4007,1415
5312731,197,3993,1314
5312732,229,4006,1289
5312733,199,4027,1268
5312734,207,4035,1217
5312735,234,4051,1170
5312736,224,4064,1158
5312737,226,4084,1104
5312738,240,4092,1038
5312739,255,4095,1048
5312740,251,4107,1089
5312741,236,4103,1142
5312742,213,4088,1177
5312743,189,4070,1203
5312744,208,4027,1360
5312745,207,4009,1432
5312746,212,4018,1441
5312747,193,4031,1354
5312748,197,4014,1221
5312749,253,4014,1167
5312750,262,4035,1181
5312751,246,4034,1184
5312752,279,4035,1179
5312753,305,4029,1204
5312754,315,4019,1271
5312755,291,4019,1315
5312756,254,4007,1296
5312757,270,3985,1265
5312758,290,3978,1294
5312759,260,3979,1322
5312760,245,3971,1292
5312761,276,3966,1288
5312762,276,3970,1303
5312763,265,3964,1286
5312764,293,3968,1272
5312765,288,3983,1276
5312766,253,3981,1268
5312767,256,3980,1262
5312768,252,3996,1255
5312769,225,4001,1189
5312770,247,3983,1134
5312771,268,3988,1149
5312772,238,3996,1207
5312773,240,3989,1262
5312774,263,3995,1266
5312775,264,4002,1212
5312776,292,3995,1176
5312777,323,4012,1218
5312778,303,4034,1254
5312779,307,4028,1240
5312780,356,4018,1262
5312781,352,4012,1330
5312782,318,3999,1356
5312783,321,4005,1291
5312784,312,3993,1222
5312785,341,3994,1170
5312786,344,4003,1171
5312787,320,4007,1209
5312788,310,4018,1268
5312789,289,4023,1319
5312790,266,4022,1343
5312791,284,4011,1350
5312792,317,4001,1343
5312793,310,3995,1322
5312794,290,3990,1287
5312795,299,3985,1235
5312796,349,3989,1233
5312797,356,4013,1249
5312798,314,4013,1207
5312799,328,4000,1173
5312800,350,4000,1197
5312801,329,4006,1275
5312802,295,4022,1321
5312803,278,4016,1306
5312804,296,4001,1303
5312805,298,4002,1304
5312806,285,4004,1275
