3750449,-148,4119,406
3750450,-166,4103,418
3750451,-182,4090,431
3750452,-186,4080,445
3750453,-179,4075,452
3750454,-166,4077,457
3750455,-146,4085,456
3750456,-127,4092,442
3750457,-105,4095,433
3750458,-87,4097,435
3750459,-80,4096,438
3750460,-67,4094,444
3750461,-51,4086,446
3750462,-40,4071,448
3750463,-33,4063,449
3750464,-44,4060,446
3750465,-58,4066,450
3750466,-63,4083,460
3750467,-63,4089,473
3750468,-63,4085,479
3750469,-67,4082,473
3750470,-71,4081,472
3750471,-72,4084,479
3750472,-79,4092,485
3750473,-79,4096,495
3750474,-75,4089,505
3750475,-66,4093,511
3750476,-68,4101,515
3750477,-76,4098,515
3750478,-75,4093,511
3750479,-74,4095,512
3750480,-81,4093,516
3750481,-93,4093,515
3750482,-97,4102,507
3750483,-90,4107,491
3750484,-89,4104,474
3750485,-91,4096,464
3750486,-89,4083,456
3750487,-92,4073,439
3750488,-93,4075,417
3750489,-95,4084,409
3750490,-98,4088,415
3750491,-90,4090,415
3750492,-85,4096,404
3750493,-88,4104,404
3750494,-95,4107,406
3750495,-87,4108,400
3750497,-78,4110,383
3750498,-84,4106,368
3750499,-89,4106,375
3750500,-96,4111,390
3750501,-111,4114,406
3750502,-116,4115,415
3750503,-107,4110,405
3750504,-99,4094,397
3750505,-104,4084,412
3750506,-107,4076,428
3750507,-117,4075,440
3750508,-127,4075,442
3750509,-131,4075,436
3750510,-130,4073,422
3750511,-119,4068,408
3750512,-103,4068,399
3750513,-96,4072,387
3750514,-91,4078,386
3750515,-78,4088,397
3750516,-71,4094,398
3750517,-71,4095,390
3750518,-74,4101,388
3750519,-76,4117,388
3750520,-70,4124,390
3750521,-59,4119,403
3750522,-56,4125,422
3750523,-62,4138,450
3750524,-67,4132,468
3750525,-59,4115,487
3750526,-42,4110,515
3750527,-33,4107,525
3750528,-34,4104,533
3750529,-38,4113,554
3750530,-46,4127,577
3750531,-55,4147,599
3750532,-56,4166,613
3750533,-43,4173,619
3750534,-33,4170,621
3750535,-48,4165,622
3750536,-62,4159,613
3750537,-64,4142,592
3750538,-70,4135,580
3750539,-84,4141,584
3750540,-93,4143,573
3750541,-85,4137,494
3750542,-97,4138,473
3750543,-108,4149,455
3750544,-104,4156,435
3750545,-89,4157,428
3750546,-91,4152,438
3750547,-114,4151,457
3750548,-127,4147,472
3750549,-125,4137,477
3750550,-130,4135,467
3750551,-148,4130,453
3750552,-160,4114,449
3750553,-161,4102,455
3750554,-159,4104,472
3750555,-149,4116,471
3750556,-130,4124,436
3750557,-115,4133,384
3750558,-102,4149,346
3750559,-90,4159,328
3750560,-86,4163,314
3750561,-83,4165,294
3750562,-81,4157,270
3750563,-82,4144,257
3750564,-89,4138,245
3750565,-102,4138,236
3750566,-101,4133,248
3750567,-98,4132,258
3750568,-99,4139,247
3750569,-89,4134,232
3750570,-88,4122,228
3750571,-114,4125,248
3750572,-141,4134,270
3750573,-141,4139,265
3750574,-129,4132,250
3750575,-139,4123,257
3750576,-174,4121,274
3750577,-207,4124,270
3750578,-222,4134,247
3750579,-215,4136,217
3750580,-208,4152,167
3750581,-209,4162,167
3750582,-219,4172,180
3750583,-224,4181,170
3750584,-211,4189,159
3750585,-206,4197,164
3750586,-217,4201,178
3750587,-220,4205,184
3750588,-205,4212,157
3750589,-197,4204,145
3750590,-199,4193,172
3750591,-207,4196,193
3750592,-206,4191,181
3750593,-190,4170,177
3750594,-178,4154,212
3750595,-190,4156,256
3750596,-202,4156,281
3750597,-186,4147,287
3750598,-173,4152,301
3750599,-175,4171,321
3750600,-168,4172,336
3750601,-151,4153,351
3750602,-155,4139,384
3750603,-184,4144,429
3750604,-205,4161,434
3750605,-197,4166,401
3750606,-183,4166,372
3750607,-181,4183,358
3750608,-163,4206,336
3750609,-119,4215,292
3750610,-80,4209,242
3750611,-76,4205,234
3750612,-104,4217,269
3750613,-123,4229,295
3750614,-123,4214,324
3750615,-132,4193,373
3750616,-162,4197,400
3750617,-171,4201,372
3750618,-146,4196,318
3750619,-130,4166,323
3750620,-141,4176,353
3750621,-150,4178,360
3750622,-144,4172,351
3750623,-133,4176,348
3750624,-133,4160,358
3750625,-151,4143,388
3750626,-184,4143,430
3750627,-199,4139,429
3750628,-180,4112,407
3750629,-162,4104,399
3750630,-183,4122,398
3750631,-204,4137,364
3750632,-171,4117,310
3750633,-124,4091,301
3750634,-125,4107,316
3750635,-140,4117,312
3750636,-123,4137,274
3750637,-107,4149,203
3750638,-84,4119,146
3750639,-63,4112,155
3750640,-95,4132,189
3750641,-142,4136,230
3750642,-150,4141,257
3750643,-139,4175,243
3750644,-136,4195,189
3750645,-110,4190,121
3750646,-75,4195,63
3750647,-60,4178,48
3750648,-68,4201,96
3750649,-115,4238,104
3750650,-123,4221,83
3750651,-109,4216,94
3750652,-142,4201,136
3750653,-178,4210,206
3750654,-218,4247,209
3750655,-218,4229,174
3750656,-221,4195,241
3750657,-246,4189,312
3750658,-256,4203,345
3750659,-238,4190,319
3750660,-188,4180,314
3750661,-169,4212,317
3750662,-174,4230,273
3750663,-125,4214,222
3750664,-82,4193,200
3750665,-83,4166,225
3750666,-94,4128,253
3750667,-81,4083,301
3750668,-67,4081,342
3750669,-76,4106,334
3750670,-80,4144,318
3750671,-85,4198,303
3750672,-105,4255,296
3750673,-139,4279,305
3750674,-169,4273,333
3750675,-188,4274,341
3750676,-186,4247,321
3750677,-144,4192,313
3750678,-105,4157,333
3750679,-92,4118,380
3750680,-80,4099,450
3750681,-81,4112,479
3750682,-58,4115,448
3750683,-2,4128,403
3750684,28,4110,408
3750685,3,4132,451
3750686,-46,4195,427
3750687,-36,4196,338
3750688,6,4195,273
3750689,-22,4208,271
3750690,-80,4208,288
3750691,-89,4209,281
3750692,-96,4215,260
3750693,-110,4201,267
3750694,-114,4203,281
3750695,-125,4173,282
3750696,-115,4150,305
3750697,-123,4154,327
3750698,-153,4159,323
3750699,-146,4138,310
3750700,-136,4131,323
3750701,-164,4143,345
3750702,-166,4147,319
3750703,-115,4145,274
3750704,-84,4137,244
3750705,-92,4146,229
3750706,-97,4156,221
3750707,-74,4140,209
3750708,-66,4131,223
3750709,-100,4143,235
3750710,-125,4158,215
3750711,-115,4149,183
3750712,-115,4150,177
3750713,-132,4171,167
3750714,-122,4160,142
3750715,-109,4166,139
3750716,-114,4187,135
3750717,-103,4190,125
3750718,-84,4197,115
3750719,-89,4203,135
3750720,-111,4200,180
3750721,-129,4194,221
3750722,-135,4211,252
3750723,-140,4228,262
3750724,-142,4229,239
3750725,-112,4206,221
3750726,-94,4192,236
3750727,-112,4211,250
3750728,-108,4208,262
3750729,-92,4185,272
3750730,-97,4178,291
3750731,-122,4172,330
3750732,-123,4147,406
3750733,-113,4136,442
3750734,-129,4136,430
3750735,-105,4130,412
3750736,-72,4149,396
3750737,-75,4153,376
3750738,-55,4132,398
3750739,-49,4145,440
3750740,-68,4144,460
3750741,-55,4139,451
3750742,-30,4144,433
3750743,-10,4142,413
3750744,4,4144,403
3750745,12,4151,411
3750746,24,4139,406
3750747,34,4133,406
3750748,21,4139,423
3750749,-1,4147,436
3750750,0,4147,429
3750751,27,4119,418
3750752,24,4097,437
3750753,1,4093,460
3750754,-17,4114,443
3750755,-12,4100,392
3750756,20,4068,366
3750757,20,4066,405
3750758,-46,4089,461
3750759,-85,4099,458
3750760,-38,4100,418
3750761,2,4111,373
3750762,-18,4099,338
3750763,-33,4100,336
3750764,-37,4118,349
3750765,-50,4136,338
3750766,-51,4119,345
3750767,-70,4119,363
3750768,-90,4117,365
3750769,-89,4107,349
3750770,-84,4100,327
3750771,-91,4082,327
3750772,-102,4059,358
3750773,-123,4071,384
3750774,-128,4073,368
3750775,-80,4054,319
3750776,-37,4045,273
3750777,-44,4030,277
3750778,-56,4032,294
3750779,-55,4044,276
3750780,-38,4032,246
3750781,-15,4017,249
3750782,-21,4012,283
3750783,-63,4019,308
3750784,-80,4017,307
3750785,-71,4009,292
3750786,-73,4020,283
3750787,-79,4024,270
3750788,-73,4030,266
3750789,-77,4059,268
3750790,-83,4062,257
3750791,-59,4062,275
3750792,-67,4080,304
3750793,-88,4078,323
3750794,-84,4121,303
3750795,-63,4111,255
3750796,-35,4103,235
3750797,-51,4114,263
3750798,-97,4131,284
3750799,-104,4126,277
3750800,-94,4124,262
3750801,-102,4127,263
3750802,-108,4148,270
3750803,-105,4180,238
3750804,-89,4157,190
3750805,-69,4143,183
3750806,-103,4150,214
3750807,-143,4158,225
3750809,-142,4161,204
3750810,-134,4163,208
3750811,-149,4180,214
3750812,-139,4172,211
3750813,-100,4174,196
3750814,-82,4168,183
3750815,-65,4136,230
3750816,-83,4140,303
3750817,-135,4133,363
3750818,-156,4141,400
3750819,-154,4157,394
3750820,-136,4134,388
3750821,-123,4121,413
3750822,-124,4128,452
3750823,-115,4160,453
3750824,-76,4162,414
3750825,-38,4168,399
3750826,-38,4180,386
3750827,-23,4167,395
3750828,-24,4225,388
3750829,21,4218,329
3750830,62,4210,294
3750831,39,4215,309
3750832,2,4232,323
3750833,6,4228,339
3750834,1,4206,366
3750835,-33,4201,417
3750836,-63,4210,460
3750837,-76,4210,463
3750838,-76,4213,462
3750839,-89,4230,442
3750840,-95,4230,401
3750841,-75,4222,387
3750842,-71,4227,409
3750843,-84,4232,422
3750844,-77,4234,404
3750845,-70,4206,408
3750846,-92,4199,464
3750847,-133,4208,502
3750848,-155,4207,484
3750849,-141,4186,448
3750850,-132,4171,437
3750851,-129,4178,439
3750852,-106,4191,412
3750853,-64,4182,364
3750854,-39,4172,336
3750855,-39,4189,308
3750856,-37,4182,261
3750857,-25,4191,214
3750858,-19,4179,153
3750859,-39,4175,154
3750860,-53,4150,194
3750861,-95,4142,231
3750862,-116,4130,262
3750863,-126,4125,292
3750864,-153,4126,322
3750865,-168,4126,322
3750866,-148,4123,284
3750867,-121,4125,263
3750868,-111,4140,271
3750869,-95,4149,263
3750870,-63,4152,238
3750871,-36,4139,228
3750872,-33,4130,252
3750873,-44,4142,263
3750874,-23,4159,256
3750875,-11,4188,281
3750876,-45,4197,307
3750877,-62,4181,321
3750878,-72,4157,310
3750879,-80,4119,306
3750880,-97,4089,339
3750881,-120,4080,379
3750882,-119,4087,406
3750883,-109,4097,374
3750884,-70,4086,326
3750885,-35,4091,320
3750886,-52,4107,323
3750887,-51,4101,306
3750888,-21,4087,288
3750889,-27,4085,314
3750890,-56,4090,329
3750891,-39,4092,298
3750892,-23,4080,260
3750893,-67,4045,291
3750894,-93,4046,327
3750895,-98,4038,334
3750896,-93,4031,338
3750897,-111,4039,356
3750898,-125,4058,352
3750899,-107,4075,308
3750900,-78,4091,239
3750901,-57,4111,170
3750902,-45,4128,115
3750903,-41,4139,81
3750904,-51,4126,76
3750906,-65,4099,99
3750907,-79,4088,132
3750908,-93,4091,153
3750909,-86,4104,140
3750910,-100,4171,47
3750911,-155,4216,-8
3750912,-191,4254,-85
3750913,-202,4280,-177
3750914,-205,4285,-278
3750915,-189,4244,-349
3750916,-182,4230,-364
3750917,-209,4257,-366
3750918,-201,4234,-419
3750919,-169,4189,-464
3750920,-202,4171,-406
3750921,-261,4181,-296
3750922,-284,4210,-227
3750923,-278,4234,-215
3750924,-261,4226,-235
3750925,-243,4209,-231
3750926,-246,4213,-170
3750927,-257,4206,-89
3750928,-265,4210,-11
3750929,-269,4194,39
3750930,-235,4147,129
3750931,-237,4153,265
3750932,-250,4153,368
3750933,-196,4114,428
3750934,-160,4085,504
3750935,-136,4089,640
3750936,-70,4081,646
3750937,-20,4079,649
3750938,17,4075,677
3750939,45,4098,697
3750940,76,4114,683
3750941,136,4115,657
3750942,188,4120,616
3750943,211,4104,622
3750944,188,4122,681
3750945,142,4151,696
3750946,149,4143,668
3750947,160,4126,692
3750948,102,4131,768
3750949,30,4144,819
3750950,10,4146,800
3750951,33,4142,743
3750952,61,4135,697
3750953,67,4145,682
3750954,51,4167,690
3750955,34,4177,689
3750956,33,4180,669
3750957,33,4187,639
3750958,29,4201,610
3750959,29,4212,589
3750960,27,4211,578
3750961,23,4209,569
3750962,14,4210,565
3750963,3,4208,569
3750964,-4,4208,579
3750965,-8,4206,594
3750966,-10,4203,612
3750967,-8,4202,617
3750968,5,4192,617
3750969,19,4179,617
3750970,31,4178,612
3750971,37,4182,610
3750972,80,4194,571
3750973,111,4201,520
3750974,148,4205,459
3750975,171,4206,412
3750976,154,4248,366
3750977,159,4291,225
3750978,246,4272,31
3750979,276,4256,-30
3750980,181,4282,34
3750981,118,4284,87
3750982,119,4251,112
3750983,82,4234,162
3750984,30,4234,233
3750985,10,4223,294
3750986,-16,4221,343
3750987,-58,4236,385
3750988,-93,4245,424
3750989,-121,4254,472
3750990,-147,4240,520
3750991,-138,4212,562
3750992,-109,4191,598
3750993,-73,4166,628
3750994,-21,4135,654
3750995,36,4107,676
3750996,70,4082,701
3750997,91,4058,716
3750998,111,4037,742
3750999,110,4042,767
3751000,115,4071,748
3751001,137,4082,682
3751002,149,4076,614
3751003,122,4097,584
3751004,114,4119,552
3751005,149,4120,506
3751006,153,4129,493
3751007,121,4158,509
3751008,104,4168,495
3751009,96,4155,460
3751010,72,4156,451
3751011,38,4134,450
3751012,25,4113,458
3751013,-21,4098,468
3751014,-51,4084,471
3751015,-47,4075,460
3751016,-37,4060,442
3751017,-34,4047,445
3751018,-26,4040,477
3751019,-21,4048,483
3751020,-1,4057,460
3751021,19,4057,435
3751022,19,4060,421
3751023,24,4048,416
3751024,29,4051,404
3751025,29,4060,378
3751026,25,4048,344
3751027,26,4038,361
3751028,5,4041,386
3751029,2,4039,373
3751030,21,4027,345
3751031,14,4011,353
3751032,0,4016,380
3751033,-6,4030,385
3751034,10,4035,370
3751035,29,4035,341
3751036,27,4044,327
3751037,29,4050,323
3751038,23,4046,331
3751039,-8,4030,356
3751040,-37,4033,393
3751041,-56,4058,406
3751042,-45,4079,351
3751043,12,4077,252
3751044,56,4073,216
3751045,34,4079,292
3751046,-20,4094,356
3751047,-34,4100,349
3751048,-11,4089,321
3751049,3,4093,321
3751050,-17,4113,370
3751051,3,4099,370
3751052,1,4112,396
3751053,-23,4127,421
3751054,-28,4109,441
3751055,-26,4101,472
3751056,-27,4092,508
3751057,-23,4107,526
3751058,-29,4129,502
3751059,-10,4126,470
3751060,10,4137,455
3751061,10,4138,442
3751062,23,4118,448
3751063,10,4138,489
3751064,-20,4165,499
3751065,-8,4163,452
3751066,14,4180,415
3751067,5,4205,401
3751068,5,4220,393
3751069,-6,4234,391
3751070,-17,4258,372
3751071,-8,4267,334
3751072,-8,4244,310
3751073,-16,4216,329
3751074,-40,4225,367
3751075,-60,4245,362
3751076,-48,4236,314
3751077,-47,4237,275
3751078,-78,4256,258
3751079,-92,4264,239
3751080,-91,4251,205
3751081,-98,4231,188
3751082,-117,4202,223
3751083,-168,4204,297
3751084,-208,4214,352
3751085,-204,4206,346
3751086,-178,4200,324
3751087,-155,4191,336
3751088,-149,4187,368
3751089,-106,4147,412
3751090,-94,4140,444
3751091,-84,4167,475
3751092,-48,4198,449
3751093,12,4183,393
3751094,34,4181,377
3751095,5,4193,379
3751096,14,4169,388
3751097,11,4164,415
3751098,-38,4166,442
3751099,-50,4138,445
3751100,-44,4126,451
3751101,-60,4137,458
3751102,-40,4136,445
3751103,-6,4138,446
3751104,-2,4142,471
3751105,-15,4141,480
3751106,-13,4135,474
3751107,-4,4134,481
3751108,-9,4139,485
3751109,4,4151,471
3751110,33,4155,474
3751111,29,4148,501
3751112,2,4151,529
3751113,-10,4134,537
3751114,-10,4103,550
3751115,-31,4098,600
3751116,-64,4114,619
3751117,-61,4118,570
3751118,-23,4116,506
3751119,-1,4116,476
3751120,13,4112,495
3751121,14,4131,503
3751122,18,4135,500
3751123,49,4127,508
3751124,40,4140,506
3751125,29,4147,493
3751126,40,4137,469
3751127,21,4127,474
3751128,-15,4129,511
3751129,0,4118,509
3751130,12,4111,505
3751131,0,4119,539
3751132,-5,4122,551
3751133,17,4117,525
3751134,38,4112,486
3751135,35,4106,463
3751136,15,4107,467
3751137,-1,4104,480
3751138,1,4102,478
3751139,19,4086,469
3751140,24,4061,473
3751141,-11,4059,505
3751142,-42,4070,521
3751143,-26,4060,494
3751144,-12,4063,470
3751145,-31,4084,449
3751146,-2,4067,439
3751147,11,4068,445
3751148,-16,4084,444
3751149,-15,4085,417
3751150,-13,4096,395
3751151,-22,4107,403
3751152,-17,4090,419
3751153,-21,4095,434
3751154,-34,4097,439
3751155,-18,4081,422
3751156,-2,4090,416
3751157,-17,4092,436
3751158,-27,4093,445
3751159,-15,4094,409
3751160,3,4081,375
3751161,3,4080,393
3751162,-22,4095,422
3751163,-40,4117,418
3751164,-31,4116,384
3751165,-13,4098,381
3751166,-30,4092,404
3751167,-47,4090,427
3751168,-52,4117,386
3751169,-19,4104,325
3751170,8,4079,305
3751171,-37,4096,343
3751172,-71,4120,352
3751173,-51,4114,304
3751174,-44,4108,298
3751175,-61,4098,337
3751176,-77,4098,385
3751177,-99,4119,407
3751178,-93,4120,377
3751179,-68,4092,350
3751180,-70,4092,387
3751181,-92,4114,431
3751182,-84,4111,438
3751183,-63,4114,450
3751184,-63,4136,453
3751185,-42,4146,400
3751186,12,4120,349
3751187,6,4117,385
3751188,-53,4157,463
3751189,-53,4169,459
3751190,-3,4155,403
3751191,-6,4160,388
3751192,-33,4171,401
3751193,-25,4173,373
3751194,-8,4155,334
3751195,-6,4145,347
3751196,-16,4138,383
3751197,-15,4122,430
3751198,-39,4126,465
3751199,-53,4116,471
3751200,-33,4095,479
3751201,-54,4096,517
3751202,-90,4109,552
3751203,-76,4106,558
3751204,-54,4117,554
3751205,-47,4141,514
3751206,-23,4144,457
3751207,-1,4166,451
3751208,-15,4178,414
3751209,16,4167,375
3751210,17,4179,365
3751211,3,4193,353
3751212,19,4178,331
3751213,16,4173,339
3751214,-19,4194,356
3751215,-27,4185,318
3751216,-14,4159,291
3751217,-49,4158,340
3751218,-83,4156,390
3751219,-61,4127,418
3751220,-72,4123,474
3751221,-116,4145,530
3751222,-95,4129,514
3751223,-50,4111,468
3751224,-54,4116,477
3751225,-68,4111,507
3751226,-54,4102,499
3751227,-43,4108,465
3751228,-32,4111,440
3751229,-12,4124,446
3751230,-13,4159,465
3751231,-22,4193,428
3751232,13,4196,328
3751233,51,4184,263
3751234,35,4179,274
3751235,3,4183,304
3751236,-30,4193,310
3751237,-50,4189,321
3751238,-69,4187,352
3751239,-109,4206,374
3751240,-122,4195,365
3751241,-111,4180,351
3751242,-118,4171,362
3751243,-120,4163,377
3751244,-85,4139,405
3751245,-79,4141,428
3751246,-61,4139,427
3751247,-35,4135,406
3751248,-16,4103,406
3751249,-9,4086,463
3751250,-42,4106,512
3751251,-50,4105,483
3751252,-10,4093,413
3751253,-4,4099,376
3751254,-24,4106,378
3751255,-20,4122,380
3751256,-10,4137,360
3751257,5,4131,335
3751258,15,4141,327
3751259,7,4154,325
3751260,3,4157,328
3751261,-5,4157,341
3751262,-15,4166,367
3751263,-25,4195,380
3751265,-27,4193,357
3751266,-20,4180,334
3751267,-32,4197,346
3751268,-46,4208,376
3751269,-50,4206,384
3751270,-56,4194,390
3751271,-63,4187,403
3751272,-70,4186,396
3751273,-69,4177,382
3751274,-71,4185,360
3751275,-50,4192,316
3751276,-57,4199,339
3751277,-75,4212,355
3751278,-67,4209,343
3751279,-45,4196,322
3751280,-49,4192,327
3751281,-58,4196,338
3751282,-42,4199,311
3751283,-27,4198,287
3751284,-42,4208,273
3751285,-41,4207,239
3751286,-23,4191,224
3751287,-39,4195,242
3751288,-57,4205,251
3751289,-43,4195,230
3751290,-39,4192,220
3751291,-60,4204,226
3751292,-60,4194,225
3751293,-48,4174,230
3751294,-56,4176,253
3751295,-64,4182,279
3751296,-53,4178,286
3751297,-46,4175,280
3751298,-39,4170,305
3751299,-24,4177,328
3751300,-8,4183,312
3751301,-26,4163,313
3751302,-41,4160,340
3751303,-33,4150,371
3751304,-40,4143,402
3751305,-57,4142,419
3751306,-54,4139,408
3751307,-38,4137,386
3751308,-34,4148,373
3751309,-33,4149,371
3751310,-32,4143,386
3751311,-53,4150,417
3751312,-65,4152,439
3751313,-53,4150,435
3751314,-32,4157,419
3751315,-4,4159,403
3751316,12,4154,402
3751317,19,4147,409
3751318,26,4138,426
3751319,19,4130,453
3751320,-7,4141,500
3751321,-41,4148,535
3751322,-50,4140,523
3751323,-48,4135,508
3751324,-51,4134,522
3751325,-48,4137,524
3751326,-36,4121,508
3751327,-28,4114,509
3751328,-29,4125,513
3751329,-14,4123,494
3751330,2,4117,485
3751331,-3,4114,508
3751332,-9,4101,527
3751333,-8,4098,536
3751334,-14,4096,517
3751335,-14,4093,475
3751336,-12,4078,492
3751337,-25,4065,503
3751338,-42,4064,500
3751339,-32,4052,487
3751340,-27,4045,495
3751341,-37,4048,515
3751342,-27,4043,512
3751343,-16,4038,512
3751344,-43,4052,508
3751345,-56,4072,470
3751346,-29,4063,429
3751347,-31,4058,434
3751348,-58,4071,465
3751349,-61,4069,455
3751350,-40,4077,411
3751351,-24,4094,370
3751352,-9,4092,351
3751353,-19,4095,347
3751354,-40,4094,356
3751355,-51,4092,392
3751356,-78,4112,425
3751357,-93,4130,436
3751358,-69,4135,413
3751359,-40,4136,380
3751360,-25,4137,375
3751361,-27,4133,400
3751362,-44,4142,434
3751363,-29,4146,427
3751364,-33,4144,407
3751365,-28,4149,398
3751366,-16,4153,380
3751367,-8,4156,383
3751368,-23,4170,403
3751369,-37,4170,399
3751370,-25,4152,403
3751371,-37,4168,439
3751372,-52,4184,456
3751374,-25,4175,447
3751375,-16,4178,448
3751376,-26,4182,446
3751377,-11,4169,422
3751378,-8,4162,409
3751379,-24,4158,437
3751380,-35,4161,468
3751381,-35,4152,482
3751382,-40,4153,478
3751383,-35,4170,450
3751384,-5,4180,421
3751385,-6,4206,417
3751386,-29,4214,419
3751387,-9,4201,392
3751388,-13,4189,419
3751389,-53,4195,432
3751390,-55,4177,429
3751391,-63,4167,449
3751392,-94,4172,478
3751393,-80,4177,479
3751394,-39,4171,451
3751395,-24,4168,436
3751396,-19,4181,431
3751397,-13,4195,411
3751398,4,4206,390
3751399,5,4196,387
3751400,-26,4181,393
3751401,-42,4175,398
3751402,-45,4164,394
3751403,-53,4149,393
3751404,-64,4146,391
3751405,-86,4139,373
3751406,-101,4125,372
3751407,-118,4113,381
3751408,-128,4108,391
3751409,-125,4108,418
3751410,-125,4105,427
3751411,-109,4096,422
3751412,-91,4097,417
3751413,-86,4109,394
3751414,-74,4099,364
3751415,-56,4088,364
3751416,-65,4100,400
3751417,-81,4107,408
3751418,-62,4106,381
3751419,-41,4106,363
3751420,-37,4115,356
3751421,-13,4102,340
3751422,-23,4113,365
3751423,-49,4125,373
3751424,-45,4111,338
3751425,-41,4106,323
3751426,-57,4111,357
3751427,-51,4107,379
3751428,-37,4086,372
3751429,-56,4077,379
3751430,-72,4082,386
3751431,-51,4085,391
3751432,-49,4093,420
3751433,-81,4101,438
3751434,-80,4098,422
3751435,-52,4068,400
3751436,-46,4061,435
3751437,-61,4083,494
3751438,-53,4095,498
3751439,-12,4076,469
3751440,3,4054,469
3751441,-31,4070,501
3751442,-44,4093,510
3751443,-15,4099,474
3751444,1,4096,459
3751445,-12,4096,486
3751446,-17,4113,518
3751447,-9,4134,522
3751448,2,4138,489
3751449,28,4128,468
3751450,32,4118,480
3751451,10,4137,492
3751452,-1,4154,473
3751453,-22,4158,446
3751454,-54,4175,465
3751455,-55,4189,430
3751456,-22,4192,372
3751457,0,4182,366
3751458,-3,4175,430
3751459,-36,4195,491
3751460,-49,4204,498
3751461,-24,4188,482
3751462,-27,4193,490
3751463,-43,4200,513
3751464,-34,4195,511
3751465,-28,4190,492
3751466,-33,4183,494
3751467,-42,4180,480
3751468,-39,4168,442
3751469,-28,4156,414
3751470,-41,4152,421
3751471,-66,4153,425
3751472,-71,4148,401
3751473,-78,4141,371
3751474,-101,4142,352
3751475,-115,4148,340
3751476,-120,4150,309
3751477,-121,4134,293
3751478,-149,4133,304
3751479,-172,4143,317
3751480,-157,4141,315
3751481,-129,4132,299
3751482,-110,4122,291
3751483,-111,4128,307
3751484,-125,4143,328
3751485,-132,4148,334
3751486,-137,4153,329
3751487,-133,4183,308
3751488,-132,4182,316
3751489,-136,4185,361
3751490,-150,4182,367
3751491,-124,4130,317
3751492,-81,4102,302
3751493,-96,4126,318
3751494,-107,4148,288
3751495,-77,4156,221
3751496,-63,4160,172
3751497,-84,4163,157
3751498,-120,4179,157
3751499,-158,4198,153
3751500,-178,4191,138
3751501,-184,4180,110
3751502,-199,4172,106
3751503,-219,4183,137
3751504,-223,4194,154
3751505,-191,4196,159
3751506,-161,4206,188
3751507,-152,4207,235
3751508,-130,4204,273
3751509,-94,4191,293
3751511,-50,4178,300
3751512,-22,4176,310
3751513,-21,4171,348
3751514,-26,4177,390
3751515,-27,4167,395
3751516,-21,4132,402
3751517,-59,4110,458
3751518,-97,4095,523
3751519,-86,4082,550
3751520,-68,4061,569
3751521,-60,4067,574
3751522,-32,4068,608
3751523,-19,4081,640
3751524,-1,4099,668
3751525,27,4110,673
3751526,50,4108,645
3751527,66,4105,632
3751528,65,4106,614
3751529,68,4116,581
3751530,76,4137,545
3751531,80,4146,496
3751532,81,4156,466
3751533,59,4180,455
3751534,31,4208,439
3751535,15,4221,411
3751536,6,4216,394
3751537,-8,4217,404
3751538,-25,4220,404
3751539,-20,4218,389
3751540,-3,4206,385
3751541,-14,4201,408
3751542,-34,4203,435
3751543,-27,4187,433
3751544,-9,4172,436
3751545,-5,4155,469
3751546,-6,4150,501
3751547,-12,4148,484
3751548,-12,4127,443
3751549,-14,4118,443
3751550,-43,4124,449
3751551,-67,4124,416
3751552,-56,4091,377
3751553,-55,4065,373
3751554,-80,4075,395
3751555,-81,4081,421
3751556,-75,4084,426
3751557,-92,4104,417
3751558,-89,4112,383
3751559,-75,4090,377
3751560,-94,4103,409
3751561,-110,4107,403
3751562,-70,4087,379
3751563,-57,4090,411
3751564,-85,4095,476
3751565,-73,4092,525
3751566,-38,4072,526
3751567,-29,4034,502
3751568,-57,4025,497
3751569,-98,4054,496
3751570,-124,4081,479
3751571,-131,4093,451
3751572,-125,4091,442
3751573,-110,4092,453
3751574,-115,4089,446
3751575,-112,4074,427
3751576,-101,4084,431
3751577,-93,4098,444
3751578,-65,4092,448
3751579,-41,4087,461
3751580,-40,4089,471
3751581,-32,4080,465
3751582,-17,4066,475
3751583,-32,4069,502
3751584,-48,4071,521
3751585,-56,4066,536
3751586,-73,4070,545
3751587,-87,4086,532
3751588,-84,4091,513
3751589,-78,4086,520
3751590,-88,4100,535
3751591,-41,4093,503
3751592,-38,4096,520
3751593,-48,4103,527
3751594,-36,4103,495
3751595,-24,4088,467
3751596,-37,4076,470
3751597,-45,4077,490
3751598,-41,4089,499
3751599,-44,4102,486
3751600,-41,4095,469
3751601,-45,4101,456
3751602,-61,4111,442
3751603,-60,4112,423
3751604,-53,4113,403
3751605,-73,4110,399
3751606,-95,4116,424
3751607,-113,4118,442
3751608,-126,4105,433
3751609,-121,4116,430
3751610,-128,4140,432
3751611,-127,4149,438
3751612,-122,4168,435
3751613,-113,4187,422
3751614,-98,4191,419
3751615,-113,4209,425
3751616,-110,4210,438
3751617,-91,4189,462
3751618,-111,4184,490
3751619,-122,4175,498
3751620,-106,4158,501
3751621,-104,4157,496
3751622,-88,4157,467
3751623,-79,4156,456
3751624,-86,4157,479
3751625,-98,4156,501
3751626,-103,4146,527
3751627,-130,4143,556
3751628,-143,4134,575
3751629,-123,4122,578
3751630,-107,4109,571
3751631,-104,4094,575
3751632,-106,4089,581
3751633,-101,4089,577
3751634,-91,4086,590
3751635,-77,4096,604
3751636,-57,4098,592
3751637,-35,4100,560
3751638,-31,4114,526
3751639,-20,4111,502
3751640,1,4101,492
3751641,4,4104,482
3751642,1,4099,471
3751643,-12,4104,482
3751644,-41,4120,502
3751645,-47,4112,497
3751646,-41,4118,484
3751647,-54,4135,484
3751648,-52,4146,482
3751649,-32,4141,464
3751650,-21,4132,458
3751651,-27,4140,475
3751652,4,4151,455
3751653,20,4150,414
3751654,22,4146,410
3751655,0,4142,450
3751656,-42,4148,471
3751657,-44,4143,456
3751658,-16,4124,434
3751659,-21,4118,443
3751660,-35,4119,463
3751661,-25,4107,464
3751662,-24,4092,482
3751663,-41,4098,522
3751664,-49,4110,538
3751665,-31,4104,530
3751666,-20,4096,532
3751667,-26,4100,554
3751668,-16,4095,570
3751669,0,4097,577
3751670,1,4109,585
3751671,-4,4116,584
3751673,3,4120,573
3751674,24,4119,560
3751675,33,4119,548
3751676,26,4127,559
3751677,17,4141,566
3751678,29,4143,553
3751679,51,4145,551
3751680,46,4136,587
3751681,18,4144,623
3751682,-1,4166,609
3751683,11,4161,566
3751684,16,4163,537
3751685,-33,4172,559
3751686,-23,4162,548
3751687,-7,4153,538
3751688,5,4132,545
3751689,11,4118,552
3751690,1,4116,545
3751691,6,4099,544
3751692,6,4100,562
3751693,-5,4115,580
3751694,8,4104,572
3751695,19,4096,579
3751696,10,4104,604
3751697,7,4110,613
3751698,17,4114,605
3751699,26,4101,587
3751700,24,4094,583
3751701,13,4109,590
3751702,11,4122,584
3751703,22,4126,557
3751704,21,4133,534
3751705,8,4144,534
3751706,5,4140,525
3751707,9,4125,501
3751708,-6,4113,504
3751709,-30,4107,540
3751710,-50,4116,546
3751711,-65,4116,497
3751712,-63,4119,461
3751713,-64,4132,466
3751714,-66,4129,484
3751715,-63,4125,479
3751716,-52,4132,460
3751717,-33,4145,446
3751718,-26,4148,446
3751719,-26,4159,466
3751720,-23,4176,477
3751721,-10,4159,463
3751722,-13,4136,462
3751723,-38,4134,494
3751724,-26,4120,519
3751725,-17,4119,529
3751726,-21,4117,522
3751727,3,4107,520
3751728,8,4116,551
3751729,-7,4134,574
3751730,15,4138,564
3751731,30,4150,540
3751732,27,4164,515
3751733,39,4157,496
3751734,38,4146,518
3751735,16,4151,573
3751736,4,4165,593
3751737,12,4157,573
3751738,14,4151,568
3751739,1,4150,589
3751740,4,4137,611
3751741,12,4139,624
3751742,16,4142,624
3751743,34,4133,613
3751744,38,4139,605
3751745,25,4150,607
3751746,30,4155,590
3751747,40,4154,575
3751748,37,4151,580
3751749,34,4154,585
3751750,48,4154,574
3751751,71,4147,553
3751752,71,4162,544
3751753,63,4180,519
3751754,79,4169,475
3751755,78,4163,480
3751756,43,4166,531
3751757,14,4173,564
3751758,11,4167,548
3751759,17,4154,516
3751760,6,4164,516
3751761,-7,4173,543
3751762,-6,4175,540
3751763,22,4165,450
3751764,3,4182,439
3751765,-14,4198,432
3751766,0,4186,399
3751767,6,4170,385
3751768,-17,4169,419
3751769,-31,4162,462
3751770,-29,4160,473
3751771,-13,4164,466
3751772,-4,4163,469
3751773,-16,4161,484
3751774,-18,4144,505
3751775,-21,4147,529
3751776,-32,4149,541
3751777,-18,4137,547
3751778,-16,4155,543
3751779,-15,4153,532
3751780,-6,4151,549
3751781,-16,4160,556
3751782,-15,4158,518
3751783,-6,4169,474
3751784,-8,4187,446
3751785,-13,4195,432
3751786,-18,4183,442
3751787,-20,4180,449
3751788,-16,4181,449
3751789,-11,4179,450
3751790,-9,4181,467
3751791,-19,4172,503
3751792,-37,4168,530
3751793,-53,4162,550
3751794,-52,4160,568
3751795,-43,4159,582
3751796,-45,4148,584
3751797,-18,4123,535
3751798,-8,4122,545
3751799,-6,4132,568
3751800,5,4148,560
3751801,15,4147,520
3751802,21,4136,492
3751803,13,4136,491
3751804,-17,4136,481
3751805,-35,4127,463
3751806,-35,4109,456
3751807,-45,4097,469
3751808,-64,4092,481
3751809,-66,4089,467
3751810,-64,4084,438
3751811,-60,4080,431
3751812,-61,4096,457
3751813,-58,4102,469
3751814,-39,4092,449
3751815,-29,4096,437
3751816,-29,4100,430
3751817,-13,4089,427
3751818,-5,4093,447
3751819,-22,4103,460
3751820,-11,4096,461
3751821,3,4084,493
3751822,-13,4075,548
3751823,-23,4075,594
3751824,-23,4079,633
3751825,-17,4078,642
3751826,3,4073,630
3751827,15,4076,626
3751828,16,4077,635
3751829,9,4079,642
3751830,7,4082,631
3751831,14,4086,608
3751832,23,4101,604
3751833,32,4108,606
3751834,38,4111,601
3751835,43,4118,596
3751836,44,4111,592
3751837,25,4115,576
3751838,1,4109,566
3751839,-6,4112,568
3751840,4,4121,567
3751841,14,4121,563
3751842,15,4131,575
3751843,10,4139,581
3751844,11,4141,560
3751845,20,4144,541
3751846,19,4147,531
3751847,4,4153,525
3751848,-12,4157,519
3751849,-16,4152,497
3751850,-15,4138,473
3751851,-20,4131,474
3751852,-22,4140,485
3751853,-17,4145,492
3751854,-9,4141,484
3751855,-10,4142,470
3751856,-15,4143,465
3751857,-11,4142,460
3751858,-12,4147,465
3751859,-35,4152,464
3751860,-49,4152,457
3751861,-51,4152,464
3751862,-49,4156,460
3751863,-35,4154,435
3751864,-19,4147,425
3751865,-17,4148,441
3751866,-19,4150,455
3751867,-16,4150,460
3751868,-15,4152,478
3751869,-8,4159,490
3751870,3,4162,458
3751871,15,4159,421
3751872,6,4162,423
3751873,-16,4157,444
3751874,-26,4153,468
3751875,-34,4155,490
3751876,-15,4144,472
3751877,-21,4124,475
3751878,-46,4109,507
3751879,-67,4107,532
3751880,-58,4095,518
3751881,-39,4096,505
3751882,-28,4097,504
3751883,-9,4083,515
3751884,-13,4084,540
3751885,-19,4089,546
3751886,5,4088,534
3751887,11,4085,541
3751888,0,4087,566
3751889,0,4094,580
3751890,10,4090,575
3751891,15,4083,586
3751892,-12,4087,613
3751893,-34,4096,616
3751894,-25,4104,615
3751895,-17,4114,615
3751896,-15,4131,603
3751897,-5,4136,579
3751898,1,4138,564
3751899,-6,4141,581
3751900,-7,4142,608
3751901,3,4155,627
3751902,18,4163,631
3751903,32,4157,629
3751904,35,4158,631
3751905,29,4163,607
3751906,40,4148,575
3751907,55,4140,566
3751908,43,4152,565
3751909,21,4163,568
3751910,12,4159,572
3751911,15,4155,574
3751912,7,4163,586
3751913,-5,4169,578
3751914,3,4164,565
3751915,-7,4159,563
3751916,-35,4164,553
3751917,-27,4148,536
3751918,-32,4145,524
3751919,-40,4152,526
3751920,-37,4159,521
3751921,-23,4165,517
3751922,-13,4162,519
3751923,-13,4157,527
3751924,-21,4146,557
3751925,-34,4151,576
3751926,-34,4166,547
3751927,-13,4160,486
3751928,8,4149,443
3751929,-8,4150,452
3751930,-37,4154,474
3751931,-48,4152,466
3751932,-56,4148,452
3751933,-62,4139,449
3751934,-69,4137,454
3751935,-85,4141,460
3751936,-88,4146,443
3751937,-74,4151,402
3751938,-70,4144,381
3751939,-81,4145,392
3751940,-87,4146,396
3751941,-75,4132,407
3751942,-89,4131,437
3751943,-123,4136,444
3751944,-117,4131,433
3751945,-99,4132,429
3751946,-93,4139,417
3751947,-77,4138,392
3751948,-57,4136,384
3751949,-56,4137,415
3751950,-68,4140,451
3751951,-42,4119,441
3751952,-48,4096,451
3751953,-72,4096,469
3751954,-82,4088,485
3751955,-76,4067,499
3751956,-72,4073,524
3751957,-70,4077,545
3751958,-65,4069,538
3751959,-54,4064,524
3751960,-40,4052,529
3751961,-48,4052,560
3751962,-51,4056,592
3751963,-40,4058,597
3751964,-42,4057,588
3751965,-50,4046,567
3751966,-51,4046,542
3751967,-43,4058,522
3751968,-22,4060,509
3751969,-6,4067,544
3751970,-18,4081,597
3751971,-17,4081,595
3751972,9,4086,547
3751973,15,4085,524
3751974,-16,4092,554
3751975,-39,4112,590
3751976,-32,4114,596
3751977,-17,4111,581
3751978,-10,4125,574
3751979,-16,4141,569
3751980,-8,4127,565
3751981,-2,4122,601
3751982,-23,4129,660
3751983,-29,4121,671
3751984,-15,4125,669
3751985,-24,4148,660
3751986,-7,4135,594
3751987,26,4114,551
3751988,9,4124,566
3751989,6,4133,551
3751990,-4,4132,543
3751991,-32,4129,547
3751992,-34,4115,543
3751993,-41,4106,546
3751994,-62,4101,554
3751995,-61,4093,558
3751996,-54,4095,553
3751997,-61,4097,551
3751998,-75,4093,538
3751999,-75,4091,524
3752000,-76,4095,546
3752001,-95,4102,555
3752002,-83,4099,529
3752003,-66,4095,494
3752004,-69,4098,487
3752005,-78,4099,507
3752006,-99,4109,523
3752007,-100,4118,525
3752008,-86,4127,513
3752009,-77,4129,501
3752010,-64,4121,499
3752011,-62,4130,491
3752012,-49,4139,472
3752013,-22,4146,467
3752014,-22,4151,480
3752015,-32,4151,502
3752016,-44,4161,523
3752017,-52,4161,523
3752018,-48,4157,498
3752019,-41,4158,478
3752020,-45,4148,486
3752021,-73,4149,510
3752022,-84,4143,546
3752023,-76,4138,570
3752024,-68,4140,570
3752025,-52,4122,567
3752026,-59,4115,596
3752027,-86,4127,640
3752028,-73,4119,621
3752029,-72,4131,629
3752030,-72,4145,637
3752031,-57,4142,627
3752032,-53,4142,612
3752033,-35,4148,594
3752034,0,4142,585
3752035,0,4139,594
3752036,-15,4132,589
3752037,-14,4126,574
3752038,-25,4132,585
3752039,-41,4125,605
3752040,-46,4121,613
3752041,-58,4126,608
3752042,-58,4124,612
3752043,-50,4130,625
3752044,-47,4138,604
3752045,-46,4147,560
3752046,-45,4154,556
3752047,-38,4147,606
3752048,-45,4149,647
3752049,-39,4142,639
3752050,-18,4125,611
3752051,-20,4117,617
3752052,-27,4115,647
3752053,-17,4114,648
3752054,-4,4105,624
3752055,1,4101,612
3752056,7,4104,604
3752057,15,4103,575
3752058,18,4097,540
3752059,16,4085,534
3752060,-7,4077,565
3752061,-47,4075,615
3752062,-66,4086,636
3752063,-54,4087,597
3752064,-32,4081,542
3752065,-30,4091,499
3752066,-30,4096,460
3752067,-15,4094,440
3752068,-60,4109,532
3752069,-73,4118,566
3752070,-46,4112,544
3752071,-13,4100,520
3752072,-26,4127,530
3752073,-35,4152,548
3752074,-17,4143,551
3752075,-21,4142,564
3752076,-35,4148,573
3752077,-27,4143,550
3752078,-10,4135,531
3752079,-10,4127,542
3752080,-25,4114,571
3752081,-36,4107,600
3752082,-48,4113,609
3752083,-40,4107,585
3752084,-14,4099,567
3752085,-21,4105,579
3752086,-24,4098,589
3752087,-8,4095,582
3752088,-20,4101,588
3752089,-29,4097,613
3752090,-34,4103,626
3752091,-43,4113,636
3752092,-30,4112,622
3752093,-6,4116,594
3752094,2,4127,588
3752095,-3,4128,566
3752096,-3,4128,529
3752097,-9,4143,491
3752098,-18,4146,452
3752099,-20,4142,442
3752100,-32,4146,448
3752101,-51,4145,448
3752102,-58,4151,443
3752103,-67,4149,442
3752104,-81,4132,477
3752105,-107,4134,519
3752106,-122,4127,529
3752107,-109,4103,532
3752108,-126,4115,555
3752109,-107,4123,530
3752110,-88,4136,505
3752111,-80,4137,499
3752112,-79,4139,502
3752113,-78,4147,506
3752114,-69,4154,537
3752115,-75,4171,557
3752116,-72,4172,528
3752117,-50,4166,507
3752118,-52,4184,514
3752119,-44,4192,494
3752120,-17,4182,455
3752121,-21,4173,465
3752122,-37,4176,506
3752123,-31,4181,527
3752124,-28,4176,518
3752125,-43,4175,515
3752126,-52,4166,515
3752127,-43,4153,514
3752128,-49,4147,533
3752129,-62,4134,550
3752130,-63,4124,562
3752131,-56,4110,571
3752132,-51,4091,584
3752133,-55,4089,609
3752134,-53,4096,629
3752135,-42,4104,632
3752136,-26,4113,609
3752137,-8,4118,576
3752138,-3,4128,546
3752140,3,4135,555
3752141,-14,4144,573
3752142,-32,4148,564
3752143,-13,4128,540
3752144,21,4107,553
3752145,20,4111,611
3752146,-1,4119,661
3752147,13,4117,670
3752148,41,4122,672
3752149,35,4135,674
3752150,30,4131,665
3752151,26,4125,669
3752152,-5,4119,691
3752153,-31,4108,723
3752154,-51,4110,728
3752155,-52,4114,690
3752156,-32,4112,654
3752157,-23,4117,643
3752158,-24,4134,637
3752159,-15,4139,629
3752160,-13,4132,621
3752161,-23,4134,624
3752162,-25,4130,631
3752163,-13,4123,620
3752164,-14,4122,631
3752165,-37,4127,671
3752166,-50,4131,674
3752167,-28,4122,648
3752168,-28,4132,634
3752169,-15,4120,613
3752170,-20,4109,620
3752171,-41,4097,649
3752172,-56,4096,641
3752173,-53,4089,595
3752174,-34,4079,577
3752175,-37,4087,596
3752176,-38,4089,617
3752177,-27,4083,614
3752178,-21,4068,612
3752179,-29,4067,635
3752180,-47,4074,643
3752181,-38,4065,617
3752182,-20,4046,599
3752183,-31,4052,621
3752184,-59,4072,617
3752185,-45,4063,592
3752186,-38,4072,618
3752187,-66,4094,641
3752188,-54,4088,610
3752189,-25,4081,584
3752190,-41,4077,603
3752191,-67,4074,642
3752192,-71,4079,664
3752193,-69,4092,652
3752194,-53,4097,603
3752195,-19,4105,547
3752196,10,4116,534
3752197,14,4121,542
3752198,8,4125,528
3752199,4,4118,518
3752200,-8,4107,531
3752201,-29,4094,547
3752202,-56,4094,582
3752203,-42,4084,562
3752204,-29,4075,547
3752205,-52,4077,563
3752206,-72,4074,572
3752207,-72,4078,562
3752208,-68,4079,573
3752209,-73,4092,608
3752210,-82,4114,612
3752211,-62,4113,573
3752212,-41,4113,527
3752213,-47,4126,496
3752214,-51,4136,490
3752215,-52,4146,502
3752216,-48,4151,521
3752217,-38,4158,512
3752218,-16,4163,491
3752219,-8,4170,494
3752220,-20,4181,482
3752221,-5,4173,463
3752222,-4,4168,480
3752223,-32,4174,522
3752224,-30,4169,578
3752225,-21,4163,627
3752226,-24,4166,639
3752227,-12,4170,615
3752228,8,4157,578
3752229,13,4144,596
3752230,-5,4154,660
3752231,-15,4152,681
3752232,10,4128,654
3752233,28,4117,648
3752234,17,4122,678
3752235,16,4114,680
3752236,25,4111,648
3752237,10,4104,643
3752238,-4,4102,644
3752239,-27,4095,648
3752240,-31,4098,649
3752241,-26,4102,664
3752242,-19,4101,681
3752243,-10,4113,663
3752244,16,4114,641
3752245,18,4127,649
3752246,-14,4148,663
3752247,-11,4145,655
3752248,8,4150,630
3752249,9,4149,617
3752251,12,4123,659
3752252,1,4149,681
3752253,41,4135,646
3752254,68,4133,621
3752255,37,4156,630
3752256,31,4151,608
3752257,55,4140,555
3752258,57,4140,550
3752259,36,4143,598
3752260,25,4146,630
3752261,27,4142,637
3752262,32,4132,632
3752263,27,4115,626
3752264,10,4105,648
3752265,-12,4103,666
3752266,-18,4094,674
3752267,-10,4095,692
3752268,-4,4094,686
3752269,12,4077,652
3752270,21,4067,640
3752271,2,4072,665
3752272,-18,4075,684
3752273,-18,4075,662
3752274,-5,4084,603
3752275,9,4087,561
3752276,6,4102,551
3752277,-6,4112,556
3752278,-18,4112,570
3752279,-33,4135,574
3752280,-12,4131,553
3752281,23,4112,540
3752282,22,4120,560
3752283,11,4121,564
3752284,20,4123,535
3752285,17,4138,523
3752286,-3,4140,566
3752287,11,4137,585
3752288,14,4134,582
3752289,18,4132,580
3752290,21,4131,575
3752291,16,4132,570
3752292,14,4125,575
3752293,10,4111,600
3752294,-11,4122,618
3752295,-17,4130,593
3752296,5,4113,580
3752297,4,4104,610
3752298,-11,4103,654
3752299,-16,4099,687
3752300,-18,4102,695
3752301,-3,4103,665
3752302,24,4096,639
3752303,19,4099,645
3752304,-12,4098,666
3752305,-27,4106,685
3752306,-31,4114,692
3752307,-29,4103,672
3752308,-24,4105,662
3752309,-34,4125,658
3752310,-23,4131,627
3752311,12,4126,613
3752312,5,4147,628
3752313,-6,4161,626
3752314,22,4154,592
3752315,33,4149,569
3752316,18,4155,574
3752317,11,4156,578
3752318,8,4148,592
3752319,-12,4137,649
3752320,-34,4133,704
3752321,-28,4119,691
3752322,-15,4104,657
3752323,-60,4123,664
3752324,-67,4116,644
3752325,-58,4113,620
3752326,-35,4112,591
3752327,-12,4114,588
3752328,-10,4128,629
3752329,-22,4136,653
3752330,-16,4120,637
3752331,-8,4122,626
3752332,-24,4140,618
3752333,-22,4135,600
3752334,-20,4136,583
3752335,-28,4138,560
3752336,-12,4128,549
3752337,-28,4129,568
3752338,-53,4128,592
3752339,-45,4127,598
3752340,-41,4138,587
3752341,-35,4138,563
3752342,-28,4129,558
3752343,-38,4130,574
3752344,-42,4133,597
3752345,-44,4139,607
3752346,-44,4143,592
3752347,-36,4135,571
3752348,-33,4128,548
3752349,-27,4124,554
3752350,-26,4129,593
3752351,-26,4127,630
3752352,-33,4120,633
3752353,-31,4112,604
3752354,-36,4109,575
3752355,-25,4102,549
3752356,-8,4095,553
3752357,-9,4088,601
3752358,-28,4087,665
3752359,-43,4083,697
3752360,-33,4080,684
3752361,-26,4076,644
3752362,-28,4071,616
3752363,-34,4070,611
3752364,-36,4062,636
3752365,-41,4064,667
3752366,-52,4071,676
3752367,-39,4068,672
3752368,-17,4079,643
3752369,-1,4072,593
3752370,16,4061,560
3752371,2,4068,560
3752372,-15,4068,569
3752373,-19,4059,575
3752374,-43,4060,585
3752375,-52,4068,586
3752376,-29,4059,580
3752377,-29,4066,590
3752378,-49,4076,590
3752379,-28,4064,562
3752380,-24,4068,551
3752381,-63,4076,583
3752382,-70,4069,615
3752383,-61,4060,626
3752384,-56,4059,654
3752385,-49,4077,678
3752386,-42,4084,664
3752387,-20,4080,626
3752388,-7,4073,582
3752389,-32,4090,599
3752390,-28,4095,580
3752391,-11,4082,570
3752392,-24,4084,598
3752393,-45,4091,619
3752394,-38,4097,609
3752395,-36,4107,582
3752396,-33,4109,548
3752397,-18,4116,540
3752398,-26,4129,565
3752399,-29,4131,581
3752400,-11,4128,570
3752401,-9,4120,571
3752402,-14,4113,594
3752403,-18,4120,611
3752404,-14,4137,601
3752405,-2,4143,564
3752406,11,4144,532
3752407,8,4140,532
3752408,-20,4139,560
3752409,-27,4146,576
3752410,-17,4145,569
3752411,-22,4143,569
3752412,-31,4153,567
3752413,-35,4158,539
3752414,-30,4158,520
3752415,-31,4173,510
3752416,-27,4176,508
3752417,-23,4173,541
3752418,-48,4175,586
3752419,-61,4174,611
3752420,-40,4182,596
3752421,-12,4173,566
3752422,-3,4159,546
3752423,-13,4160,561
3752424,-18,4162,580
3752425,-8,4155,573
3752426,5,4132,582
3752427,6,4133,629
3752428,-13,4153,674
3752429,21,4141,617
3752430,25,4137,637
3752431,-3,4153,692
3752432,-5,4151,706
3752433,25,4129,676
3752434,35,4122,676
3752435,18,4131,689
3752436,20,4135,671
3752437,44,4128,662
3752438,53,4127,691
3752439,36,4131,710
3752440,28,4121,696
3752441,35,4112,698
3752442,20,4127,701
3752443,15,4138,680
3752444,19,4135,647
3752445,13,4139,634
3752446,22,4150,632
3752447,32,4158,623
3752448,32,4160,625
3752449,29,4156,625
3752450,37,4140,627
3752451,37,4140,639
3752452,24,4148,640
3752453,30,4143,619
3752454,37,4141,609
3752455,22,4152,629
3752456,16,4159,632
3752457,30,4150,627
3752458,10,4146,657
3752459,-19,4159,678
3752460,1,4170,644
3752461,45,4173,600
3752462,59,4181,588
3752463,46,4179,603
3752464,39,4171,624
3752465,41,4161,635
3752466,48,4147,639
3752467,50,4134,643
3752468,26,4123,658
3752469,-14,4102,693
3752470,-9,4093,671
3752471,-8,4080,648
3752472,-19,4089,649
3752473,-28,4102,660
3752474,-24,4101,665
3752475,-21,4104,676
3752476,-26,4109,681
3752477,-20,4100,647
3752478,-2,4092,609
3752479,2,4099,602
3752480,-2,4112,617
3752481,1,4117,630
3752482,5,4121,639
3752483,1,4126,645
3752484,7,4130,631
3752485,20,4127,605
3752486,17,4118,596
3752487,4,4114,624
3752488,-4,4105,658
3752489,-8,4090,675
3752490,-11,4096,678
3752492,-7,4089,661
3752493,-10,4071,659
3752494,-41,4084,677
3752495,-55,4079,675
3752496,-51,4066,655
3752497,-61,4068,660
3752498,-64,4073,660
3752499,-52,4071,626
3752500,-57,4056,648
3752501,-81,4075,710
3752502,-77,4088,712
3752503,-43,4085,671
3752504,-27,4082,638
3752505,-27,4081,634
3752506,-25,4071,647
3752507,-37,4066,663
3752508,-37,4072,668
3752509,-19,4082,658
3752510,-12,4085,655
3752511,-21,4094,641
3752512,-15,4092,617
3752513,-6,4084,613
3752514,-21,4093,617
3752515,-39,4089,616
3752516,-48,4081,612
3752517,-54,4080,614
3752518,-64,4069,627
3752519,-82,4064,635
3752520,-83,4061,633
3752521,-70,4056,612
3752522,-64,4046,595
3752523,-72,4049,600
3752524,-80,4054,606
3752525,-70,4043,608
3752526,-71,4072,593
3752527,-55,4081,564
3752528,-27,4067,568
3752529,-30,4068,613
3752530,-48,4072,664
3752531,-39,4069,699
3752532,-43,4084,717
3752533,-38,4097,688
3752534,-4,4092,624
3752535,4,4088,608
3752536,-1,4092,613
3752537,22,4084,613
3752538,15,4085,638
3752539,-22,4097,675
3752540,-31,4102,683
3752541,-22,4097,677
3752542,-27,4107,684
3752543,-37,4129,677
3752544,-33,4134,656
3752545,-28,4138,650
3752546,-31,4140,681
3752547,-41,4140,717
3752548,-27,4145,702
3752549,1,4134,689
3752550,-3,4128,721
3752551,-10,4139,762
3752552,1,4144,775
3752553,12,4133,776
3752554,7,4118,796
3752555,-6,4113,816
3752556,-11,4113,804
3752557,-20,4114,767
3752558,-30,4114,744
3752559,-29,4110,738
3752560,-36,4106,757
3752561,-47,4105,774
3752562,-43,4095,761
3752563,-27,4085,752
3752564,-17,4086,716
3752565,-1,4081,696
3752566,-18,4107,738
3752567,-48,4137,744
3752568,-17,4128,670
3752569,14,4130,626
3752570,-11,4147,617
3752571,-12,4151,570
3752572,24,4142,533
3752573,18,4144,577
3752574,-18,4154,643
3752575,-25,4141,650
3752576,-22,4123,626
3752577,-32,4115,641
3752578,-51,4118,662
3752579,-51,4124,667
3752580,-44,4120,670
3752581,-54,4126,681
3752582,-52,4128,682
3752583,-43,4126,666
3752584,-31,4134,643
3752585,-15,4137,620
3752586,-17,4144,612
3752587,-36,4151,599
3752588,-46,4141,597
3752589,-50,4136,623
3752590,-46,4139,626
3752591,-23,4127,601
3752592,-9,4129,607
3752593,-21,4139,634
3752594,-18,4132,648
3752595,-12,4131,653
3752596,-17,4131,641
3752597,-11,4122,611
3752598,-39,4111,615
3752599,-56,4105,624
3752600,-62,4101,627
3752601,-61,4101,627
3752602,-53,4100,590
3752603,-34,4086,562
3752604,-43,4081,582
3752605,-68,4087,609
3752606,-67,4081,601
3752607,-70,4070,586
3752608,-83,4072,591
3752609,-63,4078,591
3752610,-28,4076,577
3752611,-19,4082,573
3752612,-41,4102,596
3752613,-63,4118,625
3752614,-59,4125,614
3752615,-33,4126,563
3752616,-22,4133,527
3752617,-23,4141,537
3752618,-21,4146,563
3752619,-27,4156,582
3752620,-25,4154,590
3752621,-28,4144,589
3752622,-44,4140,601
3752624,-44,4139,602
3752625,-25,4119,589
3752626,-69,4126,640
3752627,-66,4121,653
3752628,-48,4120,649
3752629,-37,4119,640
3752630,-18,4114,619
3752631,-18,4114,631
3752632,-38,4109,661
3752633,-46,4099,677
3752634,-36,4093,687
3752635,-24,4081,688
3752636,-20,4078,690
3752637,-24,4092,683
3752638,-18,4093,658
3752639,-17,4097,636
3752640,-30,4108,647
3752641,-33,4110,661
3752642,-23,4114,665
3752643,-16,4124,666
3752644,-7,4135,657
3752645,2,4142,632
3752646,6,4134,595
3752647,4,4126,592
3752648,-15,4134,611
3752649,-25,4137,614
3752650,-23,4139,596
3752651,-18,4136,579
3752652,-20,4133,595
3752653,-40,4145,627
3752654,-51,4148,630
3752655,-38,4139,599
3752656,-29,4135,595
3752657,-36,4138,621
3752658,-37,4129,643
3752659,-41,4116,655
3752660,-61,4115,679
3752661,-69,4119,715
3752662,-24,4124,710
3752663,-7,4122,697
3752664,10,4113,696
3752665,24,4114,700
3752666,29,4115,700
3752667,28,4108,689
3752668,31,4107,681
3752669,20,4118,683
3752670,7,4122,683
3752671,14,4123,657
3752672,23,4113,606
3752673,28,4095,579
3752674,12,4098,594
3752675,-20,4114,615
3752676,-37,4114,602
3752677,-39,4094,603
3752678,-68,4102,647
3752679,-87,4110,667
3752680,-59,4099,644
3752681,-44,4094,637
3752682,-54,4093,657
3752683,-66,4102,692
3752684,-78,4111,717
3752685,-68,4117,717
3752686,-45,4134,698
3752687,-15,4132,665
3752688,23,4131,657
3752689,32,4139,679
3752690,26,4153,676
3752691,37,4157,646
3752692,45,4136,643
3752693,23,4141,702
3752694,-8,4158,740
3752695,1,4143,703
3752696,23,4126,696
3752697,-14,4139,715
3752698,-38,4137,706
3752699,-16,4120,691
3752700,-25,4108,695
3752701,-34,4092,700
3752702,-21,4075,683
3752703,-36,4062,696
3752704,-48,4061,706
3752705,-48,4053,695
3752706,-54,4050,686
3752707,-60,4057,684
3752708,-51,4055,640
3752709,-25,4050,574
3752710,-19,4049,559
3752711,-50,4053,588
3752712,-62,4056,596
3752713,-55,4055,585
3752714,-54,4057,577
3752715,-51,4057,573
3752716,-57,4058,589
3752717,-68,4066,607
3752718,-49,4069,602
3752719,-26,4064,595
3752720,-23,4069,588
3752721,-16,4075,577
3752722,-9,4069,565
3752723,-11,4064,580
3752724,-20,4064,623
3752725,-44,4069,644
3752726,-51,4072,656
3752727,-72,4085,694
3752728,-76,4093,688
3752729,-35,4085,659
3752730,1,4075,666
3752731,-2,4088,699
3752732,1,4076,700
3752733,28,4063,707
3752734,17,4073,762
3752735,-10,4079,780
3752736,9,4069,741
3752737,16,4058,731
3752738,-11,4074,759
3752739,-11,4086,765
3752740,32,4075,744
3752741,55,4070,742
3752742,32,4073,756
3752743,17,4068,753
3752744,15,4063,739
3752745,11,4067,728
3752746,20,4081,690
3752747,46,4075,639
3752748,57,4059,642
3752749,24,4083,685
3752750,-9,4103,693
3752751,2,4092,682
3752752,1,4091,700
3752753,-34,4107,731
3752754,-49,4122,720
3752755,-33,4124,673
3752756,-21,4132,635
3752757,-21,4139,606
3752758,-12,4150,591
3752759,-14,4169,585
3752760,-16,4168,578
3752761,-17,4166,592
3752762,-36,4178,637
3752763,-54,4187,658
3752764,-54,4189,623
3752765,-41,4196,588
3752766,-25,4192,591
3752767,-25,4199,615
3752768,-33,4207,636
3752769,-21,4200,646
3752770,-1,4191,636
3752771,7,4180,616
3752772,0,4187,631
3752773,-17,4198,656
3752774,-14,4192,636
3752775,6,4181,601
3752776,9,4170,604
3752777,-4,4168,637
3752778,-5,4162,658
3752779,5,4148,663
3752780,6,4129,667
3752781,4,4139,665
3752782,6,4136,642
3752783,12,4111,623
3752784,-2,4113,652
3752785,-27,4113,666
3752786,-22,4101,660
3752787,-24,4098,685
3752788,-57,4103,697
3752789,-60,4103,685
3752790,-45,4104,669
3752791,-28,4097,663
3752792,-7,4087,667
3752793,3,4094,678
3752794,9,4083,685
3752795,3,4090,718
3752796,0,4100,723
3752797,29,4080,685
3752798,55,4061,696
3752799,41,4061,748
3752800,28,4066,780
3752801,26,4060,786
3752802,20,4051,787
3752803,21,4046,774
3752804,32,4039,758
3752805,28,4052,762
3752806,33,4056,773
3752807,68,4053,768
3752808,78,4056,777
3752809,54,4064,816
3752810,37,4078,829
3752811,41,4078,806
3752812,60,4079,783
3752813,55,4085,796
3752814,34,4105,813
3752815,37,4111,803
3752816,49,4091,775
3752817,38,4084,768
3752818,13,4082,763
3752819,7,4063,758
3752820,-4,4064,790
3752821,-13,4070,812
3752822,-1,4065,777
3752823,7,4069,723
3752824,8,4064,685
3752825,15,4058,662
3752826,10,4065,663
3752827,-1,4076,659
3752828,12,4075,633
3752829,28,4072,614
3752830,3,4082,621
3752831,-16,4085,629
3752832,-16,4093,637
3752833,-30,4099,622
3752835,-26,4088,579
3752836,-13,4077,567
3752837,-22,4087,594
3752838,-33,4100,604
3752839,-23,4099,592
3752840,-23,4098,607
3752841,-37,4113,631
3752842,-25,4126,627
3752843,-2,4125,604
3752844,9,4123,588
3752845,12,4127,596
3752846,-4,4146,604
3752847,-17,4149,601
3752848,-17,4137,605
3752849,-30,4150,622
3752850,-28,4159,637
3752851,-10,4159,627
3752852,-9,4154,618
3752853,-18,4153,647
3752854,-42,4175,673
3752855,-33,4183,654
3752856,-1,4165,629
3752857,4,4164,656
3752858,-9,4186,672
3752859,20,4177,638
3752860,61,4180,617
3752861,47,4204,624
3752862,33,4200,626
3752863,39,4188,628
3752864,34,4183,661
3752865,13,4188,688
3752866,3,4183,678
3752867,0,4162,672
3752868,-24,4160,687
3752869,-38,4152,744
3752870,-45,4154,751
3752871,-55,4162,749
3752872,-44,4165,716
3752873,-21,4163,667
3752874,-23,4155,656
3752875,-36,4163,691
3752876,-35,4170,728
3752877,-40,4171,703
3752878,-30,4151,650
3752879,-25,4135,657
3752880,-62,4138,679
3752881,-58,4125,690
3752882,-32,4116,715
3752883,-44,4115,743
3752884,-34,4123,732
3752885,-10,4123,692
3752886,-10,4115,686
3752887,-20,4110,714
3752888,-20,4116,738
3752889,-15,4128,727
3752890,1,4122,698
3752891,13,4114,693
3752892,4,4106,729
3752893,-16,4110,770
3752894,-33,4116,782
3752895,-27,4111,767
3752896,-19,4114,755
3752897,-22,4108,750
3752898,-28,4104,744
3752899,-32,4117,743
3752900,-18,4126,733
3752901,-11,4129,714
3752902,-25,4125,695
3752903,-33,4119,662
3752904,-50,4117,656
3752905,-50,4131,634
3752906,-24,4137,600
3752907,-13,4135,578
3752908,-21,4135,581
3752909,-30,4128,588
3752910,-39,4118,603
3752911,-52,4118,630
3752912,-63,4117,623
3752913,-57,4107,611
3752914,-55,4100,618
3752915,-60,4090,640
3752916,-55,4075,666
3752917,-39,4067,701
3752918,-43,4078,730
3752919,-46,4072,717
3752920,-27,4062,690
3752921,-40,4077,696
3752922,-60,4089,684
3752923,-39,4109,617
3752924,-30,4131,546
3752925,-47,4140,511
3752926,-70,4151,522
3752927,-115,4161,532
3752928,-142,4151,526
3752929,-155,4132,527
3752930,-175,4121,521
3752931,-162,4103,495
3752932,-128,4076,478
3752933,-109,4054,503
3752934,-96,4058,549
3752935,-64,4061,581
3752936,-24,4054,602
3752937,-10,4053,631
3752938,-19,4045,660
3752939,-25,4029,683
3752940,-46,4022,708
3752941,-66,4014,737
3752942,-73,4007,760
3752943,-75,4023,748
3752944,-55,4021,709
3752945,-55,4030,707
3752946,-72,4052,725
3752947,-43,4056,735
3752948,-6,4040,741
3752949,8,4032,774
3752950,18,4046,808
3752951,29,4052,815
3752952,39,4046,818
3752953,24,4059,821
3752954,8,4058,817
3752955,13,4045,804
3752956,6,4050,829
3752957,-20,4057,860
3752958,-30,4056,862
3752959,-38,4055,865
3752960,-78,4065,859
3752961,-93,4027,841
3752962,-88,3965,803
3752963,-106,3934,786
3752964,-115,3939,781
3752965,-123,4023,749
3752966,-121,4138,723
3752967,-78,4226,722
3752968,-4,4256,721
3752969,81,4226,696
3752970,142,4191,679
3752971,143,4163,675
3752972,112,4146,668
3752973,70,4128,669
3752974,10,4094,724
3752975,-56,4075,830
3752976,-91,4060,907
3752977,-73,4028,930
3752978,-49,4023,934
3752979,-32,4054,877
3752980,-17,4068,810
3752981,-29,4081,772
3752982,-39,4093,765
3752983,-45,4120,756
3752984,-50,4134,721
3752985,-35,4130,677
3752986,-39,4138,638
3752987,-51,4149,605
3752988,-57,4149,595
3752989,-73,4156,602
3752990,-77,4174,585
3752991,-62,4172,528
3752992,-56,4147,508
3752993,-94,4151,545
3752994,-131,4168,569
3752995,-120,4155,575
3752996,-127,4142,612
3752997,-165,4147,679
3752998,-153,4141,703
3752999,-111,4129,692
3753000,-106,4134,685
3753001,-101,4141,671
3753002,-73,4136,680
3753003,-66,4129,701
3753004,-62,4119,705
3753005,-49,4101,717
3753006,-59,4101,744
3753007,-59,4099,749
3753008,-28,4094,718
3753009,-11,4098,709
3753010,-24,4108,730
3753011,-28,4105,748
3753012,-32,4101,757
3753013,-48,4101,775
3753014,-50,4091,804
3753015,-52,4097,827
3753016,-43,4107,838
3753017,-9,4094,786
3753018,-19,4099,784
3753019,-32,4121,801
3753020,-16,4117,793
3753021,21,4098,792
3753022,17,4106,813
3753023,12,4114,809
3753024,45,4101,785
3753025,37,4100,771
3753026,17,4105,774
3753027,25,4101,789
3753028,23,4091,819
3753029,15,4083,857
3753030,13,4089,859
3753031,31,4089,830
3753032,52,4075,826
3753033,42,4069,844
3753034,34,4059,854
3753035,50,4051,849
3753036,49,4049,823
3753037,49,4046,788
3753038,50,4052,753
3753039,34,4049,718
3753040,29,4042,709
3753041,19,4057,715
3753042,11,4072,693
3753043,24,4067,647
3753044,24,4064,634
3753045,-14,4069,650
3753046,-35,4064,659
3753047,-36,4053,669
3753048,-49,4050,678
3753049,-48,4042,673
3753050,-43,4033,673
3753051,-55,4045,682
3753052,-55,4038,679
3753053,-42,4035,678
3753054,-35,4050,680
3753055,-8,4052,686
3753056,3,4089,655
3753057,1,4095,652
3753058,-21,4113,664
3753059,-26,4112,670
3753060,-7,4087,692
3753061,-8,4093,731
3753062,-9,4108,735
3753063,11,4100,716
3753064,3,4091,724
3753065,-38,4098,751
3753066,-54,4090,762
3753067,-45,4073,769
3753068,-70,4088,793
3753069,-93,4101,813
3753070,-79,4104,816
3753071,-78,4120,799
3753072,-67,4128,773
3753073,-24,4135,756
3753074,-13,4151,745
3753075,-17,4147,719
3753076,4,4134,702
3753077,-4,4116,732
3753078,-37,4104,795
3753079,-54,4102,830
3753080,-49,4105,832
3753081,-38,4096,818
3753082,-28,4070,790
3753083,-28,4050,790
3753084,-61,4052,836
3753085,-97,4063,855
3753086,-86,4046,822
3753087,-68,4040,772
3753088,-72,4038,748
3753089,-78,4039,758
3753090,-85,4041,771
3753091,-86,4043,752
3753092,-72,4053,705
3753093,-54,4048,679
3753094,-65,4049,678
3753095,-76,4042,693
3753096,-84,4042,729
3753097,-101,4055,745
3753098,-106,4045,722
3753099,-99,4024,704
3753100,-108,4022,698
3753101,-110,4033,678
3753102,-100,4049,635
3753103,-89,4054,592
3753104,-81,4057,575
3753105,-89,4076,571
3753106,-94,4094,552
3753107,-90,4111,522
3753108,-77,4111,499
3753109,-65,4111,517
3753110,-87,4116,561
3753111,-102,4115,595
3753112,-96,4113,593
3753113,-93,4099,594
3753114,-103,4106,609
3753115,-101,4111,591
3753116,-65,4090,578
3753117,-59,4083,619
3753118,-82,4095,660
3753119,-74,4086,645
3753120,-49,4077,644
3753121,-66,4105,661
3753122,-68,4115,628
3753123,-28,4086,608
3753124,-49,4096,639
3753125,-77,4108,658
3753126,-61,4092,649
3753127,-74,4103,651
3753128,-88,4121,630
3753129,-46,4101,577
3753130,-27,4078,576
3753131,-72,4090,615
3753132,-91,4095,612
3753133,-60,4085,581
3753134,-57,4086,588
3753135,-74,4102,641
3753136,-81,4110,627
3753137,-69,4106,611
3753138,-61,4116,627
3753139,-80,4148,653
3753140,-63,4152,629
3753141,-28,4142,608
3753142,-52,4155,658
3753143,-88,4165,736
3753144,-91,4172,771
3753145,-72,4192,763
3753146,-55,4211,725
3753147,-32,4211,693
3753148,-24,4204,728
3753149,-49,4214,783
3753150,-36,4211,798
3753151,-1,4203,801
3753152,-11,4206,820
3753153,-16,4193,831
3753154,-6,4180,846
3753155,-26,4182,879
3753156,-41,4167,887
3753157,-35,4141,876
3753158,-58,4132,882
3753159,-73,4122,889
3753160,-55,4110,873
3753161,-56,4103,854
3753162,-57,4092,831
3753163,-54,4083,805
3753164,-61,4073,794
3753165,-75,4067,786
3753166,-79,4063,773
3753167,-68,4077,741
3753168,-62,4087,689
3753169,-44,4081,652
3753170,-42,4092,636
3753171,-55,4110,627
3753172,-46,4119,613
3753173,-50,4119,616
3753174,-75,4123,618
3753175,-60,4141,572
3753176,-68,4155,563
3753177,-65,4156,555
3753178,-57,4151,559
3753179,-66,4147,577
3753180,-70,4145,599
3753181,-74,4153,616
3753182,-82,4156,614
3753183,-75,4159,597
3753184,-68,4157,577
3753185,-64,4146,569
3753186,-72,4140,588
3753187,-90,4140,626
3753188,-95,4139,659
3753189,-93,4126,669
3753190,-95,4114,666
3753191,-102,4106,670
3753192,-99,4089,673
3753193,-95,4077,698
3753194,-110,4087,723
3753195,-107,4083,706
3753196,-88,4069,680
3753197,-93,4076,698
3753198,-100,4086,706
3753199,-79,4084,666
3753200,-52,4075,619
3753201,-49,4074,611
3753202,-63,4086,635
3753203,-67,4082,655
3753204,-58,4084,662
3753205,-67,4098,639
3753206,-64,4098,596
3753207,-40,4080,561
3753208,-24,4056,557
3753209,-21,4046,588
3753210,-36,4036,616
3753211,-47,4033,622
3753212,-65,4057,656
3753213,-105,4094,707
3753214,-91,4075,669
3753215,-49,4045,654
3753216,-21,4043,664
3753217,10,4058,652
3753218,56,4068,627
3753219,72,4091,613
3753220,54,4105,619
3753221,43,4096,643
3753222,34,4092,674
3753223,11,4084,689
3753224,-20,4067,691
3753225,-61,4060,703
3753226,-98,4052,732
3753227,-125,4072,764
3753228,-125,4092,761
3753229,-82,4078,723
3753230,-45,4070,734
3753231,-50,4094,792
3753232,-43,4112,803
3753233,7,4112,746
3753234,40,4111,698
3753235,25,4121,701
3753236,-8,4126,708
3753237,-24,4116,687
3753238,-38,4111,651
3753239,-62,4091,643
3753240,-94,4081,653
3753241,-106,4076,661
3753242,-90,4057,664
3753243,-79,4067,658
3753244,-54,4092,647
3753245,-16,4113,622
3753246,10,4134,603
3753247,12,4158,619
3753248,-7,4177,654
3753249,-25,4193,659
3753250,-37,4195,658
3753251,-65,4205,683
3753252,-103,4226,708
3753253,-65,4215,640
3753254,-47,4217,608
3753255,-12,4217,580
3753256,14,4212,566
3753257,7,4198,570
3753258,-4,4174,615
3753259,-17,4166,678
3753260,-27,4160,696
3753261,-15,4152,670
3753262,-1,4142,645
3753263,-23,4138,664
3753264,-68,4152,695
3753265,-82,4153,673
3753266,-82,4151,625
3753267,-95,4156,589
3753268,-91,4155,562
3753269,-83,4151,555
3753270,-88,4144,559
3753271,-90,4120,576
3753272,-99,4113,615
3753273,-98,4117,642
3753274,-69,4116,647
3753275,-52,4128,643
3753276,-50,4134,628
3753277,-27,4121,607
3753278,-9,4128,617
3753279,-19,4138,642
3753280,-31,4120,678
3753281,-76,4127,787
3753283,-80,4121,775
3753284,-64,4124,738
3753285,-47,4124,713
3753286,-31,4116,704
3753287,-29,4112,711
3753288,-31,4114,730
3753289,-25,4109,768
3753290,-22,4115,814
3753291,-8,4132,831
3753292,19,4121,794
3753293,36,4104,765
3753294,23,4096,780
3753295,-2,4081,780
3753296,-4,4070,780
3753297,-24,4069,791
3753298,-55,4065,788
3753299,-68,4061,793
3753300,-80,4053,818
3753301,-76,4078,838
3753302,-39,4143,811
3753303,21,4169,747
3753304,48,4154,687
3753305,19,4109,634
3753306,-20,4040,620
3753307,-79,4001,682
3753308,-157,3998,774
3753309,-188,4005,824
3753310,-164,4028,805
3753311,-78,4058,743
3753312,-44,4082,727
3753313,-13,4102,694
3753314,24,4104,658
3753315,39,4102,644
3753316,27,4108,655
3753317,26,4099,658
3753318,29,4079,662
3753319,16,4075,692
3753320,9,4082,698
3753321,27,4073,649
3753322,31,4064,629
3753323,-4,4073,678
3753324,-30,4081,730
3753325,-36,4098,740
3753326,-26,4105,700
3753327,15,4090,657
3753328,28,4093,680
3753329,2,4121,736
3753330,0,4143,732
3753331,28,4143,678
3753332,34,4139,648
3753333,12,4133,681
3753334,-8,4127,710
3753335,11,4109,707
3753336,19,4108,730
3753337,-12,4121,777
3753338,-7,4114,769
3753339,26,4110,719
3753340,36,4115,687
3753341,39,4114,656
3753342,49,4098,640
3753343,36,4080,669
3753344,6,4088,719
3753345,-4,4088,730
3753346,-16,4086,736
3753347,-41,4074,720
3753348,-33,4062,700
3753349,-37,4059,703
3753350,-44,4056,716
3753351,-47,4062,728
3753352,-42,4066,737
3753353,-27,4067,755
3753354,-27,4074,767
3753355,-19,4080,775
3753356,1,4085,783
3753357,-1,4087,784
3753358,2,4088,779
3753359,12,4107,773
3753360,16,4116,749
3753361,40,4102,737
3753362,40,4111,783
3753363,8,4122,838
3753364,17,4112,846
3753365,16,4107,836
3753366,-3,4117,823
3753367,15,4124,776
3753368,48,4104,730
3753369,46,4097,740
3753370,19,4109,793
3753371,5,4117,838
3753372,1,4108,841
3753373,5,4083,835
3753374,-9,4070,833
3753375,-24,4066,813
3753376,-9,4069,771
3753377,-2,4070,737
3753378,-20,4081,741
3753379,-32,4093,741
3753380,-18,4090,726
3753381,-23,4085,759
3753382,-23,4092,765
3753383,-7,4099,734
3753384,12,4100,703
3753385,13,4112,671
3753386,10,4112,612
3753387,27,4103,581
3753388,18,4116,618
3753389,10,4133,662
3753390,26,4143,666
3753391,23,4141,644
3753392,12,4148,653
3753393,-5,4152,674
3753394,-13,4151,660
3753395,0,4149,623
3753396,19,4144,589
3753397,20,4160,581
3753398,12,4164,580
3753399,16,4152,575
3753400,8,4153,585
3753401,-13,4154,613
3753402,-11,4143,640
3753403,-7,4134,637
3753404,-3,4116,606
3753405,-1,4107,587
3753406,-27,4146,579
3753407,-35,4190,564
3753408,-25,4208,544
3753409,-17,4204,540
3753410,-8,4184,567
3753411,-13,4158,600
3753412,-27,4132,630
3753413,-43,4107,648
3753414,-61,4082,672
3753415,-78,4069,726
3753416,-62,4080,841
3753417,-31,4081,842
3753418,6,4078,839
3753419,25,4085,849
3753420,48,4075,839
3753421,65,4061,846
3753422,63,4049,885
3753423,72,4043,908
3753424,81,4057,897
3753425,82,4066,873
3753426,84,4068,842
3753427,78,4069,840
3753428,54,4079,877
3753429,27,4097,890
3753430,27,4094,865
3753431,29,4086,848
3753432,6,4092,843
3753433,4,4090,838
3753434,9,4091,848
3753435,-5,4091,848
3753436,5,4087,818
3753437,17,4085,796
3753438,-1,4079,806
3753439,-18,4081,824
3753440,-26,4087,811
3753441,-17,4084,773
3753442,-5,4077,761
3753443,-16,4071,774
3753444,-16,4065,784
3753445,-15,4066,795
3753446,-24,4061,801
3753447,-41,4058,769
3753448,-49,4056,708
3753449,-42,4042,668
3753450,-49,4043,663
3753451,-57,4061,653
3753452,-46,4058,607
3753453,-32,4056,579
3753454,-45,4076,602
3753455,-51,4075,596
3753456,-53,4077,610
3753457,-71,4089,653
3753458,-84,4106,670
3753459,-90,4105,652
3753460,-80,4100,638
3753461,-71,4091,627
3753462,-50,4072,609
3753463,-33,4071,623
3753464,-59,4086,658
3753465,-64,4085,674
3753466,-52,4061,684
3753467,-74,4052,708
3753468,-83,4050,721
3753469,-64,4044,705
3753470,-67,4051,690
3753471,-78,4057,705
3753472,-85,4079,714
3753473,-89,4097,675
3753474,-58,4097,610
3753475,-29,4098,574
3753476,-37,4110,584
3753477,-61,4125,606
3753478,-62,4118,629
3753479,-75,4127,651
3753480,-100,4148,656
3753481,-93,4154,643
3753482,-94,4160,635
3753483,-102,4165,636
3753484,-100,4180,623
3753485,-75,4182,594
3753486,-51,4178,582
3753487,-57,4187,598
3753488,-52,4190,630
3753489,-37,4189,659
3753490,-29,4192,684
3753491,-30,4192,703
3753492,-30,4172,709
3753493,-29,4155,723
3753494,-75,4142,752
3753495,-62,4127,713
3753496,-63,4126,677
3753497,-66,4129,654
3753498,-57,4130,648
3753499,-46,4125,665
3753500,-37,4114,694
3753501,-60,4112,723
3753502,-89,4096,750
3753503,-95,4086,769
3753504,-108,4098,770
3753505,-105,4095,744
3753506,-84,4093,734
3753507,-88,4103,761
3753508,-87,4098,783
3753509,-66,4092,774
3753510,-61,4092,765
3753511,-66,4091,788
3753512,-67,4097,826
3753513,-61,4100,836
3753514,-37,4096,825
3753515,-21,4103,816
3753516,-25,4114,791
3753517,-3,4111,771
3753518,9,4108,807
3753519,-19,4113,865
3753520,-30,4122,884
3753521,-13,4122,851
3753522,0,4113,805
3753523,3,4110,799
3753524,-3,4102,822
3753525,-13,4098,856
3753526,-27,4093,881
3753527,-11,4078,886
3753528,1,4086,894
3753529,3,4094,887
3753530,16,4094,874
3753531,22,4113,847
3753532,20,4122,828
3753533,13,4125,842
3753534,-10,4129,866
3753535,-12,4120,883
3753536,-1,4117,885
3753537,5,4122,872
3753538,16,4130,841
3753539,29,4121,807
3753540,16,4118,799
3753541,-12,4136,793
3753542,-11,4137,769
3753543,0,4134,764
3753544,-29,4144,772
3753545,-56,4150,762
3753546,-52,4138,743
3753547,-59,4139,736
3753549,-66,4141,730
3753550,-47,4122,709
3753551,-46,4107,688
3753552,-69,4089,709
3753553,-85,4095,753
3753554,-86,4107,759
3753555,-55,4094,734
3753556,-47,4087,725
3753557,-68,4086,745
3753558,-79,4093,752
3753559,-63,4085,738
3753560,-63,4084,736
3753561,-62,4085,732
3753562,-36,4078,722
3753563,-19,4072,730
3753564,-26,4090,752
3753565,-18,4085,752
3753566,-1,4077,763
3753567,-29,4104,805
3753568,-52,4125,815
3753569,-29,4123,780
3753570,-10,4107,758
3753571,-13,4111,782
3753572,-8,4125,816
3753573,2,4122,809
3753574,3,4099,797
3753575,-13,4087,811
3753576,-30,4081,833
3753577,-21,4077,859
3753578,-12,4078,867
3753579,-13,4060,852
3753580,-10,4033,866
3753581,-32,4033,931
3753582,-56,4043,970
3753583,-45,4035,928
3753584,-14,4030,862
3753585,-2,4029,853
3753586,-13,4032,892
3753587,-24,4045,920
3753588,-12,4053,871
3753589,5,4060,842
3753590,4,4064,829
3753591,2,4063,818
3753592,15,4058,798
3753593,16,4059,788
3753594,0,4073,814
3753595,-11,4081,837
3753596,-14,4086,809
3753597,-8,4092,753
3753598,-4,4086,714
3753599,-9,4086,735
3753600,-39,4103,771
3753601,-61,4107,764
3753602,-52,4094,742
3753603,-60,4091,758
3753604,-76,4099,802
3753605,-75,4101,803
3753606,-61,4093,770
3753607,-61,4096,764
3753608,-87,4112,788
3753609,-84,4122,774
3753610,-29,4116,720
3753611,6,4100,702
3753612,-1,4092,722
3753613,-10,4087,745
3753614,-18,4070,756
3753615,-21,4043,778
3753616,-26,4033,812
3753617,-24,4033,820
3753618,-2,4031,773
3753619,22,4017,733
3753620,1,4030,759
3753621,-46,4075,784
3753622,-38,4094,751
3753623,-22,4122,706
3753624,-17,4149,718
3753625,-17,4162,699
3753626,-10,4155,670
3753627,-11,4170,687
3753628,-32,4197,698
3753629,-24,4193,666
3753630,-13,4182,653
3753631,-40,4179,688
3753632,-75,4186,737
3753633,-86,4189,753
3753634,-73,4176,734
3753635,-58,4167,719
3753636,-62,4162,722
3753637,-62,4145,726
3753638,-44,4123,724
3753639,-53,4137,737
3753640,-73,4150,742
3753641,-46,4137,727
3753642,-34,4128,715
3753643,-54,4117,694
3753644,-39,4095,670
3753645,-26,4072,678
3753646,-34,4065,707
3753647,-36,4061,705
3753648,-21,4046,690
3753649,-10,4041,699
3753650,-23,4050,720
3753651,-35,4050,708
3753652,-47,4030,661
3753653,-74,4027,695
3753654,-79,4039,712
3753655,-59,4032,688
3753656,-50,4021,665
3753657,-73,4031,687
3753658,-93,4034,728
3753659,-95,4045,747
3753660,-100,4057,734
3753661,-91,4054,707
3753662,-64,4061,693
3753663,-62,4077,672
3753664,-51,4068,650
3753665,-42,4059,657
3753666,-58,4067,688
3753667,-65,4077,716
3753668,-59,4070,746
3753670,-61,4076,774
3753671,-60,4067,759
3753672,-44,4037,757
3753673,-74,4048,814
3753674,-101,4071,836
3753675,-57,4068,793
3753676,-21,4059,767
3753677,-25,4064,800
3753678,-32,4061,831
3753679,-26,4054,836
3753680,-33,4049,843
3753681,-35,4037,856
3753682,-16,4031,864
3753683,-8,4040,855
3753684,-11,4052,812
3753685,-3,4051,744
3753686,-24,4055,773
3753687,-40,4074,813
3753688,-33,4078,794
3753689,-19,4071,744
3753690,-25,4081,714
3753691,-39,4095,702
3753692,-40,4098,671
3753693,-40,4092,651
3753694,-75,4104,658
3753695,-102,4106,651
3753696,-92,4093,646
3753697,-95,4082,665
3753698,-105,4094,676
3753699,-93,4103,638
3753700,-80,4083,603
3753701,-98,4076,637
3753702,-128,4075,696
3753703,-141,4078,686
3753704,-132,4073,623
3753705,-117,4064,583
3753706,-113,4066,587
3753707,-116,4074,594
3753708,-110,4084,580
3753709,-104,4092,552
3753710,-107,4093,537
3753711,-118,4095,557
3753712,-129,4095,601
3753713,-136,4087,651
3753714,-139,4090,667
3753715,-121,4103,636
3753716,-92,4096,610
3753717,-82,4080,643
3753718,-102,4084,700
3753719,-115,4087,745
3753720,-102,4093,759
3753721,-74,4097,730
3753722,-50,4092,707
3753723,-32,4093,716
3753724,-8,4104,724
3753725,13,4108,709
3753726,-10,4123,744
3753727,-27,4130,760
3753728,-31,4125,772
3753729,-43,4122,784
3753730,-43,4123,801
3753731,-36,4137,790
3753732,-27,4147,738
3753733,-17,4133,695
3753734,-27,4130,717
3753735,-48,4143,781
3753736,-49,4136,820
3753737,-35,4131,823
3753738,-28,4134,800
3753739,-24,4126,769
3753740,-16,4121,747
3753741,-13,4119,755
3753742,-15,4121,778
3753743,-9,4127,787
3753744,-9,4118,784
3753745,-16,4106,794
3753746,-31,4108,812
3753747,-27,4107,809
3753748,-9,4106,788
3753749,-7,4096,757
3753750,-4,4084,757
3753751,-19,4097,760
3753752,-18,4092,741
3753753,-4,4079,740
3753754,-27,4084,766
3753755,-45,4087,792
3753756,-36,4084,769
3753757,-19,4069,727
3753758,-20,4077,722
3753759,-42,4096,717
3753760,-34,4086,678
3753761,-14,4080,640
3753762,-23,4089,651
3753763,-12,4100,623
3753764,-4,4086,612
3753765,-23,4080,626
3753766,-43,4075,644
3753767,-52,4076,662
3753768,-62,4072,669
3753769,-70,4080,670
3753770,-63,4074,655
3753771,-57,4067,644
3753772,-69,4073,650
3753773,-72,4059,662
3753774,-75,4066,687
3753775,-79,4076,691
3753776,-54,4071,690
3753777,-55,4081,715
3753778,-74,4087,747
3753779,-59,4082,749
3753780,-38,4085,726
3753781,-23,4090,695
3753782,-16,4094,674
3753783,-22,4102,689
3753784,-21,4099,739
3753785,-27,4097,775
3753786,-32,4105,790
3753787,-24,4116,790
3753788,-17,4117,756
3753789,5,4117,704
3753790,-10,4142,698
3753791,5,4139,651
3753792,12,4124,653
3753793,-48,4125,705
3753794,-82,4119,739
3753795,-70,4113,734
3753796,-61,4102,730
3753797,-59,4094,764
3753798,-72,4094,799
3753799,-81,4094,804
3753800,-78,4103,793
3753801,-80,4105,782
3753802,-72,4107,768
3753803,-40,4098,777
3753804,-28,4093,800
3753805,-16,4096,811
3753806,7,4089,835
3753807,-5,4094,883
3753808,-18,4107,899
3753809,8,4107,844
3753810,40,4097,805
3753811,29,4108,838
3753812,8,4123,857
3753813,32,4115,827
3753814,49,4113,808
3753815,36,4124,822
3753816,29,4137,828
3753817,37,4125,812
3753818,46,4109,833
3753819,33,4116,874
3753820,24,4125,867
3753821,48,4129,812
3753822,61,4133,778
3753823,38,4136,804
3753824,13,4136,824
3753825,14,4116,805
3753826,-20,4128,822
3753827,-48,4134,830
3753828,-33,4115,806
3753829,-10,4094,790
3753830,-9,4091,792
3753831,-12,4089,768
3753832,-11,4077,747
3753833,-33,4069,759
3753834,-55,4078,786
3753835,-40,4097,775
3753836,-5,4093,733
3753837,13,4088,714
3753838,0,4093,719
3753839,3,4111,707
3753840,16,4112,682
3753841,11,4096,710
3753842,-23,4102,779
3753843,-44,4106,817
3753844,-34,4099,810
3753845,-35,4099,821
3753846,-45,4113,834
3753847,-36,4109,799
3753848,-16,4099,750
3753849,-22,4098,721
3753850,-22,4101,722
3753851,-11,4111,740
3753852,-19,4108,754
3753853,-34,4120,761
3753854,-56,4136,742
3753855,-62,4129,701
3753856,-49,4141,714
3753857,-43,4149,694
3753858,-3,4137,664
3753859,-4,4138,680
3753860,-47,4140,737
3753861,-65,4127,795
3753862,-75,4127,818
3753863,-81,4114,798
3753864,-67,4100,748
3753865,-64,4099,715
3753866,-76,4091,749
3753867,-90,4096,800
3753868,-80,4105,798
3753869,-54,4102,750
3753870,-36,4096,719
3753871,-54,4098,743
3753872,-78,4100,768
3753873,-64,4090,778
3753874,-58,4093,788
3753875,-72,4105,776
3753876,-56,4095,727
3753877,-46,4106,695
3753878,-68,4113,720
3753880,-77,4105,759
3753881,-75,4103,798
3753882,-93,4118,828
3753883,-99,4128,798
3753884,-63,4109,742
3753885,-53,4095,731
3753886,-69,4090,770
3753887,-74,4097,796
3753888,-35,4082,773
3753889,-49,4078,804
3753890,-61,4079,841
3753891,-40,4077,842
3753892,-18,4060,828
3753893,-21,4050,840
3753894,-40,4043,852
3753895,-32,4028,876
3753896,-29,4027,910
3753897,-32,4031,896
3753898,2,4014,850
3753899,16,4003,836
3753900,-6,4004,857
3753901,-12,4014,864
3753902,-2,4035,843
3753903,7,4034,801
3753904,22,4027,779
3753905,6,4040,795
3753906,-21,4041,799
3753907,-7,4038,823
3753908,-22,4044,808
3753909,-12,4039,764
3753910,-28,4033,719
3753911,-49,4015,718
3753912,-71,4015,782
3753913,-96,4030,858
3753914,-89,4033,847
3753915,-60,4031,776
3753916,-50,4038,735
3753917,-52,4037,735
3753918,-36,4041,728
3753919,-21,4049,730
3753920,-25,4045,750
3753921,-40,4053,752
3753922,-42,4048,725
3753923,-38,4039,716
3753924,-50,4040,745
3753925,-58,4046,774
3753926,-38,4048,769
3753927,-14,4043,745
3753928,-16,4060,735
3753929,-18,4078,708
3753930,8,4076,665
3753931,15,4068,661
3753932,-13,4079,694
3753933,-24,4086,708
3753934,-23,4090,695
3753935,-25,4087,679
3753936,-27,4067,685
3753937,-59,4062,712
3753938,-86,4067,721
3753939,-72,4069,708
3753940,-70,4071,683
3753941,-81,4072,689
3753942,-94,4071,708
3753943,-103,4054,734
3753944,-112,4044,754
3753945,-120,4054,774
3753946,-113,4064,801
3753947,-97,4077,796
3753948,-72,4087,752
3753949,-50,4091,711
3753950,-53,4105,711
3753951,-78,4140,702
3753952,-61,4147,658
3753953,-33,4147,630
3753954,-46,4157,663
3753955,-61,4171,738
3753956,-61,4188,771
3753957,-45,4174,758
3753958,-46,4166,762
3753960,-74,4165,803
3753961,-89,4147,830
3753962,-98,4141,833
3753963,-106,4140,805
3753964,-88,4125,779
3753965,-89,4127,802
3753966,-117,4157,823
3753967,-111,4174,804
3753968,-105,4187,790
3753969,-115,4214,804
3753970,-114,4229,771
3753971,-85,4211,681
3753972,-116,4216,695
3753973,-121,4197,681
3753974,-100,4157,667
3753975,-86,4118,710
3753976,-81,4103,776
3753977,-53,4101,773
3753978,-2,4094,719
3753979,14,4095,719
3753980,-13,4113,749
3753981,-25,4128,729
3753982,-16,4114,665
3753983,-31,4107,660
3753984,-80,4103,745
3753985,-126,4119,814
3753986,-137,4129,797
3753987,-119,4096,752
3753988,-119,4106,761
3753989,-136,4134,764
3753990,-97,4128,715
3753991,-49,4120,678
3753992,-55,4127,688
3753993,-46,4137,707
3753994,-11,4138,727
3753995,-19,4136,754
3753996,-22,4130,762
3753997,-3,4126,746
3753998,-11,4121,734
3753999,-18,4099,736
3754000,-22,4089,744
3754001,-45,4075,740
3754002,-54,4061,745
3754003,-72,4069,768
3754004,-82,4062,765
3754005,-56,4047,753
3754006,-56,4052,773
3754007,-68,4063,774
3754008,-39,4064,751
3754009,-34,4071,758
3754010,-31,4069,743
3754011,-29,4087,736
3754012,-39,4106,725
3754013,-17,4085,694
3754014,-9,4077,709
3754015,-50,4086,747
3754016,-58,4086,763
3754017,-45,4091,777
3754018,-51,4101,791
3754019,-49,4101,773
3754020,-33,4096,733
3754021,-35,4104,708
3754022,-35,4110,678
3754023,-13,4097,654
3754024,-17,4093,684
3754025,-40,4106,747
3754026,-52,4112,802
3754027,-50,4102,818
3754028,-35,4084,822
3754029,-39,4087,824
3754030,-48,4079,798
3754031,-35,4058,772
3754032,-37,4062,789
3754033,-56,4066,798
3754034,-46,4041,770
3754035,-34,4023,800
3754036,-69,4044,883
3754037,-79,4066,912
3754038,-39,4076,856
3754039,-10,4071,773
3754040,-15,4078,729
3754041,-25,4085,727
3754042,-31,4089,728
3754043,-44,4094,698
3754044,-12,4115,627
3754045,-10,4130,608
3754046,-12,4128,582
3754047,-18,4122,580
3754048,-52,4115,627
3754049,-90,4111,693
3754050,-118,4114,750
3754051,-136,4121,738
3754052,-120,4109,669
3754053,-88,4101,637
3754054,-98,4118,657
3754055,-104,4127,668
3754056,-77,4120,658
3754057,-73,4122,677
3754058,-87,4129,712
3754059,-77,4134,736
3754060,-60,4128,749
3754061,-54,4133,754
3754062,-38,4141,729
3754063,-9,4143,691
3754064,5,4151,677
3754065,-1,4149,693
3754066,-10,4137,738
3754067,-30,4133,778
3754068,-37,4130,779
3754069,-33,4116,766
3754070,-49,4102,769
3754071,-76,4088,789
3754072,-84,4086,817
3754073,-78,4077,858
3754074,-89,4082,912
3754075,-100,4112,909
3754076,-69,4110,833
3754077,-42,4106,759
3754078,-55,4131,746
3754079,-64,4147,729
3754080,-38,4151,692
3754081,-39,4164,703
3754082,-69,4171,738
3754083,-69,4168,764
3754084,-105,4179,792
3754085,-106,4176,801
3754086,-98,4159,818
3754087,-101,4146,824
3754088,-93,4144,829
3754089,-78,4152,829
3754090,-75,4169,795
3754091,-40,4176,729
3754092,-5,4162,682
3754093,-8,4147,719
3754094,-25,4138,801
3754095,-39,4119,870
3754096,-58,4099,917
3754097,-87,4094,910
3754098,-81,4082,860
3754099,-56,4078,818
3754100,-58,4078,786
3754101,-49,4063,769
3754102,-50,4062,751
3754103,-42,4061,735
3754104,-26,4052,733
3754105,-38,4047,740
3754106,-45,4051,745
3754107,-59,4050,737
3754108,-59,4037,750
3754109,-49,4030,776
3754110,-59,4039,779
3754111,-64,4036,747
3754112,-50,4025,741
3754113,-54,4041,771
3754114,-61,4071,756
3754115,-18,4061,693
3754116,9,4043,679
3754117,-35,4059,715
3754118,-55,4072,714
3754119,-33,4057,698
3754120,-57,4055,733
3754121,-100,4080,786
3754122,-54,4072,714
3754123,-61,4074,712
3754124,-73,4074,703
3754125,-44,4057,691
3754126,-40,4046,714
3754127,-60,4046,764
3754128,-72,4046,780
3754129,-62,4043,763
3754130,-53,4048,759
3754131,-51,4041,755
3754132,-43,4036,755
3754133,-50,4037,763
3754134,-49,4042,788
3754135,-57,4067,791
3754136,-53,4071,762
3754137,-19,4059,754
3754138,-10,4056,802
3754139,-29,4070,843
3754140,-16,4071,824
3754141,11,4055,823
3754142,-31,4080,874
3754143,-69,4112,902
3754144,-21,4097,872
3754145,14,4090,858
3754146,14,4105,877
3754147,33,4109,879
3754148,48,4101,877
3754149,30,4103,915
3754150,8,4117,966
3754151,11,4120,973
3754152,27,4109,939
3754153,46,4105,925
3754154,42,4112,935
3754155,43,4121,943
3754156,59,4121,931
3754157,83,4119,902
3754158,63,4130,891
3754159,50,4147,875
3754160,36,4143,819
3754161,35,4116,794
3754162,15,4103,824
3754163,-18,4083,870
3754164,-38,4074,900
3754165,-48,4070,901
3754166,-38,4063,890
3754167,-20,4060,895
3754168,-14,4062,915
3754169,-22,4064,899
3754170,-11,4072,832
3754171,19,4079,788
3754172,13,4078,785
3754173,0,4079,796
3754174,11,4079,797
3754175,13,4086,790
3754176,-9,4095,793
3754177,-39,4098,771
3754178,-48,4091,742
3754179,-66,4087,756
3754180,-90,4091,786
3754181,-97,4090,789
3754182,-94,4081,787
3754183,-84,4081,789
3754184,-78,4081,784
3754185,-76,4082,777
3754186,-78,4103,770
3754187,-73,4121,736
3754188,-46,4119,669
3754189,-23,4105,654
3754190,-40,4107,699
3754191,-59,4105,729
3754192,-51,4092,738
3754193,-64,4104,751
3754194,-84,4100,748
3754195,-88,4085,750
3754196,-90,4066,768
3754197,-91,4066,780
3754198,-85,4055,770
3754199,-69,4047,768
3754200,-84,4064,771
3754201,-92,4062,759
3754202,-66,4060,745
3754203,-53,4070,755
3754204,-59,4076,758
3754205,-54,4087,746
3754206,-52,4107,750
3754207,-67,4121,744
3754208,-66,4120,705
3754209,-51,4117,692
3754210,-58,4118,706
3754211,-63,4117,727
3754212,-74,4124,761
3754213,-103,4133,776
3754214,-99,4144,755
3754215,-76,4152,732
3754216,-69,4139,731
3754217,-53,4150,748
3754218,-34,4144,756
3754220,-38,4153,772
3754221,-51,4155,787
3754222,-51,4151,778
3754223,-50,4137,774
3754224,-52,4126,820
3754225,-55,4122,884
3754226,-49,4116,910
3754227,-29,4106,895
3754228,-26,4096,867
3754229,-35,4084,862
3754230,-39,4074,875
3754231,-45,4074,889
3754232,-41,4070,893
3754233,-21,4058,898
3754234,-24,4064,899
3754235,-22,4075,869
3754236,16,4055,813
3754237,32,4052,793
3754238,3,4078,807
3754239,-4,4088,783
3754240,25,4085,758
3754241,4,4100,756
3754242,-29,4121,728
3754243,-16,4126,684
3754244,-12,4111,676
3754245,-37,4105,696
3754246,-48,4114,750
3754247,-75,4128,793
3754248,-93,4126,809
3754249,-86,4126,819
3754250,-81,4137,821
3754251,-52,4129,737
3754252,-19,4111,718
3754253,-20,4110,755
3754254,-36,4107,803
3754255,-18,4095,825
3754256,-4,4080,839
3754257,-31,4078,842
3754258,-26,4062,834
3754259,-12,4045,866
3754260,-42,4064,898
3754261,-36,4071,863
3754262,12,4061,802
3754263,16,4071,793
3754264,-2,4094,801
3754265,6,4103,779
3754266,11,4113,749
3754267,4,4105,716
3754268,3,4089,713
3754269,-17,4093,750
3754270,-39,4084,769
3754271,-52,4064,764
3754272,-76,4061,757
3754273,-91,4053,745
3754274,-94,4041,738
3754275,-99,4043,744
3754276,-87,4041,765
3754277,-76,4039,797
3754278,-62,4039,810
3754279,-11,4031,803
3754280,-22,4055,785
3754281,4,4053,801
3754282,-10,4072,822
3754283,-33,4073,813
3754284,-2,4061,791
3754285,-11,4063,777
3754286,-34,4068,783
3754287,-24,4070,780
3754288,-18,4068,784
3754289,-40,4085,812
3754290,-65,4098,802
3754291,-45,4083,765
3754292,-33,4079,772
3754293,-64,4083,800
3754294,-63,4070,790
3754295,-42,4055,774
3754296,-60,4055,783
3754297,-77,4059,769
3754298,-50,4056,710
3754299,-33,4058,659
3754300,-32,4056,666
3754301,-54,4074,700
3754302,-72,4075,708
3754303,-63,4067,701
3754304,-88,4081,692
3754305,-96,4081,691
3754306,-95,4083,690
3754307,-109,4082,675
3754308,-93,4080,655
3754309,-82,4097,646
3754310,-70,4104,661
3754311,-57,4104,674
3754312,-53,4116,681
3754313,-56,4128,665
3754314,-56,4123,631
3754315,-51,4118,653
3754316,-81,4123,711
3754317,-98,4114,752
3754318,-80,4112,773
3754319,-68,4107,788
3754320,-53,4097,827
3754321,-33,4098,840
3754322,-17,4103,816
3754323,12,4090,773
3754324,27,4075,767
3754325,7,4090,790
3754326,3,4095,775
3754327,14,4081,752
3754328,-2,4074,764
3754329,-29,4083,775
3754330,-28,4086,766
3754331,-28,4078,754
3754332,-56,4087,783
3754333,-78,4105,818
3754334,-70,4102,831
3754335,-53,4103,831
3754336,-41,4099,821
3754337,-34,4098,833
3754338,-33,4101,873
3754339,-34,4088,915
3754340,-44,4098,926
3754341,-43,4090,892
3754342,-17,4062,839
3754343,-16,4057,835
3754344,-32,4056,867
3754345,-15,4059,871
3754346,23,4064,873
3754347,33,4053,913
3754348,22,4059,940
3754349,33,4052,911
3754350,54,4031,869
3754351,31,4037,849
3754352,2,4054,868
3754353,-12,4052,864
3754354,-3,4048,855
3754355,-13,4043,871
3754356,0,4044,900
3754357,-5,4066,894
3754358,-11,4062,870
3754359,-13,4073,879
3754360,-42,4093,862
3754361,-23,4069,807
3754362,4,4068,797
3754363,-23,4088,814
3754364,-17,4073,811
3754365,1,4056,833
3754366,-40,4076,883
3754367,-48,4092,872
3754368,-12,4092,789
3754369,-8,4080,750
3754370,-33,4083,779
3754371,-40,4099,829
3754372,-26,4111,844
3754373,-11,4099,832
3754374,-10,4097,830
3754375,-25,4112,811
3754376,-9,4110,785
3754377,-19,4117,767
3754378,-45,4123,776
3754379,-33,4121,790
3754380,-20,4121,754
3754381,-4,4110,697
3754382,12,4086,704
3754383,-25,4090,765
3754384,-72,4100,780
3754385,-50,4080,744
3754386,-42,4079,754
3754387,-90,4091,786
3754388,-86,4095,777
3754389,-47,4086,751
3754390,-43,4088,726
3754391,-43,4108,676
3754392,-14,4105,610
3754393,-24,4089,630
3754394,-62,4092,705
3754395,-74,4085,732
3754396,-71,4080,726
3754397,-90,4091,700
3754398,-69,4089,655
3754399,-49,4077,622
3754400,-65,4084,641
3754401,-90,4091,666
3754402,-90,4093,690
3754403,-92,4100,716
3754404,-101,4093,730
3754405,-100,4086,735
3754406,-97,4089,752
3754407,-96,4089,765
3754408,-90,4087,767
3754409,-86,4087,791
3754410,-88,4078,857
3754411,-104,4090,921
3754412,-112,4113,905
3754413,-71,4117,837
3754414,-30,4120,790
3754415,-8,4117,793
3754416,3,4107,822
3754417,0,4108,857
3754418,-11,4102,889
3754419,-30,4090,922
3754420,-34,4081,937
3754421,-13,4074,944
3754422,-27,4093,980
3754424,2,4073,970
3754425,15,4066,965
3754426,-12,4089,976
3754427,-9,4083,952
3754428,8,4076,920
3754429,-9,4075,911
3754430,-20,4077,899
3754431,-14,4075,890
3754432,-3,4068,899
3754433,2,4071,906
3754434,-3,4076,885
3754435,-1,4081,851
3754436,-13,4084,826
3754437,-22,4088,818
3754438,-32,4097,811
3754439,-55,4121,799
3754440,-43,4112,800
3754441,-35,4088,803
3754442,-40,4060,810
3754443,-50,4035,847
3754444,-83,4046,860
3754445,-84,4051,816
3754446,-52,4048,753
3754447,-35,4068,712
3754448,-14,4095,703
3754449,15,4127,674
3754450,17,4140,631
3754451,-21,4131,604
3754452,-68,4124,614
3754453,-172,4112,696
3754454,-177,4108,675
3754455,-143,4101,628
