7446899,-134,4121,193
7446900,-119,4125,208
7446901,-131,4123,230
7446902,-149,4119,234
7446903,-164,4126,223
7446904,-195,4135,207
7446905,-226,4139,191
7446906,-247,4135,201
7446907,-274,4141,231
7446908,-292,4152,235
7446909,-292,4157,219
7446910,-297,4162,217
7446911,-286,4151,211
7446912,-257,4147,248
7446913,-241,4157,304
7446914,-228,4157,341
7446915,-197,4156,350
7446916,-174,4164,339
7446917,-166,4175,327
7446918,-156,4182,311
7446919,-140,4182,303
7446920,-125,4189,310
7446921,-114,4193,308
7446922,-107,4182,300
7446923,-101,4177,310
7446924,-103,4184,326
7446925,-114,4185,333
7446926,-120,4176,330
7446927,-136,4170,337
7446928,-158,4165,364
7446929,-168,4166,376
7446930,-178,4178,365
7446931,-181,4181,338
7446932,-169,4170,322
7446933,-155,4161,331
7446934,-153,4166,341
7446935,-153,4178,332
7446936,-139,4178,309
7446937,-123,4182,298
7446938,-120,4192,294
7446939,-118,4189,285
7446940,-117,4180,287
7446941,-117,4175,329
7446942,-113,4165,348
7446943,-121,4162,348
7446944,-135,4164,334
7446945,-134,4164,311
7446946,-123,4164,286
7446947,-112,4165,273
7446948,-120,4171,273
7446949,-134,4174,271
7446950,-131,4163,249
7446951,-129,4160,235
7446952,-134,4167,232
7446953,-135,4162,235
7446954,-141,4160,247
7446955,-155,4158,266
7446956,-157,4152,290
7446957,-151,4141,311
7446958,-155,4130,346
7446959,-153,4140,363
7446960,-145,4153,326
7446961,-140,4140,295
7446962,-140,4124,316
7446963,-150,4138,354
7446964,-155,4153,344
7446965,-135,4142,304
7446966,-113,4131,302
7446967,-118,4141,328
7446968,-133,4145,326
7446969,-135,4135,296
7446970,-131,4127,292
7446971,-140,4133,298
7446972,-150,4149,280
7446973,-147,4149,251
7446974,-152,4143,230
7446975,-155,4145,229
7446976,-149,4148,241
7446977,-159,4149,251
7446978,-166,4145,254
7446979,-158,4139,253
7446980,-177,4137,262
7446981,-188,4136,265
7446982,-195,4130,261
7446983,-195,4122,260
7446984,-188,4119,275
7446985,-191,4118,285
7446986,-202,4120,274
7446987,-202,4125,245
7446988,-192,4120,217
7446989,-179,4108,212
7446990,-170,4102,229
7446991,-165,4100,249
7446992,-157,4103,259
7446993,-146,4104,257
7446994,-147,4097,256
7446995,-155,4093,252
7446996,-162,4097,245
7446997,-165,4105,256
7446998,-173,4118,268
7446999,-185,4124,260
7447000,-174,4118,252
7447001,-162,4115,244
7447002,-163,4117,243
7447003,-156,4120,247
7447004,-147,4119,247
7447005,-142,4124,260
7447006,-145,4132,275
7447007,-158,4134,275
7447008,-168,4137,276
7447009,-171,4155,292
7447010,-179,4170,284
7447011,-184,4163,252
7447012,-175,4150,250
7447013,-173,4148,275
7447014,-183,4141,296
7447015,-184,4136,316
7447016,-182,4142,335
7447017,-181,4139,337
7447018,-169,4132,331
7447019,-148,4128,360
7447020,-147,4131,349
7447021,-138,4136,339
7447022,-129,4146,353
7447023,-131,4154,371
7447024,-139,4152,368
7447025,-144,4152,348
7447026,-148,4149,327
7447027,-151,4143,330
7447028,-154,4149,346
7447029,-166,4156,346
7447030,-173,4155,341
7447031,-169,4156,340
7447032,-168,4156,347
7447033,-170,4151,346
7447034,-164,4144,339
7447035,-162,4142,342
7447036,-175,4141,348
7447037,-182,4139,336
7447038,-184,4143,301
7447039,-180,4147,263
7447040,-170,4146,249
7447041,-171,4161,254
7447042,-186,4180,245
7447043,-188,4172,225
7447044,-176,4158,221
7447045,-173,4155,234
7447046,-176,4153,239
7447047,-173,4145,239
7447048,-178,4151,253
7447049,-190,4156,262
7447050,-201,4142,254
7447051,-206,4139,259
7447052,-209,4141,278
7447053,-205,4138,289
7447054,-194,4139,286
7447055,-181,4135,261
7447056,-166,4107,235
7447057,-163,4104,264
7447058,-180,4116,292
7447059,-206,4122,265
7447060,-207,4105,216
7447061,-190,4093,206
7447062,-195,4097,217
7447063,-215,4099,214
7447064,-219,4099,211
7447065,-213,4111,226
7447066,-211,4132,247
7447067,-203,4144,238
7447068,-183,4149,213
7447069,-175,4164,211
7447070,-182,4191,213
7447071,-181,4214,200
7447072,-177,4231,194
7447073,-178,4248,206
7447074,-181,4256,226
7447075,-181,4263,250
7447076,-179,4271,255
7447077,-172,4276,248
7447078,-174,4284,251
7447079,-198,4281,251
7447080,-214,4270,258
7447081,-210,4272,276
7447082,-212,4274,292
7447083,-214,4264,307
7447084,-214,4256,319
7447085,-212,4254,325
7447086,-203,4247,316
7447087,-191,4235,308
7447088,-183,4232,309
7447089,-176,4236,304
7447090,-167,4233,307
7447091,-177,4222,312
7447092,-183,4213,305
7447093,-171,4204,294
7447094,-159,4195,291
7447095,-156,4189,277
7447096,-154,4182,269
7447097,-156,4177,290
7447098,-163,4172,297
7447099,-168,4161,274
7447100,-157,4158,263
7447101,-146,4164,276
7447102,-144,4165,291
7447103,-140,4167,297
7447104,-135,4170,286
7447105,-132,4168,276
7447106,-127,4171,273
7447107,-123,4178,266
7447108,-123,4178,260
7447109,-118,4173,251
7447110,-110,4173,259
7447111,-108,4172,271
7447112,-111,4172,269
7447113,-112,4184,272
7447114,-110,4187,275
7447115,-116,4196,285
7447116,-125,4213,303
7447117,-132,4216,304
7447118,-129,4213,285
7447119,-130,4212,265
7447120,-139,4207,262
7447121,-143,4207,280
7447122,-144,4214,314
7447123,-151,4212,346
7447124,-158,4195,350
7447125,-166,4172,342
7447126,-172,4162,358
7447127,-171,4169,377
7447128,-175,4181,382
7447129,-173,4187,387
7447130,-163,4202,393
7447131,-158,4225,380
7447132,-150,4233,330
7447133,-130,4227,274
7447134,-128,4215,279
7447135,-134,4214,286
7447136,-139,4200,295
7447137,-146,4186,307
7447138,-148,4174,320
7447139,-157,4165,331
7447140,-175,4160,311
7447141,-179,4144,272
7447142,-169,4120,253
7447143,-157,4110,267
7447144,-165,4107,294
7447145,-181,4107,293
7447146,-182,4098,263
7447147,-173,4083,231
7447148,-165,4071,220
7447149,-168,4069,217
7447150,-182,4073,203
7447151,-185,4075,174
7447152,-180,4084,149
7447153,-180,4097,139
7447154,-171,4103,137
7447155,-165,4105,140
7447156,-169,4108,159
7447157,-164,4111,185
7447158,-151,4112,201
7447159,-145,4111,226
7447160,-143,4117,272
7447161,-136,4123,305
7447162,-125,4126,321
7447163,-117,4124,337
7447164,-112,4116,364
7447165,-114,4119,407
7447166,-118,4123,441
7447167,-118,4118,441
7447168,-112,4108,438
7447169,-99,4104,446
7447170,-90,4111,443
7447171,-88,4118,421
7447172,-55,4112,367
7447173,-46,4109,353
7447174,-45,4116,352
7447175,-49,4112,330
7447176,-42,4097,294
7447177,-38,4098,295
7447179,-58,4103,306
7447180,-71,4099,282
7447181,-71,4098,266
7447182,-93,4110,280
7447183,-134,4114,277
7447184,-152,4096,236
7447185,-150,4074,217
7447186,-161,4067,251
7447187,-171,4069,273
7447188,-165,4060,265
7447189,-155,4047,275
7447190,-155,4048,304
7447191,-165,4054,315
7447192,-171,4056,291
7447193,-166,4057,258
7447194,-161,4064,243
7447195,-157,4069,243
7447196,-152,4073,239
7447197,-150,4080,229
7447198,-144,4084,227
7447199,-113,4073,217
7447200,-101,4062,217
7447201,-94,4071,242
7447202,-104,4090,268
7447203,-113,4099,267
7447204,-107,4094,249
7447205,-110,4087,271
7447206,-126,4089,323
7447207,-143,4092,347
7447208,-140,4090,344
7447209,-123,4081,347
7447210,-127,4082,374
7447211,-146,4091,378
7447212,-146,4088,344
7447213,-126,4078,326
7447214,-123,4079,334
7447215,-145,4088,334
7447216,-151,4091,319
7447217,-142,4087,303
7447218,-137,4081,298
7447219,-132,4079,299
7447220,-127,4083,302
7447221,-124,4080,319
7447222,-126,4067,322
7447223,-135,4060,309
7447224,-142,4065,307
7447225,-149,4079,319
7447226,-157,4084,317
7447227,-147,4082,319
7447228,-136,4093,353
7447229,-146,4105,365
7447230,-138,4105,347
7447231,-111,4101,334
7447232,-114,4103,321
7447233,-125,4100,312
7447234,-114,4093,298
7447235,-110,4095,296
7447236,-121,4096,310
7447237,-131,4100,310
7447238,-146,4107,256
7447239,-147,4102,253
7447240,-152,4105,275
7447241,-161,4111,310
7447242,-176,4112,325
7447243,-188,4102,324
7447244,-183,4093,330
7447245,-181,4105,333
7447246,-192,4115,318
7447247,-184,4109,278
7447248,-157,4110,236
7447249,-140,4121,206
7447250,-128,4119,198
7447251,-120,4119,233
7447252,-133,4131,260
7447253,-146,4126,233
7447254,-138,4104,197
7447255,-138,4089,199
7447256,-150,4089,235
7447257,-166,4097,265
7447258,-191,4105,287
7447259,-211,4100,310
7447260,-221,4087,323
7447261,-226,4083,344
7447262,-234,4084,361
7447263,-238,4087,339
7447264,-222,4089,310
7447265,-204,4087,299
7447266,-196,4098,305
7447267,-187,4113,311
7447268,-179,4116,296
7447269,-175,4118,276
7447270,-168,4117,276
7447271,-154,4122,301
7447272,-146,4138,314
7447273,-140,4141,283
7447274,-119,4136,253
7447275,-118,4132,266
7447276,-149,4134,274
7447277,-157,4138,230
7447278,-150,4138,232
7447279,-168,4145,244
7447280,-183,4146,247
7447281,-179,4142,238
7447282,-177,4147,225
7447283,-183,4145,226
7447284,-181,4132,254
7447285,-179,4125,297
7447286,-191,4127,331
7447287,-193,4129,347
7447288,-189,4132,357
7447289,-191,4137,373
7447290,-181,4140,382
7447291,-163,4135,388
7447292,-149,4124,417
7447293,-129,4116,456
7447294,-120,4124,463
7447295,-109,4128,431
7447296,-85,4122,396
7447297,-73,4129,372
7447298,-83,4136,346
7447299,-85,4127,331
7447300,-81,4130,337
7447301,-96,4142,348
7447302,-107,4138,343
7447303,-112,4119,319
7447304,-122,4101,306
7447305,-125,4094,324
7447306,-129,4092,356
7447307,-137,4093,375
7447308,-136,4091,368
7447309,-123,4082,362
7447310,-110,4077,371
7447311,-117,4077,359
7447312,-109,4071,348
7447313,-108,4074,338
7447314,-108,4072,335
7447315,-103,4071,353
7447316,-105,4074,359
7447317,-108,4068,340
7447318,-102,4058,322
7447319,-97,4058,331
7447320,-107,4070,345
7447321,-119,4082,325
7447322,-114,4078,302
7447323,-108,4065,321
7447324,-132,4076,361
7447325,-175,4095,349
7447326,-182,4095,286
7447327,-162,4093,259
7447328,-175,4106,284
7447329,-193,4119,281
7447330,-178,4117,234
7447331,-164,4112,208
7447332,-173,4109,234
7447333,-186,4106,261
7447334,-192,4109,263
7447335,-188,4115,269
7447336,-183,4117,286
7447337,-193,4121,296
7447338,-204,4122,309
7447339,-192,4119,346
7447340,-183,4136,403
7447341,-202,4161,425
7447342,-214,4160,379
7447343,-187,4151,344
7447344,-172,4167,368
7447345,-173,4184,386
7447346,-151,4181,372
7447347,-126,4186,385
7447348,-128,4210,412
7447349,-139,4219,378
7447350,-118,4196,332
7447351,-142,4213,391
7447352,-176,4224,379
7447353,-169,4198,312
7447354,-151,4178,315
7447355,-170,4184,366
7447356,-188,4174,369
7447357,-170,4144,355
7447358,-146,4132,385
7447359,-141,4145,430
7447360,-141,4152,431
7447361,-133,4141,395
7447362,-126,4138,389
7447363,-129,4141,388
7447364,-125,4142,358
7447365,-118,4146,332
7447366,-118,4149,313
7447367,-106,4146,284
7447368,-80,4146,263
7447369,-78,4151,276
7447370,-102,4154,286
7447371,-109,4149,260
7447372,-100,4137,252
7447373,-105,4143,299
7447374,-126,4159,326
7447375,-130,4153,297
7447376,-118,4144,276
7447377,-117,4152,284
7447378,-125,4156,288
7447379,-129,4146,275
7447380,-127,4139,291
7447381,-132,4141,330
7447382,-142,4143,335
7447383,-153,4142,310
7447384,-169,4152,285
7447385,-172,4157,263
7447386,-162,4151,250
7447387,-158,4156,260
7447388,-184,4173,282
7447389,-190,4179,271
7447390,-184,4189,266
7447391,-176,4204,285
7447392,-177,4222,299
7447393,-176,4231,277
7447394,-164,4225,241
7447395,-149,4223,230
7447396,-148,4236,245
7447397,-154,4241,256
7447398,-147,4232,271
7447399,-143,4225,318
7447400,-155,4225,363
7447401,-165,4219,367
7447402,-165,4207,356
7447403,-165,4198,359
7447404,-178,4194,373
7447405,-188,4194,388
7447406,-193,4202,397
7447407,-196,4211,383
7447408,-186,4220,338
7447409,-167,4226,300
7447410,-149,4237,286
7447411,-137,4243,271
7447412,-125,4232,261
7447413,-114,4229,272
7447414,-117,4241,289
7447415,-132,4248,314
7447416,-144,4250,335
7447417,-151,4252,328
7447418,-158,4257,298
7447419,-167,4255,276
7447420,-170,4245,283
7447421,-165,4229,292
7447422,-163,4214,296
7447423,-170,4209,311
7447424,-176,4206,328
7447425,-178,4191,320
7447426,-180,4176,296
7447427,-189,4184,279
7447428,-194,4188,260
7447429,-190,4192,242
7447430,-188,4183,221
7447431,-190,4163,205
7447432,-180,4153,212
7447433,-165,4150,225
7447434,-157,4150,227
7447435,-149,4146,230
7447436,-143,4143,249
7447437,-148,4138,259
7447438,-145,4126,254
7447439,-132,4119,257
7447440,-128,4119,268
7447441,-129,4125,273
7447442,-128,4121,266
7447443,-127,4108,274
7447444,-139,4102,306
7447445,-149,4101,333
7447446,-148,4104,332
7447447,-144,4109,321
7447448,-131,4111,306
7447449,-123,4109,295
7447450,-130,4112,299
7447451,-141,4116,309
7447452,-139,4112,315
7447453,-127,4108,318
7447454,-127,4095,310
7447455,-130,4080,297
7447456,-136,4080,296
7447457,-145,4084,286
7447458,-142,4084,272
7447459,-134,4088,265
7447460,-133,4082,253
7447461,-129,4064,254
7447462,-124,4059,279
7447463,-124,4063,302
7447464,-125,4062,322
7447465,-149,4058,338
7447466,-155,4059,322
7447467,-144,4061,305
7447468,-147,4056,298
7447469,-158,4054,306
7447470,-153,4054,315
7447471,-147,4051,312
7447472,-147,4054,311
7447473,-153,4062,303
7447474,-150,4061,274
7447475,-131,4058,260
7447476,-129,4065,262
7447477,-140,4063,246
7447478,-133,4057,232
7447479,-137,4061,260
7447480,-152,4062,293
7447481,-155,4056,291
7447482,-154,4051,279
7447483,-159,4053,294
7447484,-166,4056,324
7447485,-173,4048,335
7447486,-170,4046,323
7447487,-154,4052,294
7447488,-133,4042,272
7447489,-114,4037,280
7447490,-111,4044,311
7447491,-121,4058,332
7447492,-128,4057,301
7447493,-111,4040,272
7447494,-101,4046,312
7447495,-137,4070,342
7447496,-161,4074,300
7447497,-140,4057,259
7447498,-128,4049,300
7447499,-148,4064,378
7447500,-167,4084,381
7447501,-158,4085,337
7447502,-136,4080,341
7447503,-138,4100,368
7447504,-162,4121,336
7447505,-131,4119,258
7447506,-126,4137,298
7447507,-135,4146,313
7447508,-136,4141,292
7447509,-139,4139,296
7447510,-150,4146,330
7447511,-167,4156,337
7447512,-171,4158,325
7447513,-158,4145,348
7447514,-160,4139,406
7447515,-179,4144,432
7447516,-171,4142,416
7447517,-144,4146,403
7447518,-139,4157,410
7447519,-142,4156,430
7447520,-133,4160,451
7447521,-136,4176,467
7447522,-144,4177,457
7447523,-126,4169,421
7447524,-115,4176,402
7447525,-127,4190,396
7447526,-129,4195,389
7447527,-125,4206,386
7447528,-139,4207,373
7447529,-137,4189,353
7447530,-120,4181,368
7447531,-129,4193,393
7447532,-131,4204,346
7447533,-119,4202,270
7447534,-123,4207,276
7447535,-143,4230,353
7447536,-170,4248,361
7447537,-174,4235,279
7447538,-154,4215,238
7447539,-158,4220,261
7447540,-182,4228,257
7447541,-190,4223,213
7447542,-191,4218,188
7447543,-206,4218,220
7447544,-225,4218,280
7447545,-222,4197,276
7447546,-206,4183,303
7447547,-205,4184,337
7447548,-208,4184,357
7447549,-202,4180,354
7447550,-192,4169,341
7447551,-178,4158,347
7447552,-174,4164,346
7447553,-179,4176,320
7447554,-171,4177,308
7447555,-150,4175,303
7447556,-144,4173,307
7447557,-155,4169,314
7447558,-162,4161,290
7447559,-157,4149,276
7447560,-151,4149,285
7447561,-160,4151,277
7447562,-162,4145,271
7447563,-159,4142,279
7447564,-176,4144,277
7447565,-184,4142,261
7447566,-180,4140,259
7447567,-187,4142,283
7447568,-200,4139,290
7447569,-198,4126,272
7447571,-173,4103,330
7447572,-190,4116,368
7447573,-204,4117,357
7447574,-201,4104,337
7447575,-198,4089,344
7447576,-205,4089,358
7447577,-203,4098,346
7447578,-185,4102,308
7447579,-167,4106,286
7447580,-156,4102,295
7447581,-149,4098,301
7447582,-145,4099,292
7447583,-141,4106,286
7447584,-143,4112,298
7447585,-150,4107,319
7447586,-161,4106,335
7447587,-175,4110,330
7447588,-173,4104,301
7447589,-167,4102,290
7447590,-171,4107,301
7447591,-173,4100,307
7447592,-171,4098,311
7447593,-175,4118,298
7447594,-180,4116,287
7447595,-186,4115,283
7447596,-186,4108,299
7447597,-184,4110,326
7447598,-194,4121,335
7447599,-196,4121,316
7447600,-180,4117,311
7447601,-176,4121,335
7447602,-184,4123,351
7447603,-186,4116,344
7447604,-182,4108,333
7447605,-183,4109,329
7447606,-190,4126,326
7447607,-208,4144,316
7447608,-220,4149,299
7447609,-206,4151,289
7447610,-186,4156,294
7447611,-173,4155,303
7447612,-158,4147,326
7447613,-154,4149,356
7447614,-150,4151,365
7447615,-125,4145,365
7447616,-123,4150,382
7447617,-158,4164,395
7447618,-170,4162,377
7447619,-151,4152,385
7447620,-154,4159,424
7447621,-173,4169,420
7447622,-162,4166,398
7447623,-142,4168,422
7447624,-152,4185,460
7447625,-158,4188,457
7447626,-145,4181,434
7447627,-135,4178,423
7447628,-132,4172,406
7447629,-132,4149,391
7447630,-116,4133,353
7447631,-94,4126,338
7447632,-97,4137,363
7447633,-115,4155,379
7447634,-111,4148,355
7447635,-91,4132,335
7447636,-84,4123,351
7447637,-95,4114,377
7447638,-100,4111,369
7447639,-99,4109,350
7447640,-101,4104,358
7447641,-100,4089,378
7447642,-97,4079,418
7447643,-108,4100,446
7447644,-124,4115,397
7447645,-108,4103,327
7447646,-97,4100,322
7447647,-124,4118,332
7447648,-146,4125,286
7447649,-133,4123,228
7447650,-125,4118,241
7447651,-141,4116,302
7447652,-151,4123,312
7447653,-139,4123,279
7447654,-128,4122,276
7447655,-141,4129,299
7447656,-163,4136,300
7447657,-168,4145,284
7447658,-171,4166,276
7447659,-185,4178,247
7447660,-182,4171,203
7447661,-170,4168,216
7447662,-180,4184,282
7447663,-195,4192,277
7447664,-196,4184,263
7447665,-207,4186,261
7447666,-227,4191,236
7447667,-235,4197,214
7447668,-234,4195,237
7447669,-233,4194,271
7447670,-228,4190,278
7447671,-220,4181,273
7447672,-209,4180,284
7447673,-203,4186,316
7447674,-196,4184,341
7447675,-186,4180,345
7447676,-173,4182,342
7447677,-166,4192,344
7447678,-165,4199,337
7447679,-157,4190,335
7447680,-146,4185,357
7447681,-148,4195,383
7447682,-147,4201,394
7447683,-133,4198,373
7447684,-121,4197,342
7447685,-116,4198,343
7447686,-118,4199,354
7447687,-121,4204,347
7447688,-123,4204,346
7447689,-131,4201,363
7447690,-147,4205,381
7447691,-152,4205,392
7447692,-139,4190,397
7447693,-136,4184,415
7447694,-143,4193,446
7447695,-155,4196,453
7447696,-171,4191,432
7447697,-178,4192,422
7447698,-184,4205,416
7447699,-191,4213,387
7447700,-168,4201,352
7447701,-136,4188,323
7447702,-126,4191,324
7447703,-130,4188,334
7447704,-144,4189,348
7447705,-161,4192,346
7447706,-169,4184,321
7447707,-176,4169,298
7447708,-185,4160,305
7447709,-199,4162,325
7447710,-212,4164,326
7447711,-208,4161,321
7447712,-197,4161,330
7447713,-198,4150,342
7447714,-210,4136,343
7447715,-214,4137,329
7447716,-206,4139,329
7447717,-198,4138,345
7447718,-194,4132,356
7447719,-187,4127,361
7447720,-175,4123,366
7447721,-168,4111,382
7447722,-167,4108,403
7447723,-170,4112,405
7447724,-175,4118,383
7447725,-179,4125,350
7447726,-178,4125,322
7447727,-169,4129,309
7447728,-166,4137,319
7447729,-169,4143,326
7447730,-166,4135,325
7447731,-161,4125,331
7447732,-156,4124,326
7447733,-156,4120,307
7447734,-162,4115,298
7447735,-173,4118,314
7447736,-179,4120,317
7447737,-177,4113,310
7447738,-187,4116,316
7447739,-201,4126,303
7447740,-200,4118,264
7447741,-195,4112,282
7447742,-196,4114,288
7447743,-179,4112,270
7447744,-174,4114,255
7447745,-179,4114,254
7447746,-178,4113,245
7447747,-177,4113,243
7447748,-180,4111,251
7447749,-184,4106,260
7447750,-195,4103,278
7447751,-202,4100,282
7447752,-193,4096,286
7447753,-183,4094,305
7447754,-180,4088,305
7447755,-173,4086,302
7447756,-178,4084,314
7447757,-192,4080,313
7447758,-192,4084,296
7447759,-192,4092,302
7447760,-208,4098,317
7447761,-220,4105,314
7447762,-211,4101,308
7447763,-211,4097,316
7447764,-214,4102,340
7447765,-203,4105,345
7447766,-194,4105,329
7447767,-190,4109,312
7447768,-197,4116,304
7447769,-196,4118,288
7447770,-177,4115,266
7447771,-168,4123,256
7447772,-169,4136,240
7447773,-156,4133,226
7447774,-139,4127,235
7447775,-143,4132,263
7447776,-156,4135,286
7447777,-152,4124,297
7447778,-153,4123,325
7447779,-172,4133,350
7447780,-180,4141,325
7447781,-186,4158,317
7447782,-192,4151,294
7447783,-171,4136,280
7447784,-157,4131,290
7447785,-174,4131,302
7447786,-177,4130,312
7447787,-164,4128,328
7447788,-167,4128,359
7447789,-181,4135,372
7447790,-186,4150,346
7447791,-192,4159,314
7447792,-195,4154,316
7447793,-192,4146,347
7447794,-203,4152,379
7447795,-218,4166,390
7447796,-214,4165,363
7447797,-198,4154,346
7447798,-196,4159,350
7447799,-201,4171,344
7447800,-187,4171,336
7447801,-172,4167,344
7447802,-175,4169,364
7447803,-179,4169,370
7447804,-178,4166,358
7447805,-184,4166,350
7447806,-194,4156,352
7447807,-195,4147,356
7447808,-199,4151,367
7447809,-201,4153,367
7447810,-197,4139,349
7447811,-193,4126,341
7447812,-199,4131,337
7447813,-198,4135,320
7447814,-172,4127,298
7447815,-154,4114,296
7447816,-158,4108,307
7447817,-169,4113,305
7447818,-171,4118,301
7447819,-150,4117,309
7447820,-122,4111,299
7447821,-81,4101,291
7447822,-46,4089,295
7447823,-17,4073,307
7447824,16,4069,339
7447825,39,4076,381
7447826,28,4092,399
7447827,-3,4116,379
7447828,-44,4128,346
7447830,-106,4146,339
7447831,-185,4172,353
7447832,-257,4184,351
7447833,-309,4183,337
7447834,-359,4177,340
7447835,-404,4172,335
7447836,-430,4161,306
7447837,-431,4139,292
7447838,-423,4132,318
7447839,-413,4132,343
7447840,-387,4120,326
7447841,-333,4110,312
7447842,-274,4105,322
7447843,-219,4109,338
7447844,-163,4115,349
7447845,-100,4142,340
7447846,-72,4136,331
7447847,-43,4121,326
7447848,-40,4126,343
7447849,-54,4136,350
7447850,-69,4131,340
7447851,-96,4127,363
7447852,-132,4136,381
7447853,-152,4135,333
7447854,-149,4124,281
7447855,-153,4127,298
7447856,-176,4135,354
7447857,-192,4138,380
7447858,-184,4137,376
7447859,-174,4133,369
7447860,-165,4132,359
7447861,-159,4141,350
7447862,-159,4147,346
7447863,-165,4148,363
7447864,-180,4154,382
7447865,-185,4151,369
7447866,-172,4138,362
7447867,-161,4133,381
7447868,-169,4132,404
7447869,-176,4126,411
7447870,-168,4124,413
7447871,-166,4125,414
7447872,-167,4121,423
7447873,-153,4120,429
7447874,-140,4119,420
7447875,-131,4120,407
7447876,-123,4131,383
7447877,-127,4141,355
7447878,-132,4142,334
7447879,-123,4146,330
7447880,-112,4149,327
7447881,-94,4152,338
7447882,-104,4155,362
7447883,-127,4153,384
7447884,-146,4149,408
7447885,-172,4149,423
7447886,-189,4152,427
7447887,-197,4158,442
7447888,-210,4169,458
7447889,-223,4170,436
7447890,-218,4171,412
7447891,-209,4187,425
7447892,-206,4198,430
7447893,-190,4195,411
7447894,-166,4199,401
7447895,-157,4209,410
7447896,-157,4212,402
7447897,-150,4217,392
7447898,-146,4226,408
7447899,-143,4233,410
7447900,-138,4237,386
7447901,-142,4235,383
7447902,-149,4224,401
7447903,-159,4220,410
7447904,-159,4216,416
7447905,-143,4203,424
7447906,-133,4197,437
7447907,-143,4193,453
7447908,-157,4193,457
7447909,-155,4194,443
7447910,-145,4187,430
7447911,-138,4174,431
7447912,-144,4166,432
7447913,-152,4169,420
7447914,-155,4175,408
7447915,-164,4179,401
7447916,-172,4181,403
7447917,-153,4180,404
7447918,-157,4190,381
7447919,-166,4197,348
7447920,-167,4191,319
7447921,-170,4184,289
7447922,-170,4184,264
7447923,-162,4180,263
7447924,-158,4175,281
7447925,-170,4170,297
7447926,-187,4160,299
7447927,-196,4154,301
7447928,-213,4150,298
7447929,-223,4142,290
7447930,-227,4135,299
7447931,-235,4135,313
7447932,-236,4130,323
7447933,-233,4119,344
7447934,-235,4114,376
7447935,-230,4106,387
7447936,-208,4100,377
7447937,-195,4110,360
7447938,-174,4117,341
7447939,-138,4117,327
7447940,-112,4111,327
7447941,-99,4106,347
7447942,-95,4108,353
7447943,-91,4105,353
7447944,-86,4103,359
7447945,-87,4105,365
7447946,-83,4103,371
7447947,-69,4107,366
7447948,-60,4095,386
7447949,-62,4096,385
7447950,-69,4100,370
7447951,-78,4110,371
7447952,-81,4114,376
7447953,-88,4114,374
7447954,-106,4111,380
7447955,-120,4099,395
7447956,-126,4096,418
7447957,-129,4105,429
7447958,-131,4108,419
7447959,-126,4104,414
7447960,-129,4107,412
7447961,-146,4116,410
7447962,-160,4117,401
7447963,-168,4108,380
7447964,-175,4103,370
7447965,-185,4107,378
7447966,-195,4109,387
7447967,-199,4109,378
7447968,-194,4103,353
7447969,-180,4101,332
7447970,-174,4111,331
7447971,-182,4115,338
7447972,-188,4110,336
7447973,-170,4106,335
7447974,-150,4107,328
7447975,-139,4107,319
7447976,-127,4103,324
7447977,-129,4101,330
7447978,-139,4097,323
7447979,-140,4094,314
7447980,-148,4102,328
7447981,-157,4100,324
7447982,-167,4107,337
7447983,-180,4121,348
7447984,-185,4124,346
7447985,-180,4117,343
7447986,-178,4122,346
7447987,-187,4137,347
7447988,-192,4141,333
7447989,-184,4142,321
7447990,-176,4152,332
7447991,-176,4162,336
7447992,-167,4163,330
7447993,-145,4156,330
7447994,-137,4158,338
7447995,-150,4155,340
7447996,-164,4147,318
7447997,-177,4148,302
7447998,-187,4146,301
7447999,-191,4149,293
7448000,-194,4151,281
7448001,-187,4146,269
7448002,-175,4138,274
7448003,-180,4139,285
7448004,-193,4140,264
7448005,-193,4131,235
7448006,-194,4125,238
7448007,-210,4127,255
7448008,-217,4129,264
7448009,-208,4130,266
7448010,-204,4133,277
7448011,-206,4137,294
7448012,-204,4141,304
7448013,-203,4149,304
7448014,-208,4157,291
7448015,-212,4156,273
7448016,-207,4145,261
7448017,-208,4141,267
7448018,-218,4148,256
7448019,-192,4139,229
7448020,-197,4145,248
7448021,-212,4144,259
7448022,-205,4129,274
7448023,-197,4122,307
7448024,-215,4123,323
7448025,-223,4123,304
7448026,-229,4123,285
7448027,-247,4120,281
7448028,-249,4114,269
7448029,-237,4114,247
7448030,-232,4129,249
7448031,-238,4144,252
7448032,-233,4149,237
7448033,-217,4147,227
7448034,-200,4137,238
7448035,-189,4131,256
7448036,-193,4131,247
7448037,-198,4129,217
7448038,-197,4123,201
7448039,-207,4121,224
7448040,-218,4127,264
7448041,-211,4130,283
7448042,-206,4135,296
7448043,-208,4144,318
7448044,-216,4146,324
7448045,-219,4152,320
7448046,-220,4166,336
7448047,-221,4169,339
7448048,-203,4171,335
7448049,-184,4183,370
7448050,-184,4199,408
7448051,-186,4212,393
7448052,-172,4209,357
7448053,-148,4201,356
7448054,-140,4198,362
7448055,-134,4187,351
7448056,-123,4184,358
7448057,-159,4176,363
7448058,-168,4166,365
7448059,-182,4159,377
7448060,-194,4142,389
7448061,-192,4132,405
7448062,-193,4130,416
7448063,-199,4124,392
7448064,-195,4122,351
7448065,-178,4122,339
7448066,-158,4117,361
7448067,-134,4114,372
7448068,-114,4106,359
7448069,-113,4102,342
7448070,-120,4117,316
7448071,-129,4135,303
7448072,-139,4147,315
7448073,-143,4157,328
7448074,-149,4167,320
7448075,-160,4183,297
7448076,-171,4195,261
7448077,-181,4193,233
7448078,-194,4191,242
7448079,-208,4194,273
7448080,-218,4188,290
7448081,-215,4178,283
7448082,-205,4169,284
7448083,-208,4159,306
7448085,-212,4142,309
7448086,-208,4122,303
7448087,-208,4113,320
7448088,-207,4114,328
7448089,-206,4111,312
7448090,-210,4097,309
7448091,-214,4082,322
7448092,-218,4081,318
7448093,-200,4073,263
7448094,-179,4066,243
7448095,-155,4079,244
7448096,-156,4088,250
7448097,-153,4085,240
7448098,-140,4088,243
7448099,-141,4088,255
7448100,-139,4080,262
7448101,-136,4083,293
7448102,-164,4096,339
7448103,-198,4105,343
7448104,-200,4099,320
7448105,-182,4091,336
7448106,-177,4101,380
7448107,-176,4111,394
7448108,-167,4114,381
7448109,-159,4123,398
7448110,-162,4134,423
7448111,-170,4134,400
7448112,-159,4130,365
7448113,-150,4137,373
7448114,-164,4154,395
7448115,-170,4164,379
7448116,-156,4158,344
7448117,-153,4153,346
7448118,-174,4159,357
7448119,-183,4163,330
7448120,-162,4152,289
7448121,-138,4139,295
7448122,-141,4130,340
7448123,-164,4119,345
7448124,-170,4107,315
7448125,-167,4100,304
7448126,-184,4104,315
7448127,-201,4106,317
7448128,-200,4104,311
7448129,-201,4105,320
7448130,-208,4111,346
7448131,-202,4112,364
7448132,-193,4116,336
7448133,-183,4129,335
7448134,-179,4143,328
7448135,-177,4152,301
7448136,-155,4163,291
7448137,-142,4165,315
7448138,-144,4165,351
7448139,-147,4177,372
7448140,-158,4190,356
7448141,-169,4196,332
7448142,-179,4197,333
7448143,-201,4193,346
7448144,-212,4190,367
7448145,-202,4186,379
7448146,-192,4184,399
7448147,-191,4184,431
7448148,-195,4183,446
7448149,-190,4181,450
7448150,-182,4181,458
7448151,-173,4183,461
7448152,-161,4183,452
7448153,-151,4190,442
7448154,-140,4197,422
7448155,-130,4199,406
7448156,-122,4204,405
7448157,-117,4202,401
7448158,-100,4198,411
7448159,-91,4201,431
7448160,-113,4207,425
7448161,-134,4206,394
7448162,-132,4201,376
7448163,-145,4204,383
7448164,-171,4201,393
7448165,-175,4184,405
7448166,-175,4176,426
7448167,-187,4175,430
7448168,-193,4162,394
7448169,-190,4150,355
7448170,-189,4144,366
7448171,-193,4134,369
7448172,-195,4131,377
7448173,-196,4126,383
7448174,-199,4123,373
7448175,-200,4124,351
7448176,-193,4123,340
7448177,-186,4128,338
7448178,-174,4131,317
7448179,-159,4133,293
7448180,-162,4134,280
7448181,-168,4130,270
7448182,-155,4129,266
7448183,-155,4130,271
7448184,-178,4129,292
7448185,-187,4133,309
7448186,-179,4136,325
7448187,-167,4132,345
7448188,-166,4134,360
7448189,-166,4140,365
7448190,-157,4141,362
7448191,-152,4143,362
7448192,-151,4152,368
7448193,-152,4153,374
7448194,-148,4146,380
7448195,-141,4141,394
7448196,-144,4133,402
7448197,-153,4123,395
7448198,-152,4110,399
7448199,-142,4101,423
7448200,-144,4101,439
7448201,-152,4107,423
7448202,-156,4110,390
7448203,-154,4106,368
7448204,-149,4100,365
7448205,-141,4090,356
7448206,-138,4082,344
7448207,-141,4086,344
7448208,-140,4098,352
7448209,-142,4107,348
7448210,-147,4107,286
7448211,-157,4100,270
7448212,-171,4095,282
7448213,-185,4100,309
7448214,-200,4103,300
7448215,-200,4100,264
7448216,-201,4102,251
7448217,-223,4108,258
7448218,-241,4108,263
7448219,-233,4103,260
7448220,-224,4089,257
7448221,-217,4069,280
7448222,-208,4063,315
7448223,-208,4066,324
7448224,-197,4058,331
7448225,-182,4054,363
7448226,-194,4060,395
7448227,-196,4060,399
7448228,-171,4067,378
7448229,-164,4081,364
7448230,-169,4092,373
7448231,-166,4096,371
7448232,-154,4093,362
7448233,-139,4088,380
7448234,-136,4092,401
7448235,-140,4101,401
7448236,-141,4105,383
7448237,-144,4114,361
7448238,-162,4120,341
7448239,-175,4116,322
7448240,-173,4114,319
7448241,-175,4118,331
7448242,-187,4137,340
7448243,-202,4152,334
7448244,-194,4153,329
7448245,-178,4152,333
7448246,-172,4138,327
7448247,-159,4126,351
7448248,-165,4128,400
7448249,-178,4109,412
7448250,-165,4116,431
7448251,-165,4125,452
7448252,-150,4135,451
7448253,-126,4150,442
7448254,-115,4159,461
7448255,-121,4164,483
7448256,-127,4167,472
7448257,-118,4168,451
7448258,-113,4172,437
7448259,-122,4180,436
7448260,-122,4173,455
7448261,-121,4163,475
7448262,-139,4170,473
7448263,-152,4175,450
7448264,-140,4171,426
7448265,-145,4170,425
7448266,-170,4173,413
7448267,-172,4160,381
7448268,-168,4151,371
7448269,-181,4159,388
7448270,-189,4153,399
7448271,-194,4149,384
7448272,-209,4164,367
7448273,-221,4163,339
7448274,-216,4159,313
7448275,-222,4171,310
7448276,-244,4171,292
7448277,-249,4158,253
7448278,-246,4150,249
7448279,-248,4147,281
7448280,-244,4142,304
7448281,-228,4141,314
7448282,-220,4141,315
7448283,-216,4139,310
7448284,-210,4135,313
7448285,-215,4122,308
7448286,-216,4113,288
7448287,-196,4107,280
7448288,-187,4109,332
7448289,-203,4122,342
7448290,-217,4123,300
7448291,-215,4118,259
7448292,-213,4116,256
7448293,-225,4117,274
7448294,-235,4114,289
7448295,-236,4108,306
7448296,-243,4113,330
7448297,-255,4118,339
7448298,-255,4113,331
7448299,-242,4105,322
7448300,-231,4105,329
7448301,-227,4117,339
7448302,-221,4132,321
7448303,-203,4138,305
7448304,-190,4148,315
7448305,-186,4157,323
7448306,-187,4147,320
7448307,-189,4127,323
7448308,-188,4111,330
7448309,-184,4105,333
7448310,-177,4109,325
7448311,-175,4115,314
7448312,-183,4120,324
7448313,-192,4125,349
7448314,-189,4129,366
7448315,-171,4126,367
7448316,-155,4119,363
7448317,-156,4119,380
7448318,-166,4119,406
7448319,-174,4116,420
7448320,-177,4129,417
7448321,-194,4145,381
7448322,-202,4144,337
7448323,-190,4137,331
7448324,-194,4154,360
7448325,-208,4167,368
7448326,-196,4153,362
7448327,-180,4151,395
7448328,-178,4135,389
7448329,-165,4123,391
7448330,-170,4123,394
7448331,-169,4114,386
7448332,-154,4109,374
7448333,-166,4123,374
7448334,-182,4130,376
7448335,-179,4123,374
7448336,-186,4125,380
7448337,-199,4131,379
7448338,-198,4134,357
7448339,-201,4148,333
7448340,-215,4168,328
7448341,-214,4172,328
7448342,-200,4169,338
7448343,-189,4180,358
7448344,-186,4190,343
7448345,-184,4185,322
7448346,-184,4180,332
7448347,-186,4177,347
7448348,-188,4176,355
7448349,-190,4176,370
7448350,-197,4175,375
7448351,-202,4174,362
7448352,-200,4171,366
7448353,-195,4161,393
7448354,-195,4155,414
7448355,-194,4158,412
7448356,-182,4154,400
7448357,-168,4150,403
7448358,-167,4152,426
7448359,-165,4155,449
7448360,-166,4155,448
7448361,-181,4143,427
7448362,-189,4130,419
7448363,-188,4127,422
7448364,-188,4130,409
7448365,-194,4137,374
7448366,-194,4144,341
7448367,-193,4144,280
7448368,-189,4138,251
7448369,-188,4139,243
7448370,-192,4144,246
7448371,-202,4156,267
7448372,-224,4163,288
7448373,-237,4163,290
7448374,-238,4156,272
7448375,-236,4150,272
7448376,-232,4152,302
7448377,-235,4154,311
7448378,-236,4144,303
7448379,-226,4133,339
7448380,-225,4135,398
7448381,-226,4133,409
7448382,-206,4125,397
7448383,-187,4129,415
7448384,-193,4136,436
7448385,-198,4130,421
7448386,-186,4118,387
7448387,-180,4113,373
7448388,-173,4120,387
7448389,-170,4124,392
7448390,-171,4117,371
7448391,-169,4117,347
7448392,-168,4117,341
7448393,-158,4108,350
7448394,-151,4102,344
7448395,-152,4102,318
7448396,-148,4099,309
7448397,-144,4107,326
7448398,-154,4123,332
7448399,-168,4128,314
7448400,-168,4122,310
7448401,-169,4118,327
7448402,-181,4121,320
7448403,-182,4122,295
7448404,-179,4128,288
7448405,-195,4154,303
7448406,-190,4148,289
7448407,-181,4145,300
7448408,-185,4151,333
7448409,-196,4149,359
7448410,-202,4146,363
7448411,-189,4143,371
7448412,-176,4143,389
7448413,-170,4146,393
7448414,-165,4151,404
7448415,-169,4153,418
7448416,-160,4152,427
7448417,-137,4146,445
7448418,-133,4138,446
7448419,-135,4131,424
7448420,-119,4136,422
7448421,-104,4148,452
7448422,-96,4151,470
7448423,-79,4150,463
7448424,-56,4150,476
7448425,-63,4152,501
7448426,-90,4154,490
7448427,-107,4148,442
7448428,-113,4145,424
7448429,-127,4155,449
7448430,-144,4165,454
7448431,-142,4169,457
7448432,-143,4172,470
7448433,-155,4169,463
7448434,-148,4162,450
7448435,-147,4162,448
7448436,-166,4163,443
7448437,-166,4155,418
7448438,-149,4155,399
7448439,-157,4170,398
7448440,-178,4173,376
7448441,-169,4158,351
7448442,-171,4151,357
7448443,-167,4143,351
7448444,-162,4131,351
7448445,-170,4125,364
7448446,-176,4120,373
7448447,-173,4110,382
7448448,-170,4112,409
7448449,-169,4116,441
7448450,-166,4112,442
7448451,-158,4104,440
7448452,-150,4100,461
7448453,-145,4099,480
7448454,-147,4099,495
7448455,-149,4108,491
7448456,-135,4127,471
7448457,-113,4130,445
7448458,-99,4101,412
7448459,-98,4081,400
7448460,-115,4085,401
7448461,-137,4088,398
7448462,-146,4093,397
7448463,-158,4096,395
7448464,-178,4093,381
7448465,-171,4090,360
7448466,-153,4089,357
7448467,-152,4092,367
7448468,-152,4097,375
7448469,-149,4102,377
7448470,-156,4102,375
7448471,-169,4094,380
7448472,-168,4087,385
7448473,-163,4090,380
7448474,-164,4099,384
7448475,-163,4097,386
7448476,-167,4094,370
7448477,-172,4088,344
7448478,-188,4097,358
7448479,-208,4111,354
7448480,-201,4114,334
7448481,-191,4115,346
7448482,-204,4120,376
7448483,-218,4121,368
7448484,-213,4115,325
7448485,-196,4112,304
7448486,-182,4118,313
7448487,-179,4120,316
7448488,-178,4115,305
7448489,-176,4115,297
7448490,-179,4122,290
7448491,-185,4129,267
7448492,-186,4127,256
7448493,-185,4124,281
7448494,-187,4129,298
7448495,-193,4123,285
7448496,-192,4112,283
7448497,-202,4116,309
7448498,-229,4131,325
7448499,-247,4139,308
7448500,-250,4137,276
7448501,-236,4129,274
7448502,-221,4120,307
7448503,-214,4122,341
7448504,-208,4129,354
7448505,-195,4125,337
7448506,-175,4106,315
7448507,-171,4098,336
7448508,-184,4113,368
7448509,-186,4126,360
7448510,-176,4127,346
7448511,-171,4132,362
7448512,-190,4143,392
7448513,-208,4147,398
7448514,-204,4149,387
7448515,-212,4162,371
7448516,-219,4166,367
7448517,-212,4175,372
7448518,-204,4181,371
7448519,-195,4186,355
7448520,-185,4187,340
7448521,-177,4186,341
7448522,-177,4192,347
7448523,-184,4201,349
7448524,-194,4211,364
7448525,-208,4221,382
7448526,-224,4220,388
7448527,-217,4213,397
7448528,-201,4205,409
7448529,-209,4198,411
7448530,-213,4194,417
7448531,-199,4187,429
7448532,-191,4189,444
7448533,-191,4190,458
7448534,-190,4184,463
7448535,-181,4176,457
7448536,-169,4166,434
7448537,-163,4158,400
7448538,-161,4152,371
7448539,-155,4153,355
7448540,-156,4154,359
7448541,-161,4146,380
7448542,-162,4136,398
7448543,-164,4129,399
7448544,-171,4141,383
7448545,-181,4158,355
7448546,-189,4156,329
7448547,-181,4152,337
7448548,-174,4157,373
7448549,-185,4156,388
7448550,-186,4142,377
7448551,-174,4132,378
7448552,-167,4135,401
7448553,-168,4137,417
7448554,-170,4135,422
7448555,-182,4130,436
7448556,-181,4122,431
7448557,-175,4112,430
7448558,-178,4110,420
7448559,-178,4108,390
7448560,-177,4105,371
7448561,-175,4102,368
7448562,-173,4098,362
7448563,-168,4100,356
7448564,-164,4103,366
7448565,-169,4106,385
7448566,-171,4099,366
7448567,-164,4090,330
7448568,-157,4097,321
7448569,-164,4102,317
7448570,-171,4093,314
7448571,-165,4092,325
7448572,-165,4109,349
7448573,-177,4115,365
7448574,-182,4101,357
7448575,-180,4085,356
7448576,-174,4074,368
7448577,-165,4076,368
7448578,-166,4085,365
7448579,-176,4092,365
7448580,-181,4094,346
7448581,-166,4084,317
7448582,-135,4066,318
7448583,-113,4062,353
7448584,-107,4076,385
7448585,-102,4082,375
7448586,-84,4072,355
7448587,-74,4071,385
7448588,-87,4079,415
7448589,-100,4075,411
7448590,-106,4069,399
7448591,-120,4079,406
7448592,-128,4079,435
7448593,-127,4086,455
7448594,-142,4092,481
7448595,-147,4088,478
7448596,-135,4086,468
7448597,-128,4097,488
7448598,-134,4100,494
7448599,-130,4096,476
7448600,-120,4101,460
7448601,-125,4105,437
7448602,-121,4105,419
7448603,-110,4114,414
7448604,-117,4117,413
7448605,-128,4117,416
7448606,-134,4122,418
7448607,-149,4119,413
7448608,-156,4114,389
7448609,-158,4114,357
7448610,-172,4120,331
7448611,-182,4130,316
7448612,-183,4128,330
7448613,-185,4117,357
7448614,-190,4111,368
7448615,-189,4106,356
7448616,-176,4101,332
7448617,-169,4096,317
7448618,-176,4090,315
7448619,-182,4082,329
7448620,-186,4085,350
7448621,-190,4096,360
7448622,-186,4097,357
7448623,-189,4103,357
7448624,-205,4114,352
7448625,-202,4121,346
7448626,-183,4133,360
7448627,-172,4149,381
7448628,-173,4160,390
7448629,-176,4163,390
7448630,-177,4166,393
7448631,-166,4170,418
7448632,-167,4178,402
7448633,-174,4184,381
7448634,-175,4187,372
7448637,-173,4183,368
7448638,-172,4179,388
7448639,-179,4193,399
7448640,-187,4196,380
7448641,-179,4189,375
7448642,-189,4194,387
7448643,-212,4193,388
7448644,-207,4182,391
7448645,-195,4179,406
7448646,-201,4179,419
7448647,-202,4169,423
7448648,-194,4168,430
7448649,-191,4178,431
7448650,-166,4191,385
7448651,-177,4197,389
7448652,-185,4195,397
7448653,-179,4195,400
7448654,-176,4202,407
7448655,-179,4206,415
7448656,-190,4195,420
7448657,-196,4181,414
7448658,-190,4178,397
7448659,-181,4181,383
7448660,-183,4192,380
7448661,-195,4205,380
7448662,-198,4206,363
7448663,-185,4191,348
7448664,-177,4174,351
7448665,-186,4170,357
7448666,-194,4168,357
7448667,-194,4170,359
7448668,-192,4165,358
7448669,-192,4159,359
7448670,-201,4157,374
7448671,-208,4148,403
7448672,-207,4144,427
7448673,-209,4140,431
7448674,-203,4132,419
7448675,-189,4127,400
7448676,-181,4125,395
7448677,-172,4129,392
7448678,-162,4134,379
7448679,-165,4127,362
7448680,-162,4114,349
7448681,-159,4109,340
7448682,-159,4111,326
7448683,-155,4116,318
7448684,-165,4128,320
7448685,-182,4134,324
7448686,-179,4126,326
7448687,-163,4109,343
7448688,-165,4098,349
7448689,-167,4087,352
7448690,-171,4089,369
7448691,-177,4104,384
7448692,-181,4107,364
7448693,-177,4105,342
7448694,-178,4105,352
7448695,-181,4107,371
7448696,-173,4110,376
7448697,-170,4114,379
7448698,-186,4116,391
7448699,-204,4113,396
7448700,-210,4108,389
7448701,-213,4098,379
7448702,-218,4093,363
7448703,-218,4100,341
7448704,-222,4108,330
7448705,-231,4115,338
7448706,-220,4112,347
7448707,-196,4105,345
7448708,-184,4104,342
7448709,-180,4101,343
7448710,-165,4090,346
7448711,-150,4086,361
7448712,-142,4096,379
7448713,-132,4105,390
7448714,-131,4105,386
7448715,-132,4099,378
7448716,-127,4089,381
7448717,-126,4090,393
7448718,-132,4102,396
7448719,-151,4109,390
7448720,-177,4104,397
7448721,-194,4094,390
7448722,-189,4091,374
7448723,-187,4098,386
7448724,-198,4114,412
7448725,-202,4125,424
7448726,-201,4135,383
7448727,-191,4130,353
7448728,-175,4135,348
7448729,-177,4153,371
7448730,-182,4161,377
7448731,-171,4158,370
7448732,-169,4173,373
7448733,-171,4193,369
7448734,-167,4194,351
7448735,-178,4194,348
7448736,-193,4195,363
7448737,-200,4180,381
7448738,-203,4164,391
7448739,-214,4170,410
7448740,-224,4185,440
7448741,-234,4185,456
7448742,-233,4170,444
7448743,-208,4152,429
7448744,-187,4139,436
7448745,-170,4132,445
7448746,-156,4121,446
7448747,-150,4111,440
7448748,-149,4117,439
7448749,-148,4124,438
7448750,-151,4125,421
7448751,-169,4132,397
7448752,-186,4137,380
7448753,-185,4133,367
7448754,-181,4139,351
7448755,-177,4148,339
7448756,-165,4151,337
7448757,-162,4162,334
7448758,-165,4162,330
7448759,-144,4146,338
7448760,-127,4134,355
7448761,-136,4132,374
7448762,-143,4129,369
7448763,-141,4124,361
7448764,-148,4123,375
7448765,-174,4126,394
7448766,-191,4139,399
7448767,-211,4147,395
7448768,-219,4149,387
7448769,-218,4151,388
7448770,-228,4157,389
7448771,-241,4170,386
7448772,-246,4177,370
7448773,-243,4166,349
7448774,-225,4151,342
7448775,-201,4144,337
7448776,-180,4139,328
7448777,-159,4137,327
7448778,-146,4141,338
7448779,-145,4149,349
7448780,-149,4163,345
7448781,-162,4180,340
7448782,-177,4191,346
7448783,-190,4199,351
7448784,-197,4206,347
7448785,-206,4210,340
7448786,-217,4216,331
7448787,-222,4213,330
7448788,-222,4200,344
7448789,-228,4195,356
7448790,-240,4199,351
7448791,-241,4192,332
7448792,-238,4182,330
7448793,-243,4183,339
7448794,-247,4185,330
7448795,-239,4184,299
7448796,-235,4178,291
7448797,-241,4170,306
7448798,-251,4165,301
7448799,-257,4161,302
7448800,-251,4154,319
7448801,-253,4150,328
7448802,-261,4149,328
7448803,-254,4164,325
7448804,-245,4163,321
7448805,-225,4158,311
7448806,-219,4158,311
7448807,-218,4149,307
7448808,-221,4146,303
7448809,-234,4158,318
7448810,-243,4162,328
7448811,-244,4160,321
7448812,-242,4158,329
7448813,-246,4148,351
7448814,-251,4145,373
7448815,-251,4146,378
7448816,-244,4140,374
7448817,-235,4137,380
7448818,-233,4139,389
7448819,-239,4145,392
7448820,-240,4153,384
7448821,-228,4161,382
7448822,-218,4162,385
7448823,-206,4160,370
7448824,-189,4159,348
7448825,-180,4160,339
7448826,-176,4159,334
7448827,-168,4154,346
7448828,-166,4153,369
7448829,-173,4148,380
7448830,-174,4144,386
7448831,-169,4143,401
7448832,-171,4139,424
7448833,-181,4131,436
7448834,-185,4118,432
7448835,-168,4106,436
7448836,-154,4101,462
7448837,-157,4107,477
7448838,-163,4113,475
7448839,-152,4114,478
7448840,-145,4120,469
7448841,-136,4117,452
7448842,-132,4107,437
7448843,-139,4108,413
7448844,-141,4112,384
7448845,-140,4115,356
7448846,-144,4120,345
7448847,-146,4124,358
7448848,-153,4137,366
7448849,-171,4146,362
7448850,-186,4144,345
7448851,-191,4144,327
7448852,-198,4145,333
7448853,-212,4142,342
7448854,-213,4140,328
7448855,-210,4134,313
7448856,-209,4123,322
7448857,-206,4119,345
7448858,-205,4122,362
7448859,-199,4123,367
7448860,-195,4120,351
7448861,-191,4115,330
7448862,-183,4111,329
7448863,-184,4113,346
7448864,-188,4117,362
7448865,-179,4108,369
7448866,-166,4104,380
7448867,-167,4103,399
7448868,-167,4090,408
7448869,-157,4080,413
7448870,-161,4077,419
7448871,-170,4074,422
7448872,-161,4071,432
7448873,-150,4071,447
7448874,-151,4073,447
7448875,-142,4077,418
7448876,-128,4083,382
7448877,-127,4095,373
7448878,-129,4109,367
7448879,-141,4113,349
7448880,-145,4107,353
7448881,-147,4108,378
7448882,-167,4112,406
7448883,-177,4108,410
7448884,-175,4100,382
7448885,-170,4091,363
7448886,-172,4090,385
7448887,-184,4096,423
7448888,-198,4101,417
7448889,-195,4098,375
7448890,-183,4097,354
7448891,-196,4109,358
7448892,-200,4121,362
7448893,-176,4125,364
7448894,-162,4128,370
7448895,-165,4128,378
7448896,-170,4123,373
7448897,-163,4118,367
7448898,-156,4116,382
7448899,-157,4118,400
7448900,-149,4121,401
7448901,-140,4120,409
7448902,-131,4122,430
7448903,-116,4123,449
7448904,-106,4122,462
7448905,-108,4122,457
7448906,-113,4125,449
7448907,-119,4130,454
7448908,-120,4132,458
7448909,-120,4134,464
7448910,-124,4133,468
7448911,-127,4131,473
7448912,-131,4133,473
7448913,-137,4135,457
7448914,-139,4135,439
7448915,-130,4141,441
7448916,-131,4145,450
7448917,-115,4137,425
7448918,-102,4145,426
7448919,-118,4145,434
7448920,-132,4131,439
7448921,-139,4120,437
7448922,-145,4117,429
7448923,-139,4117,416
7448924,-141,4110,407
7448925,-154,4106,393
7448926,-156,4110,378
7448927,-158,4115,385
7448928,-174,4119,406
7448929,-190,4115,411
7448930,-189,4105,404
7448931,-180,4100,396
7448932,-179,4109,378
7448933,-183,4119,352
7448934,-185,4124,327
7448935,-187,4120,317
7448936,-187,4119,325
7448937,-186,4121,329
7448938,-180,4116,343
7448939,-169,4114,371
7448940,-165,4113,387
7448941,-171,4109,393
7448942,-179,4103,392
7448943,-185,4101,398
7448944,-199,4101,397
7448945,-210,4098,383
7448946,-202,4099,383
7448947,-193,4105,406
7448948,-196,4110,433
7448949,-194,4109,432
7448950,-184,4107,411
7448951,-174,4111,402
7448952,-176,4124,412
7448953,-180,4131,420
7448954,-172,4126,406
7448955,-167,4130,406
7448956,-159,4136,428
7448957,-148,4137,427
7448958,-152,4135,434
7448959,-166,4140,444
7448960,-181,4147,442
7448961,-189,4148,429
7448962,-182,4137,408
7448963,-178,4123,406
7448964,-189,4122,420
7448965,-202,4125,415
7448966,-199,4119,390
7448967,-191,4116,368
7448968,-190,4123,360
7448969,-192,4129,361
7448970,-191,4129,366
7448971,-177,4125,379
7448972,-160,4117,381
7448973,-162,4105,370
7448974,-162,4099,384
7448975,-158,4098,407
7448976,-164,4092,415
7448977,-166,4081,418
7448978,-170,4082,417
7448979,-175,4093,413
7448980,-176,4098,389
7448981,-175,4097,351
7448982,-175,4096,341
7448983,-178,4101,361
7448984,-186,4113,375
7448985,-187,4120,369
7448986,-187,4119,364
7448987,-193,4120,368
7448988,-192,4118,376
7448989,-187,4114,371
7448990,-186,4118,361
7448991,-196,4125,364
7448992,-219,4129,359
7448993,-237,4130,330
7448994,-239,4125,314
7448995,-239,4127,320
7448996,-248,4140,306
7448997,-249,4157,298
7448998,-257,4171,304
7448999,-262,4166,308
7449000,-242,4149,316
7449001,-224,4143,335
7449002,-228,4143,332
7449003,-232,4130,305
7449004,-226,4120,297
7449005,-225,4123,330
7449006,-217,4120,354
7449007,-190,4107,355
7449008,-173,4105,354
7449009,-179,4115,334
7449010,-185,4111,310
7449011,-186,4104,324
7449012,-192,4103,345
7449013,-187,4100,346
7449014,-177,4105,353
7449015,-179,4125,376
7449016,-182,4139,386
7449017,-176,4136,375
7449018,-157,4125,372
7449019,-138,4114,390
7449020,-133,4110,414
7449021,-139,4113,423
7449022,-136,4115,415
7449023,-131,4117,408
7449024,-142,4126,407
7449025,-160,4134,405
7449026,-174,4137,404
7449027,-182,4140,402
7449028,-182,4151,416
7449029,-185,4162,429
7449030,-189,4156,418
7449031,-184,4151,417
7449032,-188,4153,436
7449033,-197,4150,438
7449034,-178,4143,405
7449035,-184,4148,395
7449036,-193,4152,392
7449037,-200,4159,393
7449038,-197,4160,392
7449039,-183,4159,399
7449040,-165,4160,409
7449041,-152,4155,417
7449042,-151,4150,426
7449043,-162,4149,429
7449044,-169,4149,440
7449045,-165,4149,466
7449046,-173,4150,487
7449047,-185,4156,487
7449048,-177,4150,457
7449049,-161,4143,437
7449050,-158,4147,427
7449051,-150,4146,393
7449052,-135,4147,370
7449053,-141,4160,373
7449054,-160,4164,360
7449055,-171,4156,325
7449056,-180,4149,309
7449057,-201,4144,314
7449058,-222,4140,301
7449059,-226,4135,277
7449060,-229,4140,281
7449061,-249,4145,286
7449062,-264,4138,274
7449063,-265,4134,263
7449064,-274,4130,250
7449065,-281,4119,249
7449066,-277,4114,263
7449067,-283,4119,276
7449068,-290,4122,271
7449069,-280,4122,265
7449070,-262,4119,289
7449071,-253,4127,345
7449072,-259,4135,363
7449073,-242,4121,286
7449074,-227,4122,285
7449075,-233,4127,292
7449076,-235,4126,288
7449077,-219,4115,298
7449078,-209,4115,329
7449079,-213,4126,336
7449080,-216,4143,309
7449081,-203,4155,289
7449082,-189,4152,315
7449083,-189,4149,347
7449084,-195,4146,353
7449085,-198,4136,351
7449086,-190,4128,357
7449087,-178,4131,365
7449088,-178,4139,372
7449089,-187,4143,382
7449090,-190,4152,390
7449091,-187,4155,383
7449092,-182,4139,371
7449093,-173,4126,399
7449094,-164,4130,454
7449095,-162,4141,471
7449096,-157,4135,450
7449097,-142,4121,452
7449098,-147,4124,467
7449099,-162,4131,451
7449100,-156,4130,422
7449101,-154,4132,403
7449102,-164,4134,385
7449103,-151,4136,379
7449104,-141,4150,408
7449105,-164,4161,435
7449106,-174,4156,428
7449107,-158,4148,416
7449108,-161,4147,432
7449109,-164,4141,453
7449110,-147,4126,463
7449111,-134,4125,491
7449112,-162,4148,464
7449113,-152,4146,422
7449114,-138,4147,426
7449115,-137,4147,439
7449116,-127,4155,436
7449117,-119,4163,444
7449118,-126,4163,452
7449119,-125,4157,445
7449120,-118,4150,449
7449121,-132,4152,462
7449122,-155,4164,463
7449123,-161,4163,446
7449124,-157,4149,431
7449125,-159,4154,430
7449126,-171,4161,432
7449127,-179,4155,433
7449128,-170,4149,432
7449129,-169,4139,421
7449130,-163,4126,426
7449131,-153,4118,458
7449132,-160,4119,484
7449133,-170,4122,480
7449134,-174,4118,460
7449135,-182,4117,462
7449136,-199,4119,452
7449137,-196,4112,424
7449138,-167,4102,433
7449139,-159,4109,472
7449140,-176,4126,469
7449141,-168,4122,424
7449142,-145,4115,407
7449143,-153,4119,405
7449144,-171,4116,382
7449145,-164,4115,359
7449146,-156,4119,348
7449147,-145,4118,353
7449148,-136,4120,367
7449149,-152,4117,372
7449150,-160,4087,383
7449151,-168,4081,404
7449152,-184,4086,427
7449153,-199,4091,423
7449154,-204,4097,417
7449155,-205,4107,429
7449156,-209,4110,436
7449157,-214,4111,428
7449158,-206,4116,406
7449159,-186,4123,396
7449160,-170,4126,414
7449161,-168,4129,424
7449162,-169,4137,404
7449163,-162,4143,384
7449164,-158,4143,388
7449165,-165,4145,400
7449166,-176,4145,392
7449167,-173,4148,385
7449168,-169,4156,390
7449169,-178,4154,399
7449170,-192,4148,413
7449171,-205,4148,412
7449172,-205,4141,406
7449173,-188,4129,434
7449174,-191,4129,491
7449175,-214,4134,506
7449176,-217,4127,468
7449178,-199,4115,461
7449179,-202,4125,485
7449180,-195,4131,469
7449181,-177,4133,458
7449182,-157,4125,470
7449183,-140,4106,477
7449184,-128,4106,476
7449185,-121,4131,440
7449187,-107,4124,434
7449188,-105,4119,449
7449189,-114,4120,461
7449190,-106,4122,463
7449191,-100,4121,453
7449192,-106,4118,451
7449193,-128,4119,447
7449194,-148,4128,438
7449195,-151,4132,435
7449196,-149,4127,433
7449197,-152,4125,431
7449198,-164,4126,433
7449199,-179,4127,431
7449200,-185,4124,426
7449201,-177,4120,428
7449202,-175,4123,433
7449203,-185,4130,436
7449204,-187,4131,436
7449205,-186,4134,434
7449206,-192,4142,427
7449207,-187,4137,410
7449208,-182,4135,403
7449209,-198,4146,412
7449210,-208,4155,404
7449211,-204,4154,391
7449212,-202,4149,402
7449213,-207,4152,412
7449214,-204,4154,382
7449215,-191,4150,352
7449216,-189,4148,366
7449217,-194,4154,390
7449218,-198,4158,405
7449219,-193,4153,421
7449220,-179,4142,438
7449221,-180,4141,432
7449222,-168,4141,430
7449223,-159,4140,439
7449224,-158,4138,447
7449225,-152,4137,456
7449226,-148,4139,470
7449227,-156,4143,474
7449228,-167,4144,454
7449229,-176,4148,429
7449230,-193,4157,422
7449231,-201,4161,426
7449232,-195,4169,431
7449233,-191,4175,435
7449234,-185,4171,443
7449235,-174,4176,446
7449236,-170,4182,433
7449237,-176,4181,413
7449238,-173,4169,408
7449239,-172,4160,425
7449240,-190,4162,433
7449241,-199,4157,423
7449242,-193,4147,423
7449243,-197,4143,435
7449244,-209,4144,431
7449245,-212,4143,414
7449246,-210,4138,413
7449247,-204,4135,424
7449248,-195,4142,435
7449249,-194,4152,446
7449250,-197,4159,446
7449251,-188,4160,442
7449252,-175,4153,436
7449253,-169,4143,428
7449254,-159,4146,417
7449255,-145,4157,402
7449256,-118,4151,387
7449257,-68,4136,391
7449258,-12,4124,404
7449259,13,4114,422
7449260,-17,4128,449
7449261,-72,4143,477
7449262,-137,4161,480
7449263,-207,4174,447
7449264,-278,4186,409
7449265,-338,4203,384
7449266,-388,4218,369
7449267,-426,4210,356
7449268,-450,4186,339
7449269,-468,4163,334
7449270,-482,4149,325
7449271,-484,4143,301
7449272,-453,4125,289
7449273,-392,4110,286
7449274,-320,4117,293
7449275,-240,4115,312
7449276,-162,4103,335
7449277,-103,4101,364
7449278,-58,4097,388
7449279,-27,4100,412
7449280,-18,4104,423
7449281,-29,4100,419
7449282,-39,4094,418
7449283,-51,4088,425
7449284,-70,4079,435
7449285,-92,4070,437
7449286,-126,4069,433
7449287,-159,4068,426
7449288,-179,4066,420
7449289,-191,4062,416
7449290,-202,4060,427
7449291,-209,4070,445
7449292,-219,4083,438
7449293,-218,4085,407
7449294,-186,4106,386
7449295,-187,4105,368
7449296,-171,4102,366
7449297,-159,4107,389
7449298,-171,4119,404
7449299,-186,4127,390
7449300,-198,4128,367
7449301,-206,4120,368
7449302,-215,4105,382
7449303,-222,4094,380
7449304,-221,4097,368
7449305,-225,4105,348
7449306,-214,4104,335
7449307,-194,4103,355
7449308,-189,4095,377
7449309,-184,4082,380
7449310,-177,4083,373
7449311,-184,4086,363
7449312,-186,4085,369
7449313,-188,4086,384
7449314,-201,4087,387
7449315,-193,4080,386
7449316,-174,4082,386
7449317,-183,4091,385
7449318,-204,4088,366
7449319,-189,4077,341
7449320,-169,4076,357
7449321,-178,4087,376
7449322,-186,4090,359
7449323,-180,4095,343
7449324,-174,4108,355
7449325,-179,4110,362
7449326,-183,4115,357
7449327,-189,4134,352
7449328,-197,4143,339
7449329,-200,4134,331
7449330,-207,4125,344
7449331,-223,4124,368
7449332,-241,4112,407
7449333,-257,4115,425
7449334,-266,4130,424
7449335,-268,4142,404
7449336,-269,4145,389
7449337,-262,4143,394
7449338,-243,4143,432
7449339,-229,4145,464
7449340,-217,4144,462
7449341,-200,4140,457
7449342,-184,4142,461
7449343,-177,4144,456
7449344,-173,4143,440
7449345,-161,4139,433
7449346,-153,4138,427
7449347,-150,4140,408
7449348,-141,4139,393
7449349,-130,4145,407
7449350,-137,4162,420
7449351,-148,4164,407
7449352,-147,4155,399
7449353,-155,4153,392
7449354,-164,4156,383
7449355,-160,4171,394
7449356,-178,4187,429
7449357,-210,4190,458
7449358,-222,4184,449
7449359,-209,4174,426
7449360,-201,4171,419
7449361,-210,4177,418
7449362,-219,4188,411
7449363,-222,4189,402
7449364,-217,4176,401
7449365,-211,4174,410
7449366,-212,4186,415
7449367,-214,4188,424
7449368,-204,4188,432
7449369,-201,4188,425
7449370,-199,4183,413
7449371,-181,4180,411
7449372,-174,4192,415
7449373,-160,4191,398
7449374,-133,4185,395
7449375,-141,4187,407
7449376,-152,4185,400
7449377,-138,4177,372
7449378,-135,4176,347
7449379,-154,4169,326
7449380,-167,4157,319
7449381,-177,4155,327
7449382,-192,4164,324
7449383,-205,4167,305
7449384,-213,4164,293
7449385,-222,4160,302
7449386,-236,4157,332
7449387,-257,4164,363
7449388,-275,4171,371
7449389,-268,4165,366
7449390,-244,4148,380
7449391,-237,4151,406
7449392,-241,4166,416
7449393,-236,4165,400
7449394,-231,4165,376
7449395,-235,4170,360
7449396,-231,4172,357
7449397,-221,4176,369
7449398,-219,4180,377
7449399,-207,4175,373
7449400,-191,4172,376
7449401,-199,4175,388
7449402,-206,4165,386
7449403,-196,4153,375
7449404,-192,4154,384
7449405,-193,4149,404
7449406,-186,4137,416
7449407,-194,4130,424
7449408,-202,4122,416
7449409,-185,4106,408
7449410,-169,4096,434
7449411,-193,4102,459
7449412,-179,4095,430
7449413,-165,4084,437
7449414,-174,4085,455
7449415,-187,4087,434
7449416,-189,4093,396
7449417,-189,4102,385
7449418,-193,4104,388
7449419,-198,4106,396
7449420,-207,4112,405
7449421,-212,4120,405
7449422,-210,4122,404
7449423,-206,4122,404
7449424,-209,4125,400
7449425,-219,4122,397
7449426,-218,4110,404
7449427,-223,4107,406
7449428,-236,4111,391
7449429,-227,4109,379
7449430,-212,4113,377
7449431,-210,4115,381
7449432,-199,4097,390
7449433,-181,4080,410
7449434,-181,4085,427
7449435,-184,4089,417
7449436,-161,4083,406
7449437,-149,4086,416
7449438,-162,4096,432
7449439,-172,4098,440
7449440,-167,4093,443
7449441,-167,4090,453
7449442,-167,4087,460
7449443,-158,4087,461
7449444,-154,4095,455
7449445,-148,4097,425
7449446,-137,4096,403
7449447,-136,4105,422
7449448,-145,4119,432
7449449,-138,4122,412
7449450,-128,4110,440
7449451,-132,4103,460
7449452,-139,4100,458
7449453,-150,4103,457
7449454,-161,4105,462
7449455,-172,4108,462
7449456,-190,4109,457
7449457,-210,4109,450
7449458,-216,4111,449
7449459,-214,4108,438
7449460,-201,4098,430
7449461,-178,4083,420
7449462,-174,4076,406
7449463,-182,4076,405
7449464,-182,4065,404
7449465,-181,4055,405
7449466,-188,4057,413
7449467,-190,4054,410
7449468,-194,4053,392
7449469,-204,4065,378
7449470,-206,4069,373
7449471,-206,4066,369
7449472,-213,4077,360
7449473,-222,4088,340
7449474,-216,4086,319
7449475,-202,4085,324
7449476,-198,4091,354
7449477,-201,4097,357
7449478,-200,4093,332
7449479,-197,4090,321
7449480,-193,4097,332
7449481,-192,4102,345
7449482,-195,4098,350
7449483,-204,4098,360
7449484,-217,4099,383
7449485,-215,4104,413
7449486,-216,4116,426
7449487,-223,4125,412
7449488,-211,4124,399
7449489,-185,4141,432
7449490,-183,4150,443
7449491,-171,4152,460
7449492,-167,4154,493
7449493,-165,4165,506
7449494,-164,4176,484
7449495,-163,4182,468
7449496,-157,4185,477
7449497,-153,4193,489
7449498,-157,4193,508
7449499,-161,4189,530
7449500,-155,4187,530
7449501,-149,4176,505
7449502,-144,4169,490
7449503,-153,4180,500
7449504,-172,4185,509
7449505,-171,4168,526
7449506,-162,4165,556
7449507,-160,4169,569
7449508,-149,4152,544
7449509,-127,4136,527
7449510,-129,4138,526
7449511,-148,4143,521
7449512,-143,4144,526
7449513,-149,4155,532
7449514,-167,4164,507
7449515,-161,4159,460
7449516,-157,4153,438
7449517,-175,4164,434
7449518,-187,4173,409
7449519,-184,4166,385
7449520,-189,4164,403
7449521,-205,4159,430
7449522,-213,4148,434
7449523,-214,4147,437
7449524,-222,4155,446
7449525,-233,4157,422
7449526,-240,4150,375
7449527,-233,4142,361
7449528,-237,4149,360
7449529,-228,4143,332
7449530,-209,4139,331
7449531,-217,4140,353
7449532,-230,4138,352
7449533,-227,4128,331
7449534,-222,4127,329
7449535,-230,4140,338
7449536,-223,4142,331
7449537,-214,4140,333
7449538,-226,4152,355
7449539,-233,4156,374
7449540,-225,4151,383
7449541,-220,4144,395
7449542,-225,4140,398
7449543,-220,4142,391
7449544,-203,4145,396
7449545,-199,4145,404
7449546,-205,4138,400
7449547,-210,4132,386
7449548,-216,4128,379
7449549,-220,4132,392
7449550,-222,4138,396
7449551,-230,4139,393
7449552,-245,4128,397
7449553,-260,4110,394
7449554,-263,4104,387
7449555,-256,4115,377
7449556,-252,4125,369
7449557,-242,4127,362
7449558,-221,4125,367
7449559,-197,4124,392
7449560,-183,4128,408
7449561,-175,4126,404
7449562,-166,4121,414
7449563,-165,4120,430
7449564,-170,4123,429
7449565,-163,4123,407
7449566,-157,4115,381
7449567,-154,4122,408
7449568,-146,4126,418
7449569,-119,4122,405
7449570,-92,4115,405
7449571,-83,4097,415
7449572,-70,4074,429
7449573,-51,4058,445
7449574,-54,4045,478
7449575,-86,4027,507
7449576,-123,4011,495
7449577,-161,4010,449
7449578,-214,4025,390
7449579,-274,4049,320
7449580,-334,4082,240
7449581,-393,4114,164
7449582,-444,4131,77
7449583,-477,4136,-9
7449584,-496,4142,-47
7449585,-511,4152,-49
7449586,-498,4153,-35
7449587,-471,4153,-4
7449588,-449,4156,48
7449589,-413,4141,82
7449590,-352,4126,105
7449591,-260,4140,235
7449592,-227,4143,290
7449593,-191,4137,355
7449594,-173,4125,450
7449595,-163,4110,535
7449596,-143,4100,608
7449597,-133,4092,667
7449598,-134,4084,700
7449599,-131,4078,715
7449600,-129,4077,716
7449601,-132,4082,722
7449602,-124,4083,735
7449603,-105,4080,747
7449604,-87,4086,759
7449605,-77,4099,743
7449606,-67,4103,675
7449608,-47,4098,608
7449609,-42,4106,597
7449610,-59,4124,604
7449611,-85,4140,573
7449612,-117,4157,509
7449613,-147,4163,442
7449614,-173,4161,406
7449615,-198,4171,388
7449616,-226,4205,358
7449617,-255,4233,305
7449618,-276,4232,237
7449619,-278,4216,219
7449620,-277,4202,275
7449621,-293,4184,317
7449622,-296,4160,308
7449623,-319,4158,345
7449624,-318,4158,361
7449625,-276,4158,377
7449626,-249,4172,388
7449627,-242,4177,391
7449628,-218,4170,404
7449629,-197,4162,429
7449630,-189,4162,474
7449631,-180,4168,519
7449632,-173,4159,526
7449633,-158,4147,538
7449634,-147,4140,572
7449635,-154,4124,587
7449636,-148,4111,578
7449637,-137,4115,568
7449638,-150,4128,568
7449639,-157,4131,551
7449640,-135,4128,545
7449641,-124,4129,565
7449642,-120,4119,551
7449643,-95,4093,522
7449644,-64,4075,537
7449645,-63,4078,574
7449646,-83,4086,579
7449647,-101,4096,533
7449648,-129,4115,472
7449649,-164,4135,415
7449650,-198,4157,369
7449651,-231,4183,327
7449652,-251,4208,286
7449653,-281,4221,262
7449654,-321,4222,252
7449655,-341,4222,248
7449656,-353,4221,237
7449657,-368,4219,230
7449658,-385,4220,230
7449659,-395,4213,234
7449660,-355,4192,299
7449661,-316,4183,324
7449662,-269,4170,345
7449663,-228,4162,379
7449664,-200,4153,425
7449665,-180,4153,453
7449666,-165,4163,465
7449667,-155,4168,479
7449668,-150,4167,487
7449669,-155,4159,483
7449670,-172,4150,472
7449671,-200,4152,465
7449672,-235,4154,460
7449673,-264,4153,457
7449674,-276,4160,447
7449675,-273,4167,431
7449676,-269,4180,419
7449677,-275,4192,424
7449678,-290,4197,432
7449679,-294,4206,421
7449680,-279,4224,390
7449681,-251,4245,362
7449682,-236,4262,354
7449683,-238,4270,359
7449684,-231,4266,381
7449685,-232,4264,409
7449686,-251,4274,422
7449687,-264,4277,416
7449688,-270,4272,407
7449689,-279,4273,408
7449690,-286,4267,419
7449691,-287,4256,427
7449692,-284,4245,441
7449693,-269,4230,475
7449694,-256,4221,495
7449695,-257,4216,494
7449696,-254,4212,490
7449697,-240,4204,481
7449698,-188,4185,504
7449699,-173,4181,515
7449700,-168,4177,507
7449701,-170,4179,490
7449702,-178,4180,466
7449703,-185,4185,452
7449704,-186,4199,464
7449705,-195,4211,469
7449706,-204,4214,458
7449707,-203,4211,445
7449708,-207,4210,420
7449709,-215,4207,396
7449710,-219,4200,384
7449711,-219,4196,379
7449712,-224,4197,377
7449713,-230,4188,379
7449714,-229,4168,393
7449715,-225,4157,420
7449716,-216,4144,455
7449717,-197,4125,481
7449718,-180,4112,500
7449719,-169,4108,517
7449720,-157,4099,524
7449721,-143,4086,534
7449722,-134,4088,544
7449723,-130,4089,546
7449724,-132,4091,537
7449725,-134,4093,515
7449726,-130,4090,496
7449727,-130,4089,480
7449728,-127,4076,461
7449729,-116,4062,456
7449730,-111,4059,472
7449731,-117,4052,488
7449732,-120,4050,504
7449733,-129,4057,520
7449734,-141,4056,510
7449735,-121,4036,487
7449736,-136,4031,478
7449737,-149,4024,475
7449738,-148,4022,478
7449739,-153,4023,478
7449740,-151,4018,478
7449741,-149,4021,476
7449742,-163,4029,467
7449743,-166,4029,442
7449744,-156,4029,411
7449745,-165,4035,401
7449746,-180,4046,415
7449747,-185,4053,420
7449748,-189,4050,415
7449749,-191,4048,419
7449750,-192,4049,422
7449751,-194,4043,421
7449752,-186,4036,430
7449753,-174,4037,431
7449754,-175,4034,421
7449755,-177,4026,424
7449756,-176,4032,443
7449757,-179,4038,466
7449758,-177,4033,475
7449759,-174,4028,472
7449760,-174,4024,472
7449761,-174,4024,483
7449762,-182,4035,487
7449763,-191,4043,472
7449764,-184,4039,448
7449765,-178,4042,450
7449766,-189,4049,473
7449767,-191,4050,467
7449768,-180,4048,441
7449769,-180,4046,439
7449770,-186,4043,458
7449771,-188,4046,449
7449772,-188,4043,433
7449773,-185,4039,455
7449774,-188,4046,485
7449775,-184,4051,490
7449776,-180,4055,500
7449777,-182,4053,518
7449778,-175,4055,532
7449779,-165,4056,518
7449780,-162,4058,500
7449781,-159,4064,494
7449782,-165,4074,493
7449783,-173,4081,499
7449784,-166,4082,498
7449785,-147,4081,502
7449786,-142,4082,503
7449787,-139,4077,478
7449788,-130,4068,465
7449789,-140,4075,482
7449790,-157,4087,494
7449791,-158,4086,478
7449792,-141,4078,467
7449793,-139,4077,479
7449794,-163,4082,480
7449795,-173,4091,481
7449796,-167,4093,506
7449797,-177,4091,527
7449798,-189,4095,519
7449799,-185,4091,494
7449800,-182,4089,492
7449801,-185,4097,501
7449802,-178,4092,494
7449803,-167,4084,499
7449804,-179,4091,520
7449805,-184,4096,516
7449806,-176,4098,499
7449807,-182,4108,502
7449808,-188,4115,513
7449809,-183,4114,504
7449810,-177,4113,493
7449811,-178,4114,503
7449812,-184,4114,513
7449813,-197,4120,480
7449814,-187,4117,455
7449815,-183,4118,452
7449816,-180,4127,467
7449817,-182,4135,472
7449818,-181,4136,467
7449819,-182,4138,462
7449820,-193,4138,452
7449821,-189,4131,452
7449822,-183,4131,467
7449823,-187,4141,481
7449824,-187,4139,486
7449825,-180,4131,476
7449826,-173,4128,478
7449827,-173,4124,485
7449828,-170,4129,473
7449829,-171,4134,449
7449830,-179,4130,438
7449831,-178,4139,455
7449832,-172,4160,458
7449833,-166,4168,430
7449834,-158,4162,401
7449835,-155,4155,397
7449836,-163,4150,418
7449837,-170,4148,435
7449838,-172,4146,432
7449839,-177,4146,431
7449840,-184,4153,452
7449841,-182,4170,463
7449842,-182,4179,450
7449843,-188,4171,435
7449844,-186,4165,446
7449845,-195,4172,466
7449846,-202,4174,469
7449847,-199,4170,469
7449848,-198,4170,466
7449849,-202,4177,451
7449850,-205,4180,433
7449851,-192,4175,434
7449852,-181,4176,464
7449853,-184,4177,469
7449854,-190,4172,463
7449855,-190,4160,457
7449856,-180,4150,473
7449857,-177,4155,492
7449858,-192,4155,476
7449859,-193,4152,437
7449860,-183,4149,424
7449861,-189,4143,451
7449862,-196,4139,481
7449863,-208,4144,480
7449864,-219,4156,449
7449865,-218,4154,419
7449866,-219,4142,422
7449867,-228,4137,445
7449868,-236,4137,448
7449869,-238,4141,435
7449870,-237,4149,423
7449871,-231,4154,416
7449872,-217,4156,431
7449873,-210,4165,465
7449874,-217,4181,474
7449875,-215,4176,447
7449876,-192,4162,429
7449877,-185,4158,440
7449878,-204,4159,451
7449879,-214,4154,428
7449880,-214,4147,409
7449881,-223,4141,426
7449882,-240,4136,436
7449883,-250,4133,413
7449884,-247,4123,411
7449885,-237,4119,444
7449886,-239,4119,456
7449887,-239,4112,450
7449888,-230,4100,435
7449889,-233,4092,426
7449890,-233,4093,446
7449891,-226,4098,468
7449892,-210,4090,476
7449893,-201,4079,485
7449894,-195,4070,477
7449895,-176,4073,479
7449896,-168,4088,494
7449897,-167,4097,493
7449898,-152,4096,472
7449899,-134,4090,461
7449900,-127,4078,464
7449901,-125,4069,473
7449902,-127,4075,487
7449903,-129,4079,485
7449904,-120,4073,478
7449905,-108,4077,505
7449906,-114,4083,543
7449907,-123,4076,552
7449908,-116,4077,548
7449909,-125,4091,560
7449910,-137,4099,562
7449911,-132,4090,545
7449912,-141,4079,544
7449913,-150,4078,548
7449914,-144,4076,539
7449915,-133,4075,542
7449916,-132,4088,550
7449917,-141,4096,539
7449918,-137,4088,512
7449919,-125,4081,497
7449920,-130,4083,510
7449921,-144,4084,510
7449922,-150,4077,486
7449923,-150,4067,486
7449924,-165,4066,502
7449925,-187,4061,485
7449926,-181,4045,439
7449927,-175,4050,436
7449928,-198,4072,470
7449929,-219,4086,462
7449930,-213,4087,402
7449931,-209,4104,396
7449932,-202,4108,361
7449933,-189,4093,335
7449934,-171,4090,364
7449935,-164,4094,407
7449936,-162,4096,418
7449937,-165,4099,401
7449938,-179,4102,382
7449939,-190,4103,384
7449940,-197,4107,398
7449941,-215,4114,409
7449942,-228,4114,411
7449943,-226,4115,422
7449944,-221,4121,439
7449945,-211,4127,449
7449946,-197,4130,463
7449947,-199,4144,476
7449948,-208,4162,459
7449949,-211,4166,424
7449950,-213,4168,425
7449951,-218,4174,464
7449952,-219,4176,487
7449953,-211,4183,481
7449954,-216,4198,472
7449955,-224,4200,473
7449956,-223,4186,503
7449957,-224,4188,553
7449958,-234,4207,563
7449959,-242,4210,528
7449960,-243,4196,502
7449961,-250,4195,519
7449962,-265,4208,546
7449963,-254,4204,524
7449964,-221,4185,488
7449965,-201,4188,498
7449966,-210,4208,521
7449967,-229,4211,508
7449968,-202,4196,479
7449969,-205,4178,481
7449970,-197,4162,480
7449971,-178,4156,506
7449972,-181,4156,533
7449973,-190,4153,536
7449974,-197,4145,521
7449975,-217,4141,504
7449976,-233,4135,488
7449977,-228,4135,468
7449978,-225,4145,447
7449979,-225,4157,433
7449980,-213,4161,440
7449981,-210,4163,469
7449982,-227,4162,488
7449983,-222,4146,489
7449984,-192,4128,493
7449985,-181,4123,500
7449986,-182,4121,488
7449987,-174,4112,465
7449988,-171,4105,458
7449989,-181,4106,461
7449990,-189,4104,461
7449991,-189,4102,466
7449992,-195,4113,482
7449993,-207,4129,482
7449994,-214,4133,458
7449995,-216,4129,455
7449996,-213,4124,475
7449997,-207,4119,480
7449998,-199,4117,475
7449999,-191,4118,479
7450000,-182,4121,491
7450001,-171,4124,494
7450002,-170,4123,491
7450003,-172,4117,491
7450004,-164,4106,490
7450005,-159,4104,515
7450006,-171,4111,546
7450007,-166,4103,523
7450008,-158,4101,519
7450009,-160,4107,514
7450010,-150,4106,519
7450011,-141,4094,525
7450012,-148,4087,509
7450013,-155,4085,475
7450014,-154,4082,459
7450015,-157,4085,472
7450016,-166,4094,478
7450017,-170,4094,468
7450018,-164,4096,463
7450019,-172,4102,457
7450020,-197,4102,443
7450021,-213,4103,440
7450022,-225,4110,439
7450023,-244,4111,418
7450024,-251,4108,391
7450025,-240,4112,380
7450026,-237,4120,378
7450027,-242,4114,366
7450028,-238,4104,353
7450029,-233,4107,357
7450030,-237,4114,370
7450031,-242,4112,368
7450032,-245,4106,366
7450033,-251,4111,377
7450034,-264,4115,379
7450035,-276,4107,396
7450036,-280,4099,428
7450037,-285,4094,444
7450038,-280,4085,436
7450039,-267,4077,407
7450040,-259,4079,390
7450041,-247,4095,407
7450042,-235,4116,436
7450043,-227,4122,455
7450044,-217,4122,453
7450045,-215,4127,455
7450046,-218,4124,442
7450047,-208,4125,436
7450048,-214,4128,443
7450049,-216,4135,446
7450050,-198,4132,449
7450051,-178,4118,489
7450052,-169,4114,531
7450053,-168,4119,536
7450054,-161,4120,529
7450055,-155,4119,528
7450056,-153,4122,540
7450057,-143,4127,552
7450058,-136,4138,531
7450059,-139,4136,510
7450060,-137,4120,516
7450061,-138,4115,522
7450062,-139,4114,516
7450063,-127,4110,511
7450064,-118,4114,520
7450065,-122,4122,526
7450066,-123,4131,510
7450067,-117,4138,495
7450068,-124,4141,501
7450069,-139,4139,510
7450070,-139,4138,518
7450071,-140,4145,539
7450072,-160,4152,530
7450073,-172,4152,491
7450074,-167,4156,482
7450075,-169,4160,497
7450076,-180,4152,493
7450077,-183,4145,464
7450078,-185,4144,446
7450079,-200,4148,467
7450080,-217,4154,493
7450081,-221,4154,484
7450082,-213,4144,464
7450083,-204,4127,462
7450084,-195,4125,463
7450085,-192,4132,468
7450086,-192,4126,475
7450087,-195,4117,471
7450088,-192,4108,466
7450089,-193,4108,467
7450090,-184,4114,486
7450091,-180,4127,498
7450092,-194,4138,487
7450093,-200,4138,468
7450094,-209,4132,446
7450095,-219,4127,432
7450096,-225,4128,432
7450097,-231,4135,441
7450098,-232,4139,455
7450099,-239,4142,464
7450100,-249,4144,458
7450101,-252,4136,441
7450102,-244,4135,440
7450103,-249,4149,445
7450104,-257,4155,432
7450105,-248,4151,422
7450106,-251,4148,415
7450107,-246,4146,410
7450108,-221,4149,435
7450109,-222,4155,449
7450110,-229,4145,432
7450111,-215,4133,417
7450112,-216,4145,411
7450113,-225,4158,410
7450114,-211,4157,416
7450115,-193,4158,424
7450116,-201,4163,431
7450117,-206,4163,435
7450118,-204,4152,448
7450119,-209,4148,475
7450120,-224,4151,480
7450121,-231,4153,479
7450122,-233,4161,496
7450123,-242,4158,488
7450124,-224,4137,476
7450125,-233,4150,499
7450126,-249,4159,490
7450127,-237,4154,471
7450128,-217,4151,462
7450129,-199,4143,456
7450130,-173,4128,453
7450131,-150,4124,457
7450132,-143,4125,473
7450133,-145,4124,495
7450134,-149,4122,512
7450135,-150,4127,525
7450136,-154,4132,535
7450137,-167,4131,538
7450138,-175,4126,540
7450139,-173,4125,547
7450140,-179,4128,550
7450141,-194,4140,554
7450142,-198,4142,558
7450143,-190,4131,577
7450144,-189,4129,584
7450145,-196,4134,548
7450146,-192,4137,502
7450147,-182,4142,485
7450148,-183,4154,494
7450149,-189,4154,498
7450150,-189,4130,488
7450151,-181,4102,474
7450152,-176,4096,473
7450153,-176,4100,484
7450154,-176,4097,478
7450155,-175,4095,474
7450156,-184,4102,484
7450157,-196,4111,483
7450158,-199,4101,484
7450159,-192,4091,505
7450160,-185,4098,524
7450161,-194,4108,519
7450162,-199,4102,505
7450163,-195,4097,488
7450164,-194,4097,447
7450165,-193,4102,458
7450166,-195,4101,466
7450167,-195,4095,449
7450168,-196,4097,419
7450169,-202,4099,410
7450170,-209,4099,418
7450171,-228,4100,427
7450172,-252,4099,420
7450173,-251,4093,412
7450174,-247,4100,422
7450175,-270,4116,424
7450176,-284,4115,412
7450177,-277,4109,382
7450178,-272,4109,368
7450179,-262,4109,393
7450180,-250,4107,413
7450181,-257,4108,416
7450182,-274,4118,409
7450183,-281,4116,389
7450184,-273,4106,378
7450185,-266,4110,382
7450186,-262,4117,382
7450187,-256,4110,373
7450188,-248,4106,372
7450189,-242,4108,392
7450190,-236,4114,417
7450191,-225,4129,427
7450192,-222,4141,410
7450193,-230,4129,399
7450194,-227,4123,406
7450195,-218,4129,414
7450196,-216,4128,421
7450197,-208,4130,428
7450198,-201,4131,441
7450199,-198,4127,468
7450200,-190,4126,490
7450201,-174,4133,500
7450202,-154,4131,517
7450203,-159,4112,563
7450204,-158,4109,576
7450205,-158,4118,572
7450206,-162,4125,558
7450207,-154,4119,560
7450208,-139,4123,572
7450209,-138,4134,585
7450210,-143,4134,587
7450211,-139,4129,590
7450212,-140,4123,606
7450213,-151,4118,612
7450214,-154,4114,586
7450215,-152,4116,548
7450216,-146,4130,539
7450217,-144,4138,557
7450218,-151,4135,570
7450219,-158,4129,566
7450220,-155,4121,551
7450221,-149,4113,539
7450222,-155,4114,526
7450223,-159,4121,511
7450224,-153,4120,521
7450225,-151,4124,542
7450226,-153,4128,540
7450227,-160,4124,524
7450228,-176,4127,514
7450229,-195,4133,504
7450230,-207,4131,486
7450231,-208,4127,485
7450232,-216,4131,504
7450233,-229,4132,511
7450234,-226,4128,500
7450235,-222,4128,494
7450236,-217,4134,514
7450237,-205,4138,527
7450238,-208,4139,517
7450239,-211,4144,504
7450240,-201,4147,495
7450241,-188,4153,493
7450242,-180,4155,483
7450243,-178,4150,476
7450244,-175,4152,479
7450245,-175,4151,482
7450246,-174,4148,476
7450247,-163,4148,469
7450248,-161,4157,463
7450249,-166,4162,461
7450250,-173,4155,473
7450251,-187,4151,487
7450252,-201,4150,498
7450253,-204,4148,501
7450254,-213,4145,500
7450255,-229,4139,500
7450256,-230,4138,505
7450257,-228,4148,514
7450258,-246,4148,511
7450259,-253,4127,503
7450260,-228,4107,496
7450261,-212,4105,495
7450262,-212,4108,490
7450263,-206,4110,490
7450264,-206,4116,503
7450265,-216,4122,490
7450266,-208,4118,455
7450267,-182,4110,442
7450268,-166,4106,450
7450269,-165,4107,442
7450270,-170,4112,419
7450271,-172,4114,414
7450272,-166,4113,438
7450273,-158,4108,466
7450274,-162,4106,472
7450275,-171,4113,463
7450276,-180,4114,458
7450277,-182,4108,470
7450278,-185,4106,493
7450279,-192,4108,496
7450280,-194,4105,487
7450281,-193,4107,508
7450282,-205,4104,521
7450283,-209,4098,512
7450284,-209,4094,497
7450285,-213,4096,491
7450286,-208,4102,485
7450287,-203,4101,467
7450288,-205,4101,450
7450289,-206,4100,447
7450290,-205,4091,448
7450291,-204,4086,445
7450292,-207,4095,435
7450293,-207,4104,431
7450294,-200,4107,433
7450295,-195,4107,440
7450296,-196,4106,464
7450297,-208,4110,484
7450298,-222,4117,479
7450299,-224,4110,456
7450300,-220,4111,449
7450301,-230,4123,460
7450302,-236,4122,459
7450303,-224,4124,458
7450304,-226,4137,472
7450305,-238,4139,479
7450306,-232,4134,470
7450307,-225,4138,459
7450308,-235,4147,469
7450309,-244,4156,475
7450310,-249,4161,468
7450311,-254,4164,455
7450312,-246,4167,445
7450313,-236,4173,451
7450314,-228,4176,467
7450315,-216,4172,478
7450316,-214,4172,469
7450317,-227,4175,458
7450318,-232,4183,453
7450319,-223,4192,449
7450320,-234,4204,469
7450321,-243,4209,477
7450322,-248,4207,478
7450323,-249,4201,483
7450324,-250,4193,486
7450325,-248,4190,489
7450326,-255,4192,501
7450327,-275,4189,498
7450328,-278,4191,477
7450329,-271,4201,476
7450330,-269,4203,487
7450331,-266,4194,475
7450332,-270,4179,451
7450333,-285,4175,431
7450334,-282,4176,431
7450335,-268,4171,443
7450336,-266,4169,436
7450337,-254,4162,417
7450338,-225,4158,411
7450339,-214,4161,435
7450340,-221,4166,463
7450341,-218,4165,471
7450342,-214,4156,475
7450343,-211,4139,483
7450344,-200,4125,483
7450345,-192,4131,491
7450346,-205,4145,503
7450347,-221,4146,487
7450348,-224,4130,465
7450349,-223,4122,477
7450350,-215,4128,496
7450351,-203,4130,506
7450352,-198,4127,509
7450353,-196,4117,494
7450354,-197,4108,470
7450355,-198,4112,466
7450356,-192,4124,474
7450357,-189,4129,470
7450358,-187,4120,465
7450359,-179,4122,473
7450360,-184,4122,477
7450361,-189,4117,480
7450362,-190,4116,468
7450363,-184,4121,459
7450364,-181,4128,460
7450365,-186,4130,461
7450366,-194,4127,467
7450367,-199,4118,475
7450368,-211,4117,485
7450369,-228,4123,492
7450370,-230,4123,482
7450371,-224,4115,474
7450372,-225,4115,494
7450373,-228,4126,512
7450374,-220,4134,503
7450375,-208,4142,484
7450376,-211,4157,468
7450377,-224,4172,453
7450378,-225,4176,449
7450379,-218,4179,467
7450380,-223,4188,488
7450381,-234,4195,471
7450382,-236,4192,445
7450383,-246,4189,458
7450384,-277,4186,467
7450385,-292,4167,455
7450386,-289,4155,442
7450387,-295,4160,430
7450388,-310,4162,435
7450389,-318,4159,447
7450390,-315,4157,463
7450391,-310,4155,473
7450392,-299,4155,468
7450393,-283,4158,459
7450394,-278,4166,445
7450395,-273,4174,427
7450396,-257,4170,410
7450397,-235,4165,412
7450398,-210,4155,467
7450399,-190,4142,464
7450400,-170,4131,466
7450401,-162,4127,474
7450402,-159,4118,487
7450403,-156,4105,505
7450404,-165,4101,508
7450405,-176,4093,492
7450406,-182,4091,479
7450407,-201,4104,482
7450408,-224,4108,483
7450409,-238,4103,479
7450410,-239,4103,478
7450411,-235,4103,469
7450412,-232,4106,440
7450413,-225,4119,404
7450414,-227,4132,379
7450415,-232,4133,368
7450416,-231,4131,365
7450417,-229,4132,364
7450418,-230,4125,373
7450419,-230,4117,397
7450420,-221,4121,429
7450421,-208,4127,464
7450422,-203,4122,504
7450423,-207,4118,543
7450424,-209,4122,566
7450425,-204,4123,572
7450426,-196,4119,572
7450427,-184,4116,586
7450428,-166,4114,620
7450429,-147,4120,646
7450430,-130,4125,653
7450431,-115,4123,651
7450432,-103,4116,645
7450433,-94,4107,640
7450434,-88,4109,642
7450435,-88,4116,642
7450436,-99,4118,628
7450437,-90,4108,616
7450438,-100,4110,601
7450439,-129,4113,576
7450440,-149,4110,543
7450441,-159,4109,520
7450442,-166,4105,519
7450443,-178,4100,531
7450444,-200,4102,522
7450445,-227,4099,480
7450446,-244,4088,427
7450447,-246,4082,404
7450448,-258,4084,411
7450449,-270,4083,407
7450450,-272,4083,392
7450451,-278,4085,382
7450452,-283,4082,378
7450453,-290,4078,374
7450454,-305,4075,358
7450455,-317,4072,342
7450456,-321,4068,334
7450457,-316,4068,335
7450458,-307,4071,338
7450459,-289,4064,339
7450460,-260,4051,359
7450461,-244,4048,398
7450462,-235,4052,434
7450463,-222,4054,441
7450464,-206,4056,434
7450465,-190,4064,445
7450466,-177,4070,462
7450467,-166,4068,465
7450468,-148,4062,468
7450469,-127,4056,485
7450470,-118,4057,514
7450471,-128,4054,529
7450472,-132,4057,533
7450473,-138,4064,542
7450474,-149,4070,545
7450475,-159,4082,547
7450476,-163,4089,550
7450477,-164,4083,550
7450478,-164,4082,552
7450479,-167,4091,558
7450480,-177,4100,550
7450481,-178,4102,523
7450482,-171,4101,507
7450483,-164,4104,518
7450484,-157,4104,531
7450485,-157,4096,539
7450486,-158,4086,550
7450487,-165,4082,546
7450488,-182,4084,529
7450489,-192,4095,518
7450490,-193,4109,506
7450491,-186,4109,498
7450492,-171,4104,507
7450493,-163,4106,516
7450494,-162,4103,519
7450495,-159,4100,511
7450496,-165,4105,486
7450497,-176,4107,462
7450498,-171,4101,466
7450499,-169,4100,489
7450501,-196,4098,493
7450502,-208,4083,468
7450503,-188,4077,471
7450504,-186,4092,509
7450505,-198,4101,530
7450506,-193,4096,516
7450507,-186,4089,500
7450508,-184,4090,510
7450509,-185,4102,522
7450510,-199,4111,501
7450511,-207,4099,456
7450512,-220,4102,457
7450513,-227,4097,453
7450514,-203,4093,451
7450515,-193,4103,454
7450516,-205,4113,449
7450517,-212,4108,424
7450518,-215,4108,407
7450519,-226,4114,426
7450520,-231,4113,448
7450521,-229,4109,447
7450522,-233,4108,436
7450523,-238,4114,420
7450524,-237,4121,409
7450525,-235,4119,416
7450526,-228,4118,422
7450527,-223,4121,416
7450528,-224,4126,420
7450529,-232,4125,435
7450530,-240,4110,444
7450531,-235,4095,441
7450532,-226,4096,451
7450533,-223,4111,491
7450534,-226,4125,514
7450535,-234,4128,493
7450536,-227,4121,469
7450537,-209,4116,470
7450538,-206,4119,490
7450539,-212,4128,504
7450540,-200,4138,504
7450541,-186,4144,504
7450542,-191,4151,504
7450543,-201,4152,506
7450544,-196,4141,507
7450545,-188,4140,517
7450546,-191,4150,540
7450547,-190,4158,545
7450548,-187,4153,534
7450549,-183,4141,522
7450550,-176,4149,543
7450551,-182,4162,566
7450552,-181,4162,580
7450553,-159,4149,580
7450554,-140,4147,590
7450555,-138,4152,604
7450556,-131,4148,588
7450557,-113,4142,584
7450558,-104,4140,608
7450559,-105,4136,624
7450560,-110,4132,629
7450561,-118,4139,633
7450562,-125,4151,648
7450563,-131,4154,659
7450564,-142,4161,654
7450565,-152,4168,643
7450566,-156,4169,621
7450567,-153,4172,607
7450568,-150,4179,616
7450569,-154,4191,626
7450570,-156,4193,625
7450571,-156,4183,614
7450572,-168,4177,591
7450573,-180,4167,560
7450574,-181,4163,534
7450575,-187,4176,517
7450576,-197,4180,505
7450577,-192,4169,496
7450578,-183,4158,503
7450579,-190,4152,522
7450580,-202,4149,518
7450581,-201,4137,502
7450582,-196,4135,516
7450583,-198,4143,530
7450584,-198,4128,516
7450585,-190,4113,514
7450586,-187,4110,535
7450587,-180,4120,543
7450588,-182,4118,536
7450589,-183,4107,534
7450590,-178,4102,543
7450591,-180,4099,524
7450592,-178,4085,511
7450593,-169,4077,531
7450594,-176,4086,546
7450595,-188,4088,538
7450596,-185,4080,506
7450597,-180,4084,475
7450598,-187,4082,464
7450599,-202,4063,468
7450600,-207,4057,473
7450601,-207,4072,470
7450602,-214,4078,444
7450603,-225,4081,403
7450604,-231,4084,378
7450605,-232,4081,380
7450606,-236,4081,387
7450607,-246,4086,376
7450608,-251,4091,370
7450609,-259,4092,374
7450610,-254,4082,375
7450611,-231,4072,385
7450612,-231,4077,395
7450613,-254,4083,384
7450614,-260,4075,364
7450615,-248,4067,384
7450616,-247,4067,426
7450617,-252,4066,445
7450618,-247,4064,435
7450619,-241,4067,431
7450620,-247,4073,435
7450621,-241,4075,447
7450622,-227,4074,467
7450623,-216,4077,489
7450624,-211,4081,508
7450625,-219,4085,503
7450626,-205,4092,506
7450627,-204,4105,510
7450628,-209,4117,515
7450629,-205,4127,537
7450630,-200,4131,556
7450631,-197,4131,543
7450632,-189,4130,522
7450633,-177,4132,526
7450634,-179,4137,552
7450635,-192,4142,556
7450636,-200,4142,531
7450637,-194,4134,517
7450638,-180,4123,530
7450639,-176,4118,549
7450640,-180,4115,556
7450641,-180,4110,564
7450642,-177,4106,572
7450643,-182,4105,575
7450644,-188,4115,572
7450645,-183,4128,561
7450646,-168,4132,546
7450647,-168,4136,537
7450648,-188,4142,533
7450649,-202,4142,528
7450650,-206,4147,528
7450651,-210,4150,530
7450652,-205,4144,524
7450653,-194,4147,517
7450654,-192,4156,517
7450655,-194,4159,511
7450656,-194,4158,493
7450657,-202,4158,472
7450658,-213,4159,459
7450659,-214,4157,449
7450660,-221,4155,440
7450661,-233,4152,446
7450662,-243,4149,456
7450663,-236,4153,475
7450664,-244,4164,492
7450665,-279,4160,423
7450666,-261,4151,404
7450667,-247,4147,434
7450668,-260,4146,470
7450669,-264,4146,486
7450670,-253,4145,484
7450671,-251,4134,475
7450672,-247,4118,472
7450673,-241,4123,478
7450674,-250,4141,469
7450676,-253,4151,384
7450677,-263,4154,393
7450678,-264,4146,402
7450679,-254,4146,424
7450680,-256,4149,454
7450681,-260,4149,469
7450682,-270,4154,467
7450684,-289,4157,444
7450685,-280,4153,446
7450686,-273,4150,461
7450687,-265,4146,459
7450688,-262,4132,454
7450689,-254,4117,457
7450690,-244,4114,465
7450691,-242,4118,472
7450692,-241,4119,478
7450693,-243,4116,486
7450694,-249,4110,490
7450695,-249,4101,497
7450696,-245,4091,498
7450697,-238,4089,493
7450698,-236,4101,482
7450699,-234,4116,467
7450700,-217,4115,461
7450701,-182,4099,478
7450702,-147,4092,513
7450703,-135,4094,537
7450704,-129,4098,528
7450705,-121,4094,501
7450706,-114,4094,496
7450707,-110,4098,504
7450708,-107,4100,513
7450709,-112,4109,537
7450710,-130,4113,553
7450711,-138,4110,566
7450712,-134,4117,594
7450713,-146,4129,612
7450714,-156,4119,621
7450715,-142,4116,643
7450716,-153,4128,652
7450717,-171,4132,636
7450718,-170,4132,627
7450719,-171,4141,642
7450720,-177,4140,643
7450721,-162,4123,621
7450722,-148,4127,602
7450723,-152,4129,579
7450724,-155,4117,556
7450725,-149,4121,564
7450726,-151,4127,582
7450727,-158,4121,575
7450728,-162,4109,564
7450729,-172,4094,567
7450730,-178,4080,577
7450731,-174,4082,588
7450732,-180,4098,586
7450733,-189,4102,560
7450734,-186,4098,537
7450735,-182,4105,551
7450736,-182,4119,570
7450737,-181,4125,571
7450738,-181,4134,565
7450739,-189,4141,543
7450740,-190,4138,526
7450741,-185,4141,538
7450742,-193,4150,547
7450744,-195,4151,541
7450745,-181,4147,547
7450746,-183,4150,560
7450747,-193,4151,562
7450748,-185,4150,550
7450749,-177,4152,542
7450750,-192,4148,511
7450751,-186,4139,514
7450752,-193,4137,544
7450753,-200,4138,564
7450754,-203,4137,557
7450755,-214,4133,527
7450756,-222,4125,490
7450757,-222,4110,479
7450758,-218,4101,485
7450759,-216,4101,493
7450760,-204,4099,513
7450761,-191,4106,541
7450762,-197,4110,550
7450763,-204,4096,524
7450764,-200,4094,502
7450765,-208,4118,514
7450766,-215,4130,512
7450767,-189,4126,499
7450768,-165,4133,519
7450769,-172,4138,532
7450770,-185,4125,504
7450771,-186,4111,481
7450772,-193,4104,496
7450773,-205,4097,510
7450774,-205,4090,509
7450775,-197,4086,519
7450776,-196,4082,527
7450777,-204,4083,528
7450778,-206,4080,520
7450779,-202,4074,506
7450780,-195,4071,511
7450781,-190,4065,509
7450782,-186,4057,490
7450783,-173,4054,487
7450784,-178,4069,506
7450785,-192,4082,524
7450786,-191,4078,517
7450787,-184,4076,495
7450788,-167,4068,468
7450789,-162,4070,468
7450790,-166,4079,477
7450791,-167,4095,488
7450792,-165,4095,495
7450793,-162,4088,490
7450794,-155,4101,486
7450795,-164,4122,484
7450796,-179,4126,474
7450797,-187,4119,463
7450798,-194,4120,455
7450799,-195,4118,465
7450800,-190,4118,498
7450801,-201,4125,526
7450802,-208,4122,524
7450803,-196,4114,504
7450804,-202,4110,499
7450805,-219,4110,504
7450806,-220,4112,498
7450807,-222,4117,505
7450808,-229,4123,530
7450809,-226,4121,542
7450810,-213,4114,533
7450811,-203,4114,520
7450812,-213,4114,504
7450813,-226,4117,488
7450814,-236,4113,477
7450815,-227,4101,477
7450816,-196,4101,503
7450817,-186,4110,534
7450818,-194,4114,532
7450819,-199,4109,500
7450820,-204,4106,471
7450821,-204,4104,473
7450822,-210,4107,506
7450823,-221,4121,532
7450824,-226,4133,523
7450825,-231,4134,501
7450826,-244,4135,490
7450827,-251,4136,476
7450828,-251,4152,496
7450829,-252,4168,507
7450830,-247,4170,497
7450831,-242,4173,484
7450832,-244,4181,462
7450833,-248,4178,418
7450834,-241,4165,392
7450835,-237,4160,419
7450836,-248,4168,456
7450837,-269,4173,455
7450838,-272,4168,433
7450839,-267,4165,440
7450840,-280,4170,465
7450841,-288,4170,460
7450842,-279,4164,450
7450843,-273,4169,471
7450844,-284,4167,485
7450845,-275,4157,482
7450846,-250,4167,490
7450847,-244,4179,494
7450848,-243,4175,483
7450849,-229,4177,468
7450850,-222,4177,464
7450851,-210,4169,480
7450852,-192,4168,506
7450853,-185,4172,525
7450854,-172,4168,543
7450855,-163,4164,555
7450856,-170,4156,554
7450857,-173,4141,556
7450858,-168,4129,576
7450859,-174,4124,594
7450860,-176,4125,595
7450861,-161,4122,599
7450862,-144,4118,611
7450863,-141,4124,618
7450864,-146,4132,610
7450865,-155,4140,569
7450866,-147,4140,552
7450867,-147,4133,550
7450868,-151,4122,560
7450869,-153,4124,562
7450870,-158,4133,557
7450871,-161,4131,557
7450872,-163,4124,555
7450873,-165,4129,548
7450874,-168,4141,542
7450875,-174,4146,536
7450876,-183,4151,537
7450877,-185,4154,537
7450878,-180,4156,536
7450879,-185,4158,536
7450880,-192,4156,518
7450881,-188,4145,504
7450882,-186,4128,523
7450883,-183,4117,550
7450884,-171,4114,571
7450885,-164,4109,588
7450886,-164,4105,581
7450887,-171,4103,550
7450888,-180,4100,524
7450889,-187,4100,506
7450890,-196,4100,480
7450891,-197,4095,457
7450892,-188,4083,459
7450893,-187,4076,471
7450894,-187,4076,464
7450895,-175,4070,449
7450896,-166,4058,446
7450897,-172,4055,461
7450898,-196,4065,472
7450899,-222,4071,454
7450900,-233,4059,428
7450901,-235,4047,430
7450902,-241,4053,459
7450903,-250,4059,476
7450904,-238,4069,436
