1529101,61,4070,500
1529102,31,4066,568
1529103,33,4067,600
1529104,52,4075,577
1529105,79,4085,549
1529106,100,4095,540
1529107,114,4110,542
1529108,137,4124,527
1529109,167,4139,483
1529110,183,4149,447
1529111,180,4153,437
1529112,164,4155,445
1529113,147,4157,445
1529114,138,4163,417
1529115,129,4174,382
1529116,121,4185,356
1529117,116,4200,348
1529118,118,4215,347
1529119,129,4217,339
1529120,135,4212,337
1529121,129,4207,345
1529122,123,4203,366
1529123,122,4194,394
1529124,123,4182,411
1529125,136,4173,411
1529126,150,4166,413
1529127,157,4161,409
1529128,164,4166,397
1529129,171,4177,399
1529130,173,4177,412
1529131,166,4176,403
1529132,168,4176,386
1529133,178,4171,370
1529134,184,4170,368
1529135,162,4172,374
1529136,135,4171,380
1529137,127,4168,381
1529138,136,4165,353
1529139,146,4173,313
1529140,152,4186,291
1529141,164,4195,282
1529142,171,4198,271
1529143,175,4195,258
1529144,179,4183,252
1529145,166,4167,269
1529146,139,4165,302
1529147,119,4167,313
1529148,119,4162,294
1529149,124,4164,263
1529150,121,4167,246
1529151,125,4165,240
1529152,124,4160,222
1529153,121,4156,208
1529154,124,4156,197
1529155,118,4157,188
1529156,109,4160,187
1529157,105,4163,193
1529158,100,4163,203
1529159,89,4158,206
1529160,82,4154,207
1529161,83,4158,212
1529162,92,4169,221
1529163,99,4181,237
1529164,98,4184,260
1529165,100,4178,284
1529166,103,4173,300
1529167,110,4179,309
1529168,122,4187,317
1529169,131,4190,324
1529170,132,4195,331
1529171,136,4204,336
1529172,152,4212,331
1529173,166,4216,292
1529174,176,4230,232
1529175,190,4252,136
1529176,255,4251,43
1529177,356,4252,-58
1529178,412,4259,-103
1529179,396,4270,-98
1529180,370,4273,-92
1529181,370,4261,-106
1529182,352,4249,-83
1529183,307,4244,-15
1529184,292,4238,9
1529185,305,4228,26
1529186,254,4221,150
1529187,155,4221,316
1529188,148,4210,341
1529189,227,4182,229
1529190,270,4168,198
1529191,244,4179,300
1529192,219,4176,416
1529193,213,4155,476
1529194,214,4138,490
1529195,201,4133,526
1529196,138,4132,605
1529197,59,4126,667
1529198,29,4110,630
1529199,80,4096,533
1529200,133,4103,479
1529201,132,4121,489
1529202,156,4123,476
1529203,215,4109,417
1529204,230,4106,405
1529205,211,4113,438
1529206,220,4108,425
1529207,232,4101,366
1529208,231,4104,346
1529209,231,4106,352
1529210,249,4104,295
1529211,278,4097,220
1529212,269,4096,168
1529213,258,4088,111
1529214,260,4082,96
1529215,219,4078,134
1529216,159,4061,214
1529217,114,4047,317
1529218,95,4044,360
1529219,78,4048,381
1529220,84,4040,381
1529221,76,4028,415
1529222,37,4023,505
1529223,17,4021,574
1529224,60,4019,534
1529225,131,4026,419
1529226,189,4046,318
1529227,230,4060,262
1529228,221,4068,273
1529229,139,4078,357
1529230,51,4083,425
1529231,28,4085,410
1529232,56,4101,341
1529233,110,4129,260
1529234,173,4147,211
1529235,191,4156,255
1529236,146,4174,343
1529237,140,4190,367
1529238,231,4202,266
1529239,335,4209,146
1529240,337,4230,172
1529241,277,4251,259
1529242,251,4241,287
1529243,234,4224,292
1529244,182,4224,349
1529245,120,4232,410
1529246,117,4222,410
1529247,149,4205,394
1529248,144,4199,428
1529249,119,4205,486
1529250,137,4198,474
1529251,188,4182,421
1529252,232,4185,356
1529253,297,4190,254
1529254,337,4190,166
1529255,296,4185,232
1529256,284,4177,243
1529257,296,4175,184
1529258,315,4165,95
1529259,294,4156,98
1529260,196,4162,219
1529261,128,4152,327
1529262,133,4130,366
1529263,137,4127,374
1529264,117,4133,409
1529265,82,4139,466
1529266,53,4138,506
1529267,74,4135,488
1529268,144,4134,392
1529269,201,4144,263
1529270,221,4169,167
1529271,218,4179,131
1529272,198,4168,157
1529273,170,4151,193
1529274,146,4130,224
1529275,110,4107,264
1529276,73,4097,307
1529277,58,4089,339
1529278,49,4076,343
1529279,25,4069,381
1529280,-4,4070,451
1529281,-2,4059,484
1529282,19,4039,488
1529283,30,4031,495
1529284,38,4039,551
1529285,24,4053,590
1529286,40,4053,557
1529287,77,4063,507
1529288,80,4089,458
1529289,113,4103,384
1529290,232,4108,235
1529291,200,4109,273
1529292,134,4109,339
1529293,88,4128,349
1529294,124,4152,258
1529295,211,4169,129
1529296,251,4193,63
1529297,240,4222,45
1529298,260,4237,13
1529299,299,4238,-7
1529300,299,4252,2
1529301,312,4268,6
1529302,323,4277,22
1529303,268,4291,72
1529304,199,4288,135
1529305,142,4277,211
1529306,96,4279,250
1529307,105,4276,234
1529308,145,4269,207
1529309,161,4273,194
1529310,192,4275,165
1529311,256,4263,99
1529312,307,4251,21
1529313,323,4253,4
1529314,289,4258,58
1529315,242,4252,91
1529316,219,4232,94
1529317,165,4212,172
1529318,73,4194,331
1529319,2,4174,466
1529320,-7,4146,523
1529321,13,4133,535
1529322,21,4136,553
1529323,12,4136,617
1529324,-6,4133,688
1529325,27,4123,672
1529326,144,4125,574
1529327,144,4141,600
1529328,180,4146,558
1529329,245,4142,450
1529330,261,4146,390
1529331,199,4156,396
1529332,133,4155,389
1529333,115,4147,322
1529334,112,4140,257
1529335,98,4127,226
1529336,91,4108,231
1529337,87,4090,266
1529338,69,4083,297
1529339,68,4077,309
1529340,95,4077,299
1529341,132,4078,286
1529342,166,4081,278
1529343,198,4082,255
1529344,206,4082,262
1529345,160,4074,319
1529346,81,4064,400
1529347,41,4060,436
1529348,56,4062,414
1529349,68,4067,392
1529350,88,4066,378
1529351,125,4063,366
1529352,122,4066,387
1529353,78,4068,426
1529354,65,4054,439
1529355,73,4045,444
1529356,65,4049,448
1529357,75,4061,445
1529358,97,4086,412
1529359,137,4105,330
1529360,206,4108,242
1529361,245,4124,208
1529362,240,4149,210
1529363,217,4157,173
1529364,201,4148,116
1529365,201,4141,89
1529366,153,4137,157
1529367,61,4129,296
1529368,-1,4110,405
1529369,-17,4092,445
1529370,-6,4082,464
1529371,26,4072,477
1529372,47,4072,477
1529373,48,4075,502
1529374,45,4069,568
1529375,17,4060,649
1529376,-45,4056,740
1529377,-71,4063,744
1529378,3,4072,631
1529379,94,4094,507
1529380,149,4123,448
1529381,185,4146,443
1529382,212,4157,405
1529383,229,4158,384
1529384,210,4170,388
1529385,213,4177,372
1529386,238,4177,344
1529387,226,4178,368
1529388,173,4185,453
1529389,147,4194,458
1529390,210,4189,366
1529391,260,4195,292
1529392,255,4204,280
1529393,261,4199,279
1529394,281,4188,252
1529395,267,4177,250
1529396,205,4185,309
1529397,161,4194,308
1529398,184,4185,222
1529399,215,4195,132
1529400,210,4196,182
1529401,194,4187,236
1529402,199,4171,264
1529403,223,4162,265
1529404,219,4171,273
1529405,195,4175,310
1529406,167,4163,385
1529407,135,4153,448
1529408,136,4134,471
1529409,123,4123,510
1529410,59,4127,576
1529411,18,4121,606
1529412,22,4119,570
1529413,39,4121,527
1529414,52,4123,537
1529415,38,4130,561
1529416,26,4131,557
1529417,48,4139,501
1529418,111,4151,382
1529419,189,4169,249
1529420,246,4179,130
1529421,262,4188,69
1529422,241,4198,42
1529423,231,4192,-13
1529424,229,4190,-66
1529425,191,4183,-28
1529426,106,4182,119
1529427,40,4186,209
1529428,70,4186,123
1529429,153,4174,-20
1529430,160,4177,-7
1529431,114,4192,91
1529432,132,4189,102
1529433,194,4178,17
1529434,233,4177,48
1529435,180,4191,169
1529436,144,4182,228
1529437,142,4160,237
1529438,128,4153,294
1529439,98,4160,361
1529440,103,4172,323
1529441,131,4179,239
1529442,147,4180,200
1529443,132,4190,259
1529444,88,4189,362
1529445,54,4170,464
1529446,19,4159,572
1529447,-13,4156,632
1529448,0,4161,600
1529449,59,4173,486
1529450,141,4187,378
1529451,197,4204,335
1529452,211,4218,339
1529453,212,4204,348
1529454,214,4177,361
1529455,187,4171,412
1529456,151,4170,454
1529457,162,4165,425
1529458,207,4152,316
1529459,225,4148,245
1529460,179,4143,271
1529461,131,4130,323
1529462,133,4127,348
1529463,161,4123,317
1529464,202,4117,275
1529465,229,4118,243
1529466,225,4128,257
1529467,214,4128,273
1529468,227,4124,241
1529469,243,4121,224
1529470,239,4125,266
1529471,231,4134,341
1529472,218,4145,336
1529473,197,4140,319
1529474,142,4147,357
1529475,92,4142,405
1529476,95,4131,405
1529477,131,4129,370
1529478,152,4130,358
1529479,143,4125,390
1529480,120,4114,466
1529481,89,4107,559
1529482,60,4104,625
1529483,42,4114,626
1529484,72,4116,535
1529485,125,4117,444
1529486,136,4123,406
1529487,160,4117,370
1529488,223,4104,304
1529489,268,4102,249
1529490,286,4108,241
1529491,297,4103,235
1529492,283,4104,242
1529493,230,4111,262
1529494,183,4118,260
1529495,151,4125,218
1529496,127,4122,176
1529497,112,4117,207
1529498,86,4113,314
1529499,48,4111,433
1529500,42,4112,471
1529501,81,4121,429
1529502,120,4144,368
1529503,163,4156,314
1529504,205,4162,308
1529505,211,4169,315
1529506,194,4173,317
1529507,184,4175,289
1529508,199,4175,237
1529509,177,4180,266
1529510,148,4170,285
1529511,116,4162,286
1529512,76,4153,297
1529513,71,4142,309
1529514,114,4146,276
1529515,171,4156,197
1529516,212,4160,111
1529517,232,4156,59
1529518,234,4154,51
1529519,221,4152,33
1529520,192,4157,-11
1529521,153,4159,-35
1529522,123,4147,-12
1529523,91,4137,66
1529524,42,4133,166
1529525,3,4128,245
1529526,-8,4121,309
1529527,-17,4119,374
1529528,-33,4121,417
1529529,-27,4131,434
1529530,20,4141,402
1529531,109,4146,326
1529532,189,4160,290
1529533,215,4177,317
1529534,220,4181,350
1529535,223,4177,356
1529536,208,4164,367
1529537,167,4160,428
1529538,96,4166,495
1529539,40,4164,494
1529540,33,4162,445
1529541,46,4170,369
1529542,91,4168,286
1529543,143,4168,252
1529544,155,4166,312
1529545,113,4153,451
1529546,130,4141,375
1529547,174,4133,287
1529548,159,4152,300
1529549,109,4163,366
1529550,100,4156,373
1529551,131,4141,302
1529552,181,4140,255
1529553,205,4151,260
1529554,195,4156,280
1529555,185,4154,281
1529556,195,4143,241
1529557,222,4128,198
1529558,234,4120,191
1529559,233,4111,171
1529560,237,4098,158
1529561,191,4099,204
1529562,115,4096,266
1529563,85,4091,294
1529564,96,4091,277
1529565,122,4088,257
1529566,135,4094,256
1529567,133,4103,275
1529568,128,4098,323
1529569,93,4092,402
1529570,48,4089,472
1529571,37,4080,502
1529572,27,4079,561
1529573,-18,4099,656
1529574,-20,4118,673
1529575,49,4126,625
1529576,96,4144,555
1529577,133,4158,482
1529578,181,4176,407
1529579,212,4197,325
1529580,230,4202,288
1529581,218,4197,288
1529582,213,4184,253
1529583,211,4174,235
1529584,165,4160,290
1529585,90,4157,378
1529586,52,4152,386
1529587,61,4150,321
1529588,70,4159,266
1529589,68,4167,277
1529590,75,4169,305
1529591,107,4163,279
1529592,152,4155,235
1529593,171,4163,248
1529594,160,4174,308
1529595,149,4174,355
1529596,132,4170,349
1529597,116,4174,317
1529598,102,4176,314
1529599,66,4179,380
1529600,6,4180,460
1529601,-23,4173,489
1529602,7,4173,505
1529603,38,4184,517
1529604,57,4201,492
1529605,114,4206,379
1529606,196,4210,212
1529607,253,4215,87
1529608,260,4217,54
1529609,246,4209,60
1529610,245,4199,39
1529611,254,4186,-31
1529612,253,4173,-63
1529613,214,4179,-33
1529614,180,4174,-48
1529615,188,4157,-115
1529616,180,4155,-103
1529617,41,4165,306
1529618,-4,4153,418
1529619,25,4145,376
1529620,83,4151,261
1529621,130,4161,188
1529622,144,4173,228
1529623,131,4172,308
1529624,135,4150,370
1529625,138,4144,403
1529626,131,4149,446
1529627,115,4150,487
1529628,100,4138,506
1529629,84,4127,527
1529630,54,4119,544
1529631,29,4108,562
1529632,22,4099,581
1529633,19,4095,605
1529634,25,4094,623
1529635,47,4099,625
1529636,47,4115,653
1529637,29,4128,685
1529638,47,4131,637
1529639,99,4132,504
1529640,124,4144,406
1529641,109,4156,363
1529642,103,4154,330
1529643,101,4155,312
1529644,89,4155,278
1529645,84,4155,249
1529646,80,4162,218
1529647,97,4171,168
1529648,130,4182,110
1529649,157,4191,47
1529650,185,4195,-13
1529651,200,4193,-67
1529652,187,4194,-82
1529653,129,4199,-11
1529654,117,4197,-9
1529655,108,4197,-44
1529656,90,4203,-56
1529657,78,4197,-35
1529658,82,4188,39
1529659,71,4187,118
1529660,62,4173,210
1529661,34,4159,368
1529662,-29,4158,546
1529663,-64,4159,658
1529664,-40,4152,659
1529665,8,4153,625
1529666,23,4162,636
1529667,23,4169,658
1529668,48,4181,628
1529669,94,4193,537
1529670,151,4200,399
1529671,195,4206,291
1529672,185,4214,255
1529673,151,4207,239
1529674,143,4183,192
1529675,134,4158,129
1529676,94,4145,115
1529677,37,4143,150
1529678,20,4133,171
1529679,47,4114,159
1529680,54,4105,177
1529681,32,4105,238
1529682,38,4088,268
1529683,76,4065,263
1529684,90,4063,280
1529685,84,4060,314
1529686,86,4053,357
1529687,69,4054,427
1529688,24,4050,519
1529689,-24,4049,618
1529690,-42,4051,711
1529691,-37,4056,699
1529692,-14,4058,643
1529693,29,4066,591
1529694,51,4080,584
1529695,63,4087,591
1529696,110,4087,575
1529697,169,4096,534
1529698,207,4114,472
1529699,228,4126,415
1529700,226,4124,399
1529701,183,4118,462
1529702,124,4110,593
1529703,99,4095,685
1529704,121,4089,687
1529705,143,4098,663
1529706,135,4108,700
1529707,109,4105,765
1529708,77,4093,812
1529709,57,4085,811
1529710,70,4084,760
1529711,97,4095,721
1529712,111,4102,720
1529713,118,4100,738
1529714,131,4096,740
1529715,145,4098,738
1529716,144,4095,720
1529717,139,4086,670
1529718,122,4090,626
1529719,97,4085,616
1529720,73,4084,627
1529721,65,4090,593
1529722,106,4093,471
1529723,191,4095,308
1529724,258,4110,209
1529725,283,4129,167
1529726,297,4126,129
1529727,226,4135,123
1529728,179,4137,160
1529729,126,4138,174
1529730,81,4131,226
1529731,47,4124,337
1529732,35,4110,438
1529733,52,4088,515
1529734,68,4070,595
1529735,73,4066,692
1529736,73,4074,770
1529737,80,4081,780
1529738,96,4082,746
1529739,104,4083,735
1529740,99,4089,764
1529741,112,4086,778
1529742,146,4082,743
1529743,169,4088,681
1529744,182,4089,622
1529745,180,4096,580
1529746,151,4106,545
1529747,124,4105,508
1529748,105,4108,456
1529749,94,4120,380
1529750,118,4129,275
1529751,174,4142,147
1529752,236,4158,60
1529753,276,4173,80
1529754,274,4179,201
1529755,250,4171,357
1529756,237,4166,460
1529757,241,4170,450
1529758,256,4176,356
1529759,244,4199,267
1529760,207,4212,240
1529761,180,4206,267
1529762,170,4198,299
1529763,176,4183,354
1529764,157,4176,474
1529765,103,4176,617
1529766,68,4198,702
1529767,99,4200,672
1529768,117,4202,684
1529769,127,4201,750
1529770,135,4204,824
1529771,143,4204,830
1529772,165,4212,751
1529773,201,4228,624
1529774,228,4242,508
1529775,251,4253,404
1529776,287,4261,300
1529777,296,4276,252
1529778,281,4277,224
1529779,288,4268,174
1529780,299,4262,128
1529781,280,4249,138
1529782,232,4231,201
1529783,181,4221,260
1529784,145,4213,287
1529785,132,4193,283
1529786,130,4182,270
1529787,141,4173,241
1529788,162,4161,243
1529789,163,4149,285
1529790,157,4140,334
1529791,163,4134,371
1529792,154,4136,394
1529793,129,4139,418
1529794,114,4135,441
1529795,106,4140,455
1529796,89,4151,431
1529797,86,4158,377
1529798,101,4171,355
1529799,119,4187,375
1529800,145,4189,412
1529801,151,4178,444
1529802,143,4170,444
1529803,154,4158,379
1529804,128,4161,338
1529805,96,4158,323
1529806,65,4151,310
1529807,40,4137,277
1529808,37,4123,270
1529809,50,4111,284
1529810,75,4093,290
1529811,88,4088,301
1529812,75,4087,324
1529813,52,4082,369
1529814,24,4083,419
1529815,12,4078,445
1529816,10,4071,486
1529817,-10,4073,558
1529818,-30,4079,587
1529819,-19,4086,559
1529820,4,4103,518
1529821,28,4116,484
1529822,52,4133,467
1529823,74,4157,464
1529824,103,4172,488
1529825,147,4184,494
1529826,188,4191,447
1529827,196,4200,376
1529828,189,4210,306
1529829,172,4220,235
1529830,140,4220,113
1529831,121,4209,-15
1529832,100,4204,-49
1529833,81,4190,27
1529834,75,4170,165
1529835,61,4148,292
1529836,65,4116,352
1529837,48,4096,428
1529838,-9,4078,585
1529839,-42,4054,698
1529840,-13,4046,711
1529841,38,4046,651
1529842,76,4046,578
1529843,104,4049,522
1529844,129,4053,491
1529845,144,4054,492
1529846,142,4051,502
1529847,131,4049,491
1529848,101,4056,463
1529849,58,4065,408
1529850,40,4064,353
1529851,27,4063,314
1529852,21,4058,324
1529853,23,4063,378
1529854,40,4067,413
1529855,88,4057,410
1529856,129,4054,389
1529857,149,4058,391
1529858,165,4069,401
1529859,189,4069,420
1529860,170,4069,500
1529861,103,4066,585
1529862,56,4057,605
1529863,32,4047,588
1529864,-1,4041,592
1529865,-33,4045,604
1529866,-31,4048,576
1529867,3,4052,538
1529868,42,4051,482
1529869,76,4059,424
1529870,101,4073,386
1529871,108,4081,374
1529872,91,4089,364
1529873,111,4092,276
1529874,117,4089,294
1529875,106,4087,365
1529876,96,4090,429
1529877,94,4093,412
1529878,112,4092,355
1529879,129,4095,319
1529880,132,4110,317
1529881,120,4121,332
1529882,117,4116,327
1529883,133,4126,291
1529884,156,4147,247
1529885,170,4169,251
1529886,154,4185,301
1529887,130,4189,359
1529888,114,4191,377
1529889,114,4185,329
1529890,119,4188,267
1529891,111,4193,251
1529892,99,4193,313
1529893,79,4201,398
1529894,68,4201,430
1529895,80,4196,387
1529896,115,4193,312
1529897,145,4202,284
1529898,152,4208,268
1529899,168,4201,243
1529900,170,4191,237
1529901,145,4187,291
1529902,120,4183,366
1529903,119,4175,369
1529904,138,4167,330
1529905,144,4157,312
1529906,128,4154,330
1529907,98,4152,347
1529908,65,4138,350
1529909,46,4121,349
1529910,59,4102,297
1529911,68,4096,334
1529912,77,4098,407
1529913,102,4098,460
1529914,123,4102,488
1529915,125,4107,462
1529916,124,4118,404
1529917,103,4139,375
1529918,81,4150,355
1529919,94,4143,327
1529920,102,4142,308
1529921,97,4144,315
1529922,103,4148,310
1529923,130,4157,260
1529924,151,4161,202
1529925,146,4165,204
1529926,123,4167,256
1529927,119,4159,275
1529928,144,4152,263
1529929,158,4157,262
1529930,152,4163,296
1529931,140,4159,330
1529932,120,4157,371
1529933,91,4162,415
1529934,79,4166,446
1529935,84,4173,469
1529936,89,4176,478
1529937,96,4171,503
1529938,92,4170,547
1529939,89,4166,579
1529940,97,4161,592
1529941,106,4165,580
1529942,128,4179,541
1529943,177,4202,506
1529944,217,4226,467
1529945,233,4246,443
1529946,260,4252,429
1529947,276,4262,427
1529948,296,4272,407
1529949,318,4276,362
1529950,324,4271,301
1529951,318,4259,302
1529952,314,4241,355
1529953,336,4222,362
1529954,376,4204,334
1529955,375,4188,362
1529956,315,4180,452
1529957,247,4166,535
1529958,192,4152,592
1529959,141,4137,650
1529960,101,4127,688
1529961,93,4132,700
1529962,127,4128,700
1529963,179,4124,704
1529964,244,4135,684
1529965,313,4143,630
1529966,338,4151,602
1529967,312,4155,591
1529968,283,4147,582
1529969,260,4141,572
1529970,248,4144,538
1529971,267,4148,518
1529972,275,4143,535
1529973,247,4149,575
1529974,217,4151,575
1529975,201,4139,558
1529976,195,4132,574
1529977,205,4124,576
1529978,232,4129,545
1529979,258,4138,512
1529980,243,4145,518
1529981,205,4144,525
1529982,217,4124,358
1529983,244,4121,262
1529984,229,4127,255
1529985,185,4124,315
1529986,156,4111,393
1529987,137,4102,469
1529988,104,4104,535
1529989,88,4113,561
1529990,115,4109,526
1529991,152,4099,470
1529992,176,4103,443
1529993,190,4117,401
1529994,223,4120,332
1529995,258,4117,275
1529996,279,4118,268
1529997,275,4117,289
1529998,247,4114,292
1529999,195,4118,283
1530000,129,4124,240
1530001,88,4130,179
1530002,61,4135,133
1530003,34,4129,146
1530004,26,4132,223
1530005,57,4138,296
1530006,101,4145,331
1530007,136,4156,341
1530008,176,4160,321
1530009,223,4159,280
1530010,255,4152,257
1530011,253,4154,280
1530012,241,4144,318
1530013,225,4133,351
1530014,202,4128,357
1530015,190,4120,343
1530016,189,4121,315
1530017,189,4124,258
1530018,171,4127,215
1530019,94,4130,226
1530020,59,4134,322
1530021,31,4134,423
1530022,20,4136,461
1530023,28,4137,477
1530024,44,4133,526
1530025,78,4134,559
1530026,130,4139,513
1530027,194,4146,405
1530028,250,4159,297
1530029,288,4166,226
1530030,309,4172,221
1530031,300,4168,226
1530032,277,4153,203
1530033,232,4145,203
1530034,153,4140,260
1530035,78,4127,342
1530036,47,4114,391
1530037,58,4101,404
1530038,78,4090,405
1530039,91,4093,404
1530040,115,4100,399
1530041,147,4099,439
1530042,154,4102,540
1530043,135,4108,615
1530044,120,4111,620
1530045,130,4114,595
1530046,156,4117,608
1530047,171,4128,649
1530048,187,4133,680
1530049,195,4137,699
1530050,174,4137,704
1530051,143,4132,701
1530052,123,4136,659
1530053,127,4144,608
1530054,134,4150,574
1530055,175,4150,421
1530056,194,4155,338
1530057,185,4166,346
1530058,161,4166,370
1530059,158,4158,361
1530060,152,4151,362
1530061,116,4147,414
1530062,92,4134,480
1530063,120,4126,489
1530064,176,4120,466
1530065,212,4111,482
1530066,216,4114,515
1530067,226,4115,505
1530068,239,4123,458
1530069,232,4132,409
1530070,222,4130,401
1530071,207,4126,419
1530072,167,4124,448
1530073,117,4121,503
1530074,73,4113,548
1530075,33,4110,576
1530076,10,4114,587
1530077,19,4119,551
1530078,62,4123,494
1530079,120,4122,440
1530080,167,4124,427
1530081,181,4124,459
1530082,174,4122,496
1530083,164,4121,534
1530084,136,4118,565
1530085,108,4117,579
1530086,105,4110,544
1530087,114,4103,499
1530088,108,4102,499
1530089,79,4097,542
1530090,45,4084,599
1530091,17,4078,594
1530092,69,4076,445
1530093,143,4082,305
1530094,180,4102,244
1530095,219,4116,189
1530096,265,4128,116
1530097,267,4141,97
1530098,217,4145,168
1530099,158,4136,253
1530100,124,4121,324
1530101,89,4117,399
1530102,50,4124,468
1530103,47,4118,486
1530104,88,4114,442
1530105,140,4125,391
1530106,182,4138,351
1530107,221,4148,311
1530108,253,4154,278
1530109,263,4151,264
1530110,243,4142,304
1530111,195,4135,385
1530112,147,4125,437
1530113,136,4115,473
1530114,148,4108,524
1530115,176,4096,588
1530116,215,4088,609
1530117,235,4107,554
1530118,211,4145,479
1530119,161,4168,419
1530120,119,4173,407
1530121,92,4161,416
1530122,73,4151,446
1530123,54,4156,469
1530124,57,4159,445
1530125,70,4165,438
1530126,80,4169,440
1530127,120,4161,422
1530128,179,4153,403
1530129,208,4157,410
1530130,209,4162,419
1530131,243,4154,364
1530132,257,4149,338
1530133,238,4152,360
1530134,225,4147,355
1530135,240,4144,338
1530136,244,4147,331
1530137,228,4147,344
1530138,190,4148,405
1530139,134,4147,446
1530140,110,4138,421
1530141,131,4139,368
1530142,164,4140,324
1530143,190,4138,327
1530144,202,4149,325
1530145,233,4154,257
1530146,301,4153,178
1530147,369,4159,119
1530148,400,4173,101
1530149,383,4177,132
1530150,324,4160,210
1530151,254,4134,316
1530152,192,4114,424
1530153,148,4102,492
1530154,128,4099,527
1530155,132,4100,495
1530156,158,4098,434
1530157,168,4100,429
1530158,169,4111,437
1530159,217,4115,426
1530160,285,4123,400
1530161,322,4140,394
1530162,325,4155,429
1530163,304,4166,489
1530164,270,4175,556
1530165,241,4184,591
1530166,209,4171,568
1530167,188,4165,577
1530168,154,4162,606
1530169,124,4156,652
1530170,96,4152,726
1530171,66,4159,789
1530172,67,4172,786
1530173,121,4186,716
1530174,190,4196,592
1530175,237,4197,497
1530176,253,4200,453
1530177,254,4206,419
1530178,259,4211,370
1530179,292,4212,296
1530180,343,4210,261
1530181,346,4206,314
1530182,280,4205,425
1530183,204,4196,518
1530184,149,4181,591
1530185,95,4172,662
1530186,44,4167,723
1530187,27,4180,733
1530188,80,4185,650
1530189,174,4191,547
1530190,246,4210,475
1530191,291,4219,430
1530192,313,4222,401
1530193,313,4217,379
1530194,290,4225,366
1530195,264,4239,342
1530196,246,4238,283
1530197,242,4231,246
1530198,228,4226,256
1530199,207,4214,253
1530200,203,4196,214
1530201,204,4185,165
1530202,181,4175,153
1530203,67,4147,321
1530204,91,4122,415
1530205,143,4109,486
1530206,182,4101,525
1530207,205,4100,549
1530208,202,4102,555
1530209,194,4104,543
1530210,193,4102,487
1530211,188,4099,443
1530212,165,4100,422
1530213,153,4096,413
1530214,143,4102,411
1530215,115,4116,373
1530216,113,4128,300
1530217,148,4133,194
1530218,186,4141,103
1530219,218,4150,57
1530220,255,4155,85
1530221,279,4160,131
1530222,290,4158,132
1530223,276,4149,154
1530224,214,4147,245
1530225,131,4144,388
1530226,65,4125,503
1530227,40,4110,578
1530228,38,4113,625
1530229,46,4116,656
1530230,61,4120,662
1530231,93,4127,566
1530232,158,4136,443
1530233,200,4149,365
1530234,211,4159,338
1530235,212,4157,347
1530236,205,4148,358
1530237,187,4142,376
1530238,143,4138,399
1530239,24,4150,404
1530240,22,4153,383
1530241,49,4150,368
1530242,67,4153,407
1530243,73,4153,487
1530244,93,4149,578
1530245,127,4148,619
1530246,146,4157,621
1530247,144,4170,614
1530248,123,4176,562
1530249,103,4177,491
1530250,104,4176,459
1530251,88,4171,477
1530252,59,4161,511
1530253,57,4151,514
1530254,77,4146,509
1530255,95,4143,546
1530256,90,4140,612
1530257,85,4138,655
1530258,101,4143,656
1530259,118,4141,617
1530260,131,4140,557
1530261,138,4144,462
1530262,142,4137,386
1530263,150,4126,405
1530264,159,4123,494
1530265,177,4114,560
1530266,206,4102,588
1530267,214,4104,600
1530268,188,4103,573
1530269,156,4092,581
1530270,114,4083,640
1530271,78,4070,680
1530272,73,4062,707
1530273,61,4064,707
1530274,30,4062,695
1530275,6,4066,760
1530276,5,4075,741
1530277,29,4086,659
1530278,77,4095,594
1530279,112,4108,559
1530280,158,4100,526
1530281,213,4089,527
1530282,216,4098,558
1530283,184,4105,578
1530284,169,4107,546
1530285,155,4105,482
1530286,144,4105,436
1530287,152,4100,412
1530288,164,4091,425
1530289,143,4079,471
1530290,93,4064,519
1530291,57,4051,555
1530292,34,4046,596
1530293,21,4037,633
1530294,30,4031,642
1530295,60,4029,633
1530296,91,4019,648
1530297,94,4021,699
1530298,73,4031,716
1530299,80,4024,679
1530300,103,4018,676
1530301,85,4026,744
1530302,42,4028,810
1530303,28,4019,818
1530304,51,4021,773
1530305,94,4044,693
1530306,134,4077,575
1530307,163,4111,450
1530308,192,4141,354
1530309,200,4165,289
1530310,182,4187,241
1530311,160,4199,184
1530312,118,4196,95
1530313,105,4187,90
1530314,105,4167,85
1530315,108,4144,112
1530316,92,4129,202
1530317,58,4114,315
1530318,14,4100,412
1530319,-19,4080,496
1530320,-37,4065,605
1530321,-56,4061,740
1530322,-56,4062,843
1530323,-16,4055,877
1530324,36,4048,879
1530325,60,4065,910
1530326,77,4083,916
1530327,126,4092,834
1530328,171,4102,737
1530329,159,4119,706
1530330,119,4132,711
1530331,107,4134,687
1530332,125,4132,636
1530333,137,4136,599
1530334,131,4148,555
1530335,137,4160,457
1530336,146,4165,325
1530337,147,4164,206
1530338,160,4162,153
1530339,172,4156,161
1530340,194,4149,150
1530341,248,4141,91
1530342,266,4137,62
1530343,218,4138,122
1530344,151,4131,248
1530345,101,4120,363
1530346,101,4116,439
1530347,105,4125,463
1530348,93,4131,500
1530349,101,4132,540
1530350,108,4136,604
1530351,95,4143,692
1530352,92,4140,781
1530353,105,4145,820
1530354,139,4162,773
1530355,176,4178,678
1530356,182,4191,613
1530357,174,4196,586
1530358,186,4189,563
1530359,206,4183,517
1530360,208,4190,491
1530361,199,4199,489
1530362,207,4203,481
1530363,215,4206,473
1530364,181,4195,471
1530365,143,4177,464
1530366,134,4162,431
1530367,140,4149,383
1530368,158,4141,374
1530369,161,4131,424
1530370,128,4117,523
1530371,106,4101,611
1530372,131,4092,622
1530373,165,4098,568
1530374,180,4110,493
1530375,190,4122,415
1530376,203,4132,338
1530377,208,4139,305
1530378,201,4133,358
1530379,179,4123,488
1530380,150,4119,607
1530381,134,4123,643
1530382,86,4121,718
1530383,30,4126,828
1530384,29,4120,884
1530385,104,4116,852
1530386,193,4122,802
1530387,223,4139,783
1530388,214,4153,755
1530389,213,4156,708
1530390,216,4161,681
1530391,221,4173,649
1530392,239,4177,572
1530393,250,4175,484
1530394,233,4168,453
1530395,206,4157,456
1530396,200,4149,445
1530397,193,4142,427
1530398,156,4130,391
1530399,116,4119,426
1530400,83,4108,537
1530401,54,4097,643
1530402,54,4096,691
1530403,99,4094,622
1530404,171,4087,503
1530405,220,4090,449
1530406,216,4104,512
1530407,191,4113,583
1530408,187,4114,535
1530409,195,4124,449
1530410,182,4137,410
1530411,157,4151,433
1530412,154,4163,426
1530413,168,4172,363
1530414,147,4187,297
1530415,111,4197,249
1530416,104,4187,240
1530417,102,4182,245
1530418,99,4182,242
1530419,131,4192,295
1530420,147,4195,284
1530421,213,4193,211
1530422,280,4193,124
1530423,296,4196,115
1530424,267,4200,199
1530425,215,4191,307
1530426,162,4171,404
1530427,114,4158,481
1530428,87,4162,516
1530429,127,4159,492
1530430,187,4160,473
1530431,187,4174,480
1530432,167,4177,481
1530433,179,4165,446
1530434,220,4151,386
1530435,235,4153,355
1530436,197,4165,347
1530437,163,4170,303
1530438,181,4170,237
1530439,217,4171,213
1530440,240,4171,249
1530441,236,4171,318
1530442,200,4179,360
1530443,158,4181,401
1530444,121,4167,476
1530445,78,4157,535
1530446,59,4151,535
1530447,76,4157,505
1530448,92,4168,446
1530449,126,4173,355
1530450,192,4181,291
1530451,246,4188,330
1530452,258,4189,454
1530453,234,4177,537
1530454,218,4158,556
1530455,192,4156,553
1530456,126,4153,627
1530457,50,4136,712
1530458,-21,4122,731
1530459,-59,4117,662
1530460,-14,4115,572
1530461,91,4113,498
1530462,206,4122,447
1530463,292,4135,424
1530464,314,4134,467
1530465,268,4124,554
1530466,191,4113,636
1530467,107,4105,676
1530468,38,4108,657
1530469,8,4109,589
1530470,16,4093,510
1530471,27,4074,506
1530472,16,4064,587
1530473,12,4060,651
1530474,28,4062,669
1530475,55,4071,690
1530476,72,4080,684
1530477,80,4089,614
1530478,82,4095,514
1530479,82,4100,413
1530480,87,4107,321
1530481,68,4113,260
1530482,23,4111,277
1530483,-15,4109,324
1530484,-10,4107,328
1530485,38,4111,315
1530486,91,4117,296
1530487,113,4118,311
1530488,94,4111,382
1530489,48,4104,467
1530490,15,4101,486
1530491,28,4133,396
1530492,62,4143,362
1530493,110,4150,362
1530494,155,4160,339
1530495,193,4153,331
1530496,199,4145,378
1530497,160,4143,415
1530498,110,4142,432
1530499,48,4149,454
1530500,-18,4146,501
1530501,-63,4137,541
1530502,-81,4126,566
1530503,-78,4124,600
1530504,-36,4125,587
1530505,49,4119,536
1530506,120,4120,507
1530507,151,4125,514
1530508,154,4118,555
1530509,144,4106,630
1530510,108,4098,704
1530511,64,4083,717
1530512,51,4071,691
1530513,57,4069,658
1530514,53,4073,654
1530515,36,4081,683
1530516,25,4083,673
1530517,34,4080,602
1530518,46,4068,496
1530519,37,4063,473
1530520,12,4069,554
1530521,10,4063,621
1530522,65,4056,623
1530523,146,4064,572
1530524,194,4073,540
1530525,197,4076,589
1530526,158,4080,656
1530527,106,4076,656
1530528,49,4085,624
1530529,37,4089,641
1530530,62,4096,623
1530531,106,4110,541
1530532,143,4129,494
1530533,150,4154,505
1530534,157,4163,513
1530535,180,4153,472
1530536,186,4144,448
1530537,144,4153,486
1530538,114,4155,529
1530539,127,4151,536
1530540,148,4147,481
1530541,166,4138,442
1530542,157,4137,470
1530543,124,4137,511
1530544,116,4125,484
1530545,147,4115,424
1530546,183,4113,404
1530547,193,4110,434
1530548,170,4108,475
1530549,131,4101,482
1530550,99,4101,494
1530551,76,4104,513
1530552,73,4100,516
1530553,102,4107,508
1530554,145,4125,497
1530555,181,4138,497
1530556,190,4142,532
1530557,172,4139,605
1530558,162,4136,674
1530559,175,4132,706
1530560,187,4136,698
1530561,189,4139,631
1530562,195,4135,565
1530563,186,4137,568
1530564,106,4139,714
1530565,105,4144,717
1530566,141,4148,659
1530567,180,4147,594
1530568,190,4155,583
1530569,188,4164,614
1530570,190,4161,657
1530571,207,4141,689
1530572,213,4130,720
1530573,186,4129,736
1530574,157,4134,707
1530575,164,4143,584
1530576,201,4143,453
1530577,210,4148,426
1530578,181,4159,446
1530579,177,4162,465
1530580,188,4163,468
1530581,189,4156,468
1530582,182,4150,496
1530583,149,4157,527
1530584,122,4159,474
1530585,168,4148,330
1530586,231,4146,201
1530587,214,4159,213
1530588,136,4167,320
1530589,84,4158,384
1530590,96,4145,382
1530591,131,4140,385
1530592,149,4143,447
1530593,162,4152,520
1530594,191,4162,551
1530595,214,4167,556
1530596,214,4169,578
1530597,186,4169,631
1530598,163,4162,682
1530599,173,4159,710
1530600,204,4173,703
1530601,222,4173,679
1530602,223,4174,709
1530603,187,4165,799
1530604,132,4155,882
1530605,73,4148,894
1530606,22,4139,821
1530607,0,4129,711
1530608,9,4124,635
1530609,44,4124,620
1530610,96,4120,640
1530611,162,4115,650
1530612,223,4117,585
1530613,264,4114,490
1530614,270,4116,424
1530615,253,4122,340
1530616,249,4117,237
1530617,225,4117,184
1530618,160,4120,200
1530619,98,4126,236
1530620,70,4130,239
1530621,84,4123,241
1530622,100,4122,289
1530623,89,4129,377
1530624,84,4134,464
1530625,106,4127,500
1530626,136,4126,520
1530627,142,4130,556
1530628,117,4129,590
1530629,88,4119,610
1530630,76,4103,601
1530631,97,4098,573
1530632,145,4105,541
1530633,196,4112,532
1530634,226,4115,535
1530635,219,4115,532
1530636,164,4110,547
1530637,80,4103,556
1530638,34,4092,547
1530639,18,4083,555
1530640,9,4084,555
1530641,21,4082,489
1530642,61,4084,429
1530643,88,4087,435
1530644,84,4102,455
1530645,101,4113,419
1530646,151,4117,349
1530647,180,4131,308
1530648,160,4150,306
1530649,138,4157,295
1530650,149,4154,264
1530651,150,4156,271
1530652,131,4148,322
1530653,132,4142,381
1530654,161,4136,404
1530655,185,4139,439
1530656,182,4140,475
1530657,192,4129,473
1530658,217,4132,422
1530659,236,4141,363
1530660,232,4148,365
1530661,202,4149,415
1530662,169,4150,512
1530663,144,4149,595
1530664,147,4147,627
1530665,162,4150,621
1530666,163,4150,607
1530667,156,4154,605
1530668,146,4165,595
1530669,146,4170,547
1530670,173,4169,469
1530671,210,4178,395
1530672,244,4195,366
1530673,266,4202,376
1530674,264,4199,377
1530675,250,4205,309
1530676,239,4200,338
1530677,210,4194,411
1530678,175,4182,490
1530679,140,4170,550
1530680,125,4156,578
1530681,149,4141,589
1530682,184,4140,600
1530683,207,4145,595
1530684,225,4146,565
1530685,245,4142,543
1530686,240,4138,561
1530687,202,4138,611
1530688,165,4131,636
1530689,151,4124,625
1530690,148,4126,622
1530691,141,4122,621
1530692,144,4109,590
1530693,166,4108,535
1530694,185,4126,476
1530695,208,4137,446
1530696,224,4138,435
1530697,229,4138,406
1530698,234,4136,380
1530699,221,4134,362
1530700,198,4131,350
1530701,180,4126,362
1530702,164,4113,399
1530703,162,4104,454
1530704,163,4114,515
1530705,150,4123,544
1530706,155,4131,547
1530707,182,4132,544
1530708,200,4122,560
1530709,200,4122,589
1530710,163,4132,586
1530711,135,4142,569
1530712,113,4147,565
1530713,114,4140,580
1530714,126,4133,608
1530715,130,4133,620
1530716,132,4138,597
1530717,134,4148,563
1530718,131,4147,529
1530719,137,4137,459
1530720,170,4131,354
1530721,210,4134,274
1530722,244,4137,244
1530723,267,4135,254
1530724,262,4125,291
1530725,242,4114,342
1530726,228,4104,380
1530727,225,4104,402
1530728,212,4105,391
1530729,195,4095,380
1530730,189,4088,386
1530731,207,4082,387
1530732,233,4081,398
1530733,247,4084,420
1530734,255,4090,427
1530735,260,4096,432
1530736,254,4104,447
1530737,225,4114,502
1530738,183,4112,604
1530739,131,4106,709
1530740,94,4095,760
1530741,104,4088,726
1530742,130,4094,652
1530743,143,4097,593
1530744,145,4102,579
1530745,130,4109,607
1530746,131,4111,600
1530747,236,4121,468
1530748,268,4122,453
1530749,267,4125,500
1530750,242,4129,527
1530751,222,4125,515
1530752,192,4116,474
1530753,156,4111,445
1530754,135,4109,483
1530755,108,4108,555
1530756,83,4106,618
1530757,84,4107,660
1530758,108,4108,667
1530759,155,4102,665
1530760,197,4108,685
1530761,198,4118,724
1530762,177,4125,770
1530763,177,4129,771
1530764,201,4131,721
1530765,222,4142,671
1530766,217,4164,631
1530767,224,4179,575
1530768,260,4184,498
1530769,269,4194,436
1530770,248,4201,404
1530771,235,4194,350
1530772,236,4188,291
1530773,237,4190,260
1530774,241,4186,258
1530775,244,4180,298
1530776,240,4173,355
1530777,216,4163,414
1530778,189,4156,469
1530779,186,4148,495
1530780,218,4139,473
1530781,253,4137,435
1530782,263,4139,444
1530783,260,4134,513
1530784,220,4097,715
1530785,188,4080,786
1530786,162,4066,834
1530787,132,4064,869
1530788,116,4065,864
1530789,127,4063,851
1530790,138,4060,870
1530791,131,4059,918
1530792,127,4056,944
1530793,149,4052,925
1530794,167,4059,902
1530795,144,4066,877
1530796,120,4065,855
1530797,115,4071,806
1530798,123,4082,718
1530799,159,4080,612
1530800,197,4078,515
1530801,223,4076,435
1530802,255,4085,381
1530803,280,4098,348
1530804,294,4095,342
1530805,279,4089,387
1530806,240,4079,433
1530807,212,4067,466
1530808,190,4060,526
1530809,147,4059,620
1530810,109,4052,700
1530811,99,4043,759
1530812,79,4038,835
1530813,53,4022,925
1530814,47,4012,996
1530815,56,4015,1025
1530816,84,4019,993
1530817,139,4029,923
1530818,185,4047,863
1530819,196,4062,807
1530820,172,4089,760
1530821,143,4097,725
1530822,141,4092,657
1530823,141,4096,592
1530824,129,4103,574
1530825,123,4102,555
1530826,144,4101,481
1530827,193,4101,397
1530828,226,4104,336
1530829,225,4104,344
1530830,202,4095,393
1530831,195,4069,387
1530832,210,4047,350
1530833,215,4048,334
1530834,206,4056,353
1530835,189,4046,416
1530836,140,4036,516
1530837,80,4030,602
1530838,60,4026,626
1530839,76,4034,603
1530840,101,4043,589
1530841,120,4061,596
1530842,139,4081,583
1530843,155,4094,579
1530844,158,4122,602
1530845,185,4143,555
1530846,243,4158,465
1530847,263,4182,430
1530848,235,4193,479
1530849,192,4193,548
1530850,151,4194,541
1530851,130,4190,480
1530852,119,4181,427
1530853,109,4193,406
1530854,120,4216,401
1530855,140,4231,403
1530856,154,4222,437
1530857,164,4220,454
1530858,164,4221,445
1530859,167,4218,447
1530860,163,4223,480
1530861,158,4230,477
1530862,203,4222,384
1530863,262,4223,282
1530864,283,4241,263
1530865,282,4253,299
1530866,288,4250,280
1530867,305,4240,209
1530868,304,4234,180
1530869,286,4235,204
1530870,260,4240,242
1530871,232,4241,266
1530872,207,4235,250
1530873,216,4218,193
1530874,236,4206,205
1530875,213,4194,295
1530876,168,4170,384
1530877,147,4149,452
1530878,151,4142,496
1530879,158,4144,545
1530880,145,4137,622
1530881,121,4123,722
1530882,121,4110,806
1530883,134,4104,868
1530884,140,4099,905
1530885,134,4094,900
1530886,116,4090,881
1530887,97,4083,855
1530888,76,4083,827
1530889,86,4090,741
1530890,151,4096,594
1530891,227,4111,441
1530892,313,4139,212
1530893,333,4145,121
1530894,342,4134,83
1530895,311,4127,152
1530896,242,4122,267
1530897,175,4118,383
1530898,142,4106,447
1530899,137,4089,494
1530900,132,4083,582
1530901,142,4075,645
1530902,191,4073,712
1530903,250,4077,803
1530904,286,4080,902
1530905,294,4093,989
1530906,281,4118,1010
1530907,269,4140,979
1530908,265,4158,929
1530909,262,4174,872
1530910,238,4183,820
1530911,192,4193,787
1530912,154,4203,760
1530913,141,4210,721
1530914,153,4211,674
1530915,172,4213,664
1530916,191,4219,652
1530917,235,4218,586
1530918,296,4215,495
1530919,341,4212,461
1530920,354,4208,513
1530921,353,4202,521
1530922,369,4187,445
1530923,387,4165,370
1530924,375,4151,359
1530925,318,4144,426
1530926,237,4133,515
1530927,193,4118,585
1530928,187,4114,658
1530929,176,4119,712
1530930,171,4123,752
1530931,188,4116,768
1530932,216,4111,778
1530933,240,4116,774
1530934,252,4132,764
1530935,259,4137,757
1530936,266,4133,716
1530937,280,4137,642
1530938,294,4143,551
1530939,311,4150,460
1530940,322,4150,429
1530941,291,4151,464
1530942,237,4149,499
1530943,208,4138,490
1530944,215,4121,447
1530945,233,4125,390
1530946,247,4137,314
1530947,253,4136,273
1530948,229,4132,337
1530949,176,4117,433
1530950,142,4100,468
1530951,137,4091,472
1530952,137,4089,527
1530953,133,4095,587
1530954,146,4088,596
1530955,150,4088,587
1530956,140,4090,597
1530957,146,4083,648
1530958,152,4084,704
1530959,154,4086,715
1530960,154,4091,708
1530961,129,4099,655
1530962,120,4101,549
1530963,144,4114,475
1530964,176,4133,477
1530965,186,4161,614
1530966,197,4163,576
1530967,220,4173,540
1530968,217,4181,528
1530969,208,4177,532
1530970,194,4172,571
1530971,173,4168,645
1530972,185,4156,676
1530973,242,4144,633
1530974,302,4147,598
1530975,331,4150,660
1530976,305,4160,766
1530977,252,4162,793
1530978,214,4150,735
1530979,184,4146,662
1530980,171,4148,624
1530981,173,4150,640
1530982,167,4150,701
1530983,138,4144,724
1530984,121,4125,750
1530985,114,4117,760
1530986,114,4121,737
1530987,114,4135,713
1530988,117,4140,588
1530989,165,4123,426
1530990,221,4119,323
1530991,241,4130,306
1530992,237,4134,308
1530993,232,4123,290
1530994,206,4108,295
1530995,146,4099,321
1530996,82,4100,377
1530997,49,4088,460
1530998,28,4076,554
1530999,8,4070,634
1531000,13,4056,712
1531001,45,4052,875
1531002,59,4060,851
1531003,80,4062,759
1531004,105,4060,710
1531005,125,4065,698
1531006,164,4070,709
1531007,199,4072,741
1531008,215,4065,751
1531009,217,4057,767
1531010,172,4054,805
1531011,98,4044,832
1531012,60,4033,793
1531013,67,4024,711
1531014,74,4026,653
1531015,78,4030,647
1531016,96,4033,651
1531017,141,4038,608
1531018,199,4040,495
1531019,250,4048,346
1531020,271,4060,258
1531021,261,4067,231
1531022,256,4067,210
1531023,233,4058,194
1531024,172,4057,213
1531025,112,4058,263
1531026,75,4056,337
1531028,66,4066,430
1531029,75,4074,485
1531030,85,4082,519
1531031,76,4100,521
1531032,84,4109,514
1531033,108,4122,557
1531033,130,4142,595
1531034,187,4148,605
1531035,249,4150,617
1531036,258,4162,651
1531037,238,4171,672
1531038,228,4187,512
1531039,220,4192,425
1531040,196,4192,410
1531041,193,4190,424
1531042,210,4179,441
1531043,226,4161,479
1531044,231,4145,532
1531045,227,4127,554
1531046,230,4127,543
1531047,246,4133,478
1531049,258,4137,391
1531050,257,4150,325
1531051,239,4150,326
1531052,216,4141,393
1531053,217,4135,454
1531054,232,4138,522
1531055,237,4133,558
1531056,240,4130,560
1531057,244,4134,552
1531058,251,4133,555
1531059,248,4140,598
1531060,223,4152,629
1531061,197,4159,607
1531062,203,4157,529
1531063,241,4155,457
1531064,283,4152,467
1531065,281,4152,558
1531066,243,4155,653
1531067,218,4153,717
1531068,211,4152,752
1531069,202,4151,758
1531070,193,4150,757
1531071,192,4145,692
1531072,213,4137,584
1531073,238,4145,505
1531074,258,4157,441
1531075,301,4153,400
1531076,314,4162,436
1531077,288,4146,534
1531078,251,4136,616
1531079,232,4131,643
1531080,241,4134,620
1531081,254,4133,527
1531082,259,4130,451
1531083,239,4129,476
1531084,198,4124,522
1531085,190,4119,519
1531086,217,4116,479
1531087,229,4120,456
1531088,229,4134,454
1531089,249,4137,423
1531090,276,4136,392
1531091,277,4136,368
1531092,254,4135,332
1531093,228,4138,355
1531094,182,4146,446
1531095,135,4160,495
1531096,143,4159,407
1531097,194,4146,314
1531098,189,4147,372
1531099,125,4154,501
1531100,94,4149,575
1531101,97,4148,509
1531102,123,4153,420
1531103,139,4162,434
1531104,137,4162,493
1531105,163,4152,538
1531106,193,4151,491
1531107,220,4150,424
1531108,215,4155,439
1531109,178,4155,489
1531110,149,4143,557
1531111,101,4139,629
1531112,48,4131,598
1531113,89,4126,532
1531114,136,4133,499
1531115,178,4142,466
1531116,214,4152,415
1531117,235,4160,403
1531118,217,4163,399
1531119,206,4148,386
1531120,195,4141,384
1531121,154,4143,378
1531122,112,4143,353
1531123,84,4150,295
1531124,67,4162,249
1531125,78,4162,279
1531126,112,4151,359
1531127,140,4148,449
1531128,133,4148,528
1531129,113,4141,560
1531130,131,4133,575
1531131,160,4133,626
1531132,161,4132,721
1531133,153,4117,823
1531134,141,4101,903
1531135,101,4098,962
1531136,71,4097,986
1531137,80,4094,956
1531138,123,4086,882
1531139,168,4085,799
1531140,195,4086,683
1531141,225,4086,578
1531142,242,4094,496
1531143,257,4092,439
1531144,255,4094,418
1531145,241,4090,364
1531146,254,4081,323
1531147,250,4076,317
1531148,208,4073,374
1531149,106,4058,582
1531150,63,4058,659
1531151,47,4053,698
1531152,74,4047,769
1531153,111,4054,849
1531154,175,4059,831
1531155,282,4068,744
1531156,351,4084,665
1531157,338,4104,660
1531158,291,4118,691
1531159,260,4125,672
1531160,249,4129,627
1531161,224,4129,676
1531162,163,4137,799
1531163,121,4133,837
1531164,139,4119,802
1531165,166,4113,792
1531166,172,4110,821
1531167,174,4102,852
1531168,183,4102,894
1531169,183,4108,929
1531170,193,4108,954
1531171,206,4124,935
1531172,212,4155,784
1531173,258,4167,601
1531174,311,4171,506
1531175,314,4184,462
1531176,286,4182,431
1531177,234,4172,384
1531178,167,4155,384
1531179,119,4130,464
1531180,107,4115,517
1531181,125,4106,538
1531182,157,4104,540
1531183,207,4103,525
1531184,245,4103,495
1531185,249,4101,634
1531186,199,4102,739
1531187,154,4106,736
1531188,149,4118,666
1531189,139,4123,618
1531190,112,4121,606
1531191,135,4122,597
1531192,207,4128,519
1531193,290,4141,431
1531194,321,4156,441
1531195,277,4167,488
1531196,238,4170,478
1531197,248,4160,382
1531198,261,4150,322
1531199,209,4166,394
1531200,126,4180,519
1531201,101,4167,567
1531202,128,4153,550
1531203,111,4147,570
1531204,41,4146,638
1531205,17,4140,666
1531206,74,4130,619
1531207,154,4131,575
1531208,207,4133,577
1531209,219,4136,608
1531210,216,4125,601
1531211,226,4107,580
1531212,233,4101,580
1531213,237,4100,591
1531214,257,4111,569
1531215,285,4113,528
1531216,269,4109,547
1531217,199,4107,594
1531218,133,4106,601
1531219,112,4109,531
1531220,125,4121,455
1531221,159,4127,422
1531222,271,4128,507
1531223,270,4125,579
1531224,238,4132,647
1531225,200,4112,696
1531226,136,4086,763
1531227,52,4089,833
1531228,9,4085,879
1531229,34,4082,860
1531230,115,4086,802
1531231,203,4098,769
1531232,269,4114,770
1531233,292,4119,801
1531234,283,4119,816
1531235,283,4102,817
1531236,257,4091,849
1531237,185,4094,874
1531238,134,4090,813
1531239,149,4082,652
1531240,169,4086,509
1531241,151,4100,434
1531242,162,4113,303
1531243,266,4122,75
1531244,391,4140,-52
1531245,415,4167,51
1531246,371,4173,229
1531247,339,4173,316
1531248,320,4158,295
1531249,252,4141,309
1531250,126,4155,423
1531251,25,4165,575
1531252,-7,4158,669
1531253,32,4155,676
1531254,129,4158,668
1531255,221,4175,719
1531256,273,4192,797
1531257,311,4200,795
1531258,384,4207,688
1531259,325,4226,694
1531260,224,4225,690
1531261,131,4206,686
1531262,50,4194,718
1531263,33,4186,717
1531264,84,4187,677
1531265,130,4177,635
1531266,157,4161,676
1531267,154,4152,795
1531268,133,4149,870
1531269,145,4141,846
1531270,184,4135,801
1531271,216,4136,772
1531272,238,4133,743
1531273,228,4139,746
1531274,181,4137,760
1531275,163,4129,752
1531276,194,4126,718
1531277,211,4138,670
1531278,218,4138,619
1531279,225,4135,600
1531280,211,4140,585
1531281,199,4141,531
1531282,208,4140,456
1531283,224,4138,416
1531284,214,4140,423
1531285,168,4146,432
1531286,152,4133,404
1531287,199,4113,357
1531288,262,4110,347
1531289,255,4114,386
1531290,174,4111,400
1531291,108,4092,388
1531292,98,4075,413
1531293,130,4056,496
1531294,158,4038,573
1531295,185,4037,509
1531296,173,4038,476
1531297,121,4047,505
1531298,77,4053,535
1531299,93,4042,536
1531300,136,4045,540
1531301,165,4052,542
1531302,187,4048,538
1531303,220,4044,543
1531304,262,4042,534
1531305,280,4048,559
1531306,240,4066,589
1531307,167,4082,539
1531308,136,4085,442
1531309,178,4074,416
1531310,227,4065,478
1531311,237,4069,575
1531312,218,4071,694
1531313,196,4063,752
1531314,206,4054,749
1531315,213,4062,746
1531316,187,4070,731
1531317,163,4064,712
1531318,161,4066,738
1531319,163,4076,817
1531320,162,4093,890
1531321,166,4108,864
1531322,202,4114,815
1531323,219,4127,792
1531324,198,4137,752
1531325,192,4143,700
1531326,186,4140,626
1531327,151,4138,564
1531328,104,4140,457
1531329,100,4129,301
1531330,130,4116,180
1531331,121,4095,280
1531332,83,4078,413
1531333,45,4075,502
1531334,15,4088,497
1531335,22,4102,364
1531336,63,4117,176
1531337,109,4131,132
1531338,123,4136,256
1531339,143,4129,428
1531340,169,4120,538
1531341,160,4128,548
1531342,136,4139,518
1531343,124,4142,492
1531344,127,4156,474
1531345,137,4164,408
1531346,167,4170,301
1531347,196,4190,220
1531348,203,4205,211
1531349,197,4211,234
1531350,195,4210,270
1531351,167,4202,319
1531352,116,4201,341
1531353,79,4199,298
1531354,69,4198,272
1531355,59,4195,313
1531356,78,4180,385
1531357,112,4176,457
1531358,121,4177,477
1531359,121,4171,435
1531360,117,4169,332
1531361,123,4178,247
1531362,138,4178,318
1531363,141,4168,545
1531364,123,4156,756
1531365,100,4147,834
1531366,76,4152,815
1531367,84,4172,560
1531368,151,4170,371
1531369,206,4168,292
1531370,222,4179,300
1531371,225,4188,309
1531372,232,4191,327
1531373,218,4194,342
1531374,206,4189,331
1531375,196,4188,309
1531376,160,4199,255
1531377,131,4198,152
1531378,136,4180,53
1531379,159,4167,41
1531380,186,4146,186
1531381,193,4121,479
1531382,170,4107,730
1531383,159,4100,769
1531384,165,4100,619
1531385,144,4116,458
1531386,115,4131,496
1531387,99,4126,688
1531388,104,4106,850
1531389,131,4088,860
1531390,188,4084,743
1531391,205,4106,628
1531392,160,4130,558
1531393,155,4126,555
1531394,195,4114,600
1531395,210,4117,634
1531396,171,4121,657
1531397,105,4115,719
1531398,78,4102,798
1531399,131,4088,789
1531400,224,4087,614
1531401,297,4096,361
1531402,323,4096,193
1531403,296,4094,161
1531404,212,4074,183
1531405,168,4059,224
1531406,110,4050,322
1531407,55,4051,469
1531408,24,4048,576
1531409,38,4032,544
1531410,104,4024,493
1531411,163,4024,507
1531412,181,4025,598
1531413,187,4030,656
1531414,214,4044,608
1531415,239,4064,563
1531416,259,4071,561
1531417,276,4066,633
1531418,245,4067,705
1531419,199,4068,717
1531420,162,4066,724
1531421,124,4069,735
1531422,108,4074,761
1531423,113,4076,799
1531424,120,4082,818
1531425,121,4095,767
1531426,136,4099,669
1531427,161,4103,574
1531428,193,4109,448
1531429,260,4117,317
1531430,330,4136,201
1531431,361,4150,135
1531432,332,4151,161
1531433,270,4141,237
1531434,226,4119,312
1531435,196,4095,355
1531436,160,4082,409
1531437,130,4068,479
1531438,125,4050,544
1531439,145,4047,576
1531440,200,4097,525
1531441,179,4111,501
1531442,149,4119,483
1531443,148,4128,466
1531444,188,4139,494
1531445,243,4143,590
1531446,256,4147,724
1531447,225,4152,785
1531448,192,4163,761
1531449,176,4176,687
1531450,193,4177,622
1531451,231,4170,612
1531452,257,4164,643
1531453,269,4168,712
1531454,285,4170,754
1531455,299,4170,712
1531456,294,4174,605
1531457,264,4183,529
1531458,212,4195,575
1531459,157,4197,673
1531460,145,4189,720
1531461,209,4182,647
1531462,298,4187,508
1531463,339,4197,433
1531464,326,4201,434
1531465,308,4184,451
1531466,290,4167,474
1531467,254,4162,498
1531468,235,4150,499
1531469,242,4137,489
1531470,241,4136,509
1531471,224,4135,524
1531472,230,4130,461
1531473,267,4134,377
1531474,277,4141,340
1531475,258,4143,381
1531476,228,4142,458
1531477,208,4102,540
1531478,218,4096,552
1531479,214,4102,572
1531480,207,4099,579
1531481,216,4093,542
1531482,233,4097,469
1531483,249,4106,403
1531484,250,4113,383
1531485,240,4113,419
1531486,232,4110,512
1531487,214,4118,576
1531488,201,4123,552
1531489,203,4116,491
1531490,195,4131,468
1531491,190,4147,379
1531492,238,4156,215
1531493,303,4175,116
1531494,316,4198,115
1531495,296,4211,180
1531496,274,4203,266
1531497,239,4191,384
1531498,192,4186,499
1531499,173,4175,539
1531500,180,4157,551
1531501,156,4142,561
1531502,137,4126,517
1531503,162,4117,472
1531504,189,4119,476
1531505,207,4123,539
1531506,234,4120,578
1531507,276,4114,564
1531508,273,4123,574
1531509,213,4133,601
1531510,167,4131,606
1531511,142,4132,556
1531512,144,4128,450
1531513,237,4153,249
1531514,280,4173,231
1531515,309,4185,236
1531516,344,4196,196
1531517,385,4214,74
1531518,427,4231,-57
1531519,445,4245,-116
1531520,425,4249,-85
1531521,383,4238,-28
1531522,341,4229,23
1531523,300,4222,95
1531524,243,4212,189
1531525,196,4197,320
1531526,179,4171,443
1531527,173,4147,611
1531528,143,4128,786
1531529,125,4111,885
1531530,144,4109,937
1531531,184,4119,914
1531532,238,4130,846
1531533,283,4131,819
1531534,303,4133,838
1531535,310,4134,801
1531536,310,4130,691
1531537,284,4135,608
1531538,223,4136,573
1531539,155,4128,547
1531540,119,4124,471
1531541,109,4122,376
1531542,115,4114,345
1531543,140,4109,377
1531544,192,4110,420
1531545,259,4116,417
1531546,324,4119,384
1531547,362,4115,384
1531548,336,4106,459
1531549,251,4090,563
1531550,161,4057,679
1531551,164,4043,735
1531552,162,4044,813
1531553,160,4051,885
1531554,160,4064,940
1531555,163,4081,938
1531556,167,4092,899
1531557,163,4104,893
1531558,145,4112,898
1531559,141,4131,859
1531560,173,4151,780
1531561,212,4154,709
1531562,236,4151,667
1531563,241,4155,658
1531564,237,4156,620
1531565,236,4158,542
1531566,226,4161,486
1531567,221,4158,430
1531568,234,4157,327
1531569,254,4154,212
1531570,267,4159,153
1531571,264,4165,153
1531572,261,4161,179
1531573,263,4159,234
1531574,257,4142,283
1531575,238,4121,360
1531576,189,4120,498
1531577,114,4118,611
1531578,67,4109,691
1531579,52,4105,755
1531580,68,4116,801
1531581,132,4119,791
1531582,218,4119,755
1531583,270,4131,760
1531584,267,4133,787
1531585,238,4134,816
1531586,206,4158,575
1531587,249,4161,330
1531588,289,4169,174
1531589,280,4173,200
1531590,240,4158,300
1531591,206,4131,375
1531592,169,4109,438
1531593,115,4099,507
1531594,74,4097,535
1531595,82,4087,491
1531596,128,4075,458
1531597,171,4066,507
1531598,192,4064,613
1531599,205,4062,678
1531600,219,4054,663
1531601,225,4056,601
1531602,224,4066,544
1531603,224,4068,526
1531604,222,4067,542
1531605,203,4070,567
1531606,183,4072,583
1531607,178,4069,595
1531608,191,4059,628
1531609,190,4058,674
1531610,171,4065,703
1531611,162,4067,701
1531612,165,4059,678
1531613,170,4055,657
1531614,170,4054,616
1531615,193,4056,531
1531616,217,4073,421
1531617,215,4087,318
1531618,210,4084,303
1531619,201,4078,382
1531620,182,4074,468
1531621,158,4073,524
1531622,130,4073,530
1531623,56,4093,523
1531624,21,4087,481
1531625,30,4081,447
1531626,62,4082,460
1531627,95,4088,528
1531628,136,4089,579
1531629,180,4087,623
1531630,199,4086,711
1531631,184,4094,766
1531632,188,4106,745
1531633,213,4111,671
1531634,235,4113,582
1531635,244,4113,575
1531636,223,4104,628
1531637,194,4098,655
1531638,167,4100,667
1531639,137,4093,676
1531640,105,4094,691
1531641,82,4089,676
1531642,86,4077,682
1531643,89,4076,725
1531644,79,4076,744
1531645,83,4076,729
1531646,111,4073,697
1531647,132,4079,723
1531648,112,4087,783
1531649,87,4083,831
1531650,81,4081,838
1531651,86,4088,798
1531652,108,4093,760
1531653,129,4093,713
1531654,141,4099,651
1531655,168,4098,591
1531656,185,4101,550
1531657,176,4114,492
1531658,181,4125,377
1531659,231,4139,206
1531660,213,4142,241
1531661,199,4135,310
1531662,177,4117,405
1531663,102,4096,529
1531664,9,4083,676
1531665,-30,4069,769
1531666,-4,4052,788
1531667,48,4042,762
1531668,106,4048,727
1531669,176,4069,697
1531670,248,4085,670
1531671,295,4088,662
1531672,305,4101,671
1531673,295,4124,639
1531674,291,4145,516
1531675,286,4172,358
1531676,249,4197,248
1531677,204,4219,213
1531678,182,4223,220
1531679,172,4213,252
1531680,161,4211,295
1531681,155,4214,339
1531682,155,4212,389
1531683,178,4217,413
1531684,235,4220,378
1531685,296,4212,343
1531686,315,4204,399
1531687,283,4198,526
1531688,235,4181,623
1531689,212,4164,630
1531690,199,4154,591
1531691,155,4144,627
1531692,91,4136,736
1531693,49,4135,820
1531694,60,4134,813
1531695,104,4129,792
1531696,129,4131,899
1531697,157,4132,913
1531698,206,4124,891
1531699,222,4124,885
1531700,207,4127,874
1531701,206,4131,858
1531702,217,4140,848
1531703,242,4155,820
1531704,289,4168,771
1531705,311,4181,762
1531706,288,4191,785
1531707,268,4183,786
1531708,258,4171,738
1531709,247,4165,638
1531710,243,4167,543
1531711,249,4168,519
1531712,227,4162,566
1531713,187,4155,590
1531714,199,4145,555
1531715,244,4140,531
1531716,249,4141,569
1531717,217,4142,647
1531718,185,4137,674
1531719,175,4135,630
1531720,176,4134,594
1531721,169,4130,591
1531722,164,4132,587
1531723,179,4132,577
1531724,189,4135,597
1531725,171,4142,594
1531726,163,4137,550
1531727,157,4131,546
1531728,136,4128,604
1531729,133,4118,695
1531730,159,4107,778
1531731,194,4099,837
1531732,220,4109,887
1531733,256,4117,798
1531734,265,4124,716
1531735,254,4138,615
1531736,253,4146,515
1531737,240,4150,505
1531738,173,4165,602
1531739,97,4178,651
1531740,115,4173,567
1531741,202,4170,438
1531742,251,4179,413
1531743,248,4186,513
1531744,244,4183,609
1531745,271,4158,599
1531746,315,4139,531
1531747,330,4148,463
1531748,335,4160,376
1531749,354,4162,309
1531750,337,4154,321
1531751,271,4141,410
1531752,204,4127,480
1531753,168,4114,504
1531754,161,4113,515
1531755,152,4123,519
1531756,137,4129,505
1531757,123,4121,458
1531758,107,4105,445
1531759,89,4090,462
1531760,101,4077,502
1531761,136,4073,544
1531762,196,4081,538
1531763,264,4098,515
1531764,291,4121,488
1531765,278,4136,467
1531766,241,4136,459
1531767,220,4139,473
1531768,232,4138,475
1531769,246,4129,486
1531770,208,4136,507
1531771,188,4148,542
1531772,169,4151,595
1531773,147,4144,615
1531774,159,4140,604
1531775,183,4144,590
1531776,174,4140,593
1531777,144,4118,656
1531778,107,4109,770
1531779,83,4108,881
1531780,107,4098,956
1531781,157,4098,956
1531782,212,4100,876
1531783,258,4101,827
1531784,270,4098,855
1531785,254,4087,891
1531786,220,4086,882
1531787,170,4088,843
1531788,130,4084,845
1531789,129,4080,873
1531790,161,4083,847
1531791,209,4099,744
1531792,257,4114,630
1531793,287,4120,550
1531794,317,4114,490
1531795,340,4110,431
1531796,345,4105,394
1531797,325,4094,423
1531798,262,4089,441
1531799,214,4088,389
1531800,204,4088,339
1531801,207,4082,376
1531802,210,4067,531
1531803,189,4058,712
1531804,158,4059,818
1531805,140,4069,867
1531806,141,4071,828
1531807,176,4080,813
1531808,212,4093,764
1531809,258,4108,685
1531810,280,4126,632
1531811,264,4143,576
1531812,255,4154,471
1531813,268,4160,343
1531814,290,4163,258
1531815,288,4175,272
1531816,247,4189,309
1531817,216,4188,297
1531818,207,4183,254
1531819,199,4180,218
1531820,190,4182,212
1531821,202,4183,199
1531822,245,4172,213
1531823,266,4160,267
1531824,259,4149,341
1531825,248,4145,425
1531826,233,4147,447
1531827,261,4137,455
1531828,284,4124,542
1531829,247,4112,698
1531830,192,4100,830
1531831,158,4094,874
1531832,146,4089,860
1531833,146,4085,845
1531834,140,4096,835
1531835,136,4109,769
1531836,170,4111,670
1531837,239,4117,617
1531838,310,4127,594
1531839,342,4136,570
1531840,317,4140,551
1531841,244,4140,574
1531842,111,4124,611
1531843,114,4125,556
1531844,121,4129,451
1531845,122,4137,401
1531846,136,4141,394
1531847,179,4133,400
1531848,231,4115,444
1531849,266,4104,493
1531850,293,4100,503
1531851,303,4107,496
1531852,276,4109,485
1531853,222,4098,489
1531854,167,4090,523
1531855,109,4089,579
1531856,53,4090,616
1531857,30,4094,608
1531858,60,4106,591
1531859,127,4123,585
1531860,172,4136,570
1531861,191,4139,547
1531862,193,4138,536
1531863,179,4130,571
1531864,166,4126,659
1531865,147,4133,725
1531866,129,4142,730
1531867,126,4140,736
1531868,142,4131,781
1531869,182,4129,846
1531870,239,4131,877
1531871,280,4139,811
1531872,312,4153,674
1531873,341,4162,540
1531874,357,4161,499
1531875,338,4153,574
1531876,286,4141,680
1531877,249,4121,725
1531878,210,4106,701
1531879,188,4099,668
1531880,192,4099,632
1531881,203,4109,590
1531882,203,4115,532
1531883,196,4123,472
1531884,195,4136,433
1531885,197,4139,427
1531886,193,4136,456
1531887,177,4142,532
1531888,139,4132,625
1531889,91,4114,693
1531890,61,4106,645
1531891,79,4109,514
1531892,110,4118,387
1531893,126,4114,340
1531894,148,4102,456
1531895,162,4083,648
1531896,162,4074,841
1531897,163,4082,960
1531898,188,4084,960
1531899,224,4083,893
1531900,236,4090,810
1531901,233,4103,762
1531902,230,4107,747
1531903,221,4105,761
1531904,212,4106,752
1531905,214,4113,694
1531906,219,4117,623
1531907,201,4122,579
1531908,141,4136,577
1531909,65,4146,533
1531910,35,4144,451
1531911,50,4140,388
1531912,88,4138,405
1531913,139,4129,442
1531914,193,4116,457
1531915,211,4132,513
1531916,207,4128,440
1531917,210,4130,401
1531918,178,4143,423
1531919,136,4148,438
1531920,128,4147,410
1531921,124,4152,375
1531922,101,4155,325
1531923,92,4162,271
1531924,99,4169,205
1531925,102,4169,139
1531926,110,4165,105
1531927,125,4162,111
1531928,129,4156,139
1531929,138,4143,135
1531930,174,4136,114
1531931,219,4126,122
1531932,231,4123,198
1531933,209,4129,277
1531934,196,4120,332
1531935,188,4096,431
1531936,147,4084,641
1531937,64,4087,857
1531938,30,4089,935
1531939,73,4097,885
1531940,137,4103,793
1531941,175,4118,743
1531942,189,4143,699
1531943,230,4160,593
1531944,296,4168,440
1531945,337,4173,322
1531946,332,4181,294
1531947,291,4185,342
1531948,242,4181,395
1531949,212,4170,431
1531950,184,4157,447
1531951,132,4146,452
1531952,128,4146,372
1531953,169,4141,243
1531954,231,4132,214
1531955,270,4123,320
1531956,298,4113,441
1531957,330,4102,514
1531958,340,4101,585
1531959,288,4102,640
1531960,195,4099,701
1531961,95,4100,780
1531962,15,4097,815
1531963,-7,4098,796
1531964,30,4100,730
1531965,85,4094,689
1531966,142,4093,714
1531967,215,4107,726
1531968,284,4131,713
1531969,315,4150,719
1531970,293,4152,733
1531971,241,4154,736
1531972,185,4157,690
1531973,143,4146,641
1531974,114,4129,640
1531975,99,4113,635
1531976,107,4105,607
1531977,130,4105,571
1531978,157,4102,568
1531979,168,4095,622
1531980,161,4088,706
1531981,130,4090,771
1531982,87,4087,722
1531983,78,4077,567
1531984,92,4076,445
1531985,109,4080,456
1531986,137,4086,575
1531987,157,4093,668
1531988,170,4092,514
1531989,189,4090,538
1531990,205,4089,672
1531991,227,4080,790
1531992,227,4074,824
1531993,203,4081,812
1531994,164,4092,788
1531995,122,4097,713
1531996,114,4096,663
1531997,111,4101,693
1531998,111,4106,723
1531999,152,4106,721
1532000,214,4110,674
1532001,286,4112,554
1532002,335,4114,449
1532003,272,4095,442
1532004,156,4070,429
1532005,88,4088,386
1532006,30,4123,414
1532007,29,4114,483
1532008,141,4075,475
1532009,275,4052,427
1532010,319,4052,395
1532011,287,4065,375
1532012,222,4091,419
1532013,137,4107,523
1532014,94,4101,643
1532015,97,4093,723
1532016,122,4090,748
1532017,151,4099,800
1532018,159,4110,901
1532019,154,4119,973
1532020,147,4129,942
1532021,159,4143,842
1532022,178,4156,724
1532023,209,4162,617
1532024,263,4183,498
1532025,283,4180,474
1532026,284,4173,459
1532027,263,4169,444
1532028,233,4160,416
1532029,207,4158,372
1532030,196,4156,320
1532031,202,4142,254
1532032,230,4130,181
1532033,250,4121,162
1532034,236,4118,218
1532035,206,4117,289
1532036,176,4117,350
1532037,149,4122,374
1532038,138,4131,385
1532039,151,4135,386
1532040,180,4144,405
1532041,202,4155,464
1532042,209,4156,512
1532043,223,4144,556
1532044,225,4139,632
1532045,211,4149,748
1532046,200,4157,832
1532047,209,4167,806
1532048,246,4180,723
1532049,269,4197,690
1532050,264,4206,718
1532051,254,4200,742
1532052,240,4196,709
1532053,236,4185,603
1532054,253,4164,505
1532055,247,4164,487
1532056,212,4167,546
1532057,192,4156,631
1532058,190,4144,663
1532059,183,4129,643
1532060,135,4115,661
1532061,127,4103,660
1532062,192,4073,638
1532063,270,4062,718
1532064,277,4064,875
1532065,248,4060,978
1532066,226,4064,955
1532067,205,4074,859
1532068,160,4091,817
1532069,117,4104,848
1532070,121,4108,893
1532071,172,4111,863
1532072,251,4121,781
1532073,302,4141,696
1532074,307,4156,606
1532075,288,4168,554
1532076,256,4181,499
1532077,220,4180,442
1532078,195,4172,426
1532079,197,4152,421
1532080,212,4131,415
1532081,213,4120,439
1532082,182,4104,498
1532083,119,4089,519
1532084,89,4073,451
1532085,113,4057,360
1532086,145,4047,318
1532087,170,4043,389
1532088,193,4038,530
1532089,217,4030,618
1532090,252,4029,619
1532091,283,4034,572
1532092,280,4042,568
1532093,220,4050,639
1532094,132,4052,672
1532095,98,4050,625
1532096,116,4060,539
1532097,243,4112,390
1532098,319,4136,350
1532099,372,4155,344
1532100,369,4164,390
1532101,310,4162,478
1532102,212,4163,583
1532103,110,4161,663
1532104,50,4145,721
1532105,40,4126,796
1532106,61,4112,870
1532107,113,4098,923
1532108,193,4085,938
1532109,268,4089,947
1532110,315,4095,945
1532111,323,4098,942
1532112,274,4110,932
1532113,201,4115,847
1532114,154,4116,710
1532115,149,4120,583
1532116,165,4125,494
1532117,191,4128,435
1532118,232,4119,403
1532119,255,4109,443
1532120,230,4106,540
1532121,189,4113,635
1532122,164,4123,637
1532123,156,4134,514
1532124,175,4147,388
1532125,193,4161,333
1532126,206,4169,340
1532127,227,4165,368
1532128,246,4161,406
1532129,256,4157,478
1532130,227,4156,557
1532131,167,4154,606
1532132,111,4142,619
1532133,64,4136,627
1532134,25,4134,587
1532135,56,4132,581
1532136,116,4141,642
1532137,181,4151,692
1532138,242,4158,687
1532139,284,4166,666
1532140,304,4170,674
1532141,313,4174,691
1532142,316,4176,637
1532143,328,4175,535
1532144,329,4179,478
1532145,301,4176,448
1532146,269,4168,429
1532147,231,4163,427
1532148,183,4154,431
1532149,143,4136,421
1532150,131,4122,412
1532151,145,4111,474
1532152,160,4099,572
1532153,173,4091,590
1532154,203,4096,522
1532155,208,4107,458
1532156,176,4111,473
1532157,145,4103,534
1532158,149,4088,561
1532159,175,4082,580
1532160,180,4088,593
1532161,174,4100,547
1532162,189,4111,460
1532163,205,4118,346
1532164,210,4126,284
1532165,188,4138,298
1532166,155,4140,321
1532167,136,4132,328
1532168,127,4125,339
1532169,117,4124,415
1532170,106,4121,530
1532171,127,4131,543
1532172,129,4128,546
1532173,98,4124,527
1532174,95,4118,508
1532175,142,4106,523
1532176,177,4104,561
1532177,181,4097,611
1532178,189,4084,643
1532179,196,4082,652
1532180,168,4083,636
1532181,117,4084,560
1532182,86,4086,467
1532183,76,4089,416
1532184,73,4091,428
1532185,115,4086,519
1532186,199,4076,649
1532187,270,4071,764
1532188,301,4078,795
1532189,298,4084,702
1532190,279,4088,567
1532191,236,4103,553
1532192,153,4121,663
1532193,89,4123,732
1532194,109,4121,762
1532195,163,4118,770
1532196,203,4124,743
1532197,225,4144,693
1532198,221,4149,648
1532199,206,4143,645
1532200,196,4132,662
1532201,183,4118,670
1532202,148,4118,635
1532203,114,4121,556
1532204,88,4121,529
1532205,49,4113,546
1532206,27,4095,564
1532207,147,4071,571
1532208,205,4076,614
1532209,206,4084,606
1532210,192,4089,612
1532211,160,4090,662
1532212,126,4075,713
1532213,133,4060,752
1532214,177,4055,789
1532215,209,4058,848
1532216,209,4062,929
1532217,213,4071,1007
1532218,234,4082,1016
1532219,268,4088,993
1532220,280,4090,979
1532221,268,4096,972
1532222,274,4101,970
1532223,278,4096,946
1532224,247,4091,924
1532225,196,4088,930
1532226,150,4091,935
1532227,124,4098,878
1532228,139,4097,780
1532229,164,4101,674
1532230,177,4110,576
1532231,185,4113,512
1532232,178,4119,448
1532233,186,4106,368
1532234,210,4091,324
1532235,205,4095,363
1532236,182,4094,476
1532237,154,4095,602
1532238,116,4098,636
1532239,96,4091,555
1532240,100,4082,436
1532241,125,4089,379
1532242,159,4105,433
1532243,195,4108,509
1532244,275,4115,531
1532245,259,4120,531
1532246,207,4124,546
1532247,167,4122,532
1532248,155,4109,507
1532249,146,4098,502
1532250,123,4104,584
1532251,91,4113,697
1532252,83,4115,747
1532253,97,4123,699
1532254,114,4146,622
1532255,116,4172,572
1532256,111,4194,559
1532257,126,4210,579
1532258,143,4223,567
1532259,148,4233,500
1532260,168,4247,445
1532261,195,4256,430
1532262,219,4253,446
1532263,234,4240,444
1532264,241,4225,439
1532265,230,4218,446
1532266,209,4215,429
1532267,190,4216,409
1532268,151,4220,374
1532269,117,4220,306
1532270,118,4207,167
1532271,162,4202,29
1532272,216,4197,-52
1532273,262,4192,-69
1532274,294,4193,-46
1532275,284,4190,2
1532276,245,4163,43
1532277,238,4132,84
1532278,230,4124,205
1532279,163,4119,378
1532280,-3,4106,755
1532281,-48,4110,754
1532282,-12,4118,619
1532283,70,4143,483
1532284,176,4167,477
1532285,306,4175,569
1532286,431,4177,636
1532287,514,4183,634
1532288,514,4185,615
1532289,412,4189,619
1532290,270,4184,617
1532291,153,4167,563
1532292,86,4144,503
1532293,66,4121,493
1532294,85,4097,516
1532295,142,4081,552
1532296,221,4068,560
1532297,294,4051,558
1532298,317,4041,612
1532299,266,4036,705
1532300,191,4028,763
1532301,155,4022,772
1532302,149,4017,772
1532303,152,4012,781
1532304,169,4028,785
1532305,189,4049,755
1532306,216,4057,697
1532307,242,4064,684
1532308,246,4077,743
1532309,230,4091,836
1532310,217,4100,890
1532311,221,4112,880
1532312,237,4120,836
1532313,241,4121,808
1532314,206,4130,813
1532315,214,4126,770
1532316,230,4127,719
1532317,233,4126,692
1532318,223,4116,697
1532319,217,4100,691
1532320,208,4086,678
1532321,171,4085,661
1532322,137,4081,675
1532323,112,4069,693
1532324,103,4061,704
1532325,119,4056,731
1532326,141,4049,722
1532327,169,4045,715
1532328,191,4047,774
1532329,194,4060,871
1532330,181,4070,914
1532331,168,4071,897
1532332,163,4070,859
1532333,175,4077,801
1532334,219,4097,749
1532335,275,4116,725
1532336,306,4125,761
1532337,284,4130,820
1532338,257,4132,805
1532339,265,4135,716
1532340,267,4152,645
1532341,229,4167,628
1532342,172,4176,614
1532343,150,4177,511
1532344,164,4165,344
1532345,174,4160,237
1532346,156,4167,219
1532347,141,4176,228
1532348,161,4161,211
1532349,183,4136,225
1532350,166,4127,314
1532351,111,4097,465
1532352,140,4075,403
1532353,169,4070,335
1532354,165,4073,367
1532355,139,4070,457
1532356,125,4058,509
1532357,132,4053,516
1532358,139,4055,478
1532359,139,4065,383
1532360,149,4075,269
1532361,160,4085,220
1532362,178,4089,252
1532363,216,4094,332
1532364,241,4096,414
1532365,237,4086,540
1532366,199,4076,697
1532367,149,4074,838
1532368,112,4068,937
1532369,106,4061,992
1532370,115,4069,984
1532371,149,4067,898
1532372,204,4072,791
1532373,237,4087,697
1532374,249,4099,702
1532375,226,4110,760
1532376,190,4113,781
1532377,151,4109,774
1532378,103,4110,793
1532379,50,4119,865
1532380,8,4116,928
1532381,1,4098,893
1532382,40,4089,789
1532383,102,4094,748
1532384,149,4102,756
1532385,190,4109,727
1532386,227,4119,700
1532387,210,4141,723
1532388,143,4146,805
1532389,134,4149,760
1532390,133,4156,704
1532391,129,4159,669
1532392,135,4154,608
1532393,174,4137,531
1532394,218,4124,491
1532395,218,4132,536
1532396,188,4129,580
1532397,187,4125,586
1532398,211,4119,565
1532399,222,4116,526
1532400,233,4119,477
1532401,251,4118,455
1532402,253,4120,518
1532403,234,4120,640
1532404,216,4121,763
1532405,217,4120,845
1532406,209,4122,912
1532407,177,4120,962
1532408,144,4114,954
1532409,133,4107,893
1532410,155,4097,829
1532411,185,4109,731
1532412,230,4133,600
1532413,280,4144,453
1532414,322,4155,304
1532415,339,4169,180
1532416,306,4175,110
1532417,239,4174,140
1532418,155,4166,223
1532419,105,4148,299
1532420,99,4133,368
1532421,104,4117,436
1532422,100,4105,528
1532423,97,4088,602
1532424,131,4064,673
1532425,161,4075,671
1532426,195,4080,654
1532427,215,4080,649
1532428,215,4088,683
1532429,211,4078,716
1532430,209,4071,729
1532431,188,4080,687
1532432,159,4086,667
1532433,123,4084,703
1532434,79,4088,779
1532435,37,4098,836
1532436,29,4101,796
1532437,69,4111,698
1532438,116,4125,572
1532439,162,4137,492
1532440,212,4151,484
1532441,259,4154,502
1532442,284,4155,511
1532443,275,4155,494
1532444,231,4159,449
1532445,177,4169,404
1532446,125,4171,402
1532447,68,4165,459
1532448,22,4150,521
1532449,14,4138,575
1532450,52,4135,634
1532451,116,4125,720
1532452,159,4102,839
1532453,187,4081,927
1532454,231,4083,941
1532455,274,4090,920
1532456,283,4104,897
1532457,266,4129,857
1532458,254,4150,805
1532459,247,4164,738
1532460,247,4175,661
1532461,263,4182,617
1532462,294,4196,558
1532463,302,4190,519
1532464,287,4183,460
1532465,243,4183,391
1532466,194,4177,314
1532467,160,4167,247
1532468,152,4159,233
1532469,171,4141,252
1532470,224,4129,314
1532471,304,4118,416
1532472,361,4114,522
1532473,371,4116,574
1532474,353,4102,557
1532475,307,4093,571
1532476,242,4078,642
1532477,190,4061,774
1532478,161,4053,921
1532479,135,4046,1067
1532480,101,4046,1167
1532481,86,4049,1191
1532482,103,4064,1178
1532483,151,4080,1124
1532484,230,4100,1037
1532485,326,4125,929
1532486,401,4142,832
1532487,435,4146,719
1532488,462,4141,612
1532489,464,4143,597
1532490,386,4148,678
1532491,266,4137,757
1532492,183,4124,756
1532493,152,4114,666
1532494,164,4099,546
1532495,191,4096,491
1532496,228,4099,524
1532497,276,4090,586
1532498,339,4067,649
1532499,301,4063,686
1532500,256,4054,744
1532501,215,4051,778
1532502,191,4053,789
1532503,181,4061,761
1532504,201,4064,690
1532505,245,4067,602
1532506,276,4079,534
1532507,282,4091,573
1532508,243,4108,596
1532509,217,4117,495
1532510,233,4122,361
1532511,231,4141,231
1532512,228,4156,162
1532513,235,4160,170
1532514,228,4159,192
1532515,215,4161,185
1532516,231,4166,174
1532517,246,4177,188
1532518,239,4183,168
1532519,249,4179,153
1532520,266,4169,153
1532521,277,4163,198
1532522,262,4159,287
1532523,224,4155,344
1532524,218,4132,398
1532525,234,4108,476
1532526,243,4102,554
1532527,241,4092,600
1532528,233,4080,595
1532529,236,4079,557
1532530,240,4080,537
1532531,227,4072,566
1532532,199,4062,614
1532533,180,4058,667
1532534,165,4066,747
1532535,169,4080,775
1532536,184,4095,754
1532537,194,4097,746
1532538,182,4105,795
1532539,158,4111,831
1532540,141,4121,841
1532541,128,4135,796
1532542,149,4139,657
1532543,210,4148,504
1532544,269,4167,410
1532545,293,4194,350
1532546,309,4203,315
1532547,313,4199,358
1532548,270,4195,445
1532549,206,4197,495
1532550,162,4198,483
1532551,154,4178,440
1532552,160,4155,380
1532553,167,4139,315
1532554,183,4123,306
1532555,186,4112,384
1532556,159,4108,525
1532557,117,4108,674
1532558,94,4110,751
1532559,118,4114,720
1532560,172,4119,623
1532561,202,4133,551
1532562,199,4154,549
1532563,203,4166,554
1532564,227,4170,545
1532565,237,4174,547
1532566,230,4176,571
1532567,228,4175,624
1532568,211,4177,707
1532569,169,4168,777
1532570,127,4160,832
1532571,118,4177,921
1532572,163,4186,943
1532573,219,4187,938
1532574,263,4181,938
1532575,282,4182,963
1532576,279,4187,991
1532577,270,4193,956
1532578,271,4203,832
1532579,285,4206,691
1532580,308,4203,611
1532581,326,4206,612
1532582,319,4210,652
1532583,292,4203,638
1532584,270,4185,549
1532585,240,4168,443
1532586,191,4160,357
1532587,168,4155,322
1532588,188,4141,294
1532589,234,4122,285
1532590,268,4107,355
1532591,272,4093,456
1532592,271,4075,532
1532593,260,4060,571
1532594,226,4053,605
1532595,183,4047,661
1532596,161,4039,715
1532597,155,4043,735
1532598,161,4059,697
1532599,183,4079,600
1532600,221,4101,521
1532601,255,4120,515
1532602,275,4134,553
1532603,283,4141,558
1532604,264,4154,547
1532605,237,4162,554
1532606,215,4154,565
1532607,190,4159,577
1532608,144,4154,560
1532609,130,4141,529
1532610,105,4133,475
1532611,79,4114,432
1532612,77,4100,452
1532613,92,4090,525
1532614,126,4071,631
1532615,172,4055,737
1532616,194,4053,745
1532617,214,4057,680
1532618,227,4058,649
1532619,195,4067,668
1532620,148,4079,689
1532621,118,4086,656
1532622,101,4089,580
1532623,93,4091,556
1532624,99,4097,607
1532625,107,4103,661
1532626,113,4107,667
1532627,126,4118,633
1532628,137,4131,626
1532629,141,4135,637
1532630,144,4130,611
1532631,154,4127,573
1532632,149,4133,532
1532633,135,4131,464
1532634,142,4120,419
1532635,158,4112,425
1532636,175,4109,512
1532637,178,4105,627
1532638,158,4103,703
1532639,111,4100,711
1532640,35,4101,668
1532641,-35,4109,624
1532642,-59,4107,595
1532643,-17,4094,619
1532644,109,4089,722
1532645,163,4086,771
1532646,244,4073,821
1532647,317,4060,882
1532648,332,4060,957
1532649,285,4073,1038
1532650,205,4076,1069
1532651,164,4064,1050
1532652,171,4058,1041
1532653,191,4058,1073
1532654,224,4058,1139
1532655,267,4050,1222
1532656,279,4043,1289
1532657,274,4037,1298
1532658,280,4029,1228
1532659,266,4033,1092
1532660,230,4039,911
1532661,208,4046,725
1532662,215,4046,584
1532663,227,4040,556
1532664,237,4037,604
1532665,254,4031,610
1532666,281,4022,580
1532667,287,4013,532
1532668,257,4004,490
1532669,209,4004,460
1532670,167,4016,406
1532671,147,4018,362
1532672,161,4014,410
1532673,197,4024,509
1532674,252,4035,570
1532675,316,4044,567
1532676,354,4060,554
1532677,342,4077,587
1532678,279,4097,617
1532679,222,4112,632
1532680,201,4120,655
1532681,213,4122,670
1532682,254,4127,699
1532683,306,4134,738
1532684,332,4124,748
1532685,330,4122,762
1532686,294,4129,780
1532687,267,4131,774
1532688,263,4134,727
1532689,262,4136,688
1532690,246,4130,704
1532691,223,4129,712
1532692,215,4132,620
1532693,235,4133,483
1532694,237,4149,401
1532695,209,4163,355
1532696,213,4164,311
1532697,246,4163,257
1532698,270,4168,259
1532699,258,4179,332
1532700,227,4188,400
1532701,215,4195,409
1532702,216,4198,405
1532703,205,4199,459
1532704,191,4193,553
1532705,180,4199,624
1532706,173,4216,585
1532707,174,4229,466
1532708,174,4242,373
1532709,167,4256,347
1532710,159,4260,351
1532711,173,4245,384
1532712,197,4214,453
1532713,198,4194,527
1532714,191,4187,594
1532715,191,4178,645
1532716,174,4172,732
1532717,128,4159,835
1532718,93,4150,897
1532719,81,4157,903
1532720,72,4180,785
1532721,86,4198,614
1532722,107,4216,502
1532723,115,4220,466
1532724,175,4210,527
1532725,271,4202,605
1532726,339,4197,639
1532727,350,4202,682
1532728,293,4199,709
1532729,205,4164,675
1532730,140,4127,623
1532731,95,4106,599
1532732,64,4090,599
1532733,91,4069,617
1532734,151,4057,649
1532735,199,4052,681
1532736,247,4044,713
1532737,289,4055,758
1532738,325,4067,756
1532739,373,4060,757
1532740,396,4058,779
1532741,392,4052,785
1532742,358,4050,792
1532743,283,4054,760
1532744,190,4067,686
1532745,151,4080,583
1532746,196,4083,536
1532747,235,4093,562
1532748,250,4098,625
1532749,255,4092,691
1532750,239,4089,727
1532751,200,4092,758
1532752,144,4094,777
1532753,97,4091,733
1532754,102,4082,652
1532755,124,4075,579
1532756,112,4073,503
1532757,215,4051,506
1532758,311,4041,647
1532759,367,4035,788
1532760,384,4049,877
1532761,371,4055,916
1532762,329,4047,925
1532763,247,4045,922
1532764,150,4046,914
1532765,82,4052,897
1532766,64,4063,834
1532767,101,4076,744
1532768,148,4085,656
1532769,180,4095,618
1532770,203,4116,650
1532771,201,4140,664
1532772,183,4161,572
1532773,176,4172,397
1532774,182,4176,276
1532775,172,4177,295
1532776,164,4162,419
1532777,188,4139,535
1532778,216,4130,552
1532779,220,4121,478
1532780,194,4120,443
1532781,116,4118,479
1532782,50,4111,517
1532783,82,4103,545
1532784,150,4089,633
1532785,178,4082,768
1532786,184,4079,874
1532787,177,4080,944
1532788,131,4077,956
1532789,88,4066,910
1532790,83,4066,834
1532791,100,4076,737
1532792,127,4083,680
1532793,151,4107,742
1532794,162,4113,763
1532795,164,4129,652
1532796,184,4152,455
1532797,209,4168,295
1532798,214,4173,212
1532799,201,4172,225
1532800,180,4166,271
1532801,149,4160,286
1532802,106,4159,255
1532803,42,4159,201
1532804,-26,4160,167
1532805,-56,4166,189
1532806,-17,4158,299
1532807,46,4154,467
1532808,104,4151,547
1532809,159,4140,546
1532810,170,4138,588
1532811,112,4148,670
1532812,54,4156,761
1532813,56,4151,771
1532814,86,4149,727
1532815,116,4150,779
1532816,134,4157,930
1532817,139,4166,1019
1532818,150,4172,958
1532819,180,4184,832
1532820,195,4185,753
1532821,187,4182,733
1532822,165,4179,661
1532823,143,4165,578
1532824,116,4144,553
1532825,91,4128,554
1532826,96,4107,555
1532827,112,4091,576
1532828,74,4080,599
1532829,-95,4059,410
1532830,-128,4047,357
1532831,-107,4032,464
1532832,-46,4030,617
1532833,34,4036,665
1532834,123,4034,622
1532835,188,4028,602
1532836,178,4038,635
1532837,141,4051,696
1532838,133,4061,754
1532839,141,4071,760
1532840,175,4080,757
1532841,234,4096,760
1532842,301,4121,760
1532843,340,4143,778
1532844,326,4145,800
1532845,290,4143,852
1532846,242,4140,900
1532847,165,4142,866
1532848,107,4150,822
1532849,108,4137,817
1532850,154,4122,783
1532851,224,4116,722
1532852,281,4111,711
1532853,293,4106,746
1532854,274,4099,791
1532855,237,4093,853
1532856,177,4083,910
1532857,94,4070,911
1532858,46,4053,845
1532859,76,4037,755
1532860,153,4029,706
1532861,222,4023,744
1532862,259,4026,827
1532863,268,4039,906
1532864,241,4057,907
1532865,207,4082,806
1532866,187,4115,547
1532867,200,4132,417
1532868,226,4150,326
1532869,252,4164,288
1532870,281,4164,311
1532871,281,4168,384
1532872,239,4172,442
1532873,209,4162,493
1532874,193,4156,574
1532875,159,4156,671
1532876,122,4149,719
1532877,117,4136,719
1532878,133,4136,742
1532879,143,4134,749
1532880,162,4130,693
1532881,209,4139,559
1532882,286,4153,444
1532883,325,4167,397
1532884,298,4176,410
1532885,256,4176,412
1532886,218,4168,344
1532887,193,4161,247
1532888,179,4147,225
1532889,155,4136,313
1532890,118,4121,401
1532891,77,4104,484
1532892,19,4085,497
1532893,-18,4073,495
1532894,-21,4079,495
1532895,30,4077,428
1532896,146,4067,446
1532897,211,4070,540
1532898,202,4075,663
1532899,181,4074,776
1532900,179,4068,816
1532901,230,4063,909
1532902,213,4074,945
1532903,197,4078,930
1532904,188,4065,888
1532905,185,4052,899
1532906,175,4051,957
1532907,151,4061,992
1532908,120,4071,970
1532909,106,4069,958
1532910,122,4062,1001
1532911,141,4056,1031
1532912,171,4053,1002
1532913,219,4060,963
1532914,239,4068,901
1532915,212,4075,803
1532916,196,4080,713
1532917,206,4082,690
1532918,194,4090,684
1532919,184,4100,611
1532920,228,4104,561
1532921,278,4108,565
1532922,308,4104,614
1532923,329,4091,711
1532924,347,4078,785
1532925,344,4067,805
1532926,309,4058,799
1532927,260,4057,799
1532928,203,4066,827
1532929,151,4072,831
1532930,137,4069,798
1532931,167,4081,814
1532932,216,4102,885
1532933,281,4102,955
1532934,332,4104,967
1532935,346,4112,895
1532936,320,4117,816
1532937,270,4124,750
1532938,224,4125,676
1532939,158,4132,608
1532940,131,4133,595
1532941,128,4142,526
1532942,165,4145,444
1532943,237,4148,400
1532944,295,4153,403
1532945,324,4152,437
1532946,326,4141,485
1532947,304,4128,461
1532948,282,4117,389
1532949,264,4117,387
1532950,240,4117,437
1532951,240,4106,494
1532952,276,4098,542
1532953,302,4095,592
1532954,309,4093,636
1532955,301,4106,633
1532956,289,4116,547
1532957,267,4118,452
1532958,233,4125,386
1532959,215,4130,387
1532960,224,4118,438
1532961,243,4099,510
1532962,261,4099,630
1532963,272,4105,726
1532964,248,4106,696
1532965,202,4116,559
1532966,148,4135,401
1532967,123,4136,248
1532968,183,4123,210
1532969,280,4116,283
1532970,367,4114,382
1532971,426,4120,468
1532972,443,4118,504
1532973,404,4111,599
1532974,288,4111,800
1532975,160,4103,963
1532976,75,4058,829
1532977,119,4057,790
1532978,162,4076,834
1532979,211,4096,824
1532980,273,4108,752
1532981,309,4122,741
1532982,312,4134,758
1532983,317,4136,723
1532984,309,4135,665
1532985,262,4138,618
1532986,196,4135,611
1532987,140,4127,636
1532988,126,4123,583
1532989,144,4114,511
1532990,149,4115,541
1532991,139,4123,580
1532992,144,4127,568
1532993,167,4134,537
1532994,185,4145,538
1532995,186,4159,582
1532996,190,4160,666
1532997,195,4157,780
1532998,206,4156,812
1532999,219,4147,778
1533000,229,4137,729
1533001,244,4129,717
1533002,235,4134,785
1533003,217,4149,751
1533004,211,4163,597
1533005,211,4173,474
1533006,210,4171,442
1533007,188,4167,485
1533008,163,4168,570
1533009,131,4169,666
1533010,110,4161,682
1533011,95,4152,611
1533012,59,4162,504
1533013,80,4139,554
1533014,93,4131,676
1533015,115,4133,693
1533016,161,4137,607
1533017,215,4142,531
1533018,236,4142,487
1533019,224,4138,494
1533020,176,4123,626
1533021,82,4106,790
1533022,-6,4099,817
1533023,-37,4100,780
1533024,-31,4111,718
1533025,-8,4117,626
1533026,36,4114,579
1533027,89,4109,561
1533028,138,4102,543
1533029,122,4099,601
1533030,47,4106,717
1533031,28,4101,782
1533032,70,4087,839
1533033,102,4095,905
1533034,155,4088,933
1533035,195,4078,908
1533036,208,4089,825
1533037,239,4092,765
1533038,258,4095,793
1533039,256,4096,865
1533040,259,4081,899
1533041,268,4068,883
1533042,242,4072,859
1533043,194,4075,784
1533044,172,4071,694
1533045,169,4066,687
1533046,176,4057,779
1533047,227,4017,896
1533048,226,4032,882
1533049,194,4050,840
1533050,190,4053,773
1533051,215,4059,717
1533052,250,4059,645
1533053,264,4063,580
1533054,259,4081,561
1533055,280,4082,593
1533056,315,4067,641
1533057,318,4067,680
1533058,283,4077,668
1533059,235,4080,646
1533060,171,4080,660
1533061,122,4073,696
1533062,133,4054,703
1533063,180,4046,646
1533064,218,4063,565
1533065,230,4089,511
1533066,233,4105,504
1533067,258,4105,561
1533068,293,4101,672
1533069,297,4093,745
1533070,260,4089,720
1533071,205,4098,627
1533072,168,4104,570
1533073,156,4105,591
1533074,163,4098,622
1533075,194,4092,627
1533076,209,4103,684
1533077,184,4115,761
1533078,154,4115,796
1533079,137,4113,829
1533080,126,4113,858
1533081,127,4099,886
1533082,126,4082,887
1533083,143,4084,672
1533084,168,4087,544
1533085,189,4093,522
1533086,169,4104,611
1533087,116,4097,669
1533088,77,4089,632
1533089,57,4102,627
1533090,29,4113,622
1533091,8,4124,582
1533092,10,4133,577
1533093,65,4119,607
1533094,144,4108,663
1533095,191,4114,702
1533096,206,4123,738
1533097,181,4139,785
1533098,148,4143,797
1533099,133,4142,796
1533100,115,4155,768
1533101,107,4164,714
1533102,93,4177,717
1533103,86,4179,782
1533104,131,4153,904
1533105,205,4141,1080
1533106,277,4140,1190
