3658029,174,4254,207
3658030,178,4253,196
3658031,181,4246,159
3658032,185,4238,125
3658033,184,4232,119
3658034,176,4238,128
3658035,169,4245,125
3658036,170,4241,92
3658037,166,4244,61
3658038,155,4258,54
3658039,141,4266,66
3658040,128,4268,76
3658041,126,4270,70
3658042,142,4270,53
3658043,158,4271,42
3658044,156,4279,49
3658045,148,4284,66
3658046,152,4281,66
3658047,172,4274,53
3658048,197,4276,59
3658049,203,4286,74
3658050,201,4292,77
3658051,211,4291,71
3658052,217,4283,114
3658053,233,4268,113
3658054,246,4255,123
3658055,238,4252,160
3658056,220,4240,184
3658057,209,4226,200
3658058,211,4225,217
3658059,222,4219,221
3658060,245,4205,221
3658061,265,4196,221
3658062,271,4199,234
3658063,278,4201,243
3658064,302,4191,214
3658065,326,4177,184
3658066,327,4174,199
3658067,309,4173,238
3658068,292,4164,258
3658069,297,4147,250
3658070,300,4134,253
3658071,264,4132,281
3658072,242,4127,283
3658073,273,4117,249
3658074,302,4112,220
3658075,305,4111,221
3658076,293,4114,230
3658077,297,4115,223
3658078,313,4110,198
3658079,311,4101,184
3658080,290,4096,201
3658081,267,4094,210
3658082,266,4080,188
3658083,267,4070,164
3658084,249,4076,149
3658085,231,4080,133
3658086,223,4072,117
3658087,203,4064,140
3658088,180,4062,186
3658089,177,4059,200
3658090,182,4056,193
3658091,179,4063,184
3658092,192,4070,156
3658093,224,4072,127
3658094,236,4086,100
3658095,231,4083,94
3658096,225,4085,111
3658097,229,4087,117
3658098,239,4085,101
3658099,241,4090,83
3658100,239,4095,81
3658101,245,4088,91
3658102,246,4083,96
3658103,246,4086,109
3658104,238,4087,158
3658105,213,4076,216
3658106,193,4062,237
3658107,204,4058,213
3658108,224,4070,184
3658109,231,4078,171
3658110,234,4077,170
3658111,231,4075,177
3658112,229,4073,186
3658113,232,4074,173
3658114,234,4080,150
3658115,234,4085,148
3658116,228,4089,150
3658117,219,4093,163
3658118,197,4099,210
3658119,178,4113,239
3658120,196,4112,206
3658121,228,4100,172
3658122,227,4104,196
3658123,209,4113,243
3658124,201,4115,263
3658125,198,4114,259
3658126,199,4115,264
3658127,193,4123,291
3658128,177,4126,323
3658129,172,4118,329
3658130,188,4105,314
3658131,200,4096,317
3658132,204,4099,339
3658133,213,4112,361
3658134,227,4121,372
3658135,212,4116,418
3658136,203,4111,438
3658137,217,4100,441
3658138,235,4100,436
3658139,249,4110,419
3658140,266,4118,390
3658141,280,4132,385
3658142,283,4143,396
3658143,291,4146,390
3658144,312,4149,390
3658145,324,4152,396
3658146,311,4154,393
3658147,298,4150,383
3658148,284,4146,370
3658149,265,4149,371
3658150,255,4156,379
3658151,247,4164,376
3658152,223,4169,375
3658153,197,4174,363
3658154,200,4168,323
3658155,209,4162,286
3658156,186,4176,288
3658157,156,4188,296
3658158,135,4198,289
3658159,118,4206,263
3658160,119,4211,227
3658161,128,4215,199
3658162,114,4220,187
3658163,90,4213,184
3658164,94,4194,169
3658165,103,4191,154
3658166,99,4199,145
3658167,97,4206,136
3658168,100,4206,130
3658169,113,4198,119
3658170,135,4189,91
3658171,145,4195,21
3658172,136,4191,21
3658173,138,4179,14
3658174,156,4159,-13
3658175,164,4149,-21
3658176,152,4139,-5
3658177,143,4125,24
3658178,137,4123,51
3658179,135,4121,42
3658180,144,4115,18
3658181,168,4108,14
3658182,176,4104,40
3658183,167,4101,75
3658184,157,4091,105
3658185,139,4077,136
3658186,120,4073,177
3658187,125,4075,186
3658188,175,4075,132
3658189,223,4085,91
3658190,221,4100,114
3658191,197,4100,167
3658192,198,4089,191
3658193,217,4094,194
3658194,226,4111,207
3658195,240,4123,213
3658196,245,4137,227
3658197,236,4153,237
3658198,245,4160,226
3658199,249,4167,238
3658200,240,4185,277
3658201,234,4199,305
3658202,249,4197,287
3658203,278,4201,251
3658204,297,4201,237
3658205,298,4195,257
3658206,283,4190,296
3658207,279,4171,312
3658208,288,4169,311
3658209,288,4172,293
3658210,290,4174,272
3658211,285,4177,283
3658212,265,4179,300
3658213,261,4169,284
3658214,276,4157,245
3658215,272,4159,246
3658216,257,4163,273
3658217,252,4162,284
3658218,250,4160,275
3658219,245,4163,270
3658220,222,4174,281
3658221,197,4183,278
3658222,201,4185,258
3658223,215,4190,248
3658224,201,4204,246
3658225,186,4208,227
3658226,211,4203,179
3658227,230,4210,166
3658228,199,4226,201
3658229,173,4220,207
3658230,190,4197,171
3658231,213,4184,129
3658232,228,4176,105
3658233,218,4174,128
3658234,192,4175,182
3658235,172,4176,212
3658236,176,4173,187
3658237,206,4170,144
3658238,201,4176,152
3658239,166,4185,182
3658240,165,4177,177
3658241,180,4167,142
3658242,173,4169,115
3658243,179,4170,118
3658244,184,4157,187
3658245,163,4152,236
3658246,155,4148,241
3658247,170,4136,215
3658248,175,4138,212
3658249,175,4152,214
3658250,183,4158,204
3658251,197,4152,173
3658252,210,4148,146
3658253,198,4149,147
3658254,170,4150,151
3658255,160,4151,159
3658256,162,4148,183
3658257,162,4139,193
3658258,163,4138,191
3658259,171,4145,183
3658260,178,4150,171
3658261,171,4153,170
3658262,165,4148,174
3658263,163,4146,199
3658264,144,4154,251
3658265,129,4160,276
3658266,138,4150,261
3658267,148,4144,250
3658268,150,4150,267
3658269,165,4142,274
3658270,188,4128,263
3658271,191,4125,273
3658272,183,4128,274
3658273,198,4126,241
3658274,226,4121,203
3658275,229,4125,179
3658276,234,4122,157
3658277,257,4105,138
3658278,265,4100,141
3658279,249,4114,164
3658280,228,4101,139
3658281,218,4098,141
3658282,194,4107,168
3658283,172,4112,169
3658284,171,4107,132
3658285,178,4104,94
3658286,163,4109,99
3658287,143,4113,126
3658288,138,4112,136
3658289,142,4106,122
3658290,135,4106,104
3658291,132,4115,92
3658292,148,4123,69
3658293,153,4132,55
3658294,133,4145,69
3658295,111,4158,100
3658296,100,4166,145
3658297,84,4174,189
3658298,82,4177,173
3658299,115,4176,134
3658300,133,4190,132
3658301,121,4207,151
3658302,114,4216,169
3658303,114,4220,174
3658304,118,4220,176
3658305,130,4227,180
3658306,137,4235,168
3658307,132,4241,142
3658308,126,4244,142
3658309,114,4243,167
3658310,114,4243,178
3658311,128,4245,166
3658312,127,4254,159
3658313,130,4254,166
3658314,151,4244,183
3658315,207,4233,137
3658316,229,4227,119
3658317,213,4237,154
3658318,193,4240,190
3658319,201,4221,188
3658320,198,4205,199
3658321,173,4198,237
3658322,159,4185,268
3658323,173,4166,265
3658324,197,4159,245
3658325,211,4160,235
3658326,233,4158,226
3658327,254,4158,220
3658328,253,4154,220
3658329,250,4147,233
3658330,242,4150,257
3658331,239,4159,246
3658332,266,4161,195
3658333,289,4163,158
3658334,264,4173,180
3658335,229,4176,232
3658336,229,4158,268
3658337,226,4144,307
3658338,207,4143,355
3658339,211,4140,383
3658340,233,4138,380
3658341,249,4145,368
3658342,257,4153,376
3658343,263,4151,378
3658344,287,4146,336
3658345,314,4154,303
3658346,312,4164,318
3658347,302,4162,350
3658348,303,4152,380
3658349,300,4150,396
3658350,293,4155,401
3658351,297,4156,384
3658352,270,4161,373
3658353,228,4159,400
3658354,220,4147,404
3658355,256,4134,383
3658356,279,4130,378
3658357,278,4131,402
3658358,256,4135,417
3658359,237,4140,420
3658360,238,4135,434
3658361,237,4119,440
3658362,236,4107,451
3658363,230,4104,484
3658364,214,4111,499
3658365,239,4115,448
3658366,312,4104,342
3658367,350,4112,255
3658368,350,4131,163
3658369,408,4112,24
3658370,474,4095,-62
3658371,450,4107,-42
3658372,394,4109,23
3658373,365,4095,77
3658374,330,4092,115
3658375,274,4095,149
3658376,235,4088,172
3658377,200,4081,201
3658378,170,4075,240
3658379,178,4067,250
3658380,188,4065,240
3658381,191,4066,234
3658382,202,4070,235
3658383,221,4075,219
3658384,259,4067,172
3658385,303,4063,134
3658386,318,4068,134
3658387,292,4080,170
3658388,239,4097,210
3658389,243,4098,176
3658390,244,4104,143
3658391,230,4112,156
3658392,217,4103,210
3658393,209,4091,261
3658394,213,4090,281
3658395,236,4086,256
3658396,258,4070,214
3658397,249,4066,217
3658398,206,4071,247
3658399,188,4071,245
3658400,215,4065,207
3658401,252,4059,176
3658402,272,4063,187
3658403,270,4074,184
3658404,271,4086,136
3658405,280,4103,89
3658406,274,4118,66
3658407,259,4124,55
3658408,253,4129,55
3658409,249,4134,78
3658410,244,4146,106
3658411,253,4155,98
3658412,278,4159,74
3658413,287,4168,83
3658414,278,4173,113
3658415,275,4171,135
3658416,267,4172,150
3658417,240,4189,183
3658418,212,4202,219
3658419,211,4197,239
3658420,213,4197,267
3658421,205,4209,282
3658422,217,4221,274
3658423,224,4228,273
3658424,235,4231,228
3658425,252,4227,205
3658426,251,4234,216
3658427,252,4231,230
3658428,269,4221,220
3658429,276,4215,204
3658430,259,4223,219
3658431,237,4230,236
3658432,237,4218,242
3658433,235,4208,262
3658434,227,4202,278
3658435,232,4195,273
3658436,241,4185,255
3658437,239,4185,243
3658438,240,4194,231
3658439,265,4190,209
3658440,279,4187,197
3658441,279,4188,193
3658442,277,4188,217
3658443,259,4188,274
3658444,262,4182,311
3658445,306,4174,300
3658446,353,4175,268
3658447,347,4184,271
3658448,310,4197,296
3658449,300,4203,285
3658450,318,4202,243
3658451,323,4204,224
3658452,313,4200,233
3658453,320,4193,236
3658454,334,4190,230
3658455,343,4185,210
3658456,356,4175,178
3658457,346,4174,180
3658458,304,4177,234
3658459,277,4157,268
3658460,271,4133,247
3658461,251,4141,214
3658462,241,4135,202
3658463,230,4131,205
3658464,232,4126,179
3658465,251,4116,159
3658466,259,4119,164
3658467,252,4128,173
3658468,248,4125,167
3658469,257,4117,146
3658470,257,4117,149
3658471,250,4122,157
3658472,253,4125,129
3658473,268,4127,97
3658474,277,4128,87
3658475,277,4134,94
3658476,271,4140,107
3658477,262,4147,123
3658478,260,4151,129
3658479,268,4144,128
3658480,263,4145,142
3658481,239,4154,148
3658482,225,4153,140
3658483,245,4142,122
3658484,264,4130,123
3658485,245,4129,147
3658486,236,4130,157
3658487,249,4126,158
3658488,237,4121,190
3658489,217,4116,208
3658490,226,4107,191
3658491,239,4102,180
3658492,237,4103,168
3658493,230,4104,174
3658494,214,4106,192
3658495,219,4108,190
3658496,283,4106,145
3658497,284,4105,138
3658498,261,4104,159
3658499,251,4103,168
3658500,256,4099,143
3658501,245,4104,123
3658502,210,4123,155
3658503,191,4130,180
3658504,214,4128,162
3658505,247,4136,128
3658506,267,4147,99
3658507,269,4156,98
3658508,258,4156,126
3658509,237,4150,165
3658510,216,4158,183
3658511,212,4166,175
3658512,222,4164,171
3658513,212,4160,184
3658514,192,4149,205
3658515,180,4134,230
3658516,161,4131,251
3658517,145,4135,256
3658518,147,4130,232
3658519,161,4127,209
3658520,166,4134,196
3658521,175,4132,148
3658522,210,4130,102
3658523,232,4141,92
3658524,232,4150,95
3658525,230,4154,106
3658526,225,4157,117
3658527,210,4161,140
3658528,202,4171,151
3658529,208,4181,144
3658530,201,4186,162
3658531,182,4195,192
3658532,191,4218,203
3658533,224,4219,174
3658534,231,4223,167
3658535,228,4224,183
3658536,237,4225,186
3658537,277,4221,183
3658538,314,4212,172
3658539,315,4211,166
3658540,294,4215,186
3658541,271,4207,192
3658542,258,4192,164
3658543,253,4176,127
3658544,245,4173,120
3658545,222,4166,137
3658546,216,4148,147
3658547,223,4137,168
3658548,224,4129,181
3658549,232,4129,168
3658550,240,4132,151
3658551,243,4129,147
3658552,248,4121,139
3658553,255,4116,125
3658554,256,4120,125
3658555,250,4130,142
3658556,236,4135,156
3658557,220,4139,159
3658558,224,4145,154
3658559,249,4148,147
3658560,264,4153,155
3658561,267,4158,157
3658562,270,4159,140
3658563,269,4161,132
3658564,264,4160,141
3658565,270,4149,141
3658566,286,4140,143
3658567,282,4138,175
3658568,254,4131,277
3658569,270,4118,274
3658570,280,4111,273
3658571,246,4111,317
3658572,202,4111,358
3658573,212,4100,315
3658574,268,4091,212
3658575,304,4106,161
3658576,287,4120,167
3658577,265,4116,193
3658578,261,4101,212
3658579,260,4086,200
3658580,257,4086,186
3658581,254,4096,200
3658582,246,4110,225
3658583,235,4116,219
3658584,234,4116,187
3658585,238,4132,180
3658586,232,4149,196
3658587,236,4148,188
3658588,245,4143,170
3658589,245,4145,151
3658590,253,4146,134
3658591,245,4146,141
3658592,226,4162,153
3658593,232,4171,142
3658594,252,4163,123
3658595,241,4159,128
3658596,207,4159,155
3658597,183,4159,186
3658598,170,4153,197
3658599,172,4151,199
3658600,176,4155,212
3658601,175,4146,212
3658602,176,4139,210
3658603,176,4150,208
3658604,191,4153,189
3658605,220,4146,167
3658606,226,4150,167
3658607,209,4158,195
3658608,207,4148,207
3658609,246,4147,198
3658610,264,4150,180
3658611,284,4147,159
3658612,288,4152,166
3658613,273,4162,190
3658614,261,4169,213
3658615,262,4163,214
3658616,282,4158,199
3658617,292,4165,195
3658618,293,4175,194
3658619,295,4178,187
3658620,305,4175,173
3658621,308,4178,171
3658622,292,4184,180
3658623,288,4182,192
3658624,275,4179,228
3658625,236,4187,274
3658626,214,4189,279
3658627,238,4181,246
3658628,270,4183,223
3658629,276,4189,216
3658630,291,4184,208
3658631,314,4174,194
3658632,310,4179,177
3658633,292,4181,167
3658634,295,4174,140
3658635,306,4178,118
3658636,299,4188,132
3658637,282,4190,166
3658638,264,4187,196
3658639,272,4176,174
3658640,303,4168,129
3658641,307,4172,120
3658642,280,4179,144
3658643,264,4179,161
3658644,280,4171,137
3658645,274,4170,98
3658646,248,4179,133
3658647,228,4181,166
3658648,228,4180,171
3658649,246,4190,157
3658650,259,4203,160
3658651,265,4203,174
3658652,271,4205,183
3658653,264,4221,193
3658654,266,4228,198
3658655,283,4218,205
3658656,299,4209,209
3658657,301,4210,211
3658658,309,4204,211
3658659,333,4187,212
3658660,351,4174,205
3658661,356,4174,198
3658662,343,4175,185
3658663,328,4176,175
3658664,308,4181,200
3658665,277,4173,231
3658666,260,4161,250
3658667,266,4155,247
3658668,303,4143,221
3658669,341,4140,193
3658670,351,4145,182
3658671,344,4143,196
3658672,328,4137,214
3658673,317,4133,210
3658674,303,4140,218
3658675,272,4146,250
3658676,251,4144,265
3658677,247,4144,249
3658678,239,4156,208
3658679,237,4167,188
3658680,243,4168,195
3658681,253,4166,141
3658682,273,4164,103
3658683,279,4157,100
3658684,276,4164,100
3658685,273,4175,89
3658686,261,4176,91
3658687,243,4178,123
3658688,234,4181,158
3658689,235,4172,182
3658690,240,4162,203
3658691,231,4160,226
3658692,220,4157,258
3658693,207,4153,300
3658694,197,4151,329
3658695,219,4150,312
3658696,265,4147,268
3658697,289,4153,253
3658698,291,4160,257
3658699,307,4150,237
3658700,328,4137,204
3658701,329,4144,171
3658702,317,4154,142
3658703,322,4147,121
3658704,319,4144,122
3658705,292,4149,137
3658706,285,4141,132
3658707,288,4133,121
3658708,265,4137,124
3658709,250,4139,132
3658710,260,4132,135
3658711,250,4130,139
3658712,222,4131,138
3658713,225,4118,137
3658714,231,4111,158
3658715,215,4112,198
3658716,219,4106,227
3658717,219,4121,268
3658718,205,4125,274
3658719,218,4121,249
3658720,227,4132,235
3658721,226,4142,235
3658722,228,4133,225
3658723,221,4129,212
3658724,214,4137,208
3658725,212,4139,211
3658726,205,4139,223
3658727,203,4141,219
3658728,212,4136,211
3658729,202,4131,241
3658730,185,4137,282
3658731,195,4139,291
3658732,232,4136,275
3658733,243,4145,288
3658734,240,4150,304
3658735,260,4145,289
3658736,278,4142,264
3658737,301,4134,252
3658738,317,4128,282
3658739,318,4122,315
3658740,328,4109,311
3658741,339,4099,291
3658742,325,4108,282
3658743,297,4121,282
3658744,286,4110,255
3658745,271,4108,233
3658746,243,4123,240
3658747,244,4121,224
3658748,256,4111,197
3658749,248,4110,186
3658750,236,4110,194
3658751,242,4111,207
3658752,253,4106,221
3658753,220,4091,310
3658754,226,4081,328
3658755,243,4078,332
3658756,254,4081,325
3658757,257,4079,304
3658758,262,4062,263
3658759,273,4057,229
3658760,268,4067,217
3658761,269,4067,201
3658762,284,4064,193
3658763,282,4065,217
3658764,256,4070,243
3658765,232,4070,239
3658766,232,4071,222
3658767,232,4077,196
3658768,231,4081,167
3658769,231,4086,174
3658770,221,4095,218
3658771,214,4103,246
3658772,224,4103,242
3658773,232,4103,243
3658774,233,4098,251
3658775,241,4082,252
3658776,249,4068,254
3658777,244,4071,241
3658778,238,4078,215
3658779,239,4070,200
3658780,242,4065,201
3658781,252,4069,208
3658782,264,4074,187
3658783,271,4072,154
3658784,281,4072,134
3658785,295,4069,114
3658786,291,4064,117
3658787,262,4069,148
3658788,248,4076,173
3658789,285,4090,138
3658790,302,4104,125
3658791,309,4115,127
3658792,307,4121,132
3658793,315,4119,141
3658794,327,4126,148
3658795,326,4139,165
3658796,321,4146,196
3658797,312,4146,224
3658798,297,4145,251
3658799,293,4152,271
3658800,307,4161,271
3658801,307,4169,278
3658802,306,4177,290
3658803,318,4178,289
3658804,323,4172,296
3658805,315,4169,323
3658806,324,4162,333
3658807,349,4156,318
3658808,353,4157,306
3658809,359,4159,296
3658810,377,4161,278
3658811,387,4162,251
3658812,410,4162,215
3658813,439,4165,198
3658814,430,4173,226
3658815,387,4180,263
3658816,356,4181,256
3658818,352,4175,221
3658819,355,4176,204
3658820,340,4189,196
3658821,319,4191,177
3658822,304,4185,155
3658823,272,4183,170
3658824,231,4180,219
3658825,198,4175,247
3658826,168,4166,224
3658827,173,4157,208
3658828,176,4160,204
3658829,184,4166,203
3658830,184,4166,181
3658831,190,4164,146
3658832,196,4163,134
3658833,203,4164,136
3658834,214,4175,134
3658835,218,4184,134
3658836,226,4188,120
3658837,244,4196,94
3658838,273,4209,74
3658839,294,4224,65
3658840,302,4233,62
3658841,322,4242,44
3658842,359,4249,17
3658843,378,4256,14
3658844,357,4271,38
3658845,315,4281,70
3658846,279,4286,114
3658847,253,4290,158
3658848,241,4290,178
3658849,247,4291,183
3658850,270,4292,167
3658851,287,4285,132
3658852,305,4271,87
3658855,294,4243,115
3658856,285,4228,100
3658857,284,4218,79
3658858,287,4211,61
3658859,292,4201,61
3658860,295,4196,60
3658861,330,4180,23
3658862,362,4166,14
3658863,337,4165,60
3658864,300,4157,111
3658865,293,4141,140
3658866,307,4130,148
3658867,290,4135,200
3658868,252,4140,283
3658869,252,4130,310
3658870,279,4126,288
3658871,289,4138,255
3658872,293,4156,226
3658873,310,4163,209
3658874,305,4166,213
3658875,277,4171,242
3658876,269,4177,246
3658877,277,4181,218
3658878,287,4184,178
3658879,302,4190,145
3658880,305,4194,152
3658881,273,4203,203
3658882,237,4210,260
3658883,226,4208,288
3658884,228,4198,294
3658885,232,4187,295
3658886,265,4166,217
3658887,298,4153,128
3658888,302,4157,81
3658889,291,4158,80
3658890,271,4154,104
3658891,245,4142,116
3658892,234,4120,91
3658893,227,4099,73
3658894,200,4095,91
3658895,181,4098,109
3658896,192,4090,92
3658897,202,4087,71
3658898,187,4096,86
3658899,168,4105,129
3658900,144,4109,176
3658901,139,4109,182
3658902,167,4106,152
3658903,203,4101,116
3658904,227,4103,100
3658905,227,4108,105
3658906,228,4109,106
3658907,248,4112,99
3658908,269,4115,91
3658909,268,4121,111
3658910,250,4124,149
3658911,254,4117,153
3658912,250,4117,155
3658913,209,4128,199
3658914,183,4129,238
3658915,201,4117,220
3658916,243,4110,176
3658917,258,4112,175
3658918,250,4114,211
3658919,244,4106,241
3658920,242,4096,243
3658921,242,4094,230
3658922,234,4094,221
3658923,228,4087,220
3658924,225,4076,227
3658925,196,4080,298
3658926,195,4086,294
3658927,210,4094,277
3658928,213,4121,279
3658929,215,4146,272
3658930,220,4158,261
3658931,198,4179,283
3658932,157,4199,323
3658933,152,4203,324
3658934,182,4207,282
3658935,196,4232,244
3658936,189,4256,228
3658937,191,4259,220
3658938,199,4256,207
3658939,211,4257,200
3658940,214,4263,215
3658941,207,4260,216
3658942,208,4247,202
3658943,211,4233,174
3658944,223,4222,138
3658945,222,4216,135
3658946,193,4211,152
3658947,173,4200,162
3658948,162,4190,171
3658949,143,4188,180
3658950,139,4187,183
3658951,155,4176,176
3658952,172,4159,167
3658953,162,4150,183
3658954,141,4142,190
3658955,156,4131,169
3658956,181,4131,143
3658957,194,4136,108
3658958,208,4140,76
3658959,221,4142,58
3658960,220,4146,52
3658961,211,4156,92
3658962,191,4164,109
3658963,176,4167,107
3658964,166,4170,113
3658965,165,4167,118
3658966,175,4159,124
3658967,192,4156,116
3658968,209,4149,83
3658969,202,4141,81
3658970,172,4135,132
3658971,141,4128,202
3658972,134,4110,231
3658973,160,4088,218
3658974,177,4084,227
3658975,172,4092,273
3658976,167,4090,317
3658977,179,4078,326
3658978,200,4069,313
3658979,233,4064,278
3658980,269,4070,228
3658981,281,4078,205
3658982,277,4085,220
3658983,278,4089,242
3658984,276,4087,256
3658985,273,4093,247
3658986,290,4104,220
3658987,304,4108,207
3658988,295,4114,212
3658989,285,4120,215
3658990,286,4117,196
3658991,284,4120,187
3658992,268,4135,208
3658993,247,4147,234
3658994,225,4154,242
3658995,207,4157,250
3658996,176,4156,275
3658997,149,4151,302
3658998,164,4146,315
3658999,172,4153,300
3659000,191,4148,293
3659001,201,4140,323
3659002,189,4135,373
3659003,192,4136,369
3659004,223,4135,304
3659005,261,4138,229
3659006,282,4143,189
3659007,289,4141,188
3659008,281,4140,214
3659009,256,4142,241
3659010,247,4142,256
3659011,250,4138,272
3659012,260,4132,279
3659013,258,4133,290
3659014,242,4139,302
3659015,242,4146,311
3659016,252,4146,310
3659017,260,4139,306
3659018,253,4144,335
3659019,239,4148,364
3659020,249,4143,351
3659021,272,4145,326
3659022,280,4153,321
3659023,280,4149,334
3659024,275,4145,349
3659025,250,4146,373
3659026,214,4143,404
3659027,212,4137,415
3659028,226,4134,399
3659029,225,4138,370
3659030,225,4139,349
3659031,231,4139,356
3659032,242,4135,360
3659033,250,4129,335
3659034,272,4134,291
3659035,267,4134,295
3659036,264,4122,301
3659037,265,4112,295
3659038,268,4116,256
3659039,279,4119,202
3659040,270,4121,181
3659041,234,4130,218
3659042,192,4141,282
3659043,171,4148,332
3659044,180,4141,339
3659045,195,4137,311
3659046,202,4140,291
3659047,199,4144,278
3659048,197,4148,276
3659049,195,4145,289
3659050,202,4143,279
3659051,222,4141,261
3659052,227,4143,263
3659053,216,4146,265
3659054,205,4139,279
3659055,183,4137,305
3659056,163,4138,309
3659057,152,4136,292
3659058,138,4142,282
3659059,128,4149,284
3659060,151,4146,256
3659061,186,4152,222
3659062,199,4157,199
3659063,222,4148,167
3659064,255,4140,136
3659065,278,4141,106
3659066,289,4146,94
3659067,281,4151,101
3659068,257,4146,130
3659069,235,4138,178
3659070,211,4133,189
3659071,213,4118,165
3659072,218,4119,132
3659073,215,4129,136
3659074,225,4129,133
3659075,253,4126,90
3659076,252,4129,73
3659077,222,4137,97
3659078,189,4136,147
3659079,172,4131,185
3659080,171,4131,210
3659081,165,4138,249
3659082,152,4147,267
3659083,158,4149,250
3659084,187,4147,237
3659085,208,4150,239
3659086,228,4157,212
3659087,270,4160,145
3659088,294,4163,110
3659089,276,4166,142
3659090,257,4170,184
3659091,253,4165,185
3659092,258,4152,177
3659093,246,4144,203
3659094,211,4142,239
3659095,202,4138,246
3659096,221,4137,249
3659097,232,4142,259
3659098,231,4140,268
3659099,220,4135,290
3659100,217,4136,315
3659101,234,4128,323
3659102,259,4118,326
3659103,263,4118,347
3659104,259,4119,369
3659105,261,4117,397
3659106,264,4111,413
3659107,268,4110,416
3659108,266,4113,425
3659109,281,4112,426
3659110,343,4110,374
3659111,351,4112,329
3659112,341,4126,302
3659113,320,4134,295
3659114,304,4132,275
3659115,294,4126,254
3659116,281,4118,249
3659117,267,4113,240
3659118,261,4114,235
3659119,266,4120,230
3659120,265,4121,236
3659121,259,4115,259
3659122,261,4104,254
3659123,259,4103,234
3659124,240,4116,236
3659125,218,4122,255
3659126,205,4123,269
3659127,195,4133,276
3659128,181,4140,298
3659129,156,4143,336
3659130,154,4153,358
3659131,184,4155,335
3659132,216,4156,293
3659133,227,4173,271
3659134,238,4186,276
3659135,251,4188,283
3659136,243,4188,287
3659137,220,4190,319
3659138,206,4189,362
3659139,230,4182,363
3659140,264,4176,347
3659141,273,4174,332
3659142,275,4165,322
3659143,278,4164,333
3659144,277,4163,338
3659145,276,4154,334
3659146,279,4146,351
3659147,256,4151,367
3659148,247,4150,350
3659149,278,4135,291
3659150,303,4126,242
3659151,301,4130,236
3659152,280,4137,259
3659153,266,4139,245
3659154,260,4141,221
3659155,242,4152,218
3659156,236,4162,206
3659157,229,4168,193
3659158,198,4176,193
3659159,165,4177,206
3659160,168,4168,190
3659161,189,4166,174
3659162,186,4173,206
3659163,173,4177,224
3659164,166,4172,202
3659165,170,4170,184
3659166,175,4168,196
3659167,183,4168,229
3659168,187,4169,248
3659169,194,4165,233
3659170,225,4160,207
3659171,238,4165,213
3659172,231,4176,228
3659173,262,4177,201
3659174,302,4170,160
3659175,297,4165,169
3659176,275,4159,209
3659177,293,4140,215
3659178,320,4134,223
3659179,300,4141,251
3659180,286,4148,249
3659181,289,4152,237
3659182,290,4158,243
3659183,279,4164,276
3659184,266,4160,323
3659185,242,4159,373
3659186,229,4154,420
3659187,242,4146,433
3659188,259,4142,427
3659189,259,4146,434
3659190,265,4155,426
3659191,266,4162,418
3659192,261,4167,417
3659193,277,4169,416
3659194,311,4161,410
3659195,337,4156,399
3659196,329,4161,374
3659197,318,4164,327
3659198,325,4161,291
3659199,319,4163,271
3659200,299,4163,264
3659201,283,4160,285
3659202,277,4150,300
3659203,265,4146,313
3659204,239,4145,341
3659205,241,4128,356
3659206,275,4118,323
3659207,319,4116,232
3659208,329,4120,186
3659209,275,4139,218
3659210,228,4144,232
3659211,234,4128,209
3659212,238,4127,177
3659213,232,4138,151
3659214,255,4137,130
3659215,273,4135,100
3659216,253,4142,89
3659217,213,4148,95
3659218,153,4149,99
3659219,148,4151,97
3659220,168,4145,71
3659221,197,4144,57
3659222,211,4140,47
3659223,203,4135,20
3659224,162,4153,33
3659225,116,4166,50
3659226,118,4148,37
3659227,126,4136,58
3659228,101,4142,124
3659229,79,4146,167
3659230,97,4141,171
3659231,128,4146,184
3659232,147,4156,200
3659233,166,4163,182
3659234,175,4176,167
3659235,183,4182,146
3659236,212,4172,109
3659237,232,4165,125
3659238,231,4168,202
3659239,228,4170,288
3659240,229,4166,305
3659241,228,4158,236
3659242,189,4153,158
3659243,130,4152,116
3659244,116,4149,85
3659245,159,4147,74
3659246,193,4153,108
3659247,206,4147,139
3659248,221,4134,140
3659249,221,4131,169
3659250,215,4129,230
3659251,228,4124,272
3659252,261,4128,269
3659253,263,4146,248
3659254,232,4173,216
3659255,214,4180,232
3659256,198,4187,254
3659257,199,4191,281
3659258,205,4191,315
3659259,221,4183,314
3659260,245,4174,291
3659261,249,4181,293
3659262,220,4192,312
3659263,214,4183,305
3659264,249,4162,276
3659265,253,4152,280
3659266,217,4148,325
3659267,198,4137,353
3659268,199,4124,341
3659269,207,4121,307
3659270,211,4123,278
3659271,205,4123,280
3659272,202,4120,300
3659273,198,4111,307
3659274,179,4102,309
3659275,158,4088,327
3659276,125,4079,367
3659277,98,4081,404
3659278,126,4078,384
3659279,171,4080,337
3659280,183,4101,320
3659281,172,4125,345
3659282,167,4135,366
3659283,178,4127,327
3659284,195,4117,291
3659285,179,4116,303
3659286,132,4118,327
3659287,119,4116,354
3659288,126,4116,362
3659289,115,4124,355
3659290,184,4108,341
3659291,196,4117,363
3659292,204,4118,367
3659293,219,4103,358
3659294,198,4100,364
3659295,183,4104,336
3659296,205,4102,287
3659297,212,4103,282
3659298,203,4104,288
3659299,209,4103,275
3659300,216,4094,261
3659301,218,4091,235
3659302,204,4102,212
3659303,174,4107,185
3659304,159,4104,160
3659305,158,4106,176
3659306,151,4106,216
3659307,143,4099,244
3659308,144,4088,244
3659309,150,4091,243
3659310,138,4108,263
3659311,118,4112,270
3659312,120,4106,263
3659313,143,4099,258
3659314,161,4097,289
3659315,156,4113,343
3659316,153,4127,353
3659317,164,4132,315
3659318,191,4138,259
3659319,225,4144,223
3659320,233,4151,228
3659321,228,4151,246
3659322,238,4147,245
3659323,256,4158,227
3659324,265,4174,229
3659325,259,4179,273
3659326,231,4170,332
3659327,209,4161,319
3659328,203,4161,293
3659329,214,4167,275
3659330,208,4176,283
3659331,202,4184,292
3659332,220,4182,270
3659333,250,4182,248
3659334,266,4196,249
3659335,263,4197,261
3659336,267,4182,270
3659337,246,4185,296
3659338,220,4196,323
3659339,239,4198,319
3659340,253,4205,315
3659341,244,4211,331
3659342,242,4204,345
3659343,260,4198,338
3659344,295,4195,296
3659345,326,4191,221
3659346,333,4199,148
3659347,332,4207,102
3659348,339,4198,93
3659349,314,4191,117
3659350,268,4188,148
3659351,256,4173,170
3659352,252,4158,187
3659353,221,4150,205
3659354,186,4138,216
3659355,164,4126,219
3659356,152,4127,212
3659357,166,4124,186
3659358,181,4119,181
3659359,174,4124,213
3659360,183,4126,225
3659361,206,4132,213
3659362,213,4146,171
3659363,238,4141,150
3659364,241,4154,140
3659365,245,4170,111
3659366,258,4175,70
3659367,253,4187,49
3659368,220,4201,66
3659369,206,4197,58
3659370,209,4186,47
3659371,175,4197,95
3659372,142,4210,139
3659373,154,4202,140
3659374,172,4192,134
3659375,154,4199,153
3659376,138,4198,171
3659377,152,4185,148
3659378,158,4181,134
3659379,150,4182,166
3659380,144,4171,196
3659381,149,4150,194
3659382,160,4137,184
3659383,163,4141,204
3659384,155,4148,251
3659385,164,4137,283
3659386,196,4115,273
3659387,214,4108,260
3659388,203,4116,273
3659389,197,4116,299
3659390,209,4105,308
3659391,231,4100,282
3659392,254,4108,252
3659393,268,4107,256
3659394,255,4102,306
3659395,222,4100,364
3659396,227,4096,382
3659397,261,4093,359
3659398,355,4104,254
3659399,350,4118,234
3659400,323,4125,235
3659401,314,4119,241
3659402,318,4114,226
3659403,305,4121,207
3659404,283,4127,197
3659405,288,4126,190
3659406,289,4127,206
3659407,272,4133,245
3659408,265,4129,260
3659409,268,4124,245
3659410,261,4134,244
3659411,249,4147,272
3659412,240,4157,295
3659413,244,4156,275
3659414,253,4147,240
3659415,248,4141,233
3659416,226,4143,276
3659417,200,4143,347
3659418,190,4138,390
3659419,193,4133,386
3659420,229,4129,351
3659421,262,4129,322
3659422,256,4139,304
3659423,247,4145,279
3659424,260,4138,256
3659425,263,4136,245
3659426,255,4138,231
3659427,255,4137,230
3659428,236,4138,268
3659429,213,4136,301
3659430,215,4129,295
3659431,234,4121,254
3659432,247,4124,210
3659433,257,4131,193
3659434,254,4138,232
3659435,219,4138,285
3659436,192,4137,342
3659437,188,4132,360
3659438,211,4122,306
3659439,237,4128,207
3659440,243,4142,118
3659441,243,4143,70
3659442,255,4142,56
3659443,289,4148,47
3659444,322,4153,49
3659445,340,4154,71
3659446,332,4154,106
3659447,303,4156,146
3659448,273,4161,177
3659449,265,4159,185
3659450,275,4157,191
3659451,261,4168,219
3659452,237,4172,259
3659453,216,4172,300
3659454,188,4177,316
3659455,179,4180,317
3659456,200,4173,308
3659457,236,4167,300
3659458,232,4177,333
3659459,209,4182,343
3659460,225,4178,283
3659461,253,4177,199
3659462,277,4177,140
3659463,270,4182,130
3659464,260,4183,128
3659465,270,4175,101
3659466,264,4174,77
3659467,230,4181,72
3659468,195,4178,74
3659469,188,4145,38
3659470,179,4145,19
3659471,194,4148,-5
3659472,212,4151,-2
3659473,205,4158,31
3659474,194,4163,71
3659475,169,4166,128
3659476,145,4165,160
3659477,151,4162,157
3659478,171,4163,151
3659479,203,4162,136
3659480,233,4165,109
3659481,249,4169,94
3659482,247,4173,118
3659483,239,4169,168
3659484,245,4173,223
3659485,257,4176,228
3659486,283,4170,171
3659487,284,4183,119
3659488,269,4197,93
3659489,256,4194,100
3659490,240,4191,128
3659491,250,4193,137
3659492,262,4200,149
3659493,245,4203,195
3659494,233,4198,231
3659495,248,4193,230
3659496,282,4193,206
3659497,317,4195,180
3659498,340,4191,165
3659499,336,4191,187
3659500,306,4193,228
3659501,305,4185,232
3659502,317,4172,218
3659503,307,4169,217
3659504,287,4172,219
3659505,280,4164,200
3659506,275,4151,204
3659507,269,4140,207
3659508,274,4123,200
3659509,265,4114,217
3659510,236,4114,259
3659511,198,4115,295
3659512,165,4106,315
3659513,153,4095,300
3659514,155,4094,263
3659515,162,4101,241
3659516,168,4110,222
3659517,174,4117,206
3659518,170,4128,214
3659519,160,4130,222
3659520,165,4121,216
3659521,195,4114,195
3659522,236,4110,144
3659523,247,4113,115
3659524,216,4126,139
3659525,179,4132,168
3659526,154,4132,183
3659527,138,4130,190
3659528,147,4124,187
3659529,166,4119,184
3659530,163,4120,202
3659531,156,4122,229
3659532,161,4122,239
3659533,164,4119,256
3659534,163,4117,293
3659535,170,4119,319
3659536,185,4125,326
3659537,191,4134,320
3659538,196,4134,302
3659539,204,4128,290
3659540,191,4133,301
3659541,187,4139,269
3659542,210,4152,242
3659543,217,4163,216
3659544,230,4166,191
3659545,233,4165,180
3659546,234,4160,170
3659547,235,4165,184
3659548,219,4172,215
3659549,208,4168,226
3659550,216,4160,219
3659551,234,4166,211
3659552,253,4167,203
3659553,271,4159,194
3659554,264,4162,223
3659555,239,4164,260
3659556,226,4156,268
3659557,222,4144,267
3659558,204,4139,273
3659559,180,4139,293
3659560,175,4130,291
3659561,188,4116,268
3659562,188,4116,274
3659563,177,4125,300
3659564,184,4129,303
3659565,192,4128,290
3659566,190,4131,294
3659567,184,4139,317
3659568,191,4143,321
3659569,207,4146,313
3659570,221,4142,300
3659571,233,4138,276
3659572,238,4147,261
3659573,237,4151,238
3659574,237,4152,235
3659575,228,4147,273
3659576,197,4147,337
3659577,164,4155,399
3659578,141,4148,380
3659579,135,4148,341
3659580,147,4152,307
3659581,155,4160,290
3659582,158,4153,273
3659583,154,4148,265
3659584,141,4150,266
3659585,151,4137,234
3659586,175,4123,171
3659587,185,4121,125
3659588,172,4127,131
3659589,131,4136,183
3659590,74,4143,237
3659591,41,4140,248
3659592,50,4136,213
3659593,65,4144,189
3659594,65,4159,191
3659595,78,4164,191
3659596,96,4153,179
3659597,98,4151,184
3659598,93,4159,207
3659599,110,4156,192
3659600,146,4150,131
3659601,164,4149,81
3659602,161,4153,74
3659603,144,4155,74
3659604,139,4144,55
3659605,146,4130,33
3659606,137,4128,34
3659607,115,4133,61
3659608,97,4132,71
3659609,94,4123,68
3659610,90,4119,86
3659611,73,4115,115
3659612,78,4098,102
3659613,108,4085,74
3659614,112,4087,89
3659615,70,4087,210
3659616,83,4084,220
3659617,112,4085,204
3659618,136,4088,205
3659619,146,4092,205
3659620,155,4100,194
3659621,163,4110,170
3659622,170,4125,140
3659623,183,4135,135
3659624,193,4131,157
3659625,194,4129,182
3659626,202,4134,189
3659627,221,4135,175
3659628,224,4146,149
3659629,210,4166,123
3659630,195,4169,107
3659631,194,4159,95
3659632,211,4150,73
3659633,232,4151,70
3659634,229,4150,109
3659635,211,4144,179
3659636,197,4145,266
3659637,177,4147,351
3659638,146,4148,398
3659639,143,4139,375
3659640,168,4138,326
3659641,178,4155,314
3659642,186,4173,329
3659643,208,4176,349
3659644,227,4165,374
3659645,233,4158,390
3659646,240,4158,388
3659647,254,4161,365
3659648,272,4169,324
3659649,273,4177,304
3659650,254,4185,322
3659651,232,4194,368
3659652,220,4201,402
3659653,225,4207,395
3659654,244,4209,389
3659655,251,4209,379
3659656,267,4207,349
3659657,276,4208,348
3659658,279,4209,375
3659659,291,4199,393
3659660,309,4182,378
3659661,320,4175,350
3659662,327,4171,343
3659663,325,4169,357
3659664,313,4169,380
3659665,314,4156,400
3659666,303,4146,416
3659667,279,4145,415
3659668,260,4151,420
3659669,242,4157,434
3659670,235,4153,436
3659671,216,4142,432
3659672,186,4135,414
3659673,190,4125,384
3659674,222,4117,363
3659675,248,4117,333
3659676,267,4116,273
3659677,281,4114,225
3659678,269,4115,239
3659679,236,4118,261
3659680,210,4123,229
3659681,208,4125,172
3659682,217,4125,124
3659683,210,4131,110
3659684,183,4137,133
3659685,160,4132,162
3659686,156,4129,189
3659687,148,4143,241
3659688,154,4147,267
3659689,215,4132,205
3659690,288,4123,139
3659691,289,4155,151
3659692,279,4169,141
3659693,274,4174,124
3659694,259,4170,128
3659695,251,4161,142
3659696,261,4154,155
3659697,269,4145,147
3659698,271,4133,130
3659699,270,4129,125
3659700,275,4129,123
3659701,293,4130,129
3659702,309,4133,139
3659703,320,4133,146
3659704,325,4126,148
3659705,333,4117,144
3659706,327,4116,166
3659707,305,4117,195
3659708,289,4111,205
3659709,281,4109,192
3659710,271,4115,147
3659711,270,4114,92
3659712,273,4122,109
3659713,245,4137,202
3659714,231,4135,260
3659715,248,4127,265
3659716,250,4136,262
3659717,235,4153,278
3659718,230,4150,300
3659719,226,4149,330
3659720,222,4159,362
3659721,264,4152,361
3659722,309,4147,357
3659723,313,4160,373
3659724,305,4168,371
3659725,311,4168,324
3659726,323,4182,273
3659727,296,4194,264
3659728,277,4194,262
3659729,304,4181,226
3659730,334,4178,209
3659731,313,4186,227
3659732,276,4185,240
3659733,250,4173,252
3659734,238,4164,255
3659735,228,4172,271
3659736,217,4178,310
3659737,194,4172,353
3659738,184,4162,354
3659739,210,4156,322
3659740,241,4160,306
3659741,258,4166,302
3659742,265,4161,312
3659743,268,4151,326
3659744,273,4151,313
3659745,286,4155,252
3659746,305,4153,175
3659747,316,4155,125
3659748,311,4161,112
3659749,299,4159,115
3659750,288,4158,115
3659751,270,4154,125
3659752,242,4149,139
3659753,212,4156,146
3659754,197,4157,121
3659755,214,4147,67
3659756,238,4142,26
3659757,242,4147,13
3659758,217,4159,58
3659759,186,4161,136
3659760,168,4161,187
3659761,177,4155,188
3659762,213,4145,154
3659763,179,4170,202
3659764,141,4167,214
3659765,131,4159,189
3659766,135,4162,206
3659767,137,4168,257
3659768,149,4166,288
3659769,176,4148,256
3659770,213,4131,191
3659771,218,4130,183
3659772,210,4131,211
3659773,222,4124,240
3659774,226,4129,290
3659775,213,4140,332
3659776,192,4145,346
3659777,197,4141,322
3659778,226,4135,304
3659779,230,4138,336
3659780,218,4146,376
3659781,226,4142,373
3659782,243,4131,341
3659783,232,4137,336
3659784,191,4142,368
3659785,165,4133,394
3659786,180,4128,372
3659787,214,4127,316
3659788,237,4127,265
3659789,251,4117,223
3659790,267,4108,197
3659791,277,4111,185
3659792,260,4122,188
3659793,212,4133,208
3659794,187,4130,202
3659795,185,4126,182
3659796,179,4124,180
3659797,191,4117,176
3659798,198,4109,178
3659799,178,4113,229
3659800,178,4118,228
3659801,185,4121,211
3659802,183,4126,203
3659803,174,4129,197
3659804,175,4127,174
3659805,185,4129,154
3659806,173,4138,171
3659807,123,4148,208
3659808,83,4151,223
3659809,86,4155,185
3659810,119,4161,109
3659811,169,4158,38
3659812,205,4157,-3
3659813,218,4166,3
3659814,214,4170,35
3659815,211,4164,47
3659816,221,4155,56
3659817,207,4158,99
3659818,179,4164,163
3659819,163,4166,208
3659820,157,4171,231
3659821,163,4178,242
3659822,188,4177,220
3659823,216,4173,199
3659824,227,4179,210
3659825,211,4187,233
3659826,200,4183,252
3659827,219,4171,245
3659828,228,4164,232
3659829,219,4164,227
3659830,210,4160,222
3659831,200,4147,213
3659832,193,4137,215
3659833,165,4144,242
3659834,131,4150,266
3659835,137,4155,249
3659836,134,4162,231
3659837,146,4159,204
3659838,170,4164,182
3659839,184,4172,189
3659840,196,4171,183
3659841,205,4164,177
3659842,193,4168,210
3659843,185,4169,246
3659844,193,4165,260
3659845,199,4173,243
3659846,198,4189,204
3659847,188,4193,189
3659848,175,4184,218
3659849,155,4187,280
3659850,148,4188,303
3659851,190,4169,275
3659852,206,4168,271
3659853,184,4175,273
3659854,182,4168,268
3659855,202,4162,245
3659856,248,4155,182
3659857,286,4148,148
3659858,299,4147,154
3659859,303,4146,160
3659860,293,4139,149
3659861,256,4141,136
3659862,209,4144,132
3659863,191,4137,124
3659864,194,4132,116
3659865,185,4128,125
3659866,148,4125,168
3659867,126,4121,208
3659868,147,4121,228
3659869,159,4135,261
3659870,158,4143,282
3659871,178,4140,257
3659872,186,4160,267
3659873,181,4171,290
3659874,202,4170,277
3659875,225,4176,235
3659876,238,4192,196
3659877,234,4193,189
3659878,213,4188,217
3659879,194,4183,255
3659880,195,4173,254
3659881,203,4162,213
3659882,193,4156,187
3659883,171,4152,193
3659884,164,4140,186
3659885,173,4135,167
3659886,182,4143,151
3659887,198,4143,117
3659888,211,4141,105
3659889,207,4137,105
3659890,216,4126,70
3659891,237,4122,43
3659892,233,4127,51
3659893,223,4126,90
3659894,194,4119,176
3659895,130,4126,275
3659896,86,4120,314
3659897,100,4108,287
3659898,148,4112,234
3659899,196,4121,173
3659900,227,4131,102
3659901,258,4143,61
3659902,258,4157,82
3659903,237,4157,108
3659904,228,4157,129
3659905,217,4164,147
3659906,223,4167,131
3659907,220,4170,110
3659908,186,4174,84
3659909,211,4174,34
3659910,229,4188,17
3659911,190,4213,79
3659912,153,4215,135
3659913,191,4194,88
3659914,247,4186,-1
3659915,251,4190,-7
3659916,205,4186,74
3659917,167,4167,153
3659918,149,4149,199
3659919,148,4147,217
3659920,160,4147,229
3659921,171,4142,222
3659922,193,4146,203
3659923,218,4152,199
3659924,234,4150,194
3659925,227,4146,199
3659926,207,4146,203
3659927,180,4154,207
3659928,175,4157,210
3659929,181,4156,209
3659930,168,4157,197
3659931,194,4146,136
3659932,244,4136,52
3659933,245,4151,21
3659934,214,4162,60
3659935,190,4155,111
3659936,155,4150,143
3659937,128,4148,135
3659938,127,4138,93
3659939,130,4138,65
3659940,135,4147,34
3659941,158,4141,-19
3659942,184,4135,-33
3659943,188,4159,16
3659944,222,4145,3
3659945,227,4138,16
3659946,211,4138,44
3659947,197,4145,49
3659948,186,4147,41
3659949,166,4145,53
3659950,123,4151,100
3659951,104,4148,127
3659952,115,4140,133
3659953,121,4147,140
3659954,133,4158,153
3659955,149,4154,180
3659956,162,4142,196
3659957,179,4134,200
3659958,210,4132,199
3659959,243,4131,204
3659960,251,4129,213
3659961,237,4133,214
3659962,218,4138,220
3659963,207,4137,221
3659964,199,4134,201
3659965,182,4127,174
3659966,162,4128,152
3659967,153,4133,124
3659968,161,4134,90
3659969,163,4136,98
3659970,143,4137,146
3659971,123,4132,172
3659972,124,4125,164
3659973,129,4130,157
3659974,139,4131,153
3659975,169,4127,153
3659976,180,4126,172
3659977,170,4122,190
3659978,170,4121,206
3659979,179,4116,226
3659980,172,4112,264
3659981,167,4108,276
3659982,163,4102,270
3659983,156,4111,266
3659984,160,4112,249
3659985,179,4103,228
3659986,199,4106,253
3659987,203,4114,288
3659988,219,4107,281
3659989,241,4099,248
3659990,236,4108,229
3659991,219,4121,229
3659992,215,4126,204
3659993,222,4132,166
3659994,227,4147,168
3659995,226,4162,207
3659996,210,4172,265
3659997,188,4178,291
3659998,183,4181,284
3659999,172,4190,286
3660000,175,4198,266
3660001,210,4200,235
3660002,227,4211,234
3660003,221,4223,236
3660004,224,4228,227
3660005,240,4224,216
3660006,279,4210,167
3660007,315,4212,116
3660008,284,4230,122
3660009,239,4235,142
3660010,243,4219,136
3660011,247,4204,124
3660012,221,4202,119
3660013,208,4193,89
3660014,203,4196,58
3660015,171,4214,66
3660016,175,4208,78
3660017,198,4202,83
3660018,211,4196,95
3660019,236,4190,99
3660020,264,4191,81
3660021,273,4193,40
3660022,259,4203,46
3660023,214,4226,92
3660024,190,4230,84
3660025,230,4216,15
3660026,278,4213,-59
3660027,289,4223,-75
3660028,280,4221,-30
3660029,259,4207,38
3660030,222,4202,122
3660031,186,4193,198
3660032,174,4180,240
3660033,185,4174,249
3660034,203,4176,252
3660035,225,4168,255
3660036,235,4158,270
3660037,222,4159,330
3660038,215,4158,385
3660039,222,4149,419
3660040,220,4139,462
3660041,207,4132,497
3660042,207,4127,502
3660043,236,4121,466
3660044,287,4115,407
3660045,317,4120,382
3660046,299,4135,395
3660047,284,4143,403
3660048,286,4137,398
3660049,256,4143,420
3660050,206,4160,471
3660051,195,4152,473
3660052,214,4150,481
3660053,220,4146,513
3660054,252,4140,513
3660055,279,4138,477
3660056,271,4140,435
3660057,272,4131,410
3660058,301,4116,387
3660059,310,4113,368
3660060,312,4111,340
3660061,315,4105,304
3660062,294,4103,282
3660063,260,4105,300
3660064,238,4098,312
3660065,244,4095,290
3660066,251,4098,262
3660067,244,4094,241
3660068,231,4092,253
3660069,217,4094,286
3660070,205,4095,323
3660071,206,4090,313
3660072,228,4093,249
3660073,235,4109,206
3660074,225,4121,174
3660075,217,4124,154
3660076,219,4120,170
3660077,225,4123,213
3660078,224,4131,254
3660079,223,4126,250
3660080,236,4126,215
3660081,239,4138,190
3660082,216,4145,186
3660083,196,4146,215
3660084,177,4149,256
3660085,165,4150,276
3660086,161,4145,277
3660087,146,4149,295
3660088,129,4157,320
3660089,161,4147,256
3660090,165,4153,225
3660091,151,4156,250
3660092,138,4152,283
3660093,155,4144,269
3660094,182,4140,245
3660095,167,4142,261
3660096,143,4142,290
3660097,146,4135,305
3660098,157,4132,320
3660099,168,4137,338
3660100,187,4140,344
3660101,202,4142,346
3660102,205,4139,329
3660103,230,4130,280
3660104,288,4125,223
3660105,302,4132,199
3660106,279,4145,198
3660107,277,4148,210
3660108,260,4148,244
3660109,220,4147,273
3660110,222,4131,254
3660111,248,4117,207
3660112,225,4118,215
3660113,188,4126,266
3660114,185,4128,280
3660115,213,4126,237
3660116,244,4129,213
3660117,239,4143,236
3660118,219,4158,265
3660119,232,4155,289
3660120,251,4148,276
3660121,245,4144,251
3660122,226,4145,255
3660123,189,4155,292
3660124,139,4150,336
3660125,141,4138,378
3660126,123,4139,437
3660127,124,4136,458
3660128,162,4128,432
3660129,206,4127,386
3660130,243,4128,333
3660131,264,4133,305
3660132,238,4141,322
3660133,213,4141,339
3660134,225,4130,340
3660135,247,4121,334
3660136,250,4129,368
3660137,221,4144,420
3660138,213,4141,397
3660139,238,4135,317
3660140,258,4140,239
3660141,278,4146,197
3660142,295,4147,183
3660143,289,4154,183
3660144,259,4163,226
3660145,225,4163,267
3660146,205,4162,266
3660147,201,4157,246
3660148,187,4155,246
3660149,174,4149,249
3660150,205,4129,222
3660151,220,4126,228
3660152,163,4146,286
3660153,132,4146,313
3660154,144,4137,313
3660155,132,4142,300
3660156,151,4143,247
3660157,186,4141,204
3660158,167,4150,233
3660159,99,4149,313
3660160,123,4136,284
3660161,167,4121,241
3660162,195,4126,208
3660163,210,4138,202
3660164,245,4138,163
3660165,269,4142,130
3660166,259,4149,133
3660167,235,4154,123
3660168,214,4157,91
3660169,222,4154,7
3660170,238,4153,-53
3660171,206,4165,-27
3660172,146,4172,3
3660173,110,4166,45
3660175,82,4162,117
3660176,86,4152,143
3660177,117,4147,146
3660178,125,4159,130
3660179,146,4170,79
3660180,182,4169,41
3660181,190,4175,47
3660182,154,4193,83
3660183,121,4194,92
3660184,122,4181,87
3660185,132,4170,99
3660186,149,4161,128
3660187,151,4162,200
3660188,141,4162,259
3660189,170,4149,226
3660190,197,4155,195
3660191,174,4183,247
3660192,136,4201,331
3660193,142,4183,352
3660194,236,4184,224
3660195,262,4199,192
3660196,296,4193,141
3660197,295,4195,125
3660198,280,4195,145
3660199,269,4184,171
3660200,249,4173,177
3660201,217,4174,158
3660202,216,4170,103
3660203,250,4165,51
3660204,245,4175,67
3660205,213,4179,88
3660206,198,4170,115
3660207,169,4169,192
3660208,150,4168,233
3660209,160,4162,246
3660210,172,4158,297
3660211,154,4164,389
3660212,141,4161,440
3660213,170,4151,420
3660214,168,4162,409
3660215,157,4170,408
3660216,182,4162,384
3660217,214,4164,383
3660218,214,4170,463
3660219,206,4162,520
3660220,242,4150,462
3660221,307,4150,375
3660222,322,4167,314
3660223,295,4183,275
3660224,279,4178,273
3660225,256,4165,305
3660226,218,4165,344
3660227,234,4158,320
3660228,291,4146,223
3660229,282,4156,137
3660230,236,4156,151
3660231,211,4152,179
3660232,196,4151,203
3660233,177,4148,205
3660234,189,4139,166
3660235,210,4140,136
3660236,184,4160,193
3660237,135,4166,261
3660238,112,4161,288
3660239,96,4159,279
3660240,88,4157,249
3660241,90,4167,284
3660242,89,4180,349
3660243,111,4175,344
3660244,154,4164,293
3660245,184,4166,255
3660246,194,4181,238
3660247,206,4181,224
3660248,215,4168,230
3660249,209,4162,266
3660250,212,4157,264
3660251,227,4153,242
3660252,206,4159,276
3660253,159,4164,295
3660254,166,4152,216
3660255,227,4140,110
3660256,246,4157,115
3660257,207,4182,200
3660258,190,4178,226
3660259,212,4158,190
3660260,219,4152,162
3660261,205,4156,152
3660262,206,4151,131
3660263,213,4144,102
3660264,179,4141,121
3660265,179,4129,150
3660266,179,4119,177
3660267,172,4116,194
3660268,172,4110,219
3660269,170,4099,248
3660270,158,4086,259
3660271,149,4076,241
3660272,141,4075,217
3660273,162,4075,203
3660274,187,4074,205
3660275,188,4073,203
3660276,192,4076,218
3660277,198,4080,255
3660278,215,4083,216
3660279,238,4081,136
3660280,252,4085,109
3660281,234,4111,137
3660282,200,4132,159
3660283,204,4129,136
3660284,205,4133,119
3660285,177,4143,169
3660286,161,4139,231
3660287,169,4129,230
3660288,187,4126,207
3660289,199,4132,201
3660290,203,4126,182
3660291,214,4120,171
3660292,211,4127,208
3660293,207,4133,232
3660294,222,4135,211
3660295,223,4134,186
3660296,233,4128,169
3660297,245,4113,159
3660298,232,4100,165
3660299,174,4114,308
3660300,181,4112,336
3660301,192,4116,346
3660302,205,4121,365
3660303,220,4122,387
3660304,219,4123,416
3660305,235,4126,415
3660306,256,4141,404
3660307,253,4165,428
3660308,244,4184,443
3660309,254,4180,410
3660310,269,4172,370
3660311,271,4179,340
3660312,280,4178,323
3660313,261,4179,351
3660314,212,4184,392
3660315,179,4186,406
3660316,165,4190,385
3660317,166,4190,357
3660318,162,4184,350
3660319,147,4179,331
3660320,135,4173,299
3660321,135,4174,286
3660322,127,4180,309
3660323,120,4171,332
3660324,150,4153,296
3660325,169,4147,243
3660326,154,4152,223
3660327,146,4161,226
3660328,157,4158,220
3660329,164,4143,215
3660330,132,4147,251
3660331,103,4159,286
3660332,138,4150,228
3660333,202,4141,143
3660334,164,4171,155
3660335,173,4166,111
3660336,203,4161,67
3660337,184,4176,105
3660338,149,4183,192
3660339,147,4169,239
3660340,155,4163,212
3660341,152,4175,162
3660342,144,4191,143
3660343,128,4191,146
3660344,108,4174,151
3660345,100,4165,183
3660346,82,4170,243
3660347,71,4172,259
3660348,109,4162,212
3660349,166,4155,155
3660350,192,4161,137
3660351,179,4160,135
3660352,150,4158,138
3660353,117,4162,163
3660354,90,4165,179
3660355,90,4165,193
3660356,109,4164,217
3660357,113,4169,226
3660358,123,4171,188
3660359,157,4169,116
3660360,174,4186,86
3660361,161,4200,121
3660362,157,4193,166
3660363,155,4185,227
3660364,142,4181,294
3660365,148,4175,309
3660366,166,4176,309
3660367,172,4178,317
3660368,166,4182,321
3660369,172,4182,327
3660370,188,4179,332
3660371,183,4181,361
3660372,207,4157,393
3660373,209,4154,417
3660374,202,4146,412
3660375,217,4136,369
3660376,226,4131,341
3660377,229,4128,318
3660378,222,4128,315
3660379,197,4129,340
3660380,176,4128,349
3660381,189,4120,323
3660382,211,4112,308
3660383,191,4116,338
3660384,180,4111,342
3660385,217,4097,270
3660386,234,4103,231
3660387,201,4120,280
3660388,163,4126,334
3660389,170,4119,332
3660390,199,4114,290
3660391,205,4124,270
3660392,194,4138,288
3660393,195,4140,298
3660394,209,4134,283
3660395,230,4135,260
3660396,241,4146,252
3660397,234,4145,252
3660398,229,4130,256
3660399,221,4123,267
3660400,218,4133,279
3660401,210,4146,290
3660402,190,4142,308
3660403,171,4133,334
3660404,157,4129,346
3660405,162,4123,377
3660406,174,4122,436
3660407,155,4119,470
3660408,190,4108,392
3660409,222,4108,333
3660410,230,4115,346
3660411,223,4110,398
3660412,220,4086,410
3660413,237,4068,387
3660414,249,4068,371
3660415,249,4073,350
3660416,245,4073,346
3660417,246,4078,367
3660418,248,4079,356
3660419,277,4072,290
3660420,296,4084,264
3660421,260,4104,297
3660422,240,4108,323
3660423,259,4097,326
3660424,257,4098,354
3660425,232,4111,408
3660426,254,4106,411
3660427,299,4097,353
3660428,311,4112,315
3660429,274,4131,348
3660430,222,4133,384
3660431,197,4129,392
3660432,186,4128,403
3660433,162,4126,432
3660434,144,4120,462
3660435,162,4108,480
3660436,165,4102,490
3660437,155,4108,468
3660438,177,4105,426
3660439,204,4109,409
3660440,224,4117,395
3660441,256,4111,359
3660442,265,4120,352
3660443,266,4120,354
3660444,283,4108,327
3660445,289,4103,289
3660446,266,4109,298
3660447,225,4113,339
3660448,192,4107,354
3660449,190,4104,319
3660450,208,4115,267
3660451,227,4126,263
3660452,230,4131,312
3660453,216,4128,346
3660454,223,4118,324
3660455,235,4118,303
3660456,222,4123,302
3660457,209,4123,303
3660458,191,4127,323
3660459,168,4125,352
3660460,150,4123,375
3660461,141,4120,370
3660462,147,4115,349
3660463,153,4118,337
3660464,152,4120,324
3660465,148,4126,325
3660466,151,4131,328
3660467,170,4124,290
3660468,206,4110,231
3660469,223,4115,213
3660470,205,4128,220
3660471,191,4135,205
3660472,180,4146,186
3660473,154,4156,185
3660474,140,4159,176
3660475,159,4157,139
3660476,182,4147,107
3660477,181,4148,123
3660478,127,4163,155
3660479,127,4168,167
3660480,133,4168,181
3660481,136,4163,204
3660482,130,4154,218
3660483,125,4150,207
3660484,112,4154,228
3660485,94,4163,274
3660486,84,4167,310
3660487,96,4161,330
3660488,116,4164,352
3660489,122,4173,360
3660490,133,4174,336
3660491,152,4168,303
3660492,162,4165,269
3660493,166,4168,225
3660494,176,4171,159
3660495,175,4181,134
3660496,174,4183,137
3660497,190,4175,108
3660498,204,4173,85
3660499,204,4181,90
3660500,184,4194,99
3660501,187,4196,75
3660502,204,4193,46
3660503,190,4191,54
3660504,183,4191,69
3660505,188,4193,92
3660506,178,4193,134
3660507,160,4187,168
3660508,149,4186,178
3660509,166,4187,144
3660510,182,4186,117
3660511,163,4189,147
3660512,144,4184,207
3660513,120,4171,277
3660514,126,4169,288
3660515,136,4170,292
3660516,159,4168,258
3660517,190,4164,201
3660518,223,4164,124
3660519,240,4175,82
3660520,233,4175,89
3660521,222,4163,105
3660522,199,4157,141
3660523,173,4154,188
3660524,156,4146,228
3660525,147,4137,262
3660526,131,4138,298
3660527,120,4139,328
3660528,137,4135,362
3660529,147,4145,413
3660530,159,4158,430
3660531,193,4159,400
3660532,217,4156,354
3660533,220,4162,333
3660534,207,4169,358
3660535,200,4163,397
3660536,207,4151,429
3660537,203,4147,451
3660538,193,4147,476
3660539,192,4139,521
3660540,185,4131,557
3660541,196,4125,554
3660542,213,4121,547
3660543,203,4127,570
3660544,199,4133,574
3660545,230,4130,514
3660546,264,4133,433
3660547,277,4143,389
3660548,266,4130,445
3660549,263,4123,454
3660550,267,4123,437
3660551,247,4127,430
3660552,225,4122,436
3660553,207,4110,435
3660554,187,4115,439
3660555,174,4123,435
3660556,178,4123,390
3660557,188,4124,352
3660558,197,4129,347
3660559,207,4135,337
3660560,213,4142,322
3660561,214,4145,310
3660562,205,4150,298
3660563,194,4156,306
3660564,181,4158,318
3660565,178,4153,298
3660566,184,4153,288
3660567,179,4162,303
3660568,179,4161,316
3660569,197,4148,313
3660570,198,4152,314
3660571,171,4167,358
3660572,154,4169,397
3660573,162,4160,402
3660574,185,4147,379
3660575,216,4135,315
3660576,243,4132,266
3660577,257,4125,239
3660578,256,4118,225
3660579,244,4119,237
3660580,216,4128,267
3660581,171,4132,313
3660582,146,4128,327
3660583,140,4127,317
3660584,138,4133,341
3660585,121,4139,380
3660586,121,4135,393
3660587,147,4126,384
3660588,164,4131,382
3660589,160,4151,373
3660590,173,4163,343
3660591,215,4154,293
3660592,240,4148,256
3660593,224,4152,277
3660594,197,4149,339
3660595,194,4138,376
3660596,197,4134,382
3660597,179,4140,386
3660598,174,4141,354
3660599,186,4136,301
3660600,193,4139,283
3660601,186,4145,312
3660602,180,4135,348
3660603,214,4118,337
3660604,248,4119,314
3660605,241,4142,330
3660606,231,4149,321
3660607,245,4139,272
3660608,224,4149,261
3660609,195,4158,274
3660610,200,4152,300
3660611,205,4146,321
3660612,204,4146,347
3660613,172,4150,382
3660614,150,4146,320
3660615,162,4147,229
3660616,186,4152,173
3660617,215,4153,133
3660618,218,4159,158
3660619,203,4144,227
3660620,196,4135,276
3660621,186,4138,313
3660622,185,4132,322
3660623,202,4128,298
3660624,200,4138,279
3660625,191,4148,282
3660626,181,4151,297
3660627,168,4157,296
3660628,169,4167,294
3660629,176,4169,314
3660630,186,4160,316
3660631,214,4147,276
3660632,243,4145,255
3660633,235,4159,270
3660634,215,4168,269
3660635,200,4171,276
3660636,200,4173,307
3660637,224,4177,339
3660638,233,4181,329
3660639,250,4176,279
3660640,246,4178,267
3660641,219,4177,263
3660642,205,4173,245
3660643,185,4180,256
3660644,167,4190,305
3660645,148,4185,397
3660646,146,4168,487
3660647,166,4149,516
3660648,202,4137,495
3660649,232,4144,453
3660650,243,4159,394
3660651,231,4178,348
3660652,204,4197,329
3660653,192,4205,343
3660654,214,4184,307
3660655,236,4189,229
3660656,256,4194,154
3660657,248,4196,119
3660658,201,4203,141
3660659,153,4207,159
3660660,125,4208,152
3660661,112,4214,159
3660662,106,4215,182
3660663,113,4217,177
3660664,108,4227,161
3660665,104,4233,148
3660666,112,4233,150
3660667,122,4230,174
3660668,111,4226,199
3660669,106,4210,203
3660670,110,4191,238
3660671,65,4182,346
3660672,43,4175,415
3660673,102,4150,375
3660674,175,4118,316
3660675,183,4118,337
3660676,160,4123,389
3660677,169,4105,401
3660678,189,4094,407
3660679,187,4096,445
3660680,181,4084,482
3660681,191,4068,495
3660682,198,4060,486
3660683,207,4059,449
3660684,234,4061,397
3660685,272,4062,332
3660686,299,4059,272
3660687,292,4062,244
3660688,258,4065,218
3660689,241,4066,183
3660690,193,4072,230
3660691,152,4068,271
3660692,121,4060,266
3660693,103,4067,264
3660694,81,4080,315
3660695,72,4078,376
3660696,67,4084,420
3660697,73,4099,418
3660698,96,4110,366
3660699,129,4115,310
3660700,135,4126,317
3660701,92,4137,390
3660702,72,4140,450
3660703,106,4127,440
3660704,147,4122,397
3660705,145,4137,385
3660706,145,4138,366
3660707,159,4136,376
3660708,157,4138,454
3660709,150,4139,525
3660710,159,4142,529
3660711,204,4136,447
3660712,232,4146,361
3660713,224,4171,335
3660714,221,4177,352
3660715,226,4171,395
3660716,235,4159,396
3660717,250,4147,333
3660718,241,4153,259
3660719,204,4172,231
3660720,172,4177,261
3660721,152,4165,280
3660722,135,4160,281
3660723,119,4165,290
3660724,113,4187,332
3660725,137,4183,310
3660726,168,4172,272
3660727,171,4170,264
3660728,141,4176,322
3660729,113,4176,375
3660730,125,4166,362
3660731,150,4159,352
3660732,145,4160,371
3660733,129,4161,387
3660734,148,4148,400
3660735,180,4129,394
3660736,187,4120,381
3660737,171,4114,368
3660738,160,4109,336
3660739,189,4098,305
3660740,232,4091,316
3660741,236,4090,375
3660742,227,4086,435
3660743,230,4082,462
3660744,223,4094,469
3660745,195,4110,473
3660746,182,4108,445
3660747,201,4103,372
3660748,218,4105,308
3660749,201,4120,303
3660750,157,4133,335
3660751,159,4127,317
3660752,194,4122,286
3660753,177,4137,321
3660754,144,4154,377
3660755,162,4148,390
3660756,201,4140,332
3660757,228,4145,266
3660758,223,4161,266
3660759,195,4170,277
3660760,166,4172,278
3660761,141,4184,325
3660762,168,4171,336
3660763,210,4156,334
3660764,211,4163,355
3660765,206,4169,384
3660766,234,4151,364
3660767,279,4139,311
3660768,291,4151,306
3660769,267,4161,327
3660770,242,4150,325
3660771,222,4135,290
3660772,178,4138,255
3660773,140,4136,213
3660774,132,4133,199
3660775,119,4141,255
3660776,128,4137,303
3660777,171,4126,338
3660778,198,4121,373
3660779,196,4117,378
3660780,197,4115,367
3660781,211,4117,350
3660782,227,4123,329
3660783,240,4128,300
3660784,231,4131,261
3660785,218,4129,226
3660786,213,4126,214
3660787,192,4127,239
3660788,177,4128,282
3660789,173,4126,341
3660790,179,4118,387
3660791,204,4111,387
3660792,222,4109,385
3660793,221,4124,405
3660794,212,4139,414
3660795,234,4139,382
3660796,252,4149,366
3660797,194,4171,376
3660798,205,4149,320
3660799,239,4136,232
3660800,257,4139,165
3660801,252,4149,138
3660802,229,4158,147
3660803,205,4165,168
3660804,193,4172,159
3660805,183,4188,155
3660806,152,4195,187
3660807,121,4188,227
3660808,108,4180,259
3660809,108,4175,270
3660810,120,4181,295
3660811,132,4185,323
3660812,146,4188,315
3660813,150,4196,306
3660814,143,4195,276
3660815,148,4194,235
3660816,150,4207,243
3660817,147,4213,278
3660818,162,4190,276
3660819,187,4162,257
3660820,176,4167,288
3660821,155,4173,321
3660822,169,4163,310
3660823,189,4160,299
3660824,195,4167,293
3660825,196,4170,279
3660826,230,4165,243
3660827,261,4169,213
3660828,266,4173,214
3660829,255,4174,238
3660830,229,4168,291
3660831,220,4162,344
3660832,206,4161,366
3660833,158,4158,406
3660834,142,4153,405
3660835,142,4152,393
3660836,139,4159,395
3660837,165,4160,399
3660838,182,4156,449
3660839,193,4145,486
3660840,196,4137,487
3660841,169,4135,487
3660842,173,4122,467
3660843,183,4110,456
3660844,170,4114,442
3660845,172,4124,412
3660846,194,4118,385
3660847,214,4103,397
3660848,200,4100,461
3660849,186,4092,487
3660850,206,4085,426
3660851,240,4087,337
3660852,250,4095,317
3660853,208,4106,380
3660854,194,4104,422
3660855,246,4099,411
3660856,299,4106,383
3660857,306,4110,364
3660858,285,4105,375
3660859,266,4101,425
3660860,237,4101,500
3660861,197,4093,528
3660862,188,4079,463
3660863,207,4083,398
3660864,205,4100,405
3660865,204,4099,442
3660866,202,4095,499
3660867,181,4097,549
3660868,188,4094,539
3660869,234,4093,460
3660870,245,4096,437
3660871,254,4092,407
3660872,260,4097,397
3660873,262,4103,424
3660874,263,4103,442
3660875,252,4105,453
3660876,239,4115,462
3660877,247,4118,467
3660878,249,4117,485
3660879,222,4136,508
3660880,211,4153,478
3660881,240,4157,376
3660882,263,4170,297
3660883,265,4180,276
3660884,259,4180,290
3660885,237,4184,333
3660886,208,4186,383
3660887,189,4181,408
3660888,196,4180,399
3660889,193,4197,406
3660890,168,4211,411
3660891,186,4205,380
3660892,229,4195,338
3660893,245,4198,322
3660894,239,4200,334
3660895,246,4185,329
3660896,251,4176,325
3660897,228,4175,320
3660898,230,4157,279
3660899,245,4133,233
3660900,229,4126,200
3660901,196,4129,224
3660902,144,4135,299
3660903,112,4137,300
3660904,130,4133,193
3660905,138,4155,17
3660906,98,4162,49
3660907,62,4154,75
3660908,69,4153,73
3660909,95,4161,82
3660910,101,4165,136
3660911,94,4162,194
3660912,98,4171,235
3660913,117,4189,281
3660914,162,4200,300
3660915,217,4205,307
3660916,262,4201,323
3660917,277,4194,325
3660918,280,4196,336
3660919,289,4202,368
3660920,276,4208,393
3660921,257,4212,419
3660922,255,4204,434
3660923,262,4206,418
3660924,269,4217,388
3660925,279,4216,339
3660926,259,4216,339
3660927,208,4222,427
3660928,182,4214,517
3660929,197,4195,538
3660930,228,4181,523
3660931,248,4178,515
3660932,235,4182,517
3660933,209,4175,493
3660934,215,4158,429
3660935,222,4157,393
3660936,213,4165,390
3660937,221,4156,378
3660938,240,4144,365
3660939,183,4150,321
3660940,202,4136,235
3660941,244,4125,187
3660942,254,4124,213
3660943,239,4127,246
3660944,224,4132,242
3660945,222,4126,217
3660946,229,4117,198
3660947,214,4114,214
3660948,176,4116,252
3660949,140,4120,279
3660950,133,4110,269
3660951,146,4100,255
3660952,133,4100,282
3660953,119,4096,308
3660954,113,4084,328
3660955,105,4066,335
3660956,94,4063,322
3660957,91,4077,322
3660958,107,4083,346
3660959,122,4084,348
3660960,157,4080,284
3660961,198,4078,231
3660962,196,4098,206
3660963,190,4119,148
3660964,212,4118,89
3660965,216,4120,76
3660966,182,4138,122
3660967,155,4139,190
3660968,148,4129,242
3660969,138,4126,285
3660970,151,4123,274
3660971,174,4132,213
3660972,181,4156,194
3660973,175,4168,247
3660974,171,4161,298
3660975,174,4158,327
3660976,173,4153,350
3660977,165,4153,389
3660978,173,4153,479
3660979,181,4164,539
3660980,182,4169,564
3660981,247,4150,508
3660982,287,4152,496
3660983,270,4173,503
3660984,251,4183,503
3660985,252,4180,505
3660986,265,4183,492
3660987,267,4186,464
3660988,268,4185,388
3660989,243,4187,300
3660990,205,4186,262
3660991,186,4182,235
3660992,185,4174,202
3660993,170,4174,223
3660994,138,4177,265
3660995,137,4165,288
3660996,156,4151,289
3660997,158,4148,269
3660998,135,4151,286
3660999,94,4155,333
3661000,54,4157,381
3661001,40,4155,412
3661002,61,4145,411
3661003,82,4146,427
3661004,82,4161,467
3661005,79,4168,479
3661006,76,4166,455
3661007,78,4166,418
3661008,105,4165,395
3661009,138,4162,411
3661010,150,4155,442
3661011,169,4140,421
3661012,206,4132,356
3661013,220,4140,309
3661014,215,4130,300
3661015,190,4114,335
3661016,181,4095,326
3661017,176,4086,317
3661018,136,4099,336
3661019,105,4103,327
3661020,133,4093,294
3661021,163,4095,265
3661022,158,4107,244
3661023,146,4118,244
3661024,155,4118,209
3661025,168,4117,153
3661026,175,4120,129
3661027,181,4125,123
3661028,167,4135,136
3661029,138,4142,147
3661030,123,4137,156
3661031,109,4138,192
3661032,89,4140,233
3661033,78,4141,279
3661034,77,4142,296
3661035,103,4143,267
3661036,124,4150,269
3661037,127,4152,308
3661038,130,4144,358
3661039,133,4132,377
3661040,145,4120,334
3661041,160,4116,292
3661042,174,4122,280
3661043,193,4127,261
3661044,211,4127,257
3661045,204,4128,292
3661046,174,4134,359
3661047,152,4135,399
3661048,170,4129,367
3661049,197,4131,348
3661050,210,4143,351
3661051,204,4152,336
3661052,177,4162,351
3661053,157,4162,390
3661054,131,4159,446
3661055,120,4159,489
3661056,125,4156,532
3661057,135,4153,552
3661058,150,4150,550
3661059,173,4147,543
3661060,197,4154,526
3661061,214,4178,510
3661062,235,4197,479
3661063,263,4198,427
3661064,287,4187,378
3661065,270,4177,389
3661066,215,4175,464
3661067,173,4168,512
3661068,167,4151,501
3661069,174,4144,490
3661070,164,4147,499
3661071,173,4144,488
3661072,194,4143,471
3661073,170,4155,502
3661074,143,4161,537
3661075,169,4144,526
3661076,211,4135,505
3661077,216,4139,512
3661078,200,4133,524
3661079,179,4130,540
3661080,154,4138,559
3661081,156,4143,543
3661082,185,4137,521
3661083,204,4124,505
3661084,219,4119,481
3661085,225,4135,489
3661086,216,4144,482
3661087,208,4143,424
3661088,219,4130,410
3661089,205,4124,437
3661090,194,4122,413
3661091,218,4133,348
3661092,211,4154,355
3661093,177,4165,405
3661094,168,4150,410
3661095,198,4128,355
3661096,201,4125,353
3661097,178,4127,397
3661098,164,4127,430
3661099,142,4130,446
3661100,132,4130,437
3661101,135,4122,419
3661102,148,4123,385
3661103,158,4143,361
3661104,167,4155,346
3661105,187,4155,347
3661106,199,4144,350
3661107,216,4134,325
3661108,213,4134,320
3661109,192,4133,328
3661110,168,4129,333
3661111,164,4122,315
3661112,180,4115,290
3661113,179,4112,306
3661114,166,4105,328
3661115,154,4097,337
3661116,159,4087,328
3661117,167,4074,314
3661118,155,4071,331
3661119,154,4069,355
3661120,171,4058,346
3661121,179,4055,326
3661122,178,4057,307
3661123,166,4057,315
3661124,153,4059,335
3661125,154,4058,358
3661126,151,4054,364
3661127,161,4040,327
3661128,165,4045,304
3661129,146,4057,311
3661130,136,4058,332
3661131,136,4046,349
3661132,144,4034,322
3661133,157,4029,291
3661134,158,4029,290
3661135,143,4041,303
3661136,147,4046,310
3661137,175,4030,280
3661138,190,4020,251
3661139,185,4024,256
3661140,192,4019,245
3661141,200,4013,230
3661142,183,4015,236
3661143,175,4021,248
3661144,180,4027,264
3661145,178,4036,256
3661146,159,4045,247
3661147,144,4054,240
3661148,136,4073,229
3661149,129,4098,232
3661150,140,4117,228
3661151,176,4122,194
3661152,212,4123,168
3661153,209,4137,194
3661154,174,4155,240
3661155,159,4157,280
3661156,148,4153,326
3661157,122,4158,391
3661158,110,4162,446
3661159,118,4186,460
3661160,145,4194,418
3661161,167,4188,418
3661162,153,4186,460
3661163,148,4190,476
3661164,188,4178,433
3661165,235,4168,372
3661166,240,4171,354
3661167,229,4162,352
3661168,235,4154,365
3661169,232,4160,402
3661170,227,4165,428
3661171,233,4174,434
3661172,243,4183,421
3661173,241,4193,437
3661174,224,4210,462
3661175,221,4219,439
3661176,216,4227,394
3661177,212,4232,349
3661178,209,4235,352
3661179,188,4243,410
3661180,149,4252,450
3661181,118,4258,428
3661182,128,4251,367
3661183,146,4245,342
3661184,143,4250,350
3661185,148,4249,332
3661186,156,4241,304
3661187,148,4232,292
3661188,133,4234,300
3661189,131,4231,321
3661190,140,4220,347
3661191,142,4212,392
3661192,152,4205,439
3661193,172,4199,469
3661194,196,4196,443
3661195,242,4195,321
3661196,241,4200,305
3661197,232,4198,308
3661198,228,4194,339
3661199,226,4198,373
3661200,219,4202,364
3661201,222,4203,324
3661202,225,4197,310
3661203,202,4198,323
3661204,163,4201,350
3661205,132,4194,363
3661206,115,4192,376
3661207,103,4197,414
3661208,118,4183,409
3661209,176,4163,340
3661210,223,4170,309
3661211,215,4192,360
3661212,201,4197,403
3661213,236,4173,363
3661214,284,4151,293
3661215,285,4153,271
3661216,266,4154,300
3661217,264,4143,315
3661218,274,4132,277
3661219,276,4136,258
3661220,253,4141,267
3661221,235,4131,245
3661222,220,4125,243
3661223,187,4135,288
3661224,162,4142,352
3661225,155,4136,417
3661226,152,4126,467
3661227,161,4119,487
3661228,170,4113,487
3661229,175,4109,482
3661230,184,4105,483
3661231,170,4112,521
3661232,177,4116,504
3661233,208,4126,461
3661234,218,4139,434
3661235,213,4146,439
3661236,208,4140,459
3661237,213,4133,477
3661238,228,4130,484
3661239,258,4127,464
3661240,263,4138,468
3661241,239,4150,463
3661242,228,4148,433
3661243,205,4154,465
3661244,188,4156,498
3661245,208,4141,462
3661246,227,4138,407
3661247,231,4154,368
3661248,231,4164,345
3661249,227,4154,338
3661250,209,4144,338
3661251,186,4141,332
3661252,166,4145,335
3661253,157,4148,350
3661254,163,4135,363
3661255,160,4125,419
3661256,114,4134,530
3661257,92,4135,583
3661258,142,4121,556
3661259,179,4126,545
3661260,188,4141,540
3661261,226,4143,497
3661262,268,4149,437
3661263,280,4161,400
3661264,267,4162,399
3661265,257,4149,387
3661266,257,4135,380
3661267,263,4118,382
3661268,249,4109,381
3661269,255,4102,366
3661270,234,4102,380
3661271,191,4106,419
3661272,181,4104,431
3661273,177,4106,420
3661274,179,4116,404
3661275,174,4127,406
3661276,169,4126,399
3661277,185,4119,379
3661278,197,4116,368
3661279,212,4119,357
3661280,205,4122,382
3661281,162,4126,421
3661282,136,4133,410
3661283,132,4139,373
3661284,137,4144,346
3661285,140,4145,338
3661286,135,4139,355
3661287,131,4135,382
3661288,125,4138,391
3661289,115,4137,391
3661290,104,4135,414
3661291,99,4128,446
3661292,110,4120,464
3661293,138,4115,468
3661294,167,4110,468
3661295,173,4118,464
3661296,184,4124,412
3661297,221,4121,331
3661298,234,4135,294
3661299,220,4150,282
3661300,208,4151,283
3661301,195,4150,300
3661302,188,4148,298
3661303,179,4150,292
3661304,154,4160,278
3661305,130,4162,323
3661306,84,4167,381
3661307,81,4166,361
3661308,118,4166,323
3661309,141,4176,336
3661310,145,4183,365
3661311,163,4173,370
3661312,195,4167,357
3661313,191,4185,359
3661314,174,4196,367
3661315,172,4196,377
3661316,171,4198,407
3661317,172,4191,436
3661318,176,4174,460
3661319,170,4162,501
3661320,162,4157,549
3661321,171,4152,545
3661322,188,4141,497
3661323,201,4132,465
3661324,211,4123,452
3661325,223,4110,464
3661326,228,4098,488
3661327,234,4087,471
3661328,234,4082,445
3661329,223,4081,416
3661330,216,4081,369
3661331,195,4087,358
3661332,176,4089,350
3661333,186,4088,307
3661334,183,4089,287
3661335,164,4099,301
3661336,155,4106,328
3661337,144,4101,346
3661338,121,4099,361
3661339,95,4098,372
3661340,85,4097,392
3661341,88,4105,423
3661342,98,4105,434
3661343,99,4110,445
3661344,85,4120,469
3661345,70,4128,497
3661346,79,4136,504
3661347,108,4139,455
3661348,153,4141,387
3661349,181,4147,364
3661350,182,4144,362
3661351,184,4139,367
3661352,204,4134,370
3661353,221,4125,356
3661354,224,4118,344
3661355,236,4108,346
3661356,235,4099,381
3661357,207,4098,432
3661358,193,4096,470
3661359,192,4091,501
3661360,187,4097,520
3661361,171,4108,524
3661362,162,4104,518
3661363,164,4100,503
3661364,160,4106,502
3661365,151,4111,521
3661366,161,4117,523
3661367,174,4126,513
3661368,165,4129,503
3661369,169,4132,483
3661370,173,4141,483
3661371,178,4148,489
3661372,182,4151,480
3661373,175,4152,475
3661374,171,4149,490
3661375,165,4140,496
3661376,190,4139,451
3661377,191,4147,489
3661378,189,4140,510
3661379,219,4125,469
3661380,252,4114,412
3661381,247,4111,417
3661382,225,4116,482
3661383,212,4114,537
3661384,203,4110,545
3661385,210,4109,515
3661386,219,4109,468
3661387,205,4120,435
3661388,216,4123,417
3661389,237,4120,402
3661390,230,4122,384
3661391,213,4128,373
3661392,203,4133,366
3661393,206,4130,333
3661394,211,4135,318
3661395,193,4150,353
3661396,171,4157,384
3661397,173,4157,378
3661398,187,4164,364
3661399,179,4179,391
3661400,174,4176,414
3661401,197,4167,389
3661402,199,4175,392
3661403,179,4179,401
3661404,194,4171,360
3661405,238,4160,340
3661406,243,4161,376
3661407,216,4173,416
3661408,210,4176,422
3661409,229,4167,412
3661410,238,4164,421
3661411,237,4165,433
3661412,220,4170,421
3661413,208,4168,420
3661414,209,4160,437
3661415,219,4157,472
3661416,238,4162,517
3661417,245,4162,559
3661418,250,4156,575
3661419,256,4152,574
3661420,250,4154,563
3661421,243,4162,563
3661422,251,4168,580
3661423,258,4167,577
3661424,259,4155,546
3661425,253,4151,538
3661426,236,4150,547
3661427,225,4140,538
3661428,210,4132,534
3661429,206,4120,527
3661430,211,4110,513
3661431,216,4103,462
3661432,238,4098,379
3661433,234,4097,363
3661434,208,4098,392
3661435,201,4093,398
3661436,201,4089,383
3661437,190,4098,373
3661438,177,4107,376
3661439,158,4110,398
3661440,136,4109,433
3661441,137,4105,465
3661442,151,4098,501
3661443,161,4094,514
3661444,169,4099,496
3661445,187,4103,469
3661446,192,4111,440
3661447,175,4123,422
3661448,209,4122,344
3661449,227,4132,328
3661450,240,4135,298
3661451,242,4136,263
3661452,230,4135,248
3661453,218,4126,252
3661454,190,4128,301
3661455,152,4126,348
3661456,150,4114,361
3661457,172,4109,366
3661458,190,4110,351
3661459,185,4118,340
3661460,159,4125,348
3661461,145,4121,356
3661462,142,4121,370
3661463,133,4128,379
3661464,134,4123,366
3661465,147,4116,335
3661466,166,4124,302
3661467,185,4144,289
3661468,188,4159,292
3661469,200,4165,284
3661470,217,4173,246
3661471,220,4190,196
3661472,208,4209,170
3661473,185,4219,180
3661474,172,4229,190
3661475,175,4244,195
3661476,170,4256,224
3661477,155,4256,277
3661478,145,4252,317
3661479,159,4239,317
3661480,187,4223,300
3661481,201,4217,300
3661482,203,4213,324
3661483,208,4200,349
3661484,222,4177,424
3661485,220,4163,481
3661486,234,4146,488
3661487,241,4145,455
3661488,232,4149,395
3661489,220,4151,353
3661490,194,4152,361
3661491,155,4149,401
3661492,132,4145,420
3661493,147,4147,396
3661494,159,4162,378
3661495,154,4176,375
3661496,166,4172,384
3661497,170,4171,415
3661498,168,4174,431
3661499,188,4173,422
3661500,198,4184,424
3661501,195,4198,445
3661502,194,4198,479
3661503,193,4193,490
3661504,187,4196,474
3661505,178,4201,455
3661506,178,4200,449
3661507,163,4194,483
3661508,156,4180,494
3661509,175,4166,466
3661510,181,4155,465
3661511,181,4143,480
3661512,190,4141,496
3661513,217,4132,484
3661514,255,4116,448
3661515,260,4112,431
3661516,237,4113,438
3661517,216,4110,467
3661518,219,4102,482
3661519,235,4098,468
3661520,258,4100,437
3661521,235,4109,459
3661522,213,4104,489
3661523,190,4094,511
3661524,169,4096,511
3661525,167,4102,480
3661526,177,4096,441
3661527,191,4083,427
3661528,211,4079,422
3661529,226,4084,406
3661530,240,4084,377
3661531,261,4074,325
3661532,265,4075,296
3661533,241,4090,297
3661534,206,4104,284
3661535,177,4106,274
3661536,153,4104,267
3661537,131,4106,268
3661538,105,4110,304
3661539,83,4100,332
3661540,99,4079,328
3661541,117,4071,333
3661542,113,4068,347
3661543,124,4059,344
3661544,140,4057,338
3661545,138,4067,365
3661546,127,4072,406
3661547,135,4062,403
3661548,155,4055,385
3661549,169,4059,379
3661550,154,4073,375
3661551,128,4088,382
3661552,121,4093,396
3661553,122,4104,409
3661554,131,4117,398
3661555,155,4118,366
3661556,166,4131,369
3661557,157,4152,414
3661558,182,4152,422
3661559,197,4153,440
3661560,183,4156,480
3661561,174,4155,485
3661562,183,4150,461
3661563,188,4162,469
3661564,190,4180,488
3661565,197,4176,497
3661566,198,4165,509
3661567,183,4166,510
3661568,181,4166,484
3661569,199,4157,447
3661570,204,4154,417
3661571,186,4159,422
3661572,159,4167,441
3661573,146,4172,422
3661574,137,4167,400
3661575,116,4168,397
3661576,107,4175,408
3661577,126,4170,418
3661578,157,4159,407
3661579,184,4167,410
3661580,196,4176,404
3661581,215,4163,350
3661582,231,4155,325
3661583,204,4168,356
3661584,164,4180,388
3661585,166,4181,383
3661586,190,4179,355
3661587,184,4185,370
3661588,156,4183,418
3661589,152,4167,437
3661590,172,4157,430
3661591,195,4164,424
3661592,218,4164,436
3661594,218,4145,464
3661595,210,4135,441
3661596,202,4130,423
3661597,190,4132,423
3661598,187,4134,450
3661599,186,4138,492
3661600,169,4136,539
3661601,151,4127,580
3661602,159,4131,585
3661603,183,4144,556
3661604,214,4142,509
3661605,230,4136,490
3661606,238,4138,493
3661607,267,4133,461
3661608,286,4128,431
3661609,273,4128,448
3661610,248,4127,483
3661611,234,4116,480
3661612,250,4105,432
3661613,268,4107,399
3661614,266,4118,388
3661615,249,4127,370
3661616,218,4138,366
3661617,191,4148,385
3661618,166,4141,395
3661619,156,4124,383
3661620,164,4121,368
3661621,175,4133,370
3661622,177,4136,394
3661623,174,4134,425
3661624,184,4124,421
3661625,205,4104,376
3661626,212,4094,343
3661627,198,4096,350
3661628,170,4099,372
3661629,147,4098,385
3661630,161,4098,400
3661631,176,4100,347
3661632,189,4102,312
3661633,197,4104,313
3661634,186,4105,342
3661635,167,4109,387
3661636,155,4110,416
3661637,158,4105,410
3661638,174,4103,404
3661639,181,4100,434
3661640,179,4100,488
3661641,181,4096,524
3661642,195,4094,508
3661643,213,4102,471
3661644,223,4109,446
3661645,224,4108,441
3661646,218,4105,454
3661647,211,4107,447
3661648,211,4113,407
3661649,199,4137,387
3661650,168,4157,393
3661651,161,4154,388
3661652,175,4139,368
3661653,196,4130,336
3661654,205,4138,330
3661655,187,4159,365
3661656,164,4173,394
3661657,154,4170,400
3661658,153,4164,428
3661659,144,4162,475
3661660,135,4166,502
3661661,142,4165,496
3661662,151,4169,475
3661663,163,4177,456
3661664,181,4181,448
3661665,174,4184,459
3661666,162,4175,495
3661667,174,4172,497
3661668,199,4173,473
3661669,219,4183,458
3661670,220,4196,466
3661671,208,4203,475
3661672,201,4199,489
3661673,197,4194,506
3661674,195,4198,523
3661675,196,4196,547
3661676,210,4182,551
3661677,235,4168,528
3661678,253,4162,481
3661679,253,4162,448
3661680,245,4154,450
3661681,237,4144,438
3661682,216,4150,427
3661683,185,4159,413
3661684,166,4155,374
3661685,175,4144,367
3661686,191,4129,379
3661687,195,4128,393
3661688,186,4133,420
3661689,167,4134,443
3661690,144,4137,466
3661691,134,4143,486
3661692,152,4143,502
3661693,183,4138,505
3661694,196,4140,486
3661695,203,4137,443
3661696,219,4131,420
3661697,215,4141,465
3661698,204,4156,527
3661699,207,4159,526
3661700,208,4154,466
3661701,207,4151,421
3661702,204,4155,362
3661703,215,4145,344
3661704,202,4146,376
3661705,166,4147,442
3661706,157,4122,492
3661707,180,4092,491
3661708,201,4079,454
3661709,208,4084,435
3661710,210,4094,440
3661711,214,4098,417
3661712,217,4096,379
3661713,226,4092,346
3661714,247,4088,308
3661715,254,4089,303
3661716,229,4092,343
3661717,198,4090,370
3661718,175,4091,375
3661719,147,4098,397
3661720,133,4096,416
3661721,153,4089,395
3661722,176,4090,361
3661723,185,4101,354
3661724,179,4113,390
3661725,163,4120,448
3661726,150,4126,492
3661727,158,4124,499
3661728,170,4119,504
3661729,170,4117,517
3661730,182,4114,520
3661731,204,4112,522
3661732,223,4113,513
3661733,234,4115,497
3661734,227,4123,491
3661735,220,4130,486
3661736,225,4135,465
3661737,214,4140,437
3661738,164,4152,417
3661739,159,4157,427
3661740,145,4164,452
3661741,124,4169,477
3661742,115,4172,486
3661743,118,4171,470
3661744,125,4179,443
3661745,144,4183,429
3661746,177,4180,403
3661747,199,4182,378
3661748,211,4186,377
3661749,217,4191,378
3661750,221,4189,372
3661751,231,4177,355
3661752,231,4173,344
3661753,201,4176,369
3661754,156,4174,397
3661755,127,4174,391
3661756,114,4179,356
3661757,115,4187,315
3661758,126,4194,299
3661759,134,4196,300
3661760,129,4194,321
3661761,119,4189,363
3661762,128,4181,381
3661763,148,4174,383
3661764,151,4175,385
3661765,148,4178,367
3661766,150,4174,362
3661767,136,4170,395
3661768,112,4170,447
3661769,102,4166,481
3661770,108,4159,490
3661771,105,4158,495
3661772,99,4161,494
3661773,118,4152,488
3661774,138,4167,478
3661775,166,4165,467
3661776,211,4145,446
3661777,233,4135,413
3661778,236,4134,404
3661779,223,4129,435
3661780,200,4128,494
3661781,199,4125,540
3661782,220,4112,526
3661783,240,4107,480
3661784,228,4119,461
3661785,199,4125,462
3661786,203,4122,447
3661787,205,4122,439
3661788,183,4131,463
3661789,172,4135,497
3661790,179,4128,509
3661791,190,4123,500
3661792,180,4128,517
3661793,167,4131,531
3661794,181,4129,519
3661795,188,4132,529
3661796,171,4138,576
3661797,160,4135,635
3661798,177,4126,638
3661799,202,4127,628
3661800,215,4135,639
3661801,221,4141,615
3661802,230,4146,584
3661803,235,4146,565
3661804,238,4142,543
3661805,243,4136,520
3661806,232,4137,525
3661807,211,4142,565
3661808,217,4132,569
3661809,225,4121,549
3661810,181,4119,547
3661811,203,4105,496
3661812,218,4097,464
3661813,202,4099,463
3661814,179,4095,459
3661815,187,4082,419
3661816,200,4075,371
3661817,192,4074,342
3661818,186,4068,339
3661819,181,4067,335
3661820,176,4067,314
3661821,172,4072,321
3661822,144,4091,355
3661823,118,4101,381
3661824,112,4097,403
3661825,111,4099,425
3661826,127,4104,413
3661827,144,4111,380
3661828,137,4130,361
3661829,116,4152,387
3661830,104,4158,427
3661831,119,4145,432
3661832,133,4145,437
3661833,119,4164,449
3661834,126,4164,409
3661835,168,4153,330
3661836,195,4163,272
3661837,190,4175,268
3661838,168,4164,311
3661839,165,4142,322
3661840,174,4137,325
3661841,155,4144,343
3661842,142,4139,307
3661843,160,4134,250
3661844,159,4144,257
3661845,128,4150,323
3661846,128,4126,422
3661847,142,4126,397
3661848,145,4134,365
3661849,158,4139,337
3661850,163,4144,343
3661851,157,4142,374
3661852,153,4140,383
3661853,151,4150,368
3661854,160,4157,348
3661855,171,4161,341
3661856,172,4172,346
3661857,164,4182,366
3661858,144,4178,400
3661859,134,4166,426
3661860,136,4167,450
3661861,136,4173,454
3661862,144,4174,445
3661863,149,4171,458
3661864,131,4177,505
3661865,122,4171,555
3661866,158,4144,553
3661867,194,4131,530
3661868,190,4139,524
3661869,176,4147,515
3661870,188,4136,487
3661871,216,4123,470
3661872,216,4120,473
3661873,199,4113,460
3661874,200,4103,446
3661875,207,4088,437
3661876,206,4078,420
3661877,198,4072,413
3661878,187,4066,410
3661879,186,4067,397
3661880,210,4062,387
3661881,225,4058,408
3661882,206,4062,439
3661883,173,4071,448
3661884,150,4075,468
3661885,127,4078,499
3661886,125,4071,519
3661887,120,4069,544
3661888,107,4070,569
3661889,118,4073,580
3661890,142,4081,566
3661891,162,4090,535
3661892,171,4100,514
3661893,180,4106,482
3661894,201,4106,429
3661895,207,4108,404
3661896,191,4118,427
3661897,179,4127,449
3661898,191,4131,431
3661899,210,4143,413
3661900,218,4152,397
3661901,217,4148,368
3661902,210,4140,356
3661903,195,4136,371
3661904,174,4134,407
3661905,168,4135,438
3661906,163,4142,457
3661907,158,4141,461
3661908,166,4134,456
3661909,169,4133,462
3661910,170,4130,473
3661911,173,4123,486
3661912,170,4121,503
3661913,162,4130,510
3661914,163,4134,496
3661915,184,4120,461
3661916,194,4112,445
3661917,173,4121,473
3661918,161,4123,485
3661919,185,4109,434
3661920,168,4122,461
3661921,149,4128,480
3661922,136,4132,475
3661923,136,4141,461
3661924,140,4149,452
3661925,151,4149,454
3661926,167,4143,419
3661927,196,4144,366
3661928,209,4154,369
3661929,182,4169,397
3661930,157,4174,404
3661931,162,4165,413
3661932,167,4160,436
3661933,153,4162,458
3661934,143,4165,450
3661935,142,4168,421
3661936,146,4175,399
3661937,161,4181,390
3661938,160,4180,395
3661939,163,4174,392
3661940,178,4170,389
3661941,182,4167,394
3661942,187,4167,396
3661943,202,4170,421
3661944,202,4167,477
3661945,182,4163,528
3661946,178,4160,531
3661947,191,4155,505
3661948,201,4154,498
3661949,209,4159,510
3661950,224,4152,501
3661951,233,4151,496
3661952,220,4158,509
3661953,223,4155,474
3661954,243,4147,420
3661955,235,4146,354
3661956,223,4149,345
3661957,192,4153,374
3661958,170,4140,399
3661959,174,4133,405
3661960,170,4132,397
3661961,167,4125,381
3661962,186,4120,380
3661963,208,4110,363
3661964,210,4100,346
3661965,190,4096,363
3661966,173,4097,370
3661967,171,4098,374
3661968,172,4086,375
3661969,182,4074,360
3661970,184,4073,371
3661971,164,4075,390
3661972,150,4078,396
3661973,153,4073,407
3661974,163,4070,423
3661975,153,4080,445
3661976,149,4085,459
3661977,172,4088,455
3661978,181,4097,439
3661979,187,4106,411
3661980,199,4110,387
3661981,208,4107,383
3661982,200,4107,431
3661983,186,4115,487
3661984,199,4125,490
3661985,210,4134,488
3661986,201,4137,508
3661987,194,4135,519
3661988,193,4141,527
3661989,192,4151,540
3661990,194,4152,544
3661991,198,4151,557
3661992,188,4156,568
3661993,194,4159,556
3661994,217,4158,543
3661995,220,4164,556
3661996,207,4165,599
3661997,209,4154,629
3661998,231,4144,597
3661999,253,4152,557
3662000,251,4168,552
3662001,234,4177,552
3662002,238,4189,537
3662003,253,4193,505
3662004,251,4196,476
3662005,227,4204,495
3662006,184,4199,538
3662007,155,4195,561
3662008,167,4193,572
3662009,189,4176,589
3662010,191,4153,591
3662011,196,4139,555
3662012,216,4133,493
3662013,224,4131,430
3662014,227,4126,395
3662015,234,4123,411
3662016,229,4122,448
3662017,206,4122,467
3662018,184,4123,462
3662019,183,4122,436
3662020,178,4128,423
3662021,163,4132,437
3662022,145,4126,477
3662023,129,4118,526
3662024,145,4119,525
3662025,200,4129,462
3662026,252,4145,393
3662027,259,4170,381
3662028,252,4175,362
3662029,235,4187,383
3662030,212,4190,416
3662031,218,4173,428
3662032,222,4162,469
3662033,207,4157,499
3662034,215,4145,478
3662035,234,4143,469
3662036,226,4151,490
