4951311,81,4136,72
4951312,73,4131,86
4951313,63,4123,114
4951314,48,4121,146
4951315,42,4123,162
4951316,49,4124,152
4951317,59,4116,134
4951318,58,4113,143
4951319,48,4118,154
4951320,49,4130,126
4951321,60,4126,98
4951322,61,4117,82
4951323,57,4107,86
4951324,58,4097,84
4951325,65,4096,70
4951326,72,4100,46
4951327,70,4109,31
4951328,59,4135,41
4951329,53,4149,35
4951330,64,4145,6
4951331,64,4147,5
4951332,52,4152,13
4951333,52,4149,-6
4951334,49,4140,-26
4951335,43,4136,-26
4951336,33,4145,-26
4951337,21,4161,-43
4951338,21,4159,-50
4951339,25,4149,-46
4951340,23,4153,-48
4951341,11,4166,-49
4951342,2,4165,-49
4951343,1,4156,-48
4951344,2,4147,-46
4951345,0,4138,-34
4951346,-16,4137,-8
4951347,-28,4140,13
4951348,-13,4125,2
4951349,-5,4110,10
4951350,-11,4106,52
4951351,-17,4105,86
4951352,-23,4100,99
4951353,-16,4091,101
4951354,3,4086,106
4951355,20,4089,97
4951356,47,4092,79
4951357,70,4099,87
4951358,83,4112,116
4951359,86,4116,142
4951360,79,4119,144
4951361,86,4118,127
4951362,86,4112,139
4951363,80,4107,162
4951364,86,4104,158
4951365,86,4100,136
4951366,86,4101,112
4951367,79,4116,123
4951368,60,4134,140
4951369,46,4141,129
4951370,42,4147,106
4951371,38,4154,87
4951372,39,4155,79
4951373,47,4149,82
4951374,48,4142,99
4951375,37,4142,116
4951376,21,4144,121
4951377,14,4146,149
4951378,19,4144,147
4951379,14,4133,150
4951380,8,4133,153
4951382,21,4129,131
4951383,34,4125,102
4951384,41,4129,88
4951385,46,4131,77
4951386,48,4133,78
4951387,61,4132,81
4951388,65,4129,69
4951389,58,4123,58
4951390,46,4123,70
4951391,37,4130,68
4951392,41,4133,56
4951393,48,4132,59
4951394,56,4136,49
4951395,62,4143,45
4951396,60,4139,56
4951397,46,4128,79
4951398,41,4124,110
4951399,51,4128,107
4951400,61,4130,81
4951401,68,4132,85
4951402,71,4134,95
4951403,73,4130,100
4951404,81,4116,102
4951405,91,4105,94
4951406,90,4117,91
4951407,97,4122,84
4951408,101,4124,87
4951409,104,4126,83
4951410,105,4127,71
4951411,95,4124,64
4951412,81,4119,73
4951413,70,4113,89
4951414,74,4113,101
4951415,87,4112,91
4951416,87,4108,74
4951417,74,4109,77
4951418,58,4111,81
4951419,54,4109,67
4951420,56,4105,57
4951421,54,4096,65
4951422,52,4090,63
4951423,51,4089,43
4951424,52,4092,27
4951425,52,4094,19
4951426,48,4092,18
4951427,43,4092,27
4951428,39,4094,38
4951429,27,4092,42
4951430,16,4094,31
4951431,20,4101,20
4951432,24,4101,16
4951433,16,4098,17
4951434,-1,4107,27
4951435,-9,4119,36
4951436,-5,4117,40
4951437,-7,4103,46
4951438,-17,4099,58
4951439,-34,4123,63
4951440,-29,4131,44
4951441,-8,4134,38
4951442,6,4134,50
4951443,10,4139,58
4951444,11,4151,62
4951445,22,4156,49
4951446,25,4160,42
4951447,15,4170,52
4951448,11,4173,83
4951449,1,4170,118
4951450,3,4172,115
4951451,24,4169,101
4951452,37,4168,107
4951453,38,4174,117
4951454,39,4181,131
4951455,46,4183,138
4951456,49,4172,135
4951457,53,4155,144
4951458,53,4149,163
4951459,40,4139,167
4951460,32,4132,172
4951461,32,4142,191
4951462,24,4151,204
4951463,29,4148,187
4951464,53,4137,156
4951465,71,4129,137
4951466,76,4124,142
4951467,73,4122,163
4951468,75,4121,156
4951469,88,4119,122
4951470,110,4115,100
4951471,114,4112,99
4951472,111,4109,100
4951473,92,4101,96
4951474,88,4101,86
4951475,71,4110,102
4951476,53,4116,103
4951477,46,4123,105
4951478,29,4136,116
4951479,26,4145,89
4951480,27,4150,71
4951481,26,4148,67
4951482,28,4147,62
4951483,14,4147,68
4951484,3,4148,78
4951485,-11,4160,94
4951486,-24,4168,79
4951487,-2,4160,39
4951488,15,4145,20
4951489,-2,4140,20
4951490,-27,4146,27
4951491,-37,4153,38
4951492,-42,4152,43
4951493,-56,4149,58
4951494,-68,4155,81
4951495,-65,4165,84
4951496,-54,4170,70
4951497,-63,4170,57
4951498,-63,4169,37
4951499,-47,4167,32
4951500,-39,4173,14
4951501,-39,4184,25
4951502,-42,4186,42
4951503,-35,4188,38
4951504,-21,4195,20
4951505,-11,4192,6
4951506,-1,4192,6
4951507,4,4203,17
4951508,4,4205,25
4951509,-2,4193,30
4951510,-4,4183,40
4951511,5,4176,50
4951512,12,4173,52
4951513,19,4168,48
4951514,16,4173,69
4951515,11,4183,71
4951516,21,4177,49
4951517,29,4170,38
4951518,37,4173,15
4951519,54,4179,1
4951520,70,4175,1
4951521,64,4174,3
4951522,51,4180,5
4951523,54,4182,-4
4951524,57,4183,-16
4951525,65,4184,-38
4951526,72,4183,-34
4951527,59,4196,6
4951528,58,4184,19
4951529,64,4167,28
4951530,52,4170,44
4951531,46,4177,57
4951532,43,4171,57
4951533,23,4169,53
4951534,14,4168,59
4951535,12,4165,96
4951536,-1,4172,136
4951537,-3,4175,158
4951538,-5,4168,186
4951539,-4,4169,193
4951540,0,4173,180
4951541,-9,4173,187
4951542,-32,4173,208
4951543,-38,4180,214
4951544,-18,4191,201
4951545,9,4191,161
4951546,30,4180,114
4951547,28,4178,109
4951548,19,4182,132
4951549,18,4180,144
4951550,25,4179,127
4951551,28,4182,113
4951552,29,4182,103
4951553,34,4185,96
4951554,41,4200,107
4951555,51,4213,102
4951556,55,4216,94
4951557,55,4208,92
4951558,62,4202,75
4951559,79,4200,61
4951560,88,4197,68
4951561,80,4204,83
4951562,68,4205,111
4951563,70,4198,108
4951564,76,4186,115
4951565,71,4173,149
4951566,59,4169,173
4951567,59,4168,169
4951568,63,4167,147
4951569,66,4168,116
4951570,73,4168,111
4951571,69,4172,125
4951572,65,4178,119
4951573,62,4174,118
4951574,50,4170,130
4951575,33,4178,139
4951576,31,4180,148
4951577,36,4178,163
4951578,41,4178,161
4951579,51,4175,150
4951580,51,4173,135
4951581,53,4175,103
4951582,61,4183,98
4951583,67,4189,111
4951584,71,4185,114
4951585,75,4174,128
4951586,68,4160,155
4951587,55,4154,177
4951588,50,4151,179
4951589,47,4149,162
4951590,48,4150,155
4951591,54,4153,155
4951592,62,4160,144
4951593,71,4161,141
4951594,74,4158,157
4951595,63,4158,177
4951596,45,4153,193
4951597,41,4136,208
4951598,45,4122,230
4951599,51,4127,221
4951600,56,4123,213
4951601,69,4112,202
4951602,89,4102,192
4951603,93,4094,203
4951604,91,4088,207
4951605,90,4086,209
4951606,96,4088,212
4951607,112,4085,209
4951608,120,4080,217
4951609,127,4082,201
4951610,150,4080,143
4951611,163,4071,103
4951612,156,4071,103
4951613,146,4075,113
4951614,143,4073,113
4951615,150,4072,103
4951616,152,4078,94
4951617,146,4091,84
4951618,139,4108,78
4951619,136,4115,78
4951620,127,4111,88
4951621,92,4105,117
4951622,48,4109,137
4951623,26,4111,137
4951624,21,4111,120
4951625,20,4118,89
4951626,16,4130,66
4951627,7,4135,50
4951628,-13,4124,53
4951629,-29,4115,55
4951630,-36,4122,66
4951631,-56,4131,109
4951632,-79,4135,137
4951633,-86,4137,122
4951634,-67,4125,100
4951635,-88,4133,107
4951636,-89,4136,93
4951637,-71,4129,75
4951638,-62,4123,72
4951639,-64,4130,88
4951641,-57,4137,87
4951642,-30,4133,63
4951643,-2,4128,35
4951644,9,4131,13
4951645,24,4136,0
4951646,47,4135,-9
4951647,61,4137,-8
4951648,59,4139,14
4951649,54,4147,44
4951650,59,4152,57
4951651,69,4146,75
4951652,61,4139,99
4951653,49,4143,105
4951654,46,4153,109
4951655,42,4154,105
4951656,26,4160,100
4951657,11,4187,83
4951658,9,4193,88
4951659,9,4198,96
4951660,17,4198,94
4951661,26,4197,85
4951662,20,4192,91
4951663,18,4183,101
4951664,18,4188,116
4951665,11,4197,135
4951666,11,4197,141
4951667,8,4203,158
4951668,-7,4212,170
4951669,-19,4217,171
4951670,-13,4222,168
4951671,3,4227,175
4951672,7,4224,191
4951673,3,4213,215
4951674,-4,4204,234
4951675,-9,4202,229
4951676,-14,4211,221
4951677,-15,4222,220
4951678,3,4225,215
4951679,20,4220,209
4951680,27,4213,195
4951681,35,4202,186
4951682,35,4194,183
4951683,40,4196,180
4951684,48,4192,183
4951685,63,4182,167
4951686,81,4172,156
4951687,86,4171,166
4951688,87,4172,167
4951689,91,4166,151
4951690,102,4155,126
4951691,104,4154,110
4951692,98,4161,111
4951693,90,4161,135
4951694,73,4162,166
4951695,60,4155,188
4951696,53,4141,201
4951697,50,4132,197
4951698,54,4126,194
4951699,60,4117,203
4951700,62,4109,209
4951701,57,4111,215
4951702,65,4111,202
4951703,88,4103,172
4951704,98,4107,159
4951705,109,4119,143
4951706,139,4128,125
4951707,154,4133,118
4951708,157,4127,109
4951709,157,4110,106
4951710,148,4097,92
4951711,124,4096,84
4951712,94,4108,94
4951713,68,4123,102
4951714,44,4128,109
4951715,25,4125,92
4951716,11,4131,72
4951717,2,4139,66
4951718,3,4142,58
4951719,16,4147,50
4951720,24,4147,52
4951721,30,4144,54
4951722,46,4149,44
4951723,53,4152,42
4951724,55,4145,30
4951725,46,4136,15
4951726,16,4131,15
4951727,0,4135,17
4951728,6,4136,21
4951729,-4,4133,24
4951730,-23,4123,32
4951731,-38,4118,40
4951732,-44,4119,47
4951733,-55,4127,35
4951734,-71,4139,31
4951735,-76,4144,33
4951736,-69,4143,23
4951737,-71,4142,39
4951738,-85,4149,68
4951739,-98,4160,72
4951740,-89,4166,56
4951741,-76,4172,33
4951742,-75,4175,22
4951743,-75,4178,27
4951744,-64,4185,30
4951745,-46,4185,17
4951746,-28,4184,12
4951747,-8,4185,19
4951748,0,4184,29
4951749,-10,4181,44
4951750,-22,4187,40
4951751,-19,4190,37
4951752,-10,4183,41
4951753,0,4181,51
4951754,4,4186,73
4951755,1,4191,96
4951756,3,4190,111
4951757,10,4181,117
4951758,27,4168,116
4951759,35,4165,129
4951760,36,4172,153
4951761,50,4172,163
4951762,60,4163,169
4951763,64,4163,174
4951764,63,4170,172
4951765,55,4170,166
4951766,60,4160,166
4951767,72,4150,159
4951768,81,4146,149
4951769,92,4137,164
4951770,93,4128,185
4951771,85,4122,203
4951772,77,4112,234
4951773,61,4105,268
4951774,46,4108,277
4951775,43,4107,261
4951776,52,4105,227
4951777,64,4110,187
4951778,64,4117,175
4951779,71,4115,176
4951780,84,4105,178
4951781,88,4103,179
4951782,86,4101,154
4951783,87,4093,135
4951784,96,4092,114
4951785,98,4085,91
4951786,92,4078,85
4951787,78,4078,118
4951788,61,4076,136
4951789,66,4068,125
4951790,73,4063,117
4951791,74,4059,95
4951792,77,4057,81
4951793,65,4062,96
4951794,37,4067,102
4951795,20,4066,91
4951796,26,4066,78
4951797,34,4071,59
4951798,29,4074,55
4951799,26,4079,62
4951800,34,4088,55
4951801,31,4100,36
4951802,24,4105,17
4951803,17,4098,16
4951804,11,4094,34
4951805,-3,4099,71
4951806,-15,4112,112
4951807,-11,4124,136
4951808,-6,4127,133
4951809,3,4125,110
4951810,4,4128,104
4951811,6,4130,96
4951812,10,4125,92
4951813,12,4121,101
4951814,16,4112,104
4951815,18,4106,93
4951816,48,4092,75
4951817,45,4080,87
4951818,35,4073,110
4951819,27,4069,126
4951820,30,4077,107
4951821,32,4081,84
4951822,34,4074,71
4951823,43,4071,59
4951824,51,4069,61
4951825,47,4070,81
4951826,35,4072,103
4951827,31,4078,116
4951828,44,4089,89
4951829,72,4095,20
4951830,93,4099,-35
4951831,85,4105,-38
4951832,57,4108,-16
4951833,22,4103,7
4951834,2,4100,22
4951835,-3,4110,21
4951836,0,4117,-21
4951837,18,4112,-92
4951839,18,4112,-121
4951840,-9,4123,-111
4951841,-41,4135,-89
4951842,-60,4132,-76
4951843,-55,4122,-81
4951844,-58,4115,-65
4951845,-89,4115,-17
4951846,-92,4115,-5
4951847,-88,4112,1
4951848,-101,4114,19
4951849,-112,4121,32
4951850,-100,4127,16
4951851,-77,4132,-10
4951852,-61,4142,-27
4951853,-63,4157,-14
4951854,-75,4170,37
4951855,-90,4177,93
4951856,-96,4187,132
4951857,-86,4197,144
4951858,-63,4196,119
4951859,-34,4198,84
4951860,-18,4215,84
4951861,-15,4232,94
4951862,2,4236,78
4951863,27,4237,73
4951864,30,4244,99
4951865,30,4257,122
4951866,48,4276,155
4951867,39,4273,172
4951868,30,4265,202
4951869,22,4258,226
4951870,22,4248,235
4951871,18,4248,256
4951872,12,4251,277
4951873,18,4253,299
4951874,22,4255,329
4951875,21,4254,343
4951876,21,4246,354
4951877,19,4240,375
4951878,17,4248,370
4951879,40,4255,339
4951880,70,4256,317
4951881,88,4263,280
4951882,93,4276,259
4951883,96,4283,265
4951884,107,4282,268
4951885,107,4278,280
4951886,96,4276,295
4951887,89,4272,288
4951888,111,4263,241
4951889,146,4257,198
4951890,158,4263,193
4951891,143,4281,213
4951892,131,4284,219
4951893,146,4266,199
4951894,159,4257,184
4951895,156,4262,170
4951896,144,4264,167
4951897,127,4255,178
4951898,114,4242,170
4951899,102,4228,174
4951900,93,4208,181
4951901,76,4194,157
4951902,51,4191,161
4951903,46,4193,185
4951904,40,4191,186
4951905,40,4179,196
4951906,30,4165,206
4951907,20,4165,198
4951908,22,4167,197
4951909,32,4157,193
4951910,32,4147,201
4951911,22,4139,212
4951912,18,4130,201
4951913,25,4126,182
4951914,42,4124,155
4951915,59,4128,126
4951916,68,4133,100
4951917,70,4128,92
4951918,66,4124,96
4951919,69,4123,74
4951920,84,4121,59
4951921,100,4123,72
4951922,108,4131,80
4951923,104,4140,67
4951924,97,4134,45
4951925,87,4123,35
4951926,81,4125,27
4951927,92,4126,18
4951928,102,4120,19
4951929,96,4114,21
4951930,85,4112,23
4951931,84,4111,22
4951932,97,4104,-1
4951933,101,4090,0
4951934,87,4086,51
4951935,68,4095,109
4951936,54,4099,127
4951937,53,4095,146
4951938,42,4099,150
4951939,54,4103,132
4951940,64,4102,134
4951941,50,4099,159
4951942,24,4101,190
4951943,10,4106,202
4951944,12,4103,189
4951945,4,4101,187
4951946,-15,4104,208
4951947,-20,4111,216
4951948,-15,4123,199
4951949,-5,4128,180
4951950,7,4135,165
4951951,14,4140,138
4951952,23,4141,117
4951953,49,4145,88
4951954,109,4141,41
4951955,151,4143,29
4951956,159,4154,39
4951957,163,4159,28
4951958,147,4158,32
4951959,115,4159,55
4951960,92,4159,84
4951961,73,4159,119
4951962,30,4167,158
4951963,-17,4179,208
4951964,-47,4186,264
4951965,-58,4183,293
4951966,-51,4180,290
4951967,-38,4180,286
4951968,-13,4178,280
4951969,14,4175,279
4951970,54,4171,295
4951971,74,4165,301
4951972,96,4159,290
4951973,112,4159,250
4951974,131,4160,209
4951975,136,4158,205
4951976,130,4153,186
4951977,119,4149,167
4951978,103,4148,161
4951979,87,4141,138
4951980,70,4131,137
4951981,56,4130,157
4951982,42,4130,171
4951983,35,4128,163
4951984,48,4126,123
4951985,54,4117,97
4951986,50,4103,101
4951987,36,4091,114
4951988,15,4089,130
4951989,18,4093,134
4951990,33,4088,120
4951991,39,4089,99
4951992,33,4108,93
4951993,31,4125,81
4951994,35,4131,66
4951995,32,4136,60
4951996,21,4145,60
4951997,6,4151,63
4951998,9,4150,42
4951999,17,4154,28
4952000,4,4165,45
4952001,2,4170,50
4952002,13,4166,50
4952003,9,4159,64
4952004,-7,4160,75
4952005,-29,4166,83
4952006,-33,4170,96
4952007,-35,4179,93
4952008,-18,4182,77
4952009,7,4184,69
4952010,26,4186,75
4952011,35,4186,91
4952012,44,4187,103
4952013,49,4191,116
4952014,51,4190,125
4952015,66,4184,131
4952016,79,4183,138
4952017,80,4183,135
4952018,86,4177,138
4952019,91,4171,161
4952020,78,4169,187
4952021,77,4161,202
4952022,93,4147,203
4952023,115,4136,185
4952024,142,4129,160
4952025,159,4123,147
4952026,158,4120,149
4952027,139,4123,159
4952028,132,4124,168
4952029,136,4116,162
4952030,137,4110,153
4952031,136,4115,155
4952032,136,4126,147
4952033,131,4126,125
4952034,125,4123,96
4952035,121,4128,88
4952036,98,4140,116
4952037,77,4160,122
4952038,67,4150,97
4952039,65,4135,88
4952040,63,4128,98
4952041,60,4125,112
4952042,57,4125,107
4952043,57,4139,83
4952044,58,4142,53
4952045,57,4133,45
4952046,38,4136,69
4952047,11,4144,95
4952048,-1,4147,106
4952049,-4,4153,115
4952050,-7,4162,108
4952051,-8,4174,94
4952052,4,4182,69
4952053,13,4174,40
4952054,5,4167,48
4952055,-9,4172,67
4952056,-18,4177,79
4952057,-16,4174,88
4952058,-25,4173,102
4952059,-46,4185,117
4952061,-55,4202,114
4952062,-49,4203,100
4952063,-42,4203,83
4952064,-43,4206,74
4952065,-33,4211,70
4952066,-4,4220,48
4952067,32,4224,64
4952068,37,4230,80
4952069,57,4226,58
4952070,83,4216,27
4952071,101,4213,14
4952072,103,4218,27
4952073,90,4217,42
4952074,71,4210,57
4952075,51,4208,85
4952076,34,4205,109
4952077,19,4197,131
4952078,17,4192,152
4952079,26,4186,159
4952080,21,4187,166
4952081,4,4194,170
4952082,4,4189,162
4952083,11,4181,191
4952084,6,4181,234
4952085,11,4189,228
4952086,25,4187,207
4952087,40,4181,203
4952088,55,4191,205
4952089,68,4198,214
4952090,86,4199,215
4952091,93,4204,206
4952092,90,4214,191
4952093,96,4215,163
4952094,99,4203,152
4952095,87,4195,181
4952096,69,4198,219
4952097,74,4193,225
4952098,88,4181,225
4952099,75,4178,246
4952100,53,4179,273
4952101,50,4183,294
4952102,40,4181,298
4952103,29,4176,299
4952104,25,4171,305
4952105,38,4161,293
4952106,55,4147,276
4952107,56,4134,277
4952108,47,4122,286
4952109,54,4112,278
4952110,68,4104,262
4952111,83,4100,256
4952112,85,4097,261
4952113,69,4092,268
4952114,63,4082,262
4952115,64,4067,253
4952116,67,4060,241
4952117,69,4063,216
4952118,73,4066,173
4952119,93,4065,140
4952120,114,4064,129
4952121,117,4065,114
4952122,115,4064,96
4952123,130,4055,75
4952124,139,4050,55
4952125,128,4058,31
4952126,118,4068,27
4952127,113,4067,24
4952128,106,4064,1
4952129,97,4061,3
4952130,86,4055,22
4952131,80,4052,40
4952132,69,4054,47
4952133,54,4057,50
4952134,46,4063,61
4952135,38,4068,66
4952136,25,4067,79
4952137,3,4072,102
4952138,4,4075,93
4952139,3,4078,102
4952140,5,4087,121
4952141,7,4098,131
4952142,11,4098,119
4952143,18,4098,91
4952144,20,4110,91
4952145,24,4127,106
4952146,33,4142,90
4952147,25,4152,90
4952148,23,4164,92
4952149,33,4165,88
4952150,29,4167,110
4952151,15,4182,108
4952152,14,4187,96
4952153,31,4181,88
4952154,48,4176,79
4952155,44,4184,104
4952156,24,4192,137
4952157,17,4186,144
4952158,28,4171,141
4952159,37,4165,144
4952160,39,4169,145
4952161,24,4166,163
4952162,1,4163,187
4952163,-3,4166,192
4952164,1,4175,197
4952165,8,4185,197
4952166,7,4189,217
4952167,-1,4191,249
4952168,-2,4190,271
4952169,-9,4185,285
4952170,-11,4183,265
4952171,20,4175,207
4952172,33,4160,201
4952173,42,4155,206
4952174,50,4157,205
4952175,52,4157,196
4952176,52,4158,178
4952177,63,4159,146
4952178,69,4152,135
4952179,71,4144,134
4952180,69,4142,139
4952181,55,4140,145
4952182,50,4139,135
4952183,60,4141,135
4952184,80,4139,120
4952185,98,4131,98
4952186,106,4129,91
4952187,107,4141,92
4952188,105,4148,94
4952189,114,4138,73
4952190,117,4134,70
4952191,100,4143,91
4952192,81,4152,98
4952193,62,4141,110
4952194,46,4123,110
4952195,39,4120,81
4952196,31,4122,51
4952197,17,4119,58
4952198,-3,4119,95
4952199,-11,4118,126
4952200,-16,4117,146
4952201,-28,4117,161
4952202,-39,4113,164
4952203,-40,4111,179
4952204,-33,4109,197
4952205,-9,4116,187
4952206,15,4115,183
4952207,35,4117,184
4952208,40,4120,174
4952209,36,4129,169
4952210,38,4139,171
4952211,55,4145,164
4952212,61,4149,158
4952213,66,4155,146
4952214,75,4164,134
4952215,79,4169,137
4952216,83,4184,142
4952217,95,4199,132
4952218,102,4204,128
4952219,93,4203,141
4952220,83,4198,152
4952221,81,4199,153
4952222,92,4202,139
4952223,102,4202,143
4952224,103,4212,171
4952225,98,4226,192
4952226,85,4226,223
4952227,83,4214,229
4952228,86,4207,213
4952229,72,4204,213
4952230,54,4201,211
4952231,40,4204,211
4952232,37,4206,215
4952233,35,4199,231
4952234,27,4191,239
4952235,33,4180,236
4952236,54,4170,223
4952237,71,4160,197
4952238,81,4145,182
4952239,81,4132,180
4952240,68,4127,182
4952241,82,4126,167
4952242,85,4130,168
4952243,80,4133,180
4952244,66,4131,195
4952245,48,4124,201
4952246,36,4120,192
4952247,31,4115,157
4952248,31,4104,133
4952249,27,4100,130
4952250,13,4105,121
4952251,19,4100,114
4952252,31,4104,126
4952253,33,4116,134
4952254,36,4116,124
4952255,42,4112,88
4952256,55,4114,60
4952257,59,4123,70
4952258,51,4132,82
4952259,46,4130,72
4952260,37,4122,65
4952261,23,4129,72
4952262,16,4147,64
4952263,12,4160,62
4952264,13,4164,78
4952265,26,4166,99
4952266,31,4160,117
4952267,38,4153,101
4952268,51,4155,87
4952269,48,4158,101
4952270,45,4162,105
4952271,48,4169,113
4952272,48,4171,134
4952273,44,4168,146
4952274,38,4161,163
4952275,46,4142,163
4952276,52,4144,162
4952277,49,4147,168
4952278,43,4149,178
4952279,52,4150,187
4952280,67,4149,198
4952281,86,4143,200
4952282,102,4133,196
4952283,107,4129,199
4952284,113,4131,210
4952285,119,4131,234
4952286,127,4127,240
4952287,131,4124,223
4952288,136,4120,177
4952289,164,4112,121
4952290,185,4107,115
4952291,185,4111,111
4952292,181,4118,98
4952293,177,4120,111
4952294,166,4118,118
4952295,149,4122,113
4952296,139,4126,120
4952297,137,4126,122
4952298,131,4129,125
4952299,108,4140,137
4952300,87,4142,121
4952301,70,4143,109
4952302,52,4151,115
4952303,33,4162,111
4952304,23,4174,98
4952305,20,4182,90
4952306,3,4194,104
4952307,-11,4211,133
4952308,-6,4215,151
4952309,-7,4203,159
4952310,-42,4213,181
4952311,-31,4212,125
4952312,3,4197,41
4952313,26,4187,21
4952314,13,4189,75
4952315,-20,4192,109
4952316,-15,4185,88
4952317,20,4171,72
4952318,32,4157,74
4952319,28,4152,82
4952320,31,4152,100
4952321,34,4152,113
4952322,21,4158,114
4952323,11,4162,122
4952324,8,4166,128
4952325,6,4173,112
4952326,8,4180,104
4952327,2,4183,110
4952328,3,4182,100
4952329,12,4181,89
4952330,14,4178,96
4952331,5,4177,110
4952332,-10,4182,136
4952333,-14,4189,153
4952334,-10,4194,141
4952335,-7,4202,143
4952336,-4,4229,123
4952337,-7,4233,115
4952338,6,4229,100
4952339,13,4223,117
4952340,2,4223,156
4952341,-5,4223,197
4952342,-2,4224,216
4952343,16,4224,186
4952344,33,4218,168
4952345,31,4214,175
4952346,34,4212,168
4952347,43,4208,167
4952348,50,4200,177
4952349,57,4197,186
4952350,59,4201,189
4952351,65,4200,178
4952352,68,4195,172
4952353,56,4186,179
4952354,41,4173,203
4952355,28,4174,238
4952356,24,4181,257
4952357,32,4177,245
4952358,40,4168,221
4952359,39,4161,221
4952360,27,4162,232
4952361,37,4162,222
4952362,73,4157,213
4952363,98,4154,205
4952364,111,4154,173
4952365,119,4150,142
4952366,127,4143,137
4952367,127,4148,139
4952368,120,4157,156
4952369,113,4151,190
4952370,106,4136,208
4952371,93,4131,225
4952372,75,4121,255
4952373,78,4118,263
4952374,82,4115,269
4952375,97,4110,268
4952376,109,4110,256
4952377,121,4113,234
4952378,131,4113,223
4952379,148,4111,211
4952380,155,4118,208
4952381,156,4132,206
4952382,161,4145,187
4952383,154,4149,182
4952384,142,4157,187
4952385,139,4164,171
4952386,132,4158,164
4952387,117,4155,166
4952388,112,4159,143
4952389,115,4156,113
4952390,103,4152,90
4952391,82,4158,68
4952392,72,4161,69
4952393,61,4155,76
4952394,50,4151,80
4952395,38,4147,105
4952396,25,4144,124
4952397,19,4141,144
4952398,26,4134,182
4952399,39,4125,219
4952400,49,4117,229
4952401,73,4111,211
4952402,93,4110,200
4952403,98,4116,208
4952404,88,4121,237
4952405,79,4113,250
4952406,83,4098,237
4952407,82,4094,242
4952408,82,4096,251
4952409,83,4089,244
4952410,84,4083,227
4952411,77,4084,228
4952412,64,4098,237
4952413,64,4115,216
4952414,81,4115,169
4952415,97,4105,133
4952416,106,4103,115
4952417,105,4108,126
4952418,106,4108,153
4952419,117,4107,150
4952420,125,4108,140
4952421,128,4103,141
4952422,128,4101,148
4952423,122,4103,171
4952424,118,4107,176
4952425,113,4116,173
4952426,106,4114,191
4952427,99,4097,204
4952428,90,4084,216
4952429,85,4079,221
4952430,70,4084,212
4952431,46,4095,214
4952432,34,4096,214
4952433,38,4093,191
4952434,50,4091,161
4952435,55,4090,145
4952436,58,4094,133
4952437,50,4101,132
4952438,31,4104,146
4952439,21,4101,149
4952440,32,4098,141
4952441,55,4098,123
4952442,68,4099,107
4952443,64,4101,109
4952444,57,4108,118
4952445,59,4103,126
4952446,48,4094,138
4952447,36,4090,141
4952448,36,4089,146
4952449,45,4094,153
4952450,45,4102,177
4952451,42,4098,194
4952452,45,4086,185
4952453,49,4079,181
4952454,56,4079,188
4952455,58,4078,199
4952456,64,4081,194
4952457,73,4082,189
4952458,80,4081,188
4952459,70,4093,201
4952460,57,4104,215
4952461,69,4108,198
4952462,83,4120,174
4952463,81,4138,162
4952464,65,4155,169
4952465,48,4164,186
4952466,39,4166,208
4952467,30,4167,233
4952468,17,4172,263
4952469,12,4178,281
4952470,6,4193,308
4952471,-10,4215,331
4952472,2,4228,302
4952473,47,4225,271
4952474,72,4228,262
4952475,76,4246,262
4952476,75,4258,290
4952477,77,4251,303
4952478,94,4236,274
4952479,101,4230,269
4952480,103,4225,271
4952481,103,4229,253
4952482,104,4224,226
4952483,97,4210,242
4952484,85,4207,271
4952485,88,4203,272
4952486,115,4190,261
4952487,134,4179,255
4952488,130,4178,267
4952489,114,4179,298
4952490,107,4172,316
4952491,120,4155,309
4952492,138,4147,295
4952493,144,4150,288
4952494,152,4148,280
4952495,164,4145,268
4952496,165,4144,255
4952497,167,4145,251
4952498,169,4145,248
4952499,174,4147,243
4952500,180,4140,236
4952501,172,4128,213
4952502,163,4124,195
4952503,151,4124,181
4952504,140,4130,159
4952505,127,4130,139
4952506,106,4127,135
4952507,87,4130,158
4952508,75,4133,184
4952509,66,4127,175
4952510,73,4120,135
4952511,73,4124,129
4952512,55,4136,137
4952513,47,4149,119
4952514,77,4137,76
4952515,87,4140,83
4952516,76,4149,93
4952517,65,4147,65
4952518,61,4143,30
4952519,53,4148,8
4952520,38,4153,5
4952521,15,4150,26
4952522,-12,4142,47
4952523,-41,4131,57
4952524,-58,4129,47
4952525,-64,4132,38
4952526,-74,4134,47
4952527,-67,4137,49
4952528,-46,4138,55
4952529,-31,4136,54
4952530,-5,4130,19
4952531,25,4125,12
4952533,32,4118,51
4952534,19,4121,98
4952535,7,4138,141
4952536,15,4146,123
4952537,43,4136,69
4952538,50,4137,66
4952539,21,4159,125
4952540,-5,4175,174
4952541,-3,4168,171
4952542,17,4156,149
4952543,36,4174,147
4952544,53,4186,164
4952545,70,4190,184
4952546,85,4195,194
4952547,105,4200,200
4952548,117,4195,202
4952549,126,4187,196
4952550,148,4188,186
4952551,162,4190,166
4952552,166,4193,139
4952553,159,4197,143
4952554,143,4194,168
4952555,134,4193,177
4952556,132,4193,168
4952557,130,4189,167
4952558,127,4186,180
4952559,130,4184,178
4952560,131,4180,168
4952561,124,4173,158
4952562,124,4173,160
4952563,109,4179,196
4952564,77,4180,236
4952565,54,4171,257
4952566,58,4160,244
4952567,76,4153,216
4952568,74,4158,208
4952569,57,4180,227
4952570,41,4190,246
4952571,49,4188,237
4952572,66,4194,232
4952573,67,4204,231
4952574,70,4206,222
4952575,80,4201,209
4952576,83,4191,214
4952577,58,4188,243
4952578,50,4185,203
4952579,57,4185,212
4952580,49,4200,223
4952581,38,4215,222
4952582,41,4215,214
4952583,48,4215,202
4952584,46,4228,204
4952585,42,4241,207
4952586,45,4242,207
4952587,45,4239,213
4952588,45,4235,201
4952589,56,4233,188
4952590,63,4237,185
4952591,68,4235,164
4952592,76,4223,157
4952593,78,4214,181
4952594,77,4208,209
4952595,76,4196,232
4952596,65,4189,263
4952597,61,4191,285
4952598,61,4193,293
4952599,64,4188,308
4952600,68,4185,323
4952601,67,4185,320
4952602,65,4186,296
4952603,82,4184,264
4952604,107,4181,248
4952605,111,4184,241
4952606,109,4184,214
4952607,116,4180,194
4952608,124,4180,190
4952609,123,4180,184
4952610,117,4183,181
4952611,109,4192,179
4952612,98,4191,184
4952613,80,4185,203
4952614,48,4190,220
4952615,41,4177,231
4952616,29,4167,238
4952617,22,4170,216
4952618,28,4170,185
4952619,30,4172,165
4952620,30,4177,152
4952621,35,4177,150
4952622,40,4173,151
4952623,47,4164,158
4952624,49,4153,175
4952625,42,4148,179
4952626,41,4147,168
4952627,53,4142,151
4952628,71,4130,126
4952629,76,4130,127
4952630,68,4137,148
4952631,67,4131,152
4952632,71,4120,148
4952633,75,4110,140
4952634,73,4104,138
4952635,63,4107,143
4952636,69,4108,123
4952637,78,4096,98
4952638,77,4089,92
4952639,72,4095,90
4952640,67,4107,84
4952641,78,4106,63
4952642,96,4098,42
4952643,88,4098,40
4952644,69,4098,36
4952645,65,4093,32
4952646,71,4091,43
4952647,68,4092,64
4952648,54,4095,84
4952649,41,4118,103
4952650,45,4125,102
4952651,48,4128,98
4952652,46,4132,102
4952653,42,4139,109
4952654,37,4142,108
4952655,39,4139,112
4952656,44,4139,122
4952657,47,4150,132
4952658,44,4158,164
4952659,43,4157,173
4952660,43,4161,162
4952661,37,4169,161
4952662,33,4176,155
4952663,31,4173,160
4952664,33,4172,172
4952665,33,4183,183
4952666,30,4190,195
4952667,31,4187,213
4952668,29,4191,244
4952669,31,4195,275
4952670,21,4185,302
4952671,6,4167,315
4952672,7,4156,311
4952673,19,4152,294
4952674,40,4143,272
4952675,59,4135,271
4952676,65,4137,269
4952677,76,4139,244
4952678,95,4130,241
4952679,106,4123,266
4952680,104,4127,289
4952681,104,4123,301
4952682,111,4113,296
4952683,116,4101,264
4952684,123,4091,233
4952685,130,4082,185
4952686,150,4083,176
4952687,145,4087,193
4952688,141,4096,192
4952689,145,4102,198
4952690,151,4105,194
4952691,159,4112,178
4952692,157,4120,174
4952693,156,4120,164
4952694,150,4123,154
4952695,139,4127,145
4952696,139,4124,122
4952697,135,4119,121
4952698,117,4120,146
4952699,96,4130,155
4952700,89,4134,137
4952701,93,4134,129
4952702,82,4130,147
4952703,60,4135,176
4952704,34,4141,212
4952705,23,4136,235
4952706,26,4127,257
4952707,15,4125,279
4952708,-5,4130,276
4952709,-11,4126,263
4952710,-7,4121,260
4952711,-9,4129,253
4952712,-13,4130,236
4952713,-6,4120,225
4952714,6,4117,226
4952715,21,4123,222
4952716,42,4123,204
4952717,63,4114,195
4952718,79,4106,195
4952719,99,4107,184
4952720,101,4106,172
4952721,103,4107,162
4952722,109,4110,172
4952723,110,4109,171
4952724,105,4099,163
4952725,91,4090,190
4952726,76,4087,204
4952727,70,4090,193
4952728,78,4094,191
4952729,84,4100,185
4952730,77,4107,192
4952731,72,4115,216
4952732,74,4124,228
4952733,75,4128,216
4952734,81,4134,186
4952735,88,4141,163
4952736,84,4140,147
4952737,75,4143,150
4952738,68,4155,154
4952739,66,4166,138
4952740,71,4172,132
4952741,85,4174,141
4952742,87,4171,152
4952743,79,4168,176
4952744,75,4172,192
4952745,81,4174,164
4952746,86,4172,147
4952747,92,4171,158
4952748,89,4172,173
4952749,85,4173,183
4952750,85,4167,201
4952751,85,4156,216
4952752,84,4145,235
4952753,77,4131,256
4952754,74,4119,280
4952755,71,4110,318
4952756,68,4104,323
4952757,72,4101,313
4952758,83,4092,271
4952759,93,4084,254
4952760,95,4090,272
4952761,88,4111,275
4952762,100,4125,251
4952763,132,4121,206
4952764,148,4125,178
4952765,144,4142,183
4952766,143,4150,192
4952767,146,4142,182
4952768,143,4130,172
4952769,134,4124,179
4952770,123,4125,197
4952771,126,4133,205
4952772,127,4137,208
4952773,110,4136,218
4952774,103,4134,212
4952775,102,4128,200
4952776,94,4124,183
4952777,93,4121,175
4952778,99,4117,200
4952779,94,4116,231
4952780,84,4113,253
4952781,72,4104,278
4952782,57,4106,282
4952783,49,4120,251
4952784,66,4125,211
4952785,87,4120,190
4952786,84,4129,194
4952787,78,4141,190
4952788,82,4140,168
4952789,86,4145,152
4952790,79,4162,143
4952791,57,4187,134
4952792,64,4183,125
4952793,50,4190,138
4952794,38,4201,143
4952795,49,4203,128
4952796,56,4201,110
4952797,63,4203,95
4952798,55,4209,99
4952799,53,4199,95
4952800,62,4184,98
4952801,56,4178,121
4952802,48,4171,144
4952803,38,4160,178
4952804,29,4146,214
4952805,11,4140,238
4952806,0,4145,223
4952807,3,4151,203
4952808,5,4157,197
4952809,1,4171,207
4952810,-7,4178,238
4952811,-3,4167,253
4952812,2,4158,252
4952813,10,4157,226
4952814,32,4153,183
4952815,49,4147,158
4952816,57,4153,151
4952817,68,4162,165
4952818,81,4163,193
4952819,84,4164,205
4952820,76,4161,215
4952821,75,4152,226
4952822,88,4143,218
4952823,107,4140,204
4952824,119,4140,210
4952825,122,4141,219
4952826,139,4148,210
4952827,156,4152,203
4952828,148,4141,213
4952829,136,4128,223
4952830,119,4122,222
4952831,101,4119,206
4952832,105,4112,179
4952833,117,4106,159
4952834,119,4097,139
4952835,114,4090,143
4952836,103,4087,172
4952837,88,4080,187
4952838,70,4072,192
4952839,56,4068,198
4952840,51,4066,197
4952841,38,4074,196
4952842,28,4083,168
4952843,33,4075,125
4952844,31,4066,127
4952845,27,4064,148
4952846,33,4061,146
4952847,48,4052,112
4952848,64,4050,78
4952849,63,4063,82
4952850,50,4079,93
4952851,46,4083,81
4952852,46,4082,61
4952853,42,4087,30
4952854,40,4091,0
4952855,40,4091,6
4952856,26,4091,25
4952857,5,4091,24
4952858,-6,4089,4
4952859,-13,4092,-15
4952860,-21,4128,4
4952861,-11,4138,-7
4952862,-4,4142,-22
4952863,-1,4152,-17
4952864,3,4163,-1
4952865,11,4164,25
4952866,15,4167,50
4952867,8,4176,61
4952868,1,4174,72
4952869,-2,4165,85
4952870,-3,4162,107
4952871,-17,4169,148
4952872,-33,4168,176
4952873,-25,4159,180
4952874,-18,4157,187
4952875,-13,4167,195
4952876,-3,4179,202
4952877,10,4186,206
4952878,28,4189,221
4952879,47,4193,232
4952880,68,4194,234
4952881,78,4195,251
4952882,87,4197,271
4952883,96,4196,292
4952884,108,4190,312
4952885,127,4188,316
4952886,165,4211,281
4952887,175,4215,257
4952888,182,4218,250
4952889,187,4214,265
4952890,197,4210,270
4952891,206,4212,266
4952892,195,4217,283
4952893,176,4220,301
4952894,154,4220,314
4952895,142,4220,317
4952896,154,4225,303
4952897,158,4237,285
4952898,147,4250,274
4952899,134,4260,280
4952900,125,4263,298
4952901,120,4247,318
4952902,109,4232,337
4952903,92,4234,351
4952904,93,4229,337
4952905,105,4218,303
4952906,115,4214,264
4952907,121,4217,248
4952908,112,4219,255
4952909,106,4219,231
4952910,113,4220,189
4952911,117,4213,180
4952912,101,4211,199
4952913,80,4217,222
4952914,68,4210,228
4952915,63,4195,221
4952916,62,4195,207
4952917,56,4199,192
4952918,53,4195,198
4952919,45,4185,225
4952920,29,4178,236
4952921,28,4177,223
4952922,17,4190,222
4952923,24,4183,201
4952924,32,4163,193
4952925,27,4148,179
4952926,23,4151,184
4952927,32,4160,201
4952928,45,4163,177
4952929,59,4165,133
4952930,71,4168,106
4952931,79,4164,109
4952932,72,4163,141
4952933,57,4170,179
4952934,49,4183,180
4952935,45,4182,157
4952936,58,4162,130
4952937,77,4155,101
4952938,72,4163,113
4952939,65,4173,137
4952940,64,4182,151
4952941,66,4181,165
4952942,66,4172,166
4952943,58,4173,172
4952944,51,4182,192
4952945,46,4184,206
4952946,57,4186,218
4952947,75,4190,240
4952948,80,4195,269
4952949,89,4204,256
4952950,102,4202,236
4952951,103,4190,242
4952952,99,4189,244
4952953,102,4195,255
4952954,108,4192,248
4952955,118,4187,214
4952956,128,4179,214
4952957,134,4171,235
4952958,140,4162,268
4952959,144,4154,292
4952960,138,4152,318
4952961,133,4157,329
4952962,129,4157,341
4952963,134,4151,339
4952964,145,4147,314
4952965,153,4142,277
4952966,175,4134,229
4952967,186,4131,205
4952968,185,4137,193
4952969,186,4143,188
4952970,186,4140,194
4952971,171,4135,193
4952972,144,4131,189
4952973,133,4129,181
4952974,123,4137,170
4952975,110,4152,158
4952976,97,4171,144
4952977,85,4186,123
4952978,71,4187,109
4952979,46,4187,118
4952980,20,4198,129
4952981,11,4203,110
4952982,6,4200,86
4952983,-10,4203,83
4952984,-15,4201,77
4952985,-10,4194,71
4952986,-7,4188,71
4952987,-8,4189,52
4952988,-10,4191,24
4952989,-4,4178,24
4952990,-16,4153,49
4952991,-16,4142,26
4952992,-7,4132,-6
4952993,-5,4126,-15
4952994,-14,4123,7
4952996,-32,4125,34
4952997,-42,4125,45
4952998,-50,4121,57
4952999,-70,4128,76
4953000,-78,4139,80
4953001,-67,4140,64
4953002,-54,4140,57
4953003,-42,4138,78
4953004,-41,4136,110
4953005,-40,4134,118
4953006,-23,4127,111
4953007,-4,4123,113
4953008,18,4125,119
4953009,40,4133,144
4953010,69,4135,188
4953011,80,4126,185
4953012,96,4118,176
4953013,106,4117,177
4953014,115,4126,169
4953015,128,4129,155
4953016,140,4130,136
4953017,154,4137,111
4953018,158,4145,116
4953019,154,4149,132
4953020,150,4146,132
4953021,154,4141,129
4953022,165,4136,135
4953023,163,4133,151
4953024,150,4136,182
4953025,128,4142,228
4953026,121,4143,235
4953027,132,4138,215
4953028,140,4132,224
4953029,146,4130,234
4953030,145,4140,239
4953031,146,4149,246
4953032,147,4151,253
4953033,139,4160,261
4953034,135,4172,260
4953035,141,4174,264
4953036,140,4165,279
4953037,134,4155,274
4953038,135,4155,264
4953039,133,4155,266
4953040,118,4157,264
4953041,100,4162,263
4953042,103,4161,258
4953043,113,4152,246
4953044,113,4153,248
4953045,109,4138,252
4953046,113,4140,248
4953047,114,4147,247
4953048,118,4141,237
4953049,122,4134,239
4953050,126,4129,252
4953051,128,4122,260
4953052,131,4113,254
4953053,134,4107,240
4953054,133,4096,222
4953055,125,4089,216
4953056,114,4093,214
4953059,95,4102,278
4953060,81,4108,286
4953061,69,4106,273
4953062,69,4100,237
4953063,80,4108,215
4953064,89,4121,225
4953065,77,4132,237
4953066,58,4140,231
4953067,54,4135,222
4953068,60,4128,203
4953069,58,4132,177
4953070,36,4138,164
4953071,21,4140,145
4953072,15,4143,131
4953073,5,4143,144
4953074,-3,4139,162
4953075,-7,4141,193
4953076,-4,4147,202
4953077,10,4143,189
4953078,13,4133,203
4953079,0,4129,217
4953080,-8,4127,215
4953081,3,4124,202
4953082,12,4130,195
4953083,15,4135,181
4953084,27,4136,167
4953085,33,4134,182
4953086,23,4124,199
4953087,24,4115,188
4953088,36,4108,179
4953089,48,4107,181
4953090,50,4115,185
4953091,53,4122,192
4953092,62,4120,181
4953093,69,4118,148
4953094,74,4111,131
4953095,79,4099,128
4953096,74,4101,126
4953097,64,4109,122
4953098,66,4114,108
4953099,75,4117,82
4953100,86,4117,66
4953101,80,4117,88
4953102,67,4127,108
4953103,69,4134,114
4953104,68,4133,106
4953105,55,4136,88
4953106,32,4139,103
4953107,19,4138,106
4953108,25,4137,98
4953109,35,4139,90
4953110,52,4141,68
4953111,57,4144,79
4953112,57,4152,78
4953113,67,4159,48
4953114,68,4154,39
4953115,41,4138,59
4953116,32,4142,59
4953117,36,4128,48
4953118,31,4115,55
4953119,22,4120,59
4953120,12,4131,46
4953121,13,4137,48
4953122,13,4133,78
4953123,0,4129,99
4953124,-3,4132,109
4953125,6,4135,129
4953126,4,4144,151
4953127,0,4158,166
4953128,7,4160,168
4953129,12,4148,165
4953130,14,4144,175
4953131,19,4158,192
4953132,32,4167,186
4953133,47,4168,181
4953134,47,4167,192
4953135,44,4165,185
4953136,54,4163,189
4953137,65,4159,207
4953138,67,4163,220
4953139,53,4167,248
4953140,47,4162,251
4953141,54,4163,241
4953142,56,4167,234
4953143,71,4159,223
4953144,90,4147,232
4953145,97,4150,241
4953146,107,4162,237
4953147,120,4168,233
4953148,135,4165,222
4953149,149,4163,209
4953150,151,4166,211
4953151,141,4169,187
4953152,139,4167,177
4953153,130,4163,205
4953154,115,4163,231
4953155,100,4171,249
4953156,97,4176,257
4953157,97,4182,256
4953158,87,4188,262
4953159,83,4192,253
4953160,84,4190,257
4953161,84,4182,266
4953162,76,4178,267
4953163,68,4174,273
4953164,74,4171,275
4953165,89,4166,280
4953166,99,4158,308
4953167,88,4154,323
4953168,78,4153,298
4953169,84,4148,280
4953170,91,4141,282
4953171,91,4149,294
4953172,92,4158,310
4953173,102,4158,318
4953174,104,4162,309
4953175,104,4165,295
4953176,103,4158,290
4953177,97,4157,292
4953178,87,4163,299
4953179,85,4164,291
4953180,93,4172,275
4953181,91,4187,268
4953182,87,4184,253
4953183,77,4175,250
4953184,57,4173,258
4953185,58,4173,267
4953186,54,4150,264
4953187,46,4154,267
4953188,43,4167,262
4953189,57,4169,224
4953190,77,4166,175
4953191,96,4158,159
4953192,94,4149,158
4953193,83,4143,127
4953194,81,4132,97
4953195,77,4126,92
4953196,57,4129,102
4953197,43,4133,111
4953198,44,4138,103
4953199,39,4146,104
4953200,23,4154,116
4953201,12,4152,120
4953202,4,4145,136
4953203,1,4139,134
4953204,4,4136,108
4953205,-1,4133,100
4953206,-9,4126,106
4953207,-9,4124,121
4953208,5,4121,120
4953209,12,4111,101
4953210,12,4104,96
4953211,10,4102,114
4953212,12,4100,130
4953213,20,4099,136
4953214,17,4098,139
4953215,10,4097,145
4953216,-2,4099,165
4953217,-10,4109,176
4953218,-10,4115,177
4953219,-5,4112,176
4953220,-1,4104,175
4953221,1,4103,184
4953222,5,4099,194
4953223,16,4097,197
4953224,26,4106,177
4953225,43,4112,151
4953226,56,4112,126
4953227,58,4113,117
4953228,54,4112,119
4953229,53,4111,125
4953230,51,4118,134
4953231,50,4130,134
4953232,56,4140,121
4953233,67,4145,115
4953234,80,4141,124
4953235,88,4139,137
4953236,82,4144,149
4953237,74,4149,162
4953238,68,4151,184
4953239,59,4152,193
4953240,61,4157,179
4953241,62,4166,174
4953242,66,4174,158
4953243,74,4176,149
4953244,76,4171,157
4953245,67,4163,157
4953246,53,4156,189
4953247,43,4150,241
4953248,38,4152,259
4953249,44,4154,272
4953250,53,4144,281
4953251,55,4131,268
4953252,56,4121,263
4953253,56,4103,261
4953254,62,4087,258
4953255,71,4086,261
4953256,118,4092,226
4953257,129,4087,214
4953258,128,4092,189
4953259,125,4104,159
4953260,131,4104,131
4953261,126,4098,138
4953262,97,4098,174
4953263,75,4108,184
4953264,71,4115,172
4953265,71,4122,168
4953266,67,4138,154
4953267,60,4158,129
4953268,46,4169,118
4953269,38,4172,115
4953270,37,4182,99
4953271,43,4192,81
4953272,50,4192,85
4953273,52,4195,89
4953274,50,4198,96
4953275,38,4198,99
4953276,24,4202,110
4953277,13,4210,142
4953278,4,4215,167
4953279,-18,4214,198
4953280,-40,4209,230
4953281,-50,4200,239
4953282,-46,4184,235
4953283,-35,4168,229
4953284,-30,4166,235
4953285,-22,4174,241
4953286,-9,4174,233
4953287,-1,4169,244
4953288,1,4169,270
4953289,13,4165,258
4953290,66,4139,236
4953291,78,4126,233
4953292,92,4128,210
4953293,122,4132,178
4953294,143,4134,136
4953295,161,4143,99
4953296,175,4152,88
4953297,179,4154,84
4953298,171,4150,90
4953299,167,4146,96
4953300,177,4147,71
4953301,177,4141,59
4953302,160,4126,71
4953303,142,4119,81
4953304,131,4120,109
4953305,118,4116,135
4953306,98,4116,129
4953307,82,4121,122
4953308,76,4119,116
4953309,70,4120,104
4953310,58,4132,125
4953311,50,4137,145
4953312,51,4132,144
4953313,46,4123,155
4953314,39,4123,144
4953315,45,4134,127
4953316,39,4142,120
4953317,31,4151,96
4953318,29,4157,90
4953319,23,4156,95
4953320,18,4160,93
4953321,14,4171,93
4953322,24,4180,98
4953323,33,4179,114
4953324,30,4178,130
4953325,25,4174,154
4953326,23,4170,154
4953327,16,4159,156
4953328,19,4148,168
4953329,29,4143,178
4953330,37,4146,188
4953331,45,4151,205
4953332,62,4156,206
4953333,83,4154,201
4953334,92,4142,212
4953335,93,4137,214
4953336,101,4138,198
4953337,115,4134,180
4953338,132,4131,160
4953339,146,4133,154
4953340,137,4137,170
4953341,126,4140,162
4953342,125,4147,136
4953343,127,4150,126
4953344,128,4149,116
4953345,132,4160,96
4953346,141,4173,82
4953347,149,4175,76
4953348,156,4177,75
4953349,146,4180,93
4953350,126,4175,112
4953351,118,4176,114
4953352,112,4181,113
4953353,102,4189,123
4953354,86,4197,140
4953355,64,4203,154
4953356,46,4211,168
4953357,45,4209,143
4953358,62,4198,108
4953359,59,4204,116
4953360,41,4221,135
4953361,16,4205,179
4953362,3,4195,169
4953363,-1,4194,162
4953364,4,4197,151
4953365,3,4203,161
4953366,-12,4212,178
4953367,-9,4219,151
4953368,9,4219,123
4953369,15,4220,140
4953370,2,4226,183
4953371,-12,4225,198
4953372,-5,4212,191
4953373,4,4200,187
4953374,13,4200,176
4953375,14,4205,194
4953376,12,4215,203
4953377,26,4221,173
4953378,47,4214,164
4953379,57,4211,165
4953380,64,4210,144
4953381,79,4205,131
4953382,91,4201,130
4953383,98,4198,138
4953384,93,4202,168
4953385,87,4206,178
4953386,92,4205,165
4953387,96,4198,164
4953388,101,4184,148
4953389,109,4175,132
4953390,119,4175,141
4953391,120,4172,150
4953392,110,4165,171
4953393,103,4165,189
4953394,101,4159,178
4953395,110,4149,150
4953396,117,4148,131
4953397,102,4152,130
4953398,97,4144,134
4953399,84,4145,136
4953400,73,4149,138
4953401,71,4149,137
4953402,66,4150,132
4953403,63,4152,142
4953404,54,4153,168
4953405,35,4147,169
4953406,29,4138,155
4953407,30,4140,168
4953408,26,4153,181
4953409,27,4159,169
4953410,31,4156,154
4953411,38,4161,145
4953412,50,4173,145
4953413,60,4176,151
4953414,65,4173,154
4953415,63,4174,153
4953416,62,4174,150
4953417,67,4169,140
4953418,70,4168,141
4953419,61,4180,165
4953420,54,4180,175
4953421,57,4163,184
4953422,53,4153,206
4953423,46,4159,216
4953424,54,4164,220
4953425,69,4161,218
4953426,85,4152,205
4953427,89,4145,226
4953428,86,4137,254
4953429,98,4124,236
4953430,113,4111,219
4953431,114,4105,232
4953432,101,4125,246
4953433,112,4124,225
4953434,134,4124,189
4953435,146,4130,175
4953436,149,4137,178
4953437,145,4135,182
4953438,139,4129,199
4953439,143,4125,218
4953440,137,4122,233
4953441,125,4120,229
4953442,122,4118,206
4953443,116,4116,198
4953444,109,4117,201
4953445,96,4119,214
4953446,77,4125,233
4953447,64,4136,247
4953448,60,4141,250
4953449,67,4140,238
4953450,80,4140,215
4953451,90,4144,188
4953452,96,4148,178
4953453,92,4151,178
4953454,84,4151,179
4953455,71,4155,184
4953456,63,4165,173
4953457,59,4170,185
4953458,48,4168,218
4953459,38,4171,223
4953460,24,4170,228
4953461,19,4160,225
4953462,22,4153,219
4953463,17,4157,210
4953464,26,4164,178
4953465,57,4156,164
4953466,68,4148,188
4953467,49,4147,227
4953468,39,4142,261
4953469,59,4145,238
4953470,74,4142,226
4953471,82,4133,228
4953472,82,4124,250
4953473,72,4127,271
4953474,77,4125,257
4953475,92,4113,244
4953476,105,4116,240
4953477,118,4132,225
4953478,119,4133,220
4953479,128,4125,216
4953480,140,4126,232
4953481,147,4131,253
4953482,151,4125,241
4953483,147,4114,219
4953484,138,4110,210
4953485,136,4124,198
4953486,139,4135,184
4953487,113,4134,189
4953488,84,4141,185
4953489,83,4147,170
4953490,88,4146,177
4953491,81,4145,189
4953492,65,4140,212
4953493,45,4131,247
4953494,37,4130,263
4953495,38,4132,258
4953496,40,4131,240
4953497,44,4126,223
4953498,36,4120,221
4953499,13,4118,221
4953500,0,4116,227
4953501,-1,4110,236
4953502,3,4110,223
4953503,6,4117,203
4953504,0,4127,201
4953505,3,4129,209
4953506,1,4125,191
4953507,8,4115,171
4953508,23,4113,171
4953509,31,4120,168
4953510,26,4121,168
4953511,21,4110,172
4953512,9,4102,172
4953513,-5,4106,166
4953514,-3,4106,139
4953515,7,4106,110
4953516,8,4110,107
4953517,-4,4113,106
4953518,-8,4112,94
4953519,-3,4105,83
4953520,7,4103,68
4953521,9,4117,62
4953522,5,4134,53
4953523,7,4145,45
4953524,1,4155,57
4953525,-5,4156,58
4953526,-6,4149,60
4953527,-11,4150,74
4953528,-15,4158,88
4953529,-12,4163,103
4953530,2,4160,99
4953531,15,4160,83
4953532,19,4168,80
4953533,23,4179,80
4953534,23,4183,99
4953535,25,4156,120
4953536,22,4152,145
4953537,21,4156,173
4953538,18,4152,203
4953539,20,4138,223
4953540,26,4133,232
4953541,31,4140,245
4953542,46,4149,238
4953543,60,4156,224
4953544,69,4157,209
4953545,80,4151,205
4953546,82,4144,233
4953547,80,4145,261
4953548,85,4144,267
4953549,107,4127,247
4953550,121,4116,236
4953551,129,4119,211
4953552,150,4122,174
4953553,158,4117,173
4953554,148,4123,182
4953555,140,4144,197
4953556,138,4154,199
4953557,145,4149,166
4953558,157,4146,149
4953559,154,4145,145
4953560,142,4141,130
4953561,128,4142,131
4953562,127,4149,134
4953563,128,4156,123
4953564,127,4160,108
4953565,123,4164,110
4953566,99,4170,115
4953567,79,4169,108
4953568,76,4171,105
4953569,72,4176,109
4953570,42,4187,122
4953571,41,4184,77
4953572,37,4177,67
4953573,15,4192,85
4953574,-7,4214,118
4953575,-8,4217,137
4953576,-4,4214,145
4953577,-11,4214,164
4953578,-21,4210,198
4953579,-20,4204,199
4953580,-6,4193,165
4953581,4,4176,140
4953582,15,4166,125
4953583,4,4169,142
4953584,-9,4175,149
4953585,-5,4171,133
4953586,4,4163,115
4953587,16,4165,106
4953588,11,4175,116
4953589,18,4174,92
4953590,26,4168,75
4953591,27,4170,91
4953592,30,4178,98
4953593,26,4188,102
4953594,34,4192,99
4953595,50,4188,86
4953596,60,4185,84
4953597,61,4188,104
4953598,53,4205,117
4953599,47,4218,110
4953600,42,4215,115
4953601,39,4216,118
4953602,63,4234,141
4953603,65,4231,144
4953604,63,4225,142
4953605,43,4219,165
4953606,27,4221,165
4953607,22,4219,164
4953608,25,4208,179
4953609,32,4202,203
4953610,24,4204,243
4953611,19,4206,258
4953612,25,4206,251
4953613,38,4209,238
4953614,53,4207,227
4953615,66,4202,232
4953616,69,4202,240
4953617,57,4207,245
4953618,51,4203,251
4953619,54,4192,260
4953620,53,4189,263
4953621,58,4188,243
4953622,57,4188,243
4953623,50,4191,264
4953624,53,4192,270
4953625,70,4180,273
4953626,84,4168,286
4953627,78,4169,297
4953628,80,4169,284
4953629,93,4159,260
4953630,104,4149,244
4953631,100,4144,266
4953632,95,4142,272
4953633,117,4135,235
4953634,133,4127,224
4953635,144,4126,218
4953636,150,4122,219
4953637,143,4124,210
4953638,135,4123,217
4953639,135,4114,201
4953640,142,4107,181
4953641,152,4098,183
4953642,155,4094,181
4953643,146,4098,188
4953644,133,4101,201
4953645,112,4099,212
4953646,100,4103,219
4953647,98,4111,204
4953648,100,4102,186
4953649,98,4096,177
4953650,89,4106,156
4953651,91,4105,133
4953652,96,4095,125
4953653,79,4096,133
4953654,59,4105,145
4953655,51,4106,159
4953656,54,4100,174
4953657,60,4103,182
4953658,50,4107,191
4953659,33,4105,199
4953660,33,4102,197
4953661,38,4100,203
4953662,42,4101,222
4953663,43,4105,227
4953664,48,4100,221
4953665,62,4085,223
4953666,68,4082,227
4953667,69,4087,209
4953668,78,4083,181
4953669,87,4079,194
4953670,77,4085,249
4953671,62,4085,284
4953672,57,4081,294
4953673,57,4086,301
4953674,56,4082,283
4953675,81,4082,229
4953676,111,4089,159
4953677,120,4099,119
4953678,139,4098,99
4953679,155,4097,120
4953680,147,4098,159
4953681,143,4095,174
4953682,139,4088,194
4953683,109,4086,214
4953684,98,4088,207
4953685,103,4085,209
4953686,88,4082,227
4953687,66,4089,252
4953688,58,4098,289
4953689,69,4099,276
4953690,87,4106,237
4953691,98,4124,241
4953692,109,4132,239
4953693,114,4130,221
4953694,108,4128,234
4953695,106,4120,239
4953696,100,4117,233
4953697,88,4120,251
4953698,65,4129,273
4953699,38,4145,263
4953700,47,4148,212
4953701,75,4139,174
4953702,76,4147,171
4953703,72,4165,177
4953704,71,4170,184
4953705,66,4157,167
4953706,66,4150,160
4953707,58,4151,187
4953708,49,4148,212
4953709,13,4154,252
4953710,10,4159,220
4953711,19,4160,212
4953712,20,4165,220
4953713,16,4177,219
4953714,15,4175,220
4953715,21,4168,209
4953716,21,4171,199
4953717,35,4174,177
4953718,60,4170,148
4953719,66,4163,154
4953720,47,4166,201
4953721,36,4177,246
4953722,45,4181,257
4953723,54,4173,248
4953724,57,4174,246
4953725,57,4180,244
4953726,64,4177,229
4953727,67,4177,225
4953728,61,4173,231
4953729,56,4164,253
4953730,50,4167,293
4953731,48,4178,310
4953732,63,4179,287
4953733,87,4172,250
4953734,100,4174,219
4953735,96,4180,193
4953736,93,4170,182
4953737,81,4159,190
4953738,61,4167,200
4953739,48,4175,209
4953740,56,4171,216
4953741,72,4171,207
4953742,81,4180,186
4953743,85,4185,165
4953744,73,4183,170
4953745,55,4185,178
4953746,64,4184,160
4953747,73,4180,148
4953748,67,4172,153
4953749,55,4166,177
4953750,39,4164,197
4953751,28,4164,213
4953752,29,4163,219
4953753,50,4155,202
4953754,65,4139,189
4953755,59,4129,196
4953756,43,4132,224
4953757,42,4132,230
4953758,54,4123,224
4953759,46,4125,229
4953760,34,4138,220
4953761,27,4144,222
4953762,38,4140,218
4953763,53,4141,209
4953764,45,4150,207
4953765,45,4157,182
4953766,53,4154,158
4953767,61,4151,148
4953768,60,4163,144
4953769,52,4178,153
4953770,51,4181,165
4953771,49,4174,169
4953772,45,4175,160
4953773,43,4186,147
4953774,42,4193,146
4953775,38,4197,156
4953776,34,4200,165
4953777,27,4195,166
4953778,22,4185,172
4953779,30,4180,167
4953780,40,4172,142
4953781,35,4157,181
4953782,29,4151,204
4953783,37,4141,210
4953784,57,4125,194
4953785,80,4118,179
4953786,74,4116,195
4953787,67,4112,183
4953788,78,4108,172
4953789,83,4101,178
4953790,83,4099,163
4953791,83,4101,164
4953792,80,4106,165
4953793,86,4118,147
4953794,94,4120,142
4953795,94,4118,150
4953796,96,4130,151
4953797,116,4144,126
4953798,140,4156,107
4953799,143,4177,121
4953800,139,4201,145
4953801,129,4206,166
4953802,106,4201,200
4953803,83,4202,226
4953804,74,4206,215
4953805,78,4203,209
4953806,70,4195,230
4953807,49,4192,264
4953808,29,4195,293
4953809,23,4196,297
4953810,25,4195,306
4953811,16,4197,331
4953812,6,4206,344
4953813,25,4212,324
4953814,55,4210,289
4953815,77,4210,262
4953816,96,4203,290
4953817,96,4198,314
4953818,85,4190,354
4953819,77,4185,361
4953820,85,4182,333
4953821,97,4176,324
4953822,98,4177,332
4953823,103,4174,331
4953824,122,4167,312
4953825,122,4157,298
4953826,107,4153,286
4953827,109,4156,287
4953828,123,4149,302
4953829,125,4148,311
4953830,120,4146,317
4953831,126,4125,297
4953832,140,4113,260
4953833,145,4120,238
4953834,143,4126,212
4953835,152,4131,191
4953836,160,4143,183
4953837,161,4153,169
4953838,154,4156,151
4953839,151,4156,129
4953840,148,4155,116
4953841,128,4152,112
4953842,100,4159,119
4953843,82,4168,142
4953844,63,4168,176
4953845,35,4162,182
4953846,23,4160,167
4953847,10,4164,184
4953848,-7,4174,205
4953849,-17,4186,221
4953851,-27,4186,223
4953852,-16,4180,192
4953853,-22,4186,219
4953854,-25,4189,242
4953855,-24,4185,255
4953856,-16,4179,249
4953857,-6,4173,232
4953858,8,4173,218
4953859,23,4173,226
4953860,28,4172,244
4953861,39,4170,233
4953862,52,4163,225
4953863,57,4157,239
4953864,70,4159,243
4953865,94,4159,243
4953866,115,4150,252
4953867,116,4145,280
4953868,106,4150,297
4953869,104,4152,285
4953870,116,4148,279
4953871,130,4153,297
4953872,134,4165,321
4953873,140,4165,326
4953874,149,4158,321
4953875,150,4156,302
4953876,143,4152,270
4953877,135,4145,256
4953878,133,4143,250
4953879,128,4150,261
4953880,115,4149,277
4953881,120,4148,275
4953882,124,4154,297
4953883,120,4156,312
4953884,109,4145,301
4953885,97,4148,261
4953886,89,4147,224
4953887,83,4142,201
4953888,75,4146,199
4953889,71,4156,198
4953890,69,4158,186
4953891,66,4151,189
4953892,60,4144,189
4953893,55,4140,176
4953894,59,4133,160
4953895,62,4123,151
4953896,63,4121,166
4953897,62,4117,187
4953898,59,4108,194
4953899,58,4114,187
4953900,62,4131,166
4953901,79,4142,139
4953902,99,4139,124
4953903,104,4137,130
4953904,103,4141,123
4953905,111,4141,93
4953906,117,4138,65
4953907,107,4137,52
4953908,89,4144,58
4953909,74,4147,61
4953910,70,4141,61
4953911,64,4134,78
4953912,47,4133,91
4953913,22,4140,110
4953914,0,4146,134
4953915,-7,4143,135
4953916,3,4132,136
4953917,13,4124,144
4953918,15,4131,158
4953919,39,4142,190
4953920,68,4143,171
4953921,86,4142,155
4953922,102,4140,128
4953923,122,4139,107
4953924,136,4139,103
4953925,138,4141,111
4953926,121,4144,127
4953927,107,4146,144
4953928,98,4142,143
4953929,99,4145,126
4953930,105,4150,139
4953931,85,4145,183
4953932,59,4146,213
4953933,48,4148,229
4953934,45,4145,238
4953935,45,4150,248
4953936,45,4157,267
4953937,40,4153,286
4953938,42,4147,301
4953939,52,4144,317
4953940,60,4147,308
4953941,68,4151,298
4953942,67,4152,313
4953943,65,4156,313
4953944,72,4157,309
4953945,82,4152,300
4953946,80,4155,287
4953947,72,4165,292
4953948,74,4166,286
4953949,85,4159,257
4953950,95,4161,225
4953951,97,4168,204
4953952,104,4175,194
4953953,113,4176,183
4953954,119,4166,185
4953955,100,4184,218
4953956,102,4188,203
4953957,109,4180,176
4953958,101,4184,168
4953959,84,4191,181
4953960,77,4193,202
4953961,78,4188,209
4953962,77,4188,195
4953963,69,4195,202
4953964,62,4193,226
4953965,61,4185,244
4953966,49,4182,258
4953967,37,4183,249
4953968,37,4177,222
4953969,33,4168,217
4953970,21,4172,229
4953971,21,4171,237
4953972,31,4157,249
4953973,41,4145,241
4953974,48,4145,224
4953975,51,4148,233
4953976,52,4147,249
4953977,54,4145,252
4953978,65,4143,246
4953979,77,4147,225
4953980,83,4154,198
4953981,88,4154,187
4953982,90,4149,182
4953983,91,4146,181
4953984,90,4143,189
4953985,84,4139,187
4953986,87,4133,182
4953987,90,4125,193
4953988,94,4127,192
4953989,92,4138,186
4953990,75,4142,198
4953991,85,4146,191
4953992,100,4148,198
4953993,105,4151,203
4953994,105,4156,183
4953995,111,4159,165
4953996,107,4160,173
4953997,99,4160,173
4953998,84,4164,189
4953999,52,4169,220
4954000,36,4169,212
4954001,36,4165,206
4954002,37,4158,218
4954003,33,4149,224
4954004,15,4144,232
4954005,5,4138,218
4954006,4,4135,197
4954007,4,4136,219
4954008,6,4135,246
4954009,9,4136,225
4954010,17,4141,200
4954011,21,4140,201
4954012,20,4143,206
4954013,22,4148,207
4954014,31,4141,189
4954015,42,4134,165
4954016,46,4134,164
4954017,39,4144,187
4954018,34,4150,193
4954019,45,4142,193
4954020,50,4131,225
4954021,49,4131,236
4954022,60,4133,207
4954023,66,4132,195
4954024,69,4135,201
4954025,68,4139,205
4954026,81,4145,242
4954027,95,4144,241
4954028,106,4139,250
4954029,101,4139,270
4954030,97,4137,271
4954031,94,4131,270
4954032,106,4131,260
4954033,116,4139,254
4954034,105,4146,251
4954035,108,4154,229
4954036,124,4162,222
4954037,122,4166,240
4954038,114,4165,253
4954039,120,4160,258
4954040,127,4154,259
4954041,117,4154,273
4954042,104,4158,294
4954043,95,4159,302
4954044,89,4154,300
4954045,98,4147,282
4954046,107,4141,270
4954047,105,4134,270
4954048,101,4131,274
4954049,103,4138,289
4954050,108,4145,294
4954051,107,4142,298
4954052,98,4138,313
4954053,99,4136,316
4954054,109,4131,288
4954055,131,4126,248
4954056,145,4122,229
4954057,142,4130,236
4954058,119,4138,247
4954059,98,4133,236
4954060,106,4127,212
4954061,99,4136,218
4954062,83,4143,226
4954063,64,4143,244
4954064,70,4139,209
4954065,80,4136,155
4954066,90,4142,132
4954067,105,4153,102
4954068,115,4161,77
4954069,107,4167,81
4954070,88,4174,76
4954071,74,4181,75
4954072,64,4184,80
4954073,67,4177,64
4954074,56,4168,68
4954075,31,4171,70
4954076,17,4178,44
4954077,17,4173,42
4954078,18,4166,67
4954079,3,4167,97
4954080,-13,4164,124
4954081,-16,4151,128
4954082,-11,4146,124
4954083,-12,4154,138
4954084,-15,4162,153
4954085,-7,4164,157
4954086,6,4157,162
4954087,17,4153,168
4954088,25,4153,178
4954089,33,4156,194
4954090,39,4162,203
4954091,53,4159,187
4954092,61,4160,185
4954093,55,4170,194
4954094,61,4179,189
4954095,75,4185,200
4954096,84,4187,204
4954097,86,4189,211
4954098,87,4190,212
4954099,97,4183,203
4954100,108,4179,210
4954101,111,4187,226
4954102,107,4194,214
4954103,104,4187,200
4954104,99,4176,202
4954105,90,4176,212
4954106,84,4179,233
4954107,81,4172,256
4954108,87,4160,261
4954109,92,4158,277
4954110,83,4164,290
4954111,74,4165,264
4954112,65,4156,263
4954113,54,4148,294
4954114,53,4144,301
4954115,56,4135,299
4954116,58,4128,296
4954117,61,4131,290
4954118,61,4138,292
4954119,51,4138,306
4954120,41,4131,296
4954121,55,4135,264
4954122,79,4141,250
4954123,90,4142,234
4954124,93,4157,216
4954125,104,4171,224
4954126,115,4172,233
4954127,119,4165,227
4954128,117,4161,248
4954129,109,4162,279
4954130,96,4167,264
4954131,95,4164,243
4954132,96,4164,227
4954133,102,4166,221
4954134,108,4164,235
4954135,99,4165,247
4954136,88,4171,231
4954137,98,4164,209
4954138,113,4152,208
4954139,114,4150,203
4954140,119,4149,196
4954141,126,4138,203
4954142,124,4127,215
4954143,109,4127,233
4954144,96,4124,249
4954145,94,4120,257
4954146,87,4126,243
4954147,85,4127,233
4954148,82,4119,243
4954149,73,4119,233
4954150,72,4117,204
4954151,78,4115,203
4954152,70,4129,228
4954153,53,4149,217
4954154,62,4148,181
4954155,89,4136,154
4954156,92,4133,150
4954157,70,4136,180
4954158,56,4135,206
4954159,63,4127,187
4954160,79,4124,169
4954161,77,4122,193
4954162,58,4120,214
4954163,40,4118,223
4954164,32,4113,239
4954165,38,4112,248
4954166,47,4118,247
4954167,55,4116,243
4954168,65,4117,252
4954169,72,4118,255
4954170,75,4114,247
4954171,84,4115,242
4954172,87,4121,243
4954173,85,4122,257
4954174,73,4122,277
4954175,62,4121,277
4954176,56,4116,270
4954177,46,4113,276
4954178,53,4116,272
4954179,62,4122,266
4954180,68,4121,251
4954181,81,4125,237
4954182,85,4136,253
4954183,91,4141,261
4954184,97,4145,260
4954185,87,4148,266
4954186,88,4147,254
4954187,94,4140,236
4954188,94,4137,226
4954189,103,4137,213
4954190,100,4140,219
4954191,85,4146,235
4954192,83,4152,227
4954193,85,4151,223
4954194,85,4145,233
4954195,86,4143,257
4954196,76,4144,267
4954197,72,4146,263
4954198,74,4137,255
4954199,77,4126,243
4954200,81,4131,258
4954201,104,4137,201
4954202,118,4129,194
4954203,129,4124,204
4954204,122,4125,230
4954205,105,4126,269
4954206,97,4124,268
4954207,99,4126,253
4954208,99,4126,275
4954209,88,4121,293
4954210,79,4121,297
4954211,81,4124,286
4954212,87,4125,267
4954213,85,4130,257
4954214,76,4136,243
4954215,85,4135,214
4954216,100,4138,195
4954217,95,4144,203
4954218,93,4144,207
4954219,100,4143,208
4954220,95,4150,229
4954221,76,4156,244
4954222,61,4156,242
4954223,60,4153,248
4954224,50,4159,265
4954225,34,4179,281
4954226,37,4185,275
4954227,50,4178,261
4954228,52,4178,274
4954229,52,4178,305
4954230,56,4171,303
4954231,63,4167,282
4954232,66,4166,282
4954233,65,4171,292
4954234,69,4171,294
4954235,75,4156,277
4954236,80,4143,271
4954237,92,4145,221
4954238,110,4138,192
4954239,102,4138,196
4954240,93,4130,191
4954241,97,4119,192
4954242,92,4120,211
4954243,94,4121,206
4954244,95,4121,213
4954245,79,4123,221
4954246,82,4123,196
4954247,99,4128,191
4954248,106,4135,197
4954249,119,4132,179
4954250,127,4128,172
4954251,131,4130,173
4954252,134,4127,162
4954253,134,4126,169
4954254,130,4128,188
4954255,123,4121,198
4954256,110,4119,217
4954257,97,4125,224
4954258,99,4136,203
4954259,104,4140,192
4954260,103,4132,185
4954261,103,4125,186
4954262,105,4130,204
4954263,96,4143,217
4954264,85,4152,241
4954265,83,4154,262
4954266,89,4149,260
4954267,101,4147,263
4954268,105,4144,259
4954269,95,4143,256
4954270,81,4152,274
4954271,89,4158,257
4954272,104,4157,234
4954273,95,4162,211
4954274,98,4168,205
4954275,103,4170,216
4954276,96,4173,249
4954277,78,4179,269
4954278,77,4180,264
4954279,78,4177,253
4954280,78,4178,230
4954281,81,4172,224
4954282,78,4164,245
4954283,79,4168,255
4954284,84,4169,249
4954285,94,4161,242
4954286,102,4163,259
4954287,103,4170,276
4954288,99,4169,278
4954289,108,4165,278
4954290,124,4159,291
4954291,128,4153,310
4954292,130,4155,298
4954293,139,4158,278
4954294,136,4157,285
4954295,123,4159,290
4954296,105,4161,319
4954297,86,4163,355
4954298,87,4166,332
4954299,96,4168,310
4954300,103,4168,303
4954301,110,4168,275
4954302,111,4167,248
4954303,107,4166,248
4954304,105,4168,253
4954305,104,4165,255
4954306,94,4162,264
4954307,82,4163,244
4954308,79,4160,233
4954309,42,4154,268
4954310,49,4155,231
4954311,48,4152,215
4954312,42,4152,209
4954313,39,4171,195
4954314,48,4189,187
4954315,70,4186,174
4954316,80,4188,168
4954317,61,4200,195
4954318,50,4210,195
4954319,60,4214,177
4954320,52,4210,194
4954321,37,4206,211
4954322,27,4207,230
4954323,14,4210,254
4954324,-3,4205,259
4954325,4,4196,241
4954326,19,4180,236
4954327,24,4163,245
4954328,23,4165,256
4954329,11,4172,278
4954330,15,4169,278
4954331,31,4167,276
4954332,51,4165,281
4954333,70,4162,262
4954334,70,4157,245
4954335,69,4156,238
4954336,67,4159,239
4954337,58,4160,257
4954338,61,4155,275
4954339,63,4152,288
4954340,66,4151,280
4954341,73,4148,253
4954342,91,4149,232
4954343,100,4149,229
4954344,101,4157,220
4954345,111,4160,225
4954346,119,4161,208
4954347,131,4160,180
4954348,132,4161,160
4954349,119,4162,145
4954350,108,4166,132
4954351,103,4163,129
4954352,101,4150,145
4954353,89,4143,161
4954354,83,4137,152
4954355,89,4127,148
4954356,87,4119,184
4954357,75,4119,213
4954358,65,4121,206
4954359,61,4120,202
4954360,61,4117,216
4954361,65,4118,217
4954362,80,4121,203
4954363,101,4116,184
4954364,104,4118,171
4954365,90,4123,177
4954366,92,4126,187
4954367,101,4128,194
4954368,106,4129,178
4954369,104,4132,169
4954370,104,4136,175
4954371,111,4138,165
4954372,115,4134,155
4954373,115,4132,138
4954374,107,4137,150
4954375,91,4144,187
4954376,87,4138,182
4954377,89,4116,178
4954378,82,4096,200
4954379,68,4098,229
4954380,59,4107,246
4954381,59,4106,224
4954382,68,4113,202
4954383,76,4118,200
4954384,78,4122,222
4954385,71,4128,228
4954386,68,4131,223
4954387,82,4126,227
4954388,96,4121,231
4954389,90,4126,261
4954390,70,4134,297
4954391,65,4133,285
4954392,67,4134,269
4954393,62,4145,263
4954394,60,4155,252
4954395,73,4153,243
4954396,89,4146,236
4954397,94,4141,238
4954398,93,4134,249
4954399,98,4132,265
4954400,104,4136,282
4954401,111,4138,271
4954402,121,4132,237
4954403,120,4126,238
4954404,106,4130,271
4954405,105,4133,277
4954406,121,4122,257
4954407,126,4110,259
4954408,106,4123,290
4954409,96,4136,291
4954410,116,4127,264
4954411,137,4119,236
4954412,141,4126,215
4954413,134,4137,224
4954414,128,4140,233
4954415,128,4133,216
4954416,119,4135,243
4954417,94,4150,266
4954418,82,4160,255
4954419,85,4151,232
4954420,72,4146,249
4954421,50,4156,245
4954422,53,4161,212
4954423,84,4156,187
4954424,101,4163,168
4954425,81,4171,183
4954426,55,4171,219
4954427,52,4168,228
4954428,46,4163,228
4954429,43,4156,213
4954430,57,4151,193
4954431,55,4154,198
4954432,49,4151,197
4954433,56,4142,202
4954434,64,4135,217
4954435,58,4137,217
4954436,54,4143,220
4954437,64,4141,218
4954438,75,4145,214
4954439,81,4154,224
4954440,84,4157,233
4954441,88,4162,217
4954442,91,4168,206
4954443,81,4170,214
4954444,78,4174,215
4954445,89,4183,213
4954446,102,4187,212
4954447,106,4185,213
4954448,116,4184,208
4954449,139,4178,194
4954450,149,4171,202
4954451,145,4167,222
4954452,143,4170,225
4954453,155,4179,221
4954454,154,4190,227
4954455,139,4198,240
4954456,132,4201,237
4954457,130,4197,233
4954458,114,4188,250
4954459,86,4184,266
4954460,73,4190,269
4954461,76,4198,282
4954462,75,4201,285
4954463,73,4202,272
4954464,68,4199,267
4954465,54,4191,284
4954466,42,4192,315
4954467,43,4195,318
4954468,55,4191,302
4954469,64,4185,307
4954470,62,4185,326
4954471,70,4175,336
4954472,86,4165,329
4954473,88,4165,318
4954474,85,4166,302
4954475,90,4159,277
4954476,105,4156,256
4954477,107,4163,243
4954478,95,4172,240
4954479,87,4177,253
4954480,81,4171,276
4954481,78,4165,284
4954482,75,4163,289
4954483,60,4159,316
4954484,53,4155,309
4954485,58,4147,275
4954486,70,4139,258
4954487,90,4133,242
4954488,118,4112,198
4954489,121,4111,202
4954490,112,4117,215
4954491,103,4122,216
4954492,94,4123,212
4954493,100,4118,172
4954494,110,4113,136
4954495,98,4117,145
4954496,82,4118,132
4954497,80,4109,113
4954498,75,4107,134
4954499,63,4115,163
4954500,48,4117,188
4954501,40,4113,211
4954502,37,4117,211
4954503,36,4125,189
4954504,42,4127,182
4954505,39,4125,200
4954506,27,4125,221
4954507,25,4126,220
4954508,42,4124,192
4954509,58,4119,173
4954510,55,4123,178
4954511,44,4132,180
4954512,47,4132,187
4954513,53,4136,206
4954514,50,4149,209
4954515,55,4156,220
4954516,55,4157,251
4954517,47,4155,267
4954518,44,4157,282
4954519,52,4152,283
4954520,78,4141,268
4954521,84,4136,300
4954522,64,4142,338
4954523,50,4151,340
4954524,112,4141,321
4954525,119,4130,323
4954526,108,4129,351
4954527,93,4137,378
4954528,92,4141,377
4954529,103,4139,362
4954530,117,4134,348
4954531,127,4130,361
4954532,129,4129,372
4954533,140,4126,351
4954534,160,4114,323
4954535,175,4111,286
4954536,185,4110,249
4954537,179,4105,238
4954538,166,4105,248
4954539,150,4105,260
4954540,130,4106,254
4954541,121,4113,241
4954542,114,4123,245
4954543,106,4126,263
4954544,89,4134,278
4954545,67,4151,265
4954546,63,4165,233
4954547,66,4169,213
4954548,63,4166,210
4954549,56,4168,219
4954550,55,4174,218
4954551,66,4168,197
4954552,68,4160,188
4954553,59,4165,194
4954554,60,4171,190
4954555,49,4167,190
4954556,29,4170,194
4954557,21,4183,174
4954558,29,4185,131
4954559,44,4174,104
4954560,36,4178,157
4954561,23,4168,179
4954562,21,4146,179
4954563,40,4143,166
4954564,57,4148,145
4954565,77,4137,118
4954566,83,4129,127
4954567,62,4130,156
4954568,51,4128,160
4954569,64,4129,152
4954570,81,4136,135
4954571,102,4140,132
4954572,114,4142,160
4954573,111,4147,181
4954574,103,4160,186
4954575,97,4176,199
4954576,100,4180,214
4954577,98,4176,231
4954578,96,4177,239
4954579,113,4178,219
4954580,141,4175,203
4954581,143,4179,208
4954582,123,4188,216
4954583,103,4193,243
4954584,97,4188,265
4954585,103,4185,259
4954586,98,4190,250
4954587,85,4196,253
4954588,76,4197,268
4954589,73,4192,271
4954590,77,4187,269
4954591,81,4185,273
4954592,89,4181,262
4954593,102,4176,238
4954594,107,4173,220
4954595,105,4174,225
4954596,89,4192,249
4954597,87,4190,252
4954598,82,4193,263
4954599,62,4200,277
4954600,49,4203,268
4954601,46,4197,243
4954602,44,4191,240
4954603,45,4188,247
4954604,60,4190,241
4954605,84,4192,221
4954606,93,4195,223
4954607,89,4207,233
4954608,87,4213,214
4954609,88,4208,192
4954610,84,4210,183
4954611,85,4215,179
4954612,97,4210,176
4954613,98,4204,168
4954614,98,4203,157
4954615,108,4200,161
4954616,100,4202,185
4954617,77,4209,203
4954618,64,4211,204
4954619,57,4207,200
4954620,57,4203,195
4954621,59,4203,210
4954622,59,4200,218
4954623,62,4192,215
4954624,55,4182,239
4954625,56,4175,239
4954626,70,4169,212
4954627,75,4154,208
4954628,77,4149,210
4954629,72,4156,210
4954630,75,4159,205
4954631,87,4156,203
4954632,110,4140,192
4954633,108,4135,172
4954634,106,4137,151
4954635,103,4134,149
4954636,113,4130,160
4954637,110,4132,197
4954638,103,4132,202
4954639,115,4124,181
4954640,116,4112,202
4954641,104,4111,224
4954642,100,4111,213
4954643,102,4096,201
4954644,107,4081,192
4954645,105,4080,193
4954646,96,4085,226
4954647,85,4087,256
4954648,74,4096,255
4954649,76,4096,239
4954650,86,4078,228
4954651,79,4073,241
4954652,60,4084,258
4954653,64,4083,236
4954654,84,4075,200
4954655,82,4076,204
4954656,63,4089,232
4954657,60,4104,236
4954658,72,4109,220
4954659,75,4110,211
4954660,77,4116,202
4954661,84,4116,205
4954662,74,4116,236
4954663,55,4124,234
4954664,53,4129,212
4954665,55,4130,213
4954666,60,4133,204
4954667,66,4135,207
4954668,76,4115,201
4954669,74,4111,201
4954670,76,4102,207
4954671,79,4096,224
4954672,69,4109,242
4954673,55,4122,257
4954674,52,4124,250
4954675,67,4116,223
4954676,69,4105,227
4954677,56,4102,244
4954678,55,4106,260
4954679,54,4114,283
4954680,45,4112,287
4954681,51,4102,286
4954682,63,4090,295
4954683,69,4082,290
4954684,78,4082,281
4954685,92,4079,267
4954686,110,4081,249
4954687,112,4088,261
4954688,108,4095,285
4954689,111,4106,291
4954690,112,4114,294
4954691,112,4120,288
4954692,115,4121,275
4954693,117,4122,280
4954694,122,4132,281
4954695,136,4142,268
4954696,151,4150,264
4954697,156,4156,265
4954698,149,4158,271
4954699,137,4161,294
4954700,133,4164,316
4954701,129,4164,319
4954702,129,4157,291
4954703,152,4136,262
4954704,138,4136,267
4954705,133,4141,262
4954706,139,4136,253
4954707,139,4134,256
4954708,114,4141,284
4954709,87,4148,299
4954710,74,4148,298
4954711,75,4150,284
4954712,74,4159,259
4954713,71,4158,236
4954714,83,4143,221
4954715,88,4135,228
4954716,72,4141,259
4954717,51,4152,284
4954718,50,4160,253
4954719,71,4165,182
4954720,86,4169,142
4954721,93,4167,130
4954722,93,4166,114
4954723,91,4160,117
4954724,73,4154,149
4954725,36,4157,168
4954726,23,4156,157
4954727,32,4145,157
4954728,22,4138,170
4954729,7,4153,167
4954730,1,4166,163
4954731,3,4162,162
4954732,-2,4166,173
4954733,1,4174,177
4954734,33,4165,153
4954735,49,4153,156
4954736,28,4161,187
4954737,20,4169,180
4954738,43,4158,160
4954739,46,4159,179
4954740,34,4185,216
4954741,52,4184,202
4954742,53,4186,186
4954743,43,4192,210
4954744,40,4197,221
4954745,54,4195,216
4954746,66,4196,230
4954747,66,4203,237
4954748,70,4205,240
4954749,77,4201,271
4954750,73,4196,300
4954751,65,4193,309
4954752,62,4189,316
4954753,77,4185,295
4954754,85,4180,298
4954755,82,4171,317
4954756,92,4160,320
4954757,99,4155,351
4954758,98,4154,375
4954759,90,4155,387
4954760,84,4154,381
4954761,90,4160,351
4954762,96,4167,344
4954763,109,4167,334
4954764,127,4164,332
4954765,130,4159,334
4954766,135,4156,317
4954767,144,4159,318
4954768,139,4165,313
4954769,128,4170,292
4954770,128,4164,281
4954771,126,4155,270
4954772,118,4160,251
4954773,125,4161,234
4954774,126,4151,228
4954775,110,4149,235
4954776,80,4172,226
4954777,79,4162,225
4954778,77,4154,230
4954779,63,4155,239
4954780,32,4154,248
4954781,20,4151,241
4954782,23,4148,241
4954783,34,4142,232
4954784,43,4138,220
4954785,39,4142,211
4954786,35,4148,197
4954787,34,4142,211
4954788,42,4133,221
4954789,49,4128,209
4954790,64,4125,192
4954791,70,4128,175
4954792,59,4132,163
4954793,54,4136,149
4954794,54,4137,156
4954795,47,4141,193
4954796,37,4144,198
4954797,47,4136,168
4954798,55,4128,174
4954799,49,4130,187
4954800,45,4136,190
4954801,50,4132,196
4954802,66,4128,199
4954803,67,4129,221
4954804,59,4118,244
4954805,71,4103,257
4954806,76,4100,257
4954807,69,4102,243
4954808,64,4102,242
4954809,61,4115,236
4954810,58,4133,216
4954811,63,4143,203
4954812,97,4135,169
4954813,94,4134,175
4954814,80,4138,183
4954815,80,4142,170
4954816,91,4136,156
4954817,93,4134,155
4954818,85,4143,174
4954819,68,4148,205
4954820,58,4143,220
4954821,65,4140,226
4954822,80,4138,232
4954823,100,4130,226
4954824,96,4124,247
4954825,77,4127,260
4954826,85,4136,245
4954827,107,4134,248
4954828,123,4134,245
4954829,121,4143,256
4954830,111,4137,269
4954831,122,4126,249
4954832,135,4127,250
4954833,131,4132,271
4954834,116,4135,274
4954835,106,4133,260
4954836,102,4132,246
4954837,90,4135,259
4954838,70,4142,278
4954839,70,4145,259
4954840,86,4133,227
4954841,89,4123,225
4954842,66,4130,248
4954843,52,4144,252
4954844,74,4147,238
4954845,87,4152,236
4954846,83,4163,211
4954847,103,4155,129
4954848,95,4160,149
4954849,59,4176,183
4954850,41,4180,187
4954851,46,4166,160
4954852,36,4159,151
4954853,21,4166,166
4954854,20,4168,189
4954855,21,4163,197
4954856,34,4161,182
4954857,42,4158,192
4954858,37,4157,210
4954859,36,4161,217
4954860,37,4159,230
4954861,45,4152,221
4954862,55,4151,203
4954863,68,4151,204
4954864,76,4152,238
4954865,63,4154,280
4954866,67,4152,261
4954867,98,4139,225
4954868,112,4129,228
4954869,109,4140,234
4954870,102,4156,241
4954871,110,4161,231
4954872,125,4164,212
4954873,130,4171,225
4954874,117,4178,260
4954875,107,4178,287
4954876,106,4175,298
4954877,109,4180,298
4954878,122,4186,283
4954879,119,4192,281
4954880,108,4197,309
4954881,103,4195,340
4954882,100,4192,372
4954883,106,4193,371
4954884,118,4200,341
4954885,127,4205,310
4954886,135,4201,293
4954887,139,4193,300
4954888,139,4190,310
4954889,139,4190,309
4954890,143,4188,295
4954891,143,4184,285
4954892,127,4184,294
4954893,100,4186,311
4954894,85,4180,307
4954895,87,4167,293
4954896,83,4158,291
4954897,72,4159,278
4954898,70,4156,268
4954899,73,4146,268
4954900,67,4143,259
4954901,58,4148,250
4954902,52,4147,251
4954903,51,4137,260
4954904,46,4138,269
4954905,34,4150,266
4954906,28,4153,265
4954907,25,4149,270
4954908,36,4145,261
4954909,46,4142,267
4954910,45,4144,270
4954911,57,4150,221
4954912,85,4150,175
4954913,96,4150,167
4954914,89,4157,168
4954915,87,4165,171
4954916,96,4168,144
4954917,122,4167,79
4954918,139,4165,47
4954919,128,4162,52
4954920,97,4167,75
4954921,82,4164,75
4954922,67,4162,85
4954923,54,4168,97
4954924,50,4169,114
4954925,39,4169,152
4954926,23,4164,176
4954927,20,4152,179
4954928,32,4140,175
4954929,40,4138,184
4954930,36,4141,200
4954931,33,4138,216
4954932,46,4124,223
4954933,68,4110,198
4954934,84,4107,176
4954935,83,4103,191
4954936,69,4107,224
4954937,63,4119,230
4954938,76,4113,216
4954939,93,4103,212
4954940,92,4106,217
4954941,84,4110,223
4954942,88,4108,224
4954943,85,4103,242
4954944,75,4110,261
4954945,78,4123,263
4954946,91,4131,252
4954947,101,4137,236
4954948,93,4144,239
4954949,83,4148,255
4954950,93,4145,255
4954951,97,4144,252
4954952,85,4153,263
4954953,94,4168,256
4954954,101,4162,240
4954955,101,4165,233
4954956,97,4170,243
4954958,89,4172,237
4954959,92,4175,225
4954960,90,4175,240
4954961,79,4169,261
4954962,59,4162,287
4954963,50,4158,303
4954964,61,4158,290
4954965,70,4155,272
4954966,71,4154,272
4954967,70,4151,271
4954968,77,4146,262
4954969,98,4136,266
4954970,105,4129,286
4954971,94,4137,304
4954972,97,4143,287
4954973,116,4145,261
4954974,125,4150,248
4954975,126,4159,234
4954976,119,4154,258
4954977,96,4148,294
4954978,77,4158,274
4954979,81,4158,246
4954980,93,4146,243
4954981,92,4148,223
4954982,86,4162,211
4954983,104,4162,213
4954984,113,4163,195
4954985,106,4168,225
4954986,99,4164,246
4954987,85,4163,278
4954988,68,4165,304
4954989,74,4157,269
4954990,79,4154,238
4954991,77,4156,229
4954992,78,4165,220
4954993,81,4178,227
4954994,77,4176,245
4954995,83,4167,217
4954996,99,4159,185
4954997,94,4157,212
4954998,74,4168,234
4954999,75,4173,208
4955000,94,4162,180
4955001,97,4160,161
4955002,88,4169,139
4955003,87,4169,143
4955004,89,4164,165
4955005,77,4173,199
4955006,66,4188,236
4955007,70,4189,247
4955008,76,4183,219
4955009,78,4178,180
4955010,85,4172,152
4955011,97,4166,132
4955012,109,4162,139
4955013,110,4164,164
4955014,101,4161,170
4955015,93,4159,181
4955016,81,4158,214
4955017,79,4155,236
4955018,77,4162,251
4955019,63,4174,251
4955020,53,4178,261
4955021,56,4181,246
4955022,65,4178,237
4955023,56,4177,245
4955024,43,4179,271
4955025,44,4187,289
4955026,58,4189,276
4955027,67,4181,259
4955028,67,4179,236
4955029,67,4182,216
4955030,60,4183,230
4955031,46,4190,255
4955032,38,4195,260
4955033,43,4199,249
4955034,54,4201,241
4955035,62,4200,231
4955036,62,4193,215
4955037,70,4181,209
4955038,83,4183,221
4955039,84,4194,222
4955040,91,4185,198
4955041,109,4168,190
4955042,113,4163,211
4955043,96,4165,222
4955044,85,4159,210
4955045,93,4144,203
4955046,102,4138,195
4955047,85,4145,208
4955048,65,4155,220
4955049,71,4157,197
4955050,72,4151,204
4955051,70,4145,215
4955052,70,4148,212
4955053,70,4148,217
4955054,78,4142,220
4955055,82,4133,244
4955056,84,4123,246
4955057,84,4118,250
4955058,87,4124,253
4955059,91,4131,235
4955060,103,4125,214
4955061,106,4114,234
4955062,89,4117,266
4955063,74,4132,273
4955064,87,4139,252
4955065,113,4137,245
4955066,124,4136,276
4955067,116,4142,304
4955068,118,4142,315
4955069,127,4130,317
4955070,123,4126,301
4955071,123,4130,295
4955072,130,4123,305
4955073,126,4112,333
4955074,118,4115,356
4955075,125,4115,359
4955076,132,4105,342
4955077,139,4103,308
4955078,148,4108,288
4955079,155,4110,283
4955080,150,4117,305
4955081,131,4126,319
4955082,125,4131,291
4955083,135,4125,266
4955084,147,4119,245
4955085,144,4116,244
4955086,125,4114,262
4955087,112,4112,259
4955088,102,4109,259
4955089,81,4110,265
4955090,90,4111,219
4955091,96,4106,208
4955092,91,4105,206
4955093,78,4110,194
4955094,71,4115,164
4955095,66,4116,148
4955096,58,4115,149
4955097,56,4120,136
4955098,53,4127,104
4955099,47,4122,99
4955100,41,4123,110
4955101,39,4139,97
4955102,37,4146,92
4955103,22,4146,113
4955104,5,4153,128
4955105,-1,4161,117
4955106,9,4162,95
4955107,13,4160,101
4955108,1,4162,116
4955109,0,4164,111
4955110,1,4161,110
4955111,-3,4163,114
4955112,2,4171,116
4955113,9,4175,127
4955114,5,4180,135
4955115,-9,4191,135
4955116,1,4198,122
4955117,22,4189,111
4955118,18,4186,124
4955119,5,4197,136
4955120,10,4197,135
4955121,18,4180,143
4955122,21,4172,160
4955123,23,4181,195
4955124,29,4188,195
4955125,30,4185,164
4955126,35,4188,149
4955127,48,4192,158
4955128,43,4190,173
4955129,52,4184,177
4955130,62,4180,195
4955131,63,4183,199
4955132,71,4185,193
4955133,72,4183,224
4955134,61,4182,253
4955135,57,4184,261
4955136,64,4181,260
4955137,73,4167,255
4955138,76,4160,265
4955139,79,4164,266
4955140,98,4165,249
4955141,115,4157,237
4955142,114,4148,214
4955143,108,4148,196
4955144,109,4147,214
4955145,113,4151,231
4955146,116,4156,238
4955147,120,4151,246
4955148,125,4146,241
4955149,122,4143,259
4955150,117,4140,276
4955151,108,4142,244
4955152,109,4134,251
4955153,109,4145,253
4955154,97,4159,265
4955155,92,4149,283
4955156,88,4133,307
4955157,74,4135,325
4955158,78,4146,316
4955159,93,4147,310
4955160,104,4140,321
4955161,102,4142,331
4955162,103,4151,319
4955163,105,4150,305
4955164,101,4152,315
4955165,98,4160,343
4955166,93,4158,348
4955167,100,4149,319
4955168,105,4141,289
4955169,99,4137,270
4955170,103,4139,267
4955171,112,4138,283
4955172,114,4136,301
4955173,98,4140,309
4955174,81,4137,303
4955175,73,4126,285
4955176,75,4119,258
4955177,82,4117,243
4955178,76,4117,246
4955179,60,4114,243
4955180,55,4111,245
4955181,53,4108,246
4955182,55,4109,222
4955183,63,4119,195
4955184,75,4123,165
4955185,89,4124,129
4955186,63,4130,114
4955187,50,4141,121
4955188,56,4135,102
4955189,75,4117,58
4955190,71,4108,36
4955191,46,4112,48
4955192,27,4128,74
4955193,29,4132,80
4955194,39,4123,88
4955195,29,4129,120
4955196,11,4147,144
4955197,-7,4157,160
4955198,-12,4161,158
4955199,2,4161,148
4955200,-3,4163,167
4955201,-25,4167,187
4955202,-26,4165,186
4955203,-18,4159,193
4955204,-19,4151,204
4955205,-19,4149,216
4955206,-6,4154,221
4955207,12,4156,212
4955208,19,4162,232
4955209,23,4161,271
4955210,36,4152,306
4955211,46,4154,344
4955212,60,4163,362
4955213,81,4173,359
4955214,91,4181,352
4955215,106,4185,327
4955216,126,4182,318
4955217,142,4168,319
4955218,155,4156,308
4955219,158,4143,326
4955220,172,4139,323
4955221,184,4141,337
4955222,188,4142,359
4955223,173,4146,380
4955224,164,4149,361
4955225,178,4138,325
4955226,179,4124,333
4955227,155,4123,365
4955228,135,4140,375
4955229,153,4147,334
4955230,175,4130,301
4955231,168,4118,301
4955232,153,4130,315
4955233,139,4138,341
4955234,136,4133,327
4955235,138,4132,306
4955236,130,4141,315
4955237,120,4154,302
4955238,115,4162,284
4955239,105,4159,278
4955240,96,4154,273
4955241,82,4158,291
4955242,65,4164,292
4955243,69,4167,266
4955244,62,4170,266
4955245,46,4171,266
4955246,38,4170,265
4955247,28,4172,274
4955248,28,4178,264
4955249,31,4181,250
4955250,30,4180,244
4955251,40,4182,231
4955252,55,4180,229
4955253,52,4174,242
4955254,44,4175,254
4955255,34,4179,275
4955256,25,4167,234
4955257,44,4161,220
4955258,60,4161,210
4955259,66,4161,202
4955260,62,4155,224
4955261,73,4139,230
4955262,77,4136,239
4955263,73,4142,251
4955264,82,4138,254
4955265,93,4129,250
4955266,97,4117,235
4955267,82,4109,226
4955268,79,4109,219
4955269,92,4111,225
4955270,92,4114,233
4955271,87,4118,224
4955272,91,4123,225
4955273,99,4122,225
4955274,94,4118,210
4955275,84,4110,206
4955276,85,4101,214
4955277,89,4100,205
4955278,85,4101,212
4955279,75,4095,220
4955280,67,4090,202
4955281,64,4095,199
4955282,62,4102,205
4955283,50,4111,206
4955284,31,4118,191
4955285,30,4112,165
4955286,37,4108,143
4955287,39,4106,132
4955288,34,4105,154
4955289,16,4117,173
4955290,10,4125,160
4955291,13,4122,147
4955292,9,4128,157
4955293,-7,4129,181
4955294,-12,4126,192
4955295,-13,4128,201
4955296,-13,4137,209
4955297,-1,4139,193
4955298,21,4133,142
4955299,47,4122,95
4955300,65,4112,85
4955301,62,4116,104
4955302,49,4121,134
4955303,44,4121,160
4955304,56,4122,145
4955305,64,4115,143
4955306,54,4112,193
4955307,46,4117,230
4955308,54,4110,232
4955309,81,4100,188
4955310,90,4099,164
4955311,69,4106,206
4955312,55,4117,244
4955313,63,4117,245
4955314,73,4109,232
