176544,88,4200,132
176545,86,4192,156
176546,44,4184,194
176547,11,4172,227
176548,-5,4156,244
176549,-16,4141,265
176550,-31,4130,296
176551,-39,4111,323
176552,-41,4089,344
176553,-66,4080,387
176554,-111,4078,468
176555,-143,4077,540
176556,-136,4070,561
176557,-99,4089,524
176558,-61,4126,460
176559,-32,4151,413
176560,-24,4166,381
176561,-24,4177,361
176562,-17,4191,355
176563,-13,4205,352
176564,-6,4218,353
176565,5,4224,363
176566,3,4225,391
176567,-20,4238,428
176568,-35,4245,442
176569,-26,4240,428
176570,-15,4247,403
176571,-8,4255,374
176572,16,4244,348
176573,49,4236,339
176574,59,4231,338
176575,61,4216,358
176576,68,4201,384
176577,77,4188,392
176578,76,4176,393
176579,67,4164,388
176580,62,4157,376
176581,59,4151,359
176582,44,4142,377
176583,25,4128,409
176584,11,4124,430
176585,-11,4144,442
176586,-15,4137,441
176587,-18,4136,457
176588,-28,4128,480
176589,-36,4123,492
176590,-33,4128,484
176591,-32,4126,469
176592,-33,4127,449
176593,-34,4131,410
176594,-25,4123,352
176595,1,4110,305
176596,20,4104,261
176597,23,4096,243
176598,22,4081,251
176599,11,4068,255
176600,-15,4061,272
176601,-42,4059,285
176602,-58,4063,278
176603,-64,4061,256
176604,-61,4056,235
176605,-65,4069,224
176606,-72,4085,218
176607,-70,4082,228
176608,-72,4084,257
176609,-87,4089,286
176610,-95,4095,318
176611,-100,4105,342
176612,-108,4116,358
176613,-106,4135,366
176614,-99,4145,373
176615,-106,4150,390
176616,-126,4158,426
176617,-151,4170,487
176618,-171,4195,507
176619,-153,4202,478
176620,-67,4206,419
176621,-69,4206,418
176622,-60,4204,443
176623,-46,4196,442
176624,-40,4189,438
176625,-38,4192,428
176626,-31,4194,407
176627,-22,4195,384
176628,-18,4198,372
176629,-15,4195,376
176630,-23,4202,373
176631,-33,4204,332
176632,-29,4201,299
176633,-45,4205,312
176634,-76,4209,331
176635,-71,4211,322
176636,-47,4216,297
176637,-52,4234,274
176638,-61,4248,251
176639,-38,4248,209
176640,-8,4248,160
176641,-1,4244,129
176642,-17,4235,120
176643,-35,4240,121
176644,-45,4245,96
176645,-50,4229,84
176646,-60,4223,99
176647,-74,4226,102
176648,-82,4220,105
176649,-81,4208,115
176650,-88,4200,155
176651,-101,4191,199
176652,-100,4173,216
176653,-88,4164,230
176654,-79,4160,228
176655,-71,4152,229
176656,-68,4137,252
176657,-50,4132,250
176658,-29,4132,236
176659,-20,4137,200
176660,-13,4137,178
176661,-10,4135,173
176662,-15,4125,177
176663,-22,4121,167
176664,-19,4128,145
176665,-14,4132,138
176666,-29,4131,138
176667,-60,4109,153
176668,-90,4078,209
176669,-137,4067,296
176670,-193,4078,337
176671,-198,4078,319
176672,-151,4071,291
176673,-109,4073,271
176674,-89,4074,283
176675,-59,4071,320
176676,-28,4072,328
176677,-22,4070,311
176678,-25,4069,321
176679,-33,4076,342
176680,-43,4082,358
176681,-41,4076,390
176682,-35,4072,446
176683,-54,4081,490
176684,-79,4080,515
176685,-87,4083,553
176686,-91,4091,591
176687,-83,4091,613
176688,-59,4087,588
176689,-32,4082,543
176690,-18,4083,536
176691,-17,4087,525
176692,5,4086,490
176693,35,4093,448
176694,29,4100,455
176695,25,4105,447
176696,12,4117,433
176697,-5,4125,425
176698,-9,4130,426
176699,-7,4143,430
176700,-3,4139,444
176701,-3,4140,457
176702,-6,4142,441
176703,2,4145,403
176704,19,4163,363
176705,18,4182,345
176706,-6,4189,347
176707,-21,4182,351
176708,-26,4173,349
176709,-24,4163,332
176710,-11,4150,310
176711,4,4145,302
176712,4,4140,306
176713,-5,4135,328
176714,-12,4137,346
176715,-10,4141,348
176716,1,4136,337
176717,-2,4132,324
176718,-26,4137,340
176719,-52,4145,372
176720,-76,4156,395
176721,-92,4150,409
176722,-91,4154,417
176723,-84,4174,400
176724,-73,4181,372
176725,-55,4182,353
176726,-36,4188,333
176727,-19,4191,321
176728,-11,4198,314
176729,-6,4208,312
176730,-1,4195,317
176731,-11,4181,341
176732,-32,4176,361
176733,-52,4190,347
176734,-58,4191,300
176735,-50,4190,259
176736,-40,4188,231
176737,-40,4178,241
176738,-55,4171,271
176739,-68,4162,282
176740,-52,4148,290
176741,-37,4139,287
176742,-38,4132,272
176743,-41,4127,238
176744,-36,4120,209
176745,-39,4106,225
176746,-65,4100,245
176747,-82,4101,247
176748,-83,4099,247
176749,-88,4087,247
176750,-105,4083,270
176751,-131,4085,319
176752,-148,4077,363
176753,-152,4071,395
176754,-158,4078,409
176755,-167,4091,390
176756,-158,4088,345
176757,-130,4082,316
176758,-112,4093,295
176759,-111,4094,275
176760,-108,4099,287
176761,-101,4107,283
176762,-84,4094,278
176763,-62,4089,292
176764,-50,4101,297
176765,-50,4112,299
176766,1,4114,242
176767,42,4120,218
176768,59,4120,225
176769,59,4120,244
176770,69,4119,243
176771,73,4130,230
176772,66,4147,221
176773,64,4157,206
176774,72,4163,184
176775,81,4165,167
176776,69,4173,175
176777,50,4179,187
176778,43,4170,187
176779,36,4160,223
176780,14,4172,284
176781,-8,4190,313
176782,1,4190,325
176783,14,4190,330
176784,2,4204,345
176785,-15,4210,388
176786,-31,4201,419
176787,-36,4187,461
176788,-27,4171,511
176789,-17,4158,533
176790,2,4155,540
176791,20,4157,528
176792,22,4164,510
176793,13,4169,491
176794,-4,4158,499
176795,-40,4138,534
176796,-86,4125,571
176797,-124,4125,587
176798,-138,4138,552
176799,-116,4140,499
176800,-83,4137,492
176801,-63,4148,499
176802,-42,4160,479
176803,28,4164,394
176804,45,4161,365
176805,43,4144,352
176806,2,4125,330
176807,-78,4128,282
176808,-147,4138,226
176809,-194,4122,155
176810,-259,4076,86
176811,-329,4086,44
176812,-358,4185,42
176813,-336,4291,67
176814,-281,4349,112
176815,-213,4360,166
176816,-122,4334,217
176817,5,4288,265
176818,135,4238,320
176819,240,4199,365
176820,325,4164,391
176821,380,4142,407
176822,392,4146,424
176823,376,4161,472
176824,327,4167,522
176825,256,4164,559
176826,193,4170,596
176827,139,4173,612
176828,98,4162,594
176829,63,4155,541
176830,39,4149,478
176831,27,4143,442
176832,12,4148,417
176833,10,4148,363
176834,25,4136,303
176835,11,4136,283
176836,-39,4138,284
176837,-86,4127,283
176838,-120,4115,275
176839,-152,4089,243
176840,-176,4078,218
176841,-193,4110,219
176842,-191,4145,246
176843,-153,4158,282
176844,-15,4140,335
176845,45,4131,380
176846,95,4115,442
176847,146,4090,505
176848,185,4080,545
176849,205,4083,558
176850,203,4087,568
176851,180,4101,579
176852,141,4106,579
176853,112,4106,561
176854,84,4095,538
176855,40,4080,551
176856,2,4075,577
176857,-19,4073,604
176858,-26,4079,655
176859,-41,4083,704
176860,-70,4080,727
176861,-91,4088,701
176862,-93,4105,639
176863,-82,4120,574
176864,-65,4132,513
176865,-46,4131,482
176866,-34,4134,481
176867,-38,4143,470
176868,-34,4153,439
176869,-29,4155,425
176870,-52,4161,421
176871,-60,4180,380
176872,-33,4191,308
176873,-15,4206,232
176874,-24,4222,176
176875,-42,4225,141
176876,-50,4214,125
176877,-50,4209,135
176878,-58,4212,159
176879,-76,4209,174
176880,-85,4215,182
176881,-62,4238,175
176882,-44,4235,170
176883,-38,4228,159
176884,-38,4219,172
176885,-38,4216,190
176886,-35,4207,191
176887,-32,4181,182
176888,-40,4150,187
176889,-60,4134,225
176890,-89,4145,268
176891,-92,4153,279
176892,-60,4166,252
176893,-37,4184,222
176894,-46,4193,239
176895,-75,4203,271
176896,-108,4199,293
176897,-127,4189,317
176898,-155,4178,320
176899,-184,4163,327
176900,-188,4158,361
176901,-180,4154,396
176902,-160,4145,425
176903,-121,4144,454
176904,-89,4140,458
176905,-73,4132,458
176906,-53,4131,475
176907,-39,4126,481
176908,-30,4123,465
176909,-17,4132,434
176910,-2,4120,406
176911,16,4093,392
176912,38,4094,384
176913,43,4099,382
176914,40,4078,384
176915,41,4052,382
176916,25,4037,400
176917,-4,4020,438
176918,-28,3985,453
176919,-28,3979,466
176920,-52,3978,513
176921,-88,3979,558
176922,-110,3980,594
176923,-126,3992,610
176924,-141,4015,605
176925,-141,4036,624
176926,-128,4046,650
176927,-122,4061,646
176928,-111,4084,628
176929,-76,4096,588
176930,-33,4109,532
176931,-10,4131,481
176932,3,4140,447
176933,21,4129,434
176934,31,4120,431
176935,26,4106,438
176936,9,4090,455
176937,-10,4083,485
176938,-29,4077,512
176939,-35,4070,515
176940,-31,4059,512
176941,-37,4047,507
176942,-47,4045,491
176943,-51,4048,479
176944,-47,4056,474
176945,-53,4068,464
176946,-69,4084,446
176947,-73,4099,440
176948,-83,4105,442
176949,-99,4110,436
176950,-107,4126,420
176951,-98,4141,381
176952,-75,4159,339
176953,-53,4180,328
176954,-38,4194,325
176955,7,4203,248
176956,24,4202,231
176957,19,4200,229
176958,23,4185,232
176959,22,4164,254
176960,-10,4143,278
176961,-50,4127,306
176962,-93,4121,344
176963,-129,4114,377
176964,-142,4113,381
176965,-140,4110,377
176966,-134,4107,373
176967,-132,4110,364
176968,-127,4113,366
176969,-117,4124,372
176970,-117,4131,377
176971,-117,4131,397
176972,-107,4137,413
176973,-100,4148,403
176974,-100,4157,401
176975,-102,4166,411
176976,-94,4175,379
176977,-69,4181,329
176978,-46,4178,312
176979,-49,4174,325
176980,-68,4176,352
176981,-78,4173,371
176982,-76,4171,381
176983,-73,4180,388
176984,-74,4184,377
176985,-71,4183,371
176986,-71,4190,367
176987,-63,4208,329
176988,-33,4224,278
176989,-1,4228,230
176990,24,4229,192
176991,52,4229,175
176992,69,4227,218
176993,50,4227,254
176994,24,4225,313
176995,-9,4230,357
176996,-39,4224,388
176997,-59,4212,409
176998,-77,4204,444
176999,-99,4210,502
177000,-104,4215,537
177001,-92,4212,557
177002,-77,4213,561
177003,-60,4217,552
177004,-38,4220,535
177005,-21,4212,532
177006,-18,4209,549
177007,-12,4209,547
177008,1,4205,550
177009,5,4206,549
177010,5,4202,543
177011,2,4204,549
177012,-16,4206,553
177013,-31,4206,529
177014,-18,4192,473
177015,7,4174,428
177016,19,4166,415
177017,8,4155,425
177018,-13,4138,453
177019,-27,4128,491
177020,-43,4128,515
177021,-63,4124,531
177022,-80,4121,527
177023,-80,4113,510
177024,-66,4098,501
177025,-62,4089,497
177026,-72,4084,497
177027,-89,4078,493
177028,-92,4069,494
177029,-99,4059,537
177030,-110,4058,552
177031,-99,4066,551
177032,-69,4071,525
177033,-49,4074,495
177034,-49,4073,473
177035,-47,4081,465
177036,-45,4097,463
177037,-37,4103,428
177038,-17,4094,386
177039,2,4081,352
177040,4,4076,312
177041,-13,4076,307
177042,-43,4084,318
177043,-57,4082,310
177044,-38,4070,313
177045,-14,4066,291
177046,-5,4072,268
177047,-16,4081,284
177048,-50,4089,312
177049,-89,4086,330
177050,-101,4075,318
177051,-101,4080,306
177052,-116,4094,316
177053,-138,4108,343
177054,-150,4119,361
177055,-146,4127,360
177056,-156,4134,380
177057,-192,4137,443
177058,-225,4138,511
177059,-243,4141,567
177060,-256,4162,582
177061,-247,4180,576
177062,-215,4191,580
177063,-181,4203,562
177064,-146,4205,534
177065,-110,4202,511
177066,-71,4211,513
177067,-50,4231,489
177068,-2,4235,433
177069,43,4227,375
177070,57,4221,331
177071,40,4209,322
177072,6,4206,324
177073,-26,4208,300
177074,-40,4204,268
177075,-42,4198,231
177076,-44,4186,193
177077,-43,4169,198
177078,-47,4173,219
177079,-56,4185,221
177080,-66,4176,230
177081,-85,4149,251
177082,-103,4133,265
177083,-97,4128,268
177084,-83,4124,275
177085,-94,4121,275
177086,-105,4113,261
177087,-87,4105,235
177088,-74,4104,243
177089,-100,4113,294
177090,-143,4120,354
177091,-174,4125,394
177092,-189,4140,389
177093,-193,4148,368
177094,-191,4149,367
177095,-200,4162,390
177096,-225,4187,395
177097,-232,4199,372
177098,-206,4196,346
177099,-173,4201,324
177100,-149,4210,300
177101,-139,4212,280
177102,-141,4214,264
177103,-154,4226,274
177104,-138,4230,251
177105,-103,4234,215
177106,-83,4230,196
177107,-90,4222,218
177108,-118,4224,267
177109,-140,4228,281
177110,-126,4229,220
177111,-99,4221,154
177112,-95,4218,132
177113,-107,4217,151
177114,-114,4203,182
177115,-111,4189,209
177116,-109,4185,244
177117,-108,4185,282
177118,-124,4187,314
177119,-141,4185,330
177120,-141,4176,352
177121,-138,4177,377
177122,-130,4183,382
177123,-106,4180,377
177124,-91,4182,380
177125,-95,4180,396
177126,-91,4165,420
177127,-85,4161,440
177128,-81,4162,454
177129,-73,4155,452
177130,-65,4149,432
177131,-69,4132,406
177132,-81,4117,400
177133,-88,4124,398
177134,-94,4129,398
177135,-102,4112,391
177136,-120,4090,387
177137,-157,4090,442
177138,-160,4083,441
177139,-152,4092,419
177140,-133,4103,377
177141,-86,4088,341
177142,-40,4063,330
177143,-21,4053,337
177144,-25,4057,357
177145,-28,4050,373
177146,-18,4040,381
177147,-8,4036,385
177148,-9,4035,397
177149,-21,4036,421
177150,-19,4032,452
177151,-4,4030,484
177152,2,4032,500
177153,-6,4029,512
177154,-14,4024,547
177155,-25,4033,578
177156,-34,4044,568
177157,-31,4040,554
177158,-33,4031,563
177159,-44,4028,577
177160,-39,4042,584
177161,-18,4058,559
177162,-2,4072,520
177163,-5,4082,504
177164,-26,4087,519
177165,-47,4096,545
177166,-54,4106,553
177167,-58,4114,556
177168,-59,4119,583
177169,-63,4120,641
177170,-77,4119,686
177171,-86,4123,711
177172,-86,4124,730
177173,-73,4126,752
177174,-67,4124,745
177175,-56,4123,730
177176,-30,4125,700
177177,1,4139,676
177178,18,4159,654
177179,29,4169,620
177180,45,4169,583
177181,58,4176,544
177182,55,4178,525
177183,48,4172,529
177184,47,4181,539
177185,30,4184,537
177186,8,4179,502
177187,4,4185,442
177188,13,4200,392
177189,20,4202,355
177190,16,4191,353
177191,-12,4187,379
177192,-41,4181,404
177193,-50,4168,430
177194,-59,4165,453
177195,-71,4144,474
177196,-75,4126,518
177197,-82,4129,543
177198,-74,4119,519
177199,-37,4109,485
177200,-2,4112,475
177202,12,4123,496
177203,33,4121,487
177204,62,4127,471
177205,68,4134,472
177206,46,4145,504
177207,25,4149,522
177208,21,4154,490
177209,30,4169,456
177210,31,4192,451
177211,17,4198,458
177212,7,4174,483
177213,16,4148,508
177214,36,4126,537
177215,34,4067,644
177216,16,4042,694
177217,12,4017,706
177218,29,3995,716
177219,26,3980,751
177220,-3,3953,814
177221,-36,3938,881
177222,-64,3946,902
177223,-78,3943,891
177224,-88,3934,875
177225,-94,3939,853
177226,-74,3954,820
177227,-38,3969,753
177228,-1,3983,667
177229,19,4000,610
177230,8,4022,591
177231,-2,4055,565
177232,-2,4085,509
177233,-8,4100,451
177234,-20,4110,397
177235,-26,4130,360
177236,-33,4152,348
177237,-45,4163,329
177238,-35,4164,289
177239,-4,4171,247
177240,20,4183,206
177241,44,4189,176
177242,65,4188,145
177243,58,4193,138
177244,24,4215,155
177245,10,4230,135
177246,27,4235,85
177247,43,4239,38
177248,35,4242,34
177249,20,4239,67
177250,10,4219,125
177251,-15,4208,159
177252,-47,4199,215
177253,-76,4209,265
177254,-93,4211,302
177255,-95,4206,328
177256,-89,4210,341
177257,-83,4212,362
177258,-71,4213,385
177259,-37,4218,383
177260,13,4225,350
177261,53,4226,332
177262,60,4226,347
177263,42,4229,375
177264,34,4230,386
177265,32,4224,387
177266,7,4218,413
177267,-22,4221,450
177268,-22,4219,451
177269,-3,4211,413
177270,2,4211,397
177271,-24,4215,423
177272,-59,4230,452
177273,-64,4238,439
177274,-37,4229,401
177275,-19,4227,363
177276,-33,4230,347
177277,-64,4231,371
177278,-92,4233,421
177279,-109,4234,465
177280,-111,4238,508
177281,-107,4242,530
177282,-100,4245,516
177283,-87,4240,472
177284,-74,4233,434
177285,-71,4235,422
177286,-69,4237,413
177287,-87,4196,467
177288,-102,4183,514
177289,-115,4182,532
177290,-111,4180,485
177291,-87,4175,417
177292,-82,4165,397
177293,-102,4159,421
177294,-116,4141,447
177295,-126,4111,477
177296,-137,4103,503
177297,-129,4110,517
177298,-111,4107,517
177299,-99,4094,530
177300,-108,4092,552
177301,-118,4100,544
177302,-114,4100,513
177303,-103,4097,491
177304,-96,4092,497
177305,-86,4085,507
177306,-58,4075,490
177307,-28,4068,466
177308,-12,4063,452
177309,-5,4055,449
177310,2,4051,455
177311,-5,4054,458
177312,-22,4065,451
177313,-15,4065,404
177314,-2,4063,361
177315,-5,4076,336
177316,0,4078,310
177317,5,4064,294
177318,-6,4056,290
177319,-9,4048,292
177320,-9,4036,290
177321,-25,4035,294
177322,-42,4037,295
177323,-54,4036,283
177324,-64,4034,267
177325,-90,4033,293
177326,-117,4033,328
177327,-136,4036,346
177328,-138,4035,357
177329,-152,4044,371
177330,-167,4066,385
177331,-148,4094,388
177332,-107,4112,381
177333,-84,4121,401
177334,-82,4140,447
177335,-76,4150,474
177336,-54,4158,479
177337,-31,4179,489
177338,-25,4198,530
177339,-29,4212,577
177340,-32,4209,603
177341,-27,4188,640
177342,-30,4179,704
177343,-41,4176,759
177344,-32,4159,783
177345,-5,4138,784
177346,7,4124,788
177347,-14,4111,812
177348,-38,4101,827
177349,-44,4098,829
177350,-41,4094,819
177351,-39,4093,789
177352,-40,4085,759
177353,-47,4069,748
177354,-55,4055,726
177355,-51,4026,680
177356,-51,3999,629
177357,-68,3992,578
177358,-82,3996,532
177359,-80,4005,483
177360,-74,4020,426
177361,-61,4033,363
177362,-29,4048,269
177363,-25,4063,256
177364,-30,4073,259
177365,-45,4075,268
177366,-54,4080,272
177367,-59,4077,264
177368,-73,4063,279
177369,-85,4055,313
177370,-81,4051,326
177371,-66,4048,331
177372,-62,4051,326
177373,-61,4040,317
177374,-56,4029,314
177375,-56,4036,323
177376,-74,4038,361
177377,-104,4032,410
177380,-117,4046,453
177381,-107,4051,461
177382,-101,4069,463
177383,-87,4082,451
177384,-74,4088,424
177385,-73,4099,410
177386,-87,4115,411
177387,-95,4132,408
177388,-91,4149,399
177389,-93,4164,394
177390,-111,4187,435
177391,-114,4185,443
177392,-104,4188,431
177393,-81,4192,399
177394,-82,4192,395
177395,-109,4194,418
177396,-121,4192,438
177397,-121,4191,446
177398,-127,4181,442
177399,-145,4167,457
177400,-162,4149,495
177401,-171,4139,518
177402,-164,4130,497
177403,-141,4115,465
177404,-134,4111,445
177405,-141,4123,432
177406,-136,4131,409
177407,-113,4125,367
177408,-102,4123,336
177409,-112,4128,338
177410,-118,4131,347
177411,-118,4132,330
177412,-120,4130,310
177413,-122,4141,312
177414,-124,4159,308
177415,-117,4162,296
177416,-114,4172,304
177417,-132,4191,342
177418,-145,4205,350
177419,-143,4203,328
177420,-139,4193,325
177421,-136,4195,340
177422,-143,4205,376
177423,-148,4205,392
177424,-136,4198,379
177425,-133,4196,375
177426,-140,4199,388
177427,-153,4212,429
177428,-161,4205,426
177429,-151,4206,398
177430,-133,4216,366
177431,-129,4245,346
177432,-138,4278,332
177433,-145,4295,319
177434,-136,4298,291
177435,-127,4302,256
177436,-120,4308,221
177437,-98,4315,196
177438,-86,4321,187
177439,-87,4328,196
177440,-84,4329,219
177441,-70,4322,234
177442,-40,4313,241
177443,-12,4300,253
177444,-2,4287,272
177445,1,4275,291
177446,17,4262,323
177447,25,4244,359
177448,25,4232,390
177449,45,4227,388
177450,73,4216,360
177451,85,4210,344
177452,82,4201,358
177453,75,4186,382
177454,72,4174,384
177455,63,4164,378
177456,51,4155,387
177457,33,4147,415
177458,11,4145,436
177459,-7,4141,447
177460,-24,4133,469
177461,-40,4135,479
177462,-37,4136,474
177463,-20,4148,449
177464,-17,4146,427
177465,-19,4143,422
177466,-19,4131,453
177467,-36,4133,515
177468,-63,4153,557
177469,-68,4154,565
177470,-70,4146,563
177471,-76,4144,581
177472,-77,4147,608
177473,-79,4146,616
177474,-77,4134,617
177475,-77,4121,629
177476,-82,4117,635
177477,-72,4114,614
177478,-48,4110,582
177479,-36,4110,562
177480,-47,4108,565
177481,-54,4101,571
177482,-52,4082,576
177483,-68,4058,602
177484,-97,4047,651
177485,-112,4050,685
177486,-105,4053,685
177487,-84,4050,653
177488,-56,4063,583
177489,-15,4087,497
177490,-1,4107,434
177491,-40,4128,408
177492,-73,4123,403
177493,-70,4088,417
177494,-60,4057,431
177495,-66,4041,423
177496,-74,4043,418
177497,-77,4057,405
177498,-65,4055,407
177499,-59,4049,445
177500,-34,4049,442
177501,-4,4031,429
177502,9,4014,422
177503,5,3999,433
177504,-18,3992,474
177505,-41,3999,519
177506,-33,4004,544
177507,-14,4004,551
177508,-17,4014,552
177509,-29,4039,550
177510,-4,4066,514
177511,44,4075,461
177512,71,4076,431
177513,66,4092,430
177514,50,4093,452
177515,20,4086,490
177516,-23,4093,534
177517,-54,4093,567
177518,-72,4088,556
177519,-80,4083,522
177520,-76,4088,480
177521,-66,4098,436
177522,-54,4101,398
177523,-55,4112,370
177524,-51,4137,343
177525,-32,4152,314
177526,-23,4163,303
177527,-20,4179,310
177528,-12,4194,325
177529,-6,4201,335
177530,-7,4202,338
177531,-14,4208,327
177532,-8,4211,311
177533,10,4211,298
177534,30,4214,287
177535,51,4213,284
177536,69,4217,298
177537,73,4221,274
177538,72,4208,251
177539,42,4199,268
177540,-12,4204,316
177541,-57,4202,346
177542,-89,4194,344
177543,-103,4196,325
177544,-102,4195,309
177545,-111,4195,323
177546,-127,4191,356
177547,-136,4183,381
177548,-142,4184,381
177549,-143,4192,375
177550,-134,4193,371
177551,-127,4176,348
177552,-135,4169,337
177553,-142,4176,336
177554,-136,4187,322
177555,-113,4189,276
177556,-71,4170,221
177557,-41,4161,198
177558,-44,4174,197
177559,-47,4175,200
177560,-56,4166,205
177561,-76,4166,206
177562,-75,4166,205
177563,-68,4159,200
177564,-76,4161,206
177565,-94,4174,227
177566,-114,4179,231
177567,-131,4184,208
177568,-126,4189,182
177569,-115,4186,165
177570,-120,4183,171
177571,-140,4192,194
177572,-150,4197,199
177573,-152,4196,216
177574,-179,4198,239
177575,-185,4177,264
177576,-183,4171,279
177577,-174,4170,287
177578,-161,4159,319
177579,-147,4158,369
177580,-128,4157,408
177581,-115,4141,419
177582,-108,4126,418
177583,-98,4129,416
177584,-81,4123,420
177585,-70,4119,412
177586,-65,4132,379
177587,-58,4145,355
177588,-44,4165,327
177589,-21,4185,303
177590,-15,4204,297
177591,-20,4239,290
177592,-9,4295,286
177593,-15,4344,278
177594,-33,4346,260
177595,-25,4314,235
177596,-2,4302,226
177597,9,4314,242
177598,20,4307,261
177599,32,4291,269
177600,29,4284,290
177601,17,4273,344
177602,-6,4271,392
177603,-26,4275,398
177604,-42,4260,361
177605,-74,4238,318
177606,-128,4230,317
177607,-185,4225,330
177608,-224,4205,339
177609,-242,4185,376
177610,-236,4171,430
177611,-201,4153,428
177612,-176,4137,430
177613,-177,4139,436
177614,-180,4146,439
177615,-182,4148,436
177616,-191,4157,407
177617,-196,4169,380
177618,-187,4177,363
177619,-170,4180,345
177620,-165,4182,326
177621,-161,4182,309
177622,-150,4173,296
177623,-145,4161,284
177624,-145,4149,286
177625,-148,4148,295
177626,-145,4155,303
177627,-136,4153,302
177628,-121,4139,297
177629,-98,4120,304
177630,-82,4063,208
177631,-19,4047,138
177632,20,4101,269
177633,-2,4107,377
177634,1,4072,387
177635,-15,4037,418
177636,-60,4035,501
177637,-86,4050,584
177638,-77,4041,609
177639,-65,4019,592
177640,-71,4006,585
177641,-63,3996,570
177642,-34,3982,531
177643,-21,3988,486
177644,-27,3995,461
177645,-21,3986,453
177646,-4,3986,440
177647,16,3996,431
177648,10,4013,425
177649,7,4017,407
177650,0,4010,392
177651,-24,4016,394
177652,-62,4037,396
177653,-88,4046,376
177654,-100,4044,358
177655,-114,4052,361
177656,-127,4067,379
177657,-128,4080,398
177658,-118,4086,408
177659,-108,4092,415
177660,-99,4094,422
177661,-90,4091,425
177662,-79,4090,421
177663,-73,4093,432
177664,-72,4101,476
177665,-59,4104,505
177666,-47,4107,506
177667,-46,4113,506
177668,-60,4114,510
177669,-72,4112,501
177670,-65,4111,494
177671,-59,4114,506
177672,-58,4119,528
177673,-50,4121,560
177674,-50,4121,599
177675,-74,4130,643
177676,-110,4140,675
177677,-129,4138,674
177678,-113,4132,638
177679,-82,4130,604
177680,-61,4124,592
177681,-45,4113,584
177682,-22,4105,570
177683,3,4102,545
177684,33,4080,536
177685,26,4064,544
177686,7,4054,540
177687,-17,4051,547
177688,-29,4049,558
177689,-22,4043,563
177690,-18,4046,574
177691,-23,4055,583
177692,-19,4055,593
177693,-13,4054,612
177694,-13,4062,624
177695,-12,4065,604
177696,5,4062,565
177697,26,4066,535
177698,34,4079,515
177699,40,4097,501
177700,45,4103,494
177701,36,4101,494
177702,17,4101,476
177703,1,4096,474
177704,-15,4097,489
177705,-34,4104,501
177706,-46,4105,500
177707,-42,4092,469
177708,-45,4071,451
177709,-71,4072,454
177710,-82,4080,457
177711,-64,4080,437
177712,-34,4086,391
177713,-13,4088,360
177714,-26,4077,365
177715,-55,4072,394
177716,-78,4075,422
177717,-104,4081,447
177718,-135,4100,441
177719,-143,4109,396
177720,-135,4104,355
177721,-155,4124,387
177722,-156,4136,392
177723,-135,4138,371
177724,-119,4138,381
177725,-130,4145,419
177726,-144,4149,456
177727,-143,4146,462
177728,-126,4134,443
177729,-118,4116,428
177730,-120,4111,409
177731,-104,4108,373
177732,-74,4103,316
177733,-52,4100,271
177734,-46,4102,247
177735,-41,4100,227
177736,-32,4096,207
177737,-25,4097,192
177738,-29,4104,184
177739,-35,4112,180
177740,-34,4110,162
177741,-42,4108,144
177742,-53,4119,140
177743,-53,4137,124
177744,-57,4148,103
177745,-65,4154,98
177746,-66,4170,115
177747,-81,4191,131
177748,-114,4209,131
177749,-139,4223,125
177750,-154,4241,128
177751,-163,4255,151
177752,-188,4254,227
177753,-236,4233,326
177754,-261,4206,373
177755,-243,4198,353
177756,-209,4211,337
177757,-183,4263,395
177758,-147,4282,374
177759,-75,4281,359
177760,-13,4278,389
177761,21,4284,434
177762,58,4279,458
177763,106,4255,461
177764,126,4241,479
177765,99,4233,516
177766,55,4230,530
177767,29,4221,483
177768,14,4202,422
177769,-29,4191,403
177770,-93,4189,430
177771,-151,4203,470
177772,-189,4220,485
177773,-200,4220,491
177774,-205,4213,499
177775,-206,4212,501
177776,-187,4217,487
177777,-163,4229,464
177778,-151,4239,434
177779,-132,4238,414
177780,-102,4245,404
177781,-56,4264,333
177782,14,4265,210
177783,63,4260,128
177784,59,4268,115
177785,50,4272,121
177786,54,4265,107
177787,50,4269,79
177788,37,4267,60
177789,13,4247,76
177790,-27,4235,117
177791,-66,4229,141
177792,-86,4218,154
177793,-91,4205,171
177794,-99,4188,217
177795,-106,4177,240
177796,-110,4158,260
177797,-99,4137,277
177798,-87,4122,298
177799,-98,4106,345
177800,-134,4108,407
177801,-159,4122,417
177802,-145,4127,361
177803,-125,4129,300
177804,-117,4137,277
177805,-115,4138,285
177806,-109,4129,283
177807,-103,4133,265
177808,-107,4137,264
177809,-108,4138,267
177810,-95,4149,236
177811,-69,4151,187
177812,-49,4140,165
177813,-64,4139,186
177814,-96,4145,241
177815,-111,4153,278
177816,-91,4156,252
177817,-47,4140,206
177818,-22,4130,171
177819,-22,4129,163
177820,-29,4117,156
177821,-34,4093,146
177822,-44,4078,166
177823,-58,4085,194
177824,-64,4078,205
177825,-64,4058,218
177826,-62,4053,239
177827,-65,4055,239
177828,-66,4057,232
177829,-68,4064,234
177830,-74,4074,253
177831,-73,4066,264
177832,-59,4054,251
177833,-59,4052,249
177834,-70,4063,267
177835,-86,4072,293
177836,-111,4071,322
177837,-133,4077,351
177838,-129,4080,363
177839,-108,4074,388
177840,-98,4085,419
177841,-91,4105,425
177842,-75,4111,423
177843,-63,4111,430
177844,-65,4115,452
177845,-58,4125,464
177846,-44,4124,446
177847,-46,4109,438
177848,-66,4103,463
177849,-82,4106,508
177850,-87,4094,532
177851,-83,4076,528
177852,-79,4069,522
177853,-80,4056,512
177854,-77,4052,511
177855,-78,4064,513
177856,-78,4067,512
177857,-74,4063,503
177858,-64,4067,482
177859,-46,4080,461
177860,-23,4092,420
177861,0,4099,382
177862,3,4106,382
177863,-12,4113,403
177864,-21,4119,410
177865,-19,4125,383
177866,-16,4127,359
177867,-34,4121,367
177868,-65,4124,357
177869,-67,4114,332
177870,-79,4109,304
177871,-86,4105,283
177872,-98,4091,270
177873,-128,4098,269
177874,-136,4114,265
177875,-114,4113,239
177876,-103,4118,212
177877,-111,4135,201
177878,-118,4154,182
177879,-114,4166,144
177880,-107,4177,113
177881,-104,4192,110
177882,-95,4210,107
177883,-69,4218,92
177884,-55,4218,90
177885,-70,4226,113
177886,-100,4242,150
177887,-117,4249,174
177888,-118,4237,204
177889,-144,4232,272
177890,-187,4238,353
177891,-194,4237,382
177892,-148,4231,355
177893,-94,4239,314
177894,-52,4258,292
177895,0,4261,273
177896,45,4255,257
177897,52,4255,263
177898,41,4249,267
177899,37,4240,266
177900,36,4239,255
177901,28,4244,245
177902,10,4243,237
177903,2,4233,230
177904,0,4223,236
177905,-24,4218,256
177906,-101,4213,339
177907,-124,4211,363
177908,-130,4199,362
177909,-124,4193,348
177910,-109,4198,332
177911,-91,4199,321
177912,-70,4198,320
177913,-48,4192,334
177914,-41,4175,380
177915,-48,4174,433
177916,-66,4186,464
177917,-78,4189,478
177918,-76,4200,473
177919,-63,4219,432
177920,-41,4214,384
177921,-30,4207,384
177922,-40,4214,429
177923,-48,4219,475
177924,-35,4211,498
177925,-22,4203,505
177926,-30,4208,515
177927,-42,4216,517
177928,-35,4209,481
177929,-17,4195,412
177930,-4,4186,363
177931,14,4176,346
177932,30,4161,333
177933,33,4156,313
177934,35,4150,283
177935,33,4136,269
177936,13,4130,274
177937,-6,4114,294
177938,-19,4096,318
177939,-35,4095,332
177940,-36,4091,344
177941,-45,4093,355
177942,-75,4125,377
177943,-76,4125,400
177944,-87,4133,426
177945,-100,4137,446
177946,-103,4142,459
177947,-107,4151,471
177948,-112,4148,484
177949,-110,4143,484
177950,-104,4146,478
177951,-111,4154,494
177952,-132,4166,513
177953,-153,4169,537
177954,-176,4173,571
177955,-180,4186,580
177956,-147,4190,549
177957,-103,4176,494
177958,-78,4174,468
177959,-72,4184,473
177960,-55,4180,471
177961,-28,4165,451
177962,-3,4150,430
177963,12,4143,435
177964,13,4144,447
177965,19,4145,453
177966,19,4142,476
177967,-6,4141,505
177968,-40,4142,520
177969,-52,4131,513
177970,-41,4110,494
177971,-38,4106,487
177972,-55,4120,505
177973,-64,4137,513
177974,-53,4159,488
177975,-31,4185,453
177976,-4,4194,423
177977,11,4189,414
177978,-3,4180,445
177979,-82,4203,558
177980,-80,4217,530
177981,-36,4217,446
177982,8,4222,354
177983,38,4217,282
177984,43,4210,261
177985,37,4203,272
177986,32,4181,297
177987,26,4164,323
177988,22,4164,320
177989,23,4145,300
177990,5,4114,305
177991,-47,4104,338
177992,-88,4098,369
177993,-99,4075,376
177994,-111,4059,372
177995,-131,4056,364
177996,-145,4051,347
177997,-143,4045,337
177998,-136,4051,329
177999,-130,4056,314
178000,-124,4052,305
178001,-114,4052,308
178002,-107,4056,299
178003,-93,4059,275
178004,-77,4056,267
178005,-80,4056,279
178006,-98,4068,304
178007,-110,4073,315
178008,-92,4069,305
178009,-65,4072,287
178010,-43,4075,272
178011,-23,4073,268
178012,-14,4072,294
178013,-16,4075,328
178014,-29,4079,347
178015,-44,4079,359
178016,-48,4071,348
178017,-49,4056,363
178018,-52,4047,378
178019,-59,4050,381
178020,-63,4056,379
178021,-62,4049,377
178022,-53,4043,392
178023,-48,4049,415
178024,-48,4052,423
178025,-46,4048,417
178026,-41,4044,405
178027,-36,4036,391
178028,-35,4033,382
178029,-34,4045,370
178030,-21,4058,354
178031,-7,4071,350
178032,-12,4077,361
178033,-17,4081,373
178034,-9,4088,365
178035,-4,4092,357
178036,-28,4090,368
178037,-62,4101,375
178038,-62,4116,367
178039,-49,4125,350
178040,-50,4144,330
178041,-44,4154,316
178042,-39,4150,314
178043,-61,4148,347
178044,-90,4147,409
178045,-105,4144,437
178046,-95,4134,405
178047,-68,4116,362
178048,-62,4117,357
178049,-77,4128,382
178050,-90,4124,409
178051,-100,4121,422
178052,-74,4146,398
178053,-56,4165,404
178054,-62,4182,436
178055,-85,4200,443
178056,-85,4204,418
178057,-65,4193,390
178058,-40,4180,366
178059,-25,4173,361
178060,-33,4180,385
178061,-37,4188,395
178062,-22,4184,376
178063,-14,4177,354
178064,-17,4179,335
178065,-15,4177,308
178066,-9,4171,288
178067,-33,4173,289
178068,-77,4171,292
178069,-102,4154,293
178070,-117,4150,286
178071,-134,4164,273
178072,-141,4166,266
178073,-137,4156,266
178074,-125,4145,263
178075,-119,4139,252
178076,-123,4134,253
178077,-123,4130,266
178078,-108,4123,270
178079,-82,4110,264
178080,-73,4104,273
178081,-76,4095,290
178082,-82,4084,306
178083,-93,4086,324
178084,-110,4094,346
178085,-120,4096,356
178086,-115,4093,349
178087,-101,4095,339
178088,-82,4102,330
178089,-33,4097,311
178090,-23,4093,319
178091,-28,4095,339
178092,-29,4104,340
178093,-12,4114,317
178094,0,4121,312
178095,-17,4131,332
178096,-50,4141,355
178097,-75,4142,380
178098,-85,4136,401
178099,-89,4134,417
178100,-108,4132,431
178101,-133,4124,445
178102,-142,4123,453
178103,-138,4112,467
178104,-137,4085,514
178105,-142,4073,577
178106,-147,4062,622
178107,-152,4043,642
178108,-161,4044,667
178109,-163,4051,690
178110,-157,4045,709
178111,-151,4040,752
178112,-140,4039,779
178113,-125,4044,764
178114,-100,4040,725
178115,-74,4036,674
178116,-58,4055,621
178117,-47,4085,577
178118,-35,4104,543
178119,-21,4110,501
178120,-20,4129,487
178121,-32,4158,499
178122,-50,4176,503
178123,-64,4178,502
178124,-81,4191,507
178125,-94,4214,504
178126,-69,4214,494
178127,-63,4223,530
178128,-72,4234,560
178129,-71,4231,563
178130,-69,4220,567
178131,-72,4217,564
178132,-51,4206,533
178133,-20,4185,506
178134,-10,4174,499
178135,-16,4170,504
178136,-34,4159,504
178137,-60,4146,491
178138,-72,4132,480
178139,-86,4116,480
178140,-101,4114,474
178141,-122,4122,449
178142,-174,4148,422
178143,-185,4189,390
178144,-125,4195,332
178145,-70,4163,265
178146,-48,4139,217
178147,-26,4137,180
178148,10,4133,148
178149,29,4121,128
178150,6,4107,134
178151,-30,4087,162
178152,-67,4074,194
178153,-101,4086,210
178154,-103,4107,208
178155,-89,4112,196
178156,-92,4113,192
178157,-96,4113,180
178158,-87,4097,145
178159,-77,4082,123
178160,-82,4082,116
178161,-79,4075,106
178162,-67,4051,91
178163,-93,4043,130
178164,-109,4052,128
178165,-122,4070,95
178166,-136,4102,60
178167,-146,4139,48
178168,-146,4173,51
178169,-137,4196,19
178170,-128,4224,-12
178171,-116,4248,-15
178172,-94,4254,-12
178173,-79,4249,-3
178174,-89,4254,32
178175,-112,4269,82
178176,-143,4287,124
178177,-178,4308,171
178178,-182,4299,209
178179,-141,4247,240
178180,-89,4210,274
178181,-44,4197,286
178182,-16,4177,283
178183,-23,4165,301
178184,-60,4159,334
178185,-90,4148,346
178186,-94,4143,314
178187,-89,4138,261
178188,-84,4120,224
178189,-79,4104,201
178190,-59,4098,163
178191,-23,4092,125
178192,-6,4090,107
178193,-16,4085,125
178194,-42,4080,166
178195,-70,4076,182
178196,-81,4066,146
178197,-87,4077,122
178198,-96,4101,103
178199,-100,4127,95
178200,-101,4139,99
178201,-98,4144,110
178202,-91,4168,131
178204,-70,4203,126
178205,-21,4207,89
178206,7,4201,91
178207,-17,4221,144
178208,-37,4231,164
178209,-22,4208,147
178210,-5,4200,137
178211,-7,4214,159
178212,-13,4233,183
178213,-11,4237,174
178214,-11,4245,172
178215,-12,4270,191
178216,-15,4270,219
178217,-17,4223,251
178218,-5,4186,277
178219,-3,4206,295
178220,-25,4241,319
178221,-109,4260,398
178222,-135,4241,408
178223,-140,4210,429
178224,-162,4210,475
178225,-171,4228,503
178226,-129,4247,484
178227,-37,4272,394
178228,89,4284,303
178229,184,4285,270
178230,237,4299,282
178231,291,4303,296
178232,339,4303,280
178233,345,4314,267
178234,308,4317,270
178235,256,4318,292
178236,198,4322,311
178237,143,4320,302
178238,82,4307,281
178239,15,4289,276
178240,-51,4281,281
178241,-97,4263,270
178242,-123,4235,259
178243,-147,4208,254
178244,-167,4175,266
178245,-184,4146,297
178246,-191,4127,334
178247,-185,4133,357
178248,-159,4155,350
178249,-118,4156,316
178250,-99,4142,289
178251,-98,4138,329
178252,-100,4149,369
178253,-75,4153,344
178254,-20,4131,299
178255,6,4116,295
178256,0,4123,321
178257,-1,4123,342
178258,-11,4104,387
178259,-14,4106,394
178260,7,4101,370
178261,32,4092,333
178262,37,4091,301
178263,33,4095,278
178264,42,4099,256
178265,51,4098,230
178266,62,4090,198
178267,66,4088,180
178268,50,4080,166
178269,44,4069,161
178270,45,4073,173
178271,31,4075,190
178272,26,4068,204
178273,35,4060,209
178274,34,4053,222
178275,7,4040,258
178276,-24,4028,306
178277,-41,4026,341
178278,-51,4037,356
178279,-56,4055,365
178280,-55,4063,372
178281,-48,4065,372
178282,-32,4069,362
178283,-2,4066,348
178284,40,4059,347
178285,58,4066,374
178286,42,4089,409
178287,37,4100,426
178288,50,4091,423
178289,49,4084,429
178290,29,4091,458
178291,17,4098,466
178292,16,4096,470
178293,9,4098,476
178294,15,4097,459
178295,43,4084,435
178296,50,4079,455
178297,38,4073,480
178298,12,4066,512
178299,-21,4070,548
178300,-52,4090,570
178301,-62,4104,577
178302,-44,4112,558
178303,-18,4126,528
178304,1,4140,527
178305,2,4156,557
178306,-4,4179,590
178307,3,4204,603
178308,31,4234,576
178309,72,4261,521
178310,111,4276,463
178311,133,4285,423
178312,131,4299,409
178313,111,4300,397
178314,89,4290,382
178315,61,4273,357
178316,31,4252,355
178317,-3,4246,366
178318,-37,4236,357
178319,-59,4209,358
178320,-85,4191,359
178321,-115,4187,355
178322,-130,4188,353
178323,-134,4180,349
178324,-140,4160,340
178325,-147,4149,332
178326,-146,4136,335
178327,-146,4127,329
178328,-139,4120,304
178329,-116,4122,270
178330,-84,4130,228
178331,-51,4112,185
178332,-58,4109,195
178333,-62,4100,222
178334,-67,4089,250
178335,-75,4086,280
178336,-82,4084,302
178337,-84,4076,298
178338,-73,4061,289
178339,-65,4053,300
178340,-57,4060,314
178341,-36,4066,306
178342,-7,4066,301
178343,6,4069,333
178344,-10,4070,354
178345,-14,4057,339
178346,-4,4045,313
178347,-3,4049,289
178348,-15,4059,273
178349,-36,4071,272
178350,-47,4083,254
178351,-38,4084,228
178352,-28,4085,212
178353,-28,4087,191
178354,-17,4086,176
178355,-4,4086,161
178356,-9,4093,140
178357,-23,4101,124
178358,-32,4102,112
178359,-29,4100,108
178360,-27,4095,141
178361,-51,4094,217
178362,-97,4104,305
178363,-114,4117,336
178364,-89,4116,305
178365,-59,4119,270
178366,-39,4137,260
178367,-30,4140,279
178368,-36,4127,367
178369,-44,4132,432
178370,-41,4134,476
178371,-50,4138,488
178372,-67,4160,479
178373,-59,4180,472
178374,-37,4191,469
178375,-9,4199,456
178376,29,4198,436
178377,60,4199,437
178378,81,4208,441
178379,94,4213,442
178380,103,4229,424
178381,111,4243,370
178382,99,4246,338
178383,72,4259,327
178384,61,4255,306
178385,43,4237,307
178386,-3,4236,342
178387,-48,4240,369
178388,-61,4244,372
178389,-51,4246,356
178390,-52,4240,345
178391,-76,4230,366
178392,-98,4214,398
178393,-95,4188,412
178394,-80,4164,415
178395,-69,4163,421
178396,-49,4174,416
178397,-18,4172,389
178398,-1,4163,365
178399,-12,4163,358
178400,-31,4164,363
178401,-37,4166,340
178402,-19,4159,284
178403,3,4142,253
178404,-38,4124,337
178405,-74,4125,396
178406,-106,4129,450
178407,-126,4132,471
178408,-122,4136,448
178409,-111,4139,410
178410,-88,4143,376
178411,-58,4147,345
178412,-46,4149,325
178413,-40,4153,311
178414,-38,4148,310
178415,-43,4139,327
178416,-49,4138,340
178417,-51,4133,338
178418,-47,4119,319
178419,-52,4100,316
178420,-70,4087,345
178421,-85,4093,379
178422,-86,4099,389
178423,-70,4093,379
178424,-58,4099,380
178425,-66,4112,400
178426,-89,4119,434
178427,-114,4127,462
178428,-133,4128,493
178429,-152,4139,522
178430,-134,4149,518
178431,-97,4140,508
178432,-90,4144,517
178433,-100,4148,556
178434,-103,4142,588
178435,-81,4136,583
178436,-50,4135,558
178437,-18,4141,521
178438,8,4144,492
178439,28,4138,483
178440,45,4133,491
178441,45,4136,446
178442,30,4128,429
178443,7,4132,428
178444,0,4132,411
178445,8,4110,372
178446,24,4092,344
178447,26,4087,349
178448,8,4080,394
178449,-15,4073,442
178450,-26,4064,447
178451,-25,4045,435
178452,-25,4041,433
178453,-13,4046,417
178454,-3,4055,395
178455,4,4068,379
178456,24,4071,381
178457,40,4076,392
178458,46,4092,354
178459,77,4099,270
178460,113,4103,208
178461,117,4115,187
178462,98,4115,204
178463,70,4116,254
178464,41,4127,313
178465,19,4124,377
178466,-7,4114,434
178467,-29,4109,458
178468,-39,4112,447
178469,-21,4120,459
178470,-1,4104,501
178471,27,4099,531
178472,72,4099,497
178473,135,4088,404
178474,185,4081,325
178475,200,4077,288
178476,183,4076,279
178477,157,4073,289
178478,117,4063,318
178479,71,4064,348
178480,40,4065,365
178481,24,4067,369
178482,15,4074,374
178483,-10,4082,405
178484,-45,4098,444
178485,-69,4107,455
178486,-66,4102,452
178487,-57,4098,474
178488,-56,4114,529
178489,-40,4125,578
178490,-5,4126,553
178491,58,4127,453
178492,115,4127,375
178493,137,4138,360
178494,142,4134,393
178495,117,4119,481
178496,68,4123,562
178497,40,4120,593
178498,15,4106,607
178499,-15,4111,589
178500,-11,4100,585
178501,-6,4089,635
178502,-27,4105,691
178503,-45,4105,710
178504,-42,4080,701
178505,-46,4074,710
178506,-63,4093,739
178507,-39,4108,734
178508,-33,4128,717
178509,-10,4148,664
178510,24,4139,621
178511,37,4133,622
178512,38,4134,620
178513,35,4127,624
178514,15,4132,633
178515,11,4146,604
178516,19,4151,565
178517,11,4155,541
178518,1,4163,482
178519,7,4176,394
178520,17,4180,329
178521,-4,4182,312
178522,-31,4199,310
178523,-25,4200,281
178524,-2,4188,236
178525,16,4181,195
178526,22,4176,166
178527,10,4197,138
178528,-15,4236,115
178529,-37,4250,96
178530,-50,4239,102
178531,-52,4245,121
178532,-30,4234,105
178533,4,4196,113
178534,10,4187,151
178535,22,4174,173
178536,42,4156,200
178537,59,4161,203
178538,75,4160,188
178539,76,4158,185
178540,72,4163,163
178541,68,4169,126
178542,56,4186,110
178543,40,4190,125
178544,29,4185,159
178545,9,4187,214
178546,-9,4184,288
178547,-27,4186,347
178548,-31,4182,375
178549,-45,4168,431
178550,-79,4177,505
178551,-99,4195,543
178552,-73,4205,516
178553,-12,4213,457
178554,40,4233,426
178555,69,4256,419
178556,83,4251,408
178557,75,4236,411
178558,51,4243,423
178559,44,4246,418
178560,41,4246,404
178561,51,4252,353
178562,67,4249,274
178563,73,4241,234
178564,59,4244,242
178565,53,4245,249
178566,58,4227,271
178567,37,4226,303
178568,31,4232,291
178569,52,4224,274
178570,51,4216,311
178571,38,4221,354
178572,55,4225,316
178573,98,4209,258
178574,114,4213,238
178575,101,4237,230
178576,81,4239,249
178577,60,4239,283
178578,41,4247,296
178579,39,4247,282
178580,45,4247,254
178581,22,4255,230
178582,14,4261,234
178583,2,4266,263
178584,0,4256,282
178585,12,4232,297
178586,12,4228,327
178587,3,4218,369
178588,-25,4202,432
178589,-53,4204,466
178590,-51,4198,467
178591,-36,4191,462
178592,-25,4198,452
178593,-8,4208,434
178594,28,4223,370
178595,81,4219,286
178596,83,4198,258
178597,53,4199,267
178598,46,4208,276
178599,32,4201,271
178600,7,4189,266
178601,-28,4175,288
178602,-55,4165,313
178603,-76,4172,321
178604,-93,4177,310
178605,-100,4176,294
178606,-102,4187,273
178607,-89,4186,265
178608,-63,4179,265
178609,-33,4177,246
178610,-15,4172,223
178611,-10,4179,203
178612,-6,4167,199
178613,-12,4148,226
178614,-24,4148,259
178615,-32,4147,287
178616,-80,4129,345
178617,-80,4132,298
178618,-47,4120,229
178619,-20,4114,206
178620,-4,4117,188
178621,13,4110,155
178622,16,4097,130
178623,6,4081,137
178624,-6,4075,168
178625,-7,4094,153
178626,0,4104,117
178627,-8,4108,104
178628,-25,4121,123
178629,-41,4127,152
178630,-51,4132,143
178631,-33,4125,84
178632,-11,4095,54
178633,-15,4078,92
178634,-25,4072,150
178635,-27,4059,208
178636,-36,4056,276
178637,-47,4069,317
178638,-37,4073,304
178639,-8,4074,264
178640,30,4082,230
178641,58,4083,213
178642,72,4076,203
178643,61,4068,240
178644,52,4067,317
178645,60,4055,403
178646,62,4046,490
178647,57,4057,560
178648,52,4069,593
178649,53,4082,594
178650,51,4100,578
178651,59,4125,577
178652,90,4128,569
178653,120,4117,570
178654,134,4110,590
178655,122,4119,592
178656,106,4130,552
178657,111,4126,498
178658,107,4125,470
178659,103,4129,446
178660,114,4121,404
178661,137,4114,362
178662,141,4111,345
178663,118,4108,342
178664,112,4109,324
178665,125,4114,304
178666,127,4114,299
178667,115,4112,310
178668,104,4112,322
178669,99,4100,354
178670,79,4090,400
178671,46,4092,440
178672,9,4099,494
178673,-21,4096,561
178674,-31,4084,616
178675,-30,4081,658
178676,-33,4094,698
178677,-24,4103,714
178678,-5,4098,708
178679,2,4102,703
178680,20,4119,661
178681,56,4124,590
178682,69,4111,561
178683,53,4107,562
178684,41,4096,579
178685,21,4074,615
178686,-15,4062,652
178687,-43,4061,661
178688,-57,4062,626
178689,-79,4068,632
178690,-85,4077,617
178691,-66,4070,572
178692,-38,4065,519
178693,-4,4068,470
178694,29,4069,437
178695,55,4075,402
178696,75,4094,358
178697,98,4120,311
178698,107,4132,271
178699,78,4141,263
178700,40,4146,273
178701,14,4134,295
178702,-6,4138,302
178703,-5,4154,270
178704,22,4153,225
178705,55,4145,210
178706,86,4138,214
178707,115,4119,224
178708,131,4105,252
178709,116,4110,288
178710,84,4121,302
178711,69,4130,292
178712,63,4143,303
178713,49,4158,347
178714,31,4148,407
178715,8,4124,467
178716,-4,4108,512
178717,1,4084,564
178718,1,4055,655
178719,-4,4048,748
178720,6,4037,815
178721,16,4021,892
178722,16,4022,977
178723,20,4031,1024
178724,49,4041,1023
178725,107,4026,1007
178726,103,4032,1040
178727,93,4061,1044
178728,103,4090,999
178729,130,4113,919
178730,165,4131,818
178731,178,4145,757
178732,155,4158,762
178733,122,4180,778
178734,110,4202,741
178735,112,4199,694
178736,105,4202,655
178737,96,4205,605
178738,89,4185,576
178739,75,4164,560
178740,60,4150,535
178741,62,4134,505
178742,81,4127,468
178743,98,4124,452
178744,100,4122,458
178745,96,4114,459
178746,80,4105,428
178747,61,4098,372
178748,49,4111,300
178749,59,4127,188
178750,73,4121,89
178751,70,4122,55
178752,46,4131,79
178753,10,4143,114
178754,-4,4162,116
178755,18,4173,74
178756,40,4172,34
178757,43,4187,10
178758,51,4202,-9
178759,56,4198,-3
178760,42,4202,24
178761,26,4208,52
178762,36,4223,85
178763,56,4239,107
178764,80,4252,117
178765,90,4256,149
178766,77,4266,206
178767,68,4274,266
178768,77,4280,335
178769,88,4294,431
178770,96,4305,512
178771,101,4277,536
178772,96,4219,536
178773,97,4181,521
178774,101,4156,492
178775,76,4139,488
178776,10,4153,510
178777,-46,4179,504
178778,-72,4192,472
178779,-88,4213,438
178780,-94,4235,407
178781,-86,4242,376
178782,-46,4233,325
178783,-6,4221,283
178784,-2,4218,261
178785,-2,4211,242
178786,14,4195,226
178787,32,4181,234
178788,37,4186,268
178789,24,4197,295
178790,18,4198,278
178791,20,4194,228
178792,21,4190,198
178793,25,4183,180
178794,22,4166,182
178795,1,4158,213
178796,-22,4162,253
178797,-40,4169,278
178798,-35,4179,259
178799,7,4177,211
178800,-15,4197,233
178801,-24,4187,235
178802,-6,4146,235
178803,5,4133,265
178804,1,4141,327
178805,-18,4143,407
178806,-45,4149,489
178807,-46,4158,526
178808,-15,4152,525
178809,5,4150,546
178810,5,4159,589
178811,-3,4157,626
178812,-12,4147,650
178813,-15,4139,679
178814,-15,4136,728
178815,-20,4124,774
178816,-29,4114,781
178817,-31,4123,747
178818,-10,4134,650
178819,33,4123,525
178820,59,4123,440
178821,69,4142,383
178822,81,4136,355
178823,60,4123,378
178824,24,4128,397
178825,-6,4120,377
178826,-34,4108,361
178827,-57,4116,346
178828,-65,4125,290
178829,-50,4114,218
178830,-20,4115,159
178831,4,4129,142
178832,2,4134,172
178833,0,4140,174
178834,25,4130,135
178835,34,4113,136
178836,-19,4124,205
178837,-24,4123,220
178838,-30,4131,241
178839,-43,4135,265
178840,-48,4135,297
178841,-36,4140,314
178842,-22,4140,337
178843,-21,4135,395
178844,-5,4136,423
178845,24,4130,423
178846,47,4130,439
178847,64,4136,468
178848,65,4132,508
178849,42,4128,567
178850,8,4134,647
178851,-9,4144,708
178852,-4,4144,720
178853,15,4134,725
178854,25,4125,786
178855,19,4129,894
178856,22,4138,978
178857,43,4142,992
178858,72,4151,959
178859,110,4172,870
178860,156,4187,776
178861,167,4204,742
178862,144,4226,721
178863,132,4229,697
178864,132,4227,656
178865,124,4229,594
178866,92,4229,561
178867,66,4229,537
178868,58,4216,492
178869,41,4201,438
178870,31,4190,394
178871,17,4191,367
178872,-3,4193,328
178873,-16,4183,283
178874,-29,4183,197
178875,-25,4161,167
178876,-27,4143,147
178877,-26,4127,138
178878,-20,4103,143
178879,-13,4082,163
178880,-18,4064,176
178881,-37,4057,177
178882,-61,4055,183
178883,-85,4043,228
178884,-105,4049,288
178885,-109,4067,297
178886,-84,4070,258
178887,-55,4072,258
178888,-55,4091,292
178889,-52,4098,291
178890,-20,4097,264
178891,14,4103,248
178892,25,4107,261
178893,20,4102,305
178894,16,4097,349
178895,13,4092,369
178896,17,4084,389
178897,29,4089,405
178898,46,4098,409
178899,57,4100,413
178900,67,4095,429
178901,77,4091,449
178902,79,4093,452
178903,80,4086,458
178904,68,4080,496
178905,49,4092,519
178906,49,4093,505
178907,49,4087,512
178908,-35,4116,629
178909,-67,4121,665
178910,-69,4109,699
178911,-79,4131,733
178912,-87,4168,728
178913,-75,4182,694
178914,-54,4188,644
178915,-26,4196,583
178916,23,4199,529
178917,71,4200,488
178918,93,4202,464
178919,91,4202,467
178920,69,4206,491
178921,35,4205,519
178922,-4,4196,538
178923,-31,4192,546
178924,-37,4184,539
178925,-40,4180,541
178926,-33,4202,503
178927,17,4208,407
178928,78,4193,354
178929,103,4200,354
178930,104,4210,348
178931,103,4213,315
178932,99,4219,281
178933,74,4220,277
178934,33,4214,295
178935,3,4190,335
178936,-20,4168,394
178937,-44,4161,425
178938,-63,4142,435
178939,-73,4124,460
178940,-90,4131,491
178941,-105,4131,495
178942,-100,4116,492
178943,-81,4108,498
178944,-56,4113,492
178945,-24,4110,500
178946,-25,4111,502
178947,-27,4115,498
178948,-10,4111,487
178949,5,4109,501
178950,4,4128,524
178951,3,4140,523
178952,6,4135,512
178953,15,4134,495
178954,23,4136,488
178955,34,4143,496
178956,42,4156,493
178957,40,4167,482
178958,36,4171,474
178959,37,4175,455
178960,48,4181,419
178961,42,4175,394
178962,16,4159,398
178963,-10,4153,415
178964,-24,4155,412
178965,-26,4150,382
178966,-29,4141,366
178967,-41,4126,392
178968,-56,4118,440
178969,-57,4106,479
178970,-53,4086,519
178971,-57,4082,568
178972,-62,4087,618
178973,-52,4092,634
178974,-29,4101,619
178975,-17,4112,605
178976,-10,4129,567
178977,14,4144,507
178978,44,4144,483
178979,54,4147,490
178980,59,4145,483
178981,72,4132,483
178982,77,4157,440
178983,99,4187,321
178984,128,4174,219
178985,96,4170,240
178986,74,4162,270
178987,66,4152,298
178988,46,4132,329
178989,18,4109,366
178990,-12,4096,411
178991,-39,4086,443
178992,-54,4078,469
178993,-63,4071,493
178994,-58,4061,512
178995,-48,4055,524
178996,-45,4061,527
178997,-41,4078,506
178998,-35,4088,465
178999,-35,4101,433
179000,-37,4109,406
179001,-33,4092,411
179002,-35,4087,445
179003,-45,4100,467
179004,-55,4106,478
179005,-60,4115,471
179006,-59,4123,443
179007,-49,4127,399
179008,-27,4145,351
179009,2,4166,312
179010,26,4169,298
179011,38,4162,297
179012,36,4152,310
179013,30,4150,331
179014,31,4153,320
179015,31,4148,313
179016,22,4139,328
179017,3,4128,337
179018,-19,4123,346
179019,-29,4126,357
179020,-40,4137,381
179021,-60,4146,423
179022,-72,4143,452
179023,-69,4129,465
179024,-69,4126,470
179025,-71,4137,471
179026,-64,4140,467
179027,-55,4132,453
179028,-43,4130,454
179029,-28,4136,465
179030,-4,4130,459
179031,21,4117,453
179032,32,4114,457
179033,33,4116,455
179034,34,4125,438
179035,48,4130,418
179036,56,4123,407
179037,54,4117,412
179038,50,4111,419
179039,48,4102,405
179040,54,4094,380
179041,57,4089,353
179042,54,4087,344
179043,45,4087,353
179044,49,4090,337
179045,63,4078,295
179046,57,4071,285
179047,40,4076,304
179048,35,4070,307
179049,32,4064,298
179050,17,4058,304
179051,-10,4056,329
179052,-25,4054,362
179053,-43,4040,408
179054,-82,4040,462
179055,-104,4051,497
179056,-98,4049,533
179057,-93,4072,587
179058,-61,4092,515
179059,4,4093,410
179060,51,4097,348
179061,63,4107,343
179062,75,4113,355
179063,100,4112,361
179064,116,4115,363
179065,112,4125,364
179066,97,4138,361
179067,97,4152,327
179068,105,4154,297
179069,96,4161,306
179070,79,4170,326
179071,80,4167,318
179072,88,4159,307
179073,85,4156,334
179074,78,4155,374
179075,67,4145,416
179076,42,4136,479
179077,10,4140,529
179078,-5,4150,544
179079,-2,4144,551
179080,-2,4137,551
179081,-15,4139,548
179082,-29,4140,574
179083,-36,4145,616
179084,-34,4147,638
179085,-25,4148,620
179086,-8,4147,591
179087,1,4151,574
179088,2,4164,544
179089,18,4163,503
179090,41,4157,472
179091,49,4152,460
179092,46,4144,475
179093,38,4146,485
179094,35,4153,464
179095,18,4176,410
179096,11,4185,389
179097,-6,4181,381
179098,-16,4180,369
179099,-18,4171,361
179100,-36,4170,361
179101,-55,4168,350
179102,-56,4154,316
179103,-35,4149,295
179104,-23,4151,327
179105,-36,4154,365
179106,-38,4159,360
179107,-13,4158,339
179108,18,4160,324
179109,47,4168,299
179110,68,4168,286
179111,72,4173,284
179112,57,4183,303
179113,39,4184,342
179114,28,4183,388
179115,21,4186,442
179116,10,4192,484
179117,1,4192,516
179118,-16,4191,539
179119,-30,4200,525
179120,-20,4190,504
179121,-10,4175,521
179122,-21,4166,555
179123,-38,4152,596
179124,-32,4154,604
179125,-7,4155,577
179126,19,4152,555
179127,45,4144,545
179128,54,4138,546
179129,45,4157,524
179130,52,4168,400
179131,50,4159,352
179132,43,4161,335
179133,27,4160,352
179134,0,4156,369
179135,-21,4145,372
179136,-40,4126,377
179137,-65,4112,391
179138,-85,4110,417
179139,-93,4103,451
179140,-96,4104,476
179141,-90,4117,465
179142,-74,4117,441
179143,-51,4113,421
179144,-23,4109,410
179145,0,4104,431
179146,9,4099,489
179147,1,4106,541
179148,4,4124,538
179149,21,4127,505
179150,25,4130,488
179151,21,4128,480
179152,20,4111,471
179153,16,4108,464
179154,11,4119,447
179155,20,4118,421
179156,28,4117,408
179157,19,4130,391
179158,17,4127,370
179159,23,4112,354
179160,26,4117,317
179161,24,4134,251
179162,27,4140,182
179163,25,4138,139
179164,16,4132,123
179165,-32,4097,140
179166,-77,4068,165
179167,-117,4055,189
179168,-150,4060,202
179169,-170,4070,221
179170,-175,4084,230
179171,-174,4093,234
179172,-170,4103,248
179173,-161,4119,270
179174,-139,4132,318
179175,-113,4143,371
179176,-92,4144,413
179177,-75,4150,447
179178,-52,4172,459
179179,-24,4183,461
179180,-3,4185,465
179181,18,4181,477
179182,28,4174,497
179183,25,4176,516
179184,21,4172,533
179185,11,4178,534
179186,-12,4188,525
179187,-28,4185,518
179188,-31,4189,520
179189,-34,4196,531
179190,-36,4198,543
179191,-33,4197,557
179192,-30,4196,565
179193,-30,4191,560
179194,-26,4171,555
179195,-23,4162,558
179196,-21,4160,558
179197,-18,4146,556
179198,-23,4141,561
179199,-31,4136,577
179200,-38,4120,615
179201,-46,4109,656
179202,-19,4089,673
179203,2,4076,651
179204,8,4071,619
179205,18,4073,577
179206,38,4073,524
179207,64,4079,454
179208,89,4085,389
179209,100,4090,344
179210,105,4102,294
179211,97,4107,255
179212,73,4108,248
179213,39,4112,270
179214,-1,4115,287
179215,-25,4114,291
179216,-36,4101,307
179217,-57,4096,346
179218,-84,4102,401
179219,-106,4099,471
179220,-114,4095,509
179221,-105,4088,511
179222,-99,4087,518
179223,-91,4099,516
179224,-67,4102,495
179225,-21,4094,461
179226,22,4085,420
179227,33,4084,388
179228,28,4078,379
179229,21,4073,395
179230,3,4083,409
179231,-24,4093,401
179232,-36,4099,364
179233,-34,4099,310
179234,-35,4100,273
179235,-37,4102,246
179236,-35,4103,232
179237,-28,4105,237
179238,-19,4112,252
179239,-37,4128,313
179240,-53,4137,339
179241,-69,4145,383
179242,-73,4157,430
179243,-68,4166,455
179244,-61,4167,458
179245,-57,4166,461
179246,-54,4164,472
179247,-39,4155,474
179248,-11,4144,473
179249,12,4130,486
179250,18,4114,508
179251,11,4117,509
179252,6,4134,462
179253,2,4135,401
179254,-16,4137,373
179255,-37,4139,383
179256,-60,4124,406
179257,-82,4120,416
179258,-87,4138,403
179259,-88,4155,369
179260,-81,4163,327
179261,-70,4179,279
179262,-56,4191,237
179263,-50,4194,212
179264,-63,4203,179
179265,-74,4210,138
179266,-79,4213,101
179267,-84,4225,72
179268,-100,4235,67
179269,-128,4238,71
179270,-144,4236,69
179271,-153,4232,65
179272,-158,4233,61
179273,-154,4229,64
179274,-133,4209,79
179275,-110,4195,100
179276,-96,4189,131
179277,-84,4180,169
179278,-70,4169,204
179279,-52,4166,207
179280,-40,4157,211
179281,-44,4154,231
179282,-44,4155,242
179283,-38,4155,249
179284,-37,4161,262
179285,-33,4162,283
179286,-30,4171,292
179287,-33,4175,309
179288,-56,4168,338
179289,-92,4159,381
179290,-122,4161,422
179291,-128,4164,408
179292,-106,4164,343
179293,-81,4167,295
179294,-63,4176,281
179295,-51,4180,279
179296,-35,4169,291
179297,-20,4154,312
179298,-20,4138,345
179299,-45,4130,365
179300,-73,4127,364
179301,-92,4119,362
179302,-94,4116,339
179303,-79,4112,305
179304,-60,4110,275
179305,-42,4107,273
179306,-40,4097,323
179307,-63,4096,394
179308,-76,4089,444
179309,-64,4088,480
179310,-49,4102,504
179311,-40,4094,533
179312,-45,4091,541
179313,-47,4089,540
179314,-40,4081,544
179315,-35,4078,576
179316,-44,4088,613
179317,-52,4093,628
179318,-49,4085,640
179319,-48,4088,639
179320,-48,4095,604
179321,-53,4092,557
179322,-60,4089,525
179323,-68,4093,501
179324,-76,4091,485
179325,-89,4084,494
179326,-100,4097,514
179327,-89,4109,513
179328,-63,4103,494
179329,-42,4103,488
179330,-34,4119,500
179331,-35,4151,501
179332,-29,4172,483
179333,-18,4184,464
179334,-5,4201,457
179335,4,4217,462
179336,9,4227,455
179337,17,4229,436
179338,29,4231,404
179339,32,4227,367
179340,30,4229,342
179341,30,4240,324
179342,36,4238,303
179343,32,4226,300
179344,8,4222,308
179345,-17,4219,317
179346,-34,4214,324
179347,-48,4212,328
179348,-96,4227,391
179349,-105,4238,407
179350,-106,4233,392
179351,-103,4207,395
179352,-109,4185,443
179353,-118,4186,487
179354,-109,4183,509
179355,-90,4174,529
179356,-86,4177,551
179357,-101,4176,580
179358,-106,4166,598
179359,-98,4154,592
179360,-89,4145,594
179361,-85,4151,608
179362,-77,4152,607
179363,-65,4134,621
179364,-57,4135,640
179365,-49,4142,631
179366,-44,4128,622
179367,-44,4120,629
179368,-49,4115,647
179369,-55,4102,680
179370,-59,4094,728
179371,-57,4097,760
179372,-46,4098,767
179373,-18,4096,765
179374,8,4098,755
179375,14,4097,733
179376,12,4096,703
179377,13,4098,677
179378,14,4099,659
179379,24,4091,639
179380,43,4095,600
179381,53,4102,554
179382,51,4105,525
179383,37,4120,500
179384,14,4134,475
179385,-22,4120,453
179386,-41,4110,446
179387,-54,4118,433
179388,-50,4123,390
179389,-35,4115,320
179390,-30,4112,278
179391,-34,4119,280
179392,-43,4123,283
179393,-48,4114,276
179394,-62,4111,280
179395,-82,4122,287
179396,-95,4121,287
179397,-107,4097,303
179398,-131,4073,350
179399,-172,4058,403
179400,-205,4053,431
179401,-208,4067,435
179402,-187,4082,422
179403,-154,4085,415
179404,-129,4071,427
179405,-107,4052,449
179406,-74,4038,461
179407,-48,4037,456
179408,-36,4047,453
179409,-27,4057,454
179410,-16,4073,432
179411,3,4084,396
179412,19,4089,359
179413,21,4096,316
179414,22,4100,271
179415,22,4111,238
179416,16,4120,229
179417,9,4119,238
179418,-2,4113,259
179419,-17,4113,286
179420,-24,4111,325
179421,-48,4112,373
179422,-99,4141,415
179423,-101,4132,454
179424,-91,4125,495
179425,-80,4115,542
179426,-64,4110,583
179427,-31,4117,611
179428,-2,4131,625
179429,21,4138,639
179430,38,4129,671
179431,36,4126,716
179432,28,4143,727
179433,34,4157,714
179434,46,4164,708
179435,58,4177,681
179436,72,4176,652
179437,73,4180,637
179438,65,4200,606
179439,56,4204,558
179440,50,4211,507
179441,47,4233,467
179442,36,4248,451
179443,25,4246,450
179444,16,4238,440
179445,1,4234,395
179446,-4,4232,323
179447,8,4217,279
179448,8,4207,282
179449,-2,4203,298
179450,-10,4193,309
179451,-17,4199,295
179452,-17,4208,280
179453,-28,4215,303
179454,-54,4228,348
179455,-80,4228,403
179456,-103,4222,453
179457,-115,4211,493
179458,-124,4191,547
179459,-132,4175,605
179460,-92,4141,702
179461,-64,4139,714
179462,-48,4139,732
179463,-26,4134,757
179464,-10,4136,791
179465,-3,4141,827
179466,14,4135,874
179467,25,4135,910
179468,30,4130,908
179469,39,4133,876
179470,61,4140,822
179471,88,4128,781
179472,105,4125,737
179473,113,4126,670
179474,115,4119,602
179475,106,4108,557
179476,80,4098,527
179477,45,4092,495
179478,5,4081,483
179479,-31,4075,478
179480,-58,4073,474
179481,-80,4076,466
179482,-94,4081,449
179483,-92,4078,450
179484,-84,4077,458
179485,-71,4079,448
179486,-61,4083,434
179487,-56,4088,437
179488,-50,4089,452
179489,-42,4095,464
179490,-31,4100,483
179491,-33,4097,516
179492,-51,4096,562
179493,-75,4098,616
179494,-82,4097,659
179495,-85,4089,694
179496,-84,4081,779
179497,-61,4080,804
179498,-30,4075,811
179499,3,4070,811
179500,38,4071,816
179501,71,4073,830
179502,92,4071,844
179503,113,4069,839
179504,139,4067,828
179505,149,4071,833
179506,144,4077,818
179507,142,4078,785
179508,138,4081,772
179509,130,4090,775
179510,104,4091,775
179511,81,4099,743
179512,72,4107,691
179513,57,4107,659
179514,37,4125,645
179515,18,4140,627
179516,-2,4146,598
179517,-17,4159,565
179518,-24,4171,534
179519,-28,4174,514
179520,-36,4179,493
179521,-38,4175,462
179522,-28,4163,427
179523,-19,4164,398
179524,-11,4160,389
179525,0,4153,396
179526,-8,4148,402
179527,-35,4139,405
179528,-55,4135,416
179529,-66,4141,433
179530,-73,4150,440
179531,-71,4147,451
179532,-56,4138,483
179533,-35,4152,561
179534,-10,4150,577
179535,13,4145,592
179536,20,4152,593
179537,34,4158,573
179538,58,4155,558
179539,66,4154,576
179540,62,4164,587
179541,61,4163,579
179542,54,4155,587
179543,40,4153,593
179544,33,4151,584
179545,31,4150,560
179546,29,4140,536
179547,19,4129,550
179548,1,4130,600
179549,-15,4120,651
179550,-30,4110,663
179551,-31,4106,627
179552,-23,4090,582
179553,-25,4083,552
179554,-31,4091,518
179555,-34,4091,465
179556,-33,4079,422
179557,-38,4062,412
179558,-50,4053,406
179559,-66,4044,395
179560,-79,4039,378
179561,-79,4047,356
179562,-86,4053,359
179563,-99,4061,380
179564,-101,4072,367
179565,-96,4074,326
179566,-86,4078,296
179567,-72,4080,276
179568,-53,4081,268
179569,-28,4083,265
179570,1,4075,292
179571,-11,4071,330
179572,-30,4064,384
179573,-49,4058,433
179574,-56,4058,447
179575,-43,4054,425
179576,-32,4047,407
179577,-30,4046,419
179578,-35,4046,440
179579,-41,4047,462
179580,-41,4051,460
179581,-32,4042,428
179582,-26,4023,398
179583,-37,4017,390
179584,-51,4021,409
179585,-67,4023,434
179586,-86,4027,428
179587,-87,4028,411
179588,-84,4025,415
179589,-93,4025,436
179590,-106,4040,476
179591,-108,4058,505
179592,-94,4047,521
179593,-82,4028,565
179594,-66,4032,628
179595,-38,4036,698
179596,-16,4051,745
179597,18,4076,740
179598,56,4089,699
179599,85,4093,643
179600,112,4091,615
179601,135,4099,594
179602,159,4100,539
179603,184,4090,483
179604,184,4098,460
179605,166,4118,435
179606,150,4121,402
179607,123,4120,387
179608,37,4138,423
179609,0,4129,455
179610,-32,4125,474
179611,-69,4124,496
179612,-98,4116,533
179613,-111,4113,577
179614,-116,4126,596
179615,-101,4127,568
179616,-75,4123,547
179617,-50,4144,535
179618,-19,4152,529
179619,5,4146,545
179620,15,4151,558
179621,16,4152,573
179622,8,4137,586
179623,5,4121,601
179624,7,4109,637
179625,4,4114,626
179626,28,4123,545
179627,70,4120,448
179628,92,4125,357
179629,89,4135,302
179630,72,4149,265
179631,51,4174,222
179632,23,4197,180
179633,-10,4200,163
179634,-61,4202,192
179635,-121,4219,220
179636,-161,4230,232
179637,-168,4227,257
179638,-151,4217,282
179639,-129,4208,305
179640,-103,4208,321
179641,-71,4209,323
179642,-41,4193,339
179643,-23,4183,372
179644,-52,4177,450
179645,-85,4171,517
179646,-103,4166,579
179647,-108,4143,645
179648,-105,4141,674
179649,-67,4143,622
179650,-20,4123,556
179651,0,4120,522
179652,13,4124,508
179653,34,4121,473
179654,55,4116,414
179655,54,4118,369
179656,43,4129,322
179657,31,4125,260
179658,7,4120,223
179659,-28,4139,203
179660,-54,4151,170
179661,-88,4156,138
179662,-140,4160,139
179663,-201,4160,176
179664,-245,4177,184
179665,-253,4193,166
179666,-257,4200,192
179667,-280,4212,292
179668,-312,4215,415
179669,-322,4213,523
179670,-301,4212,616
179671,-274,4218,700
179672,-255,4242,788
179673,-220,4251,874
179674,-155,4236,927
179675,-83,4223,950
179676,-30,4215,981
179678,7,4218,1002
179679,40,4229,1002
179679,61,4232,995
179680,72,4211,1050
179681,77,4218,1041
179682,110,4232,942
179684,168,4224,801
179684,213,4208,693
179685,224,4204,641
179686,218,4203,609
179687,202,4204,576
179688,178,4207,536
179689,150,4201,501
179690,117,4198,468
179691,78,4203,426
179692,38,4199,402
179693,-2,4190,412
179694,-52,4188,413
179695,-98,4178,401
179696,-128,4154,401
179697,-144,4141,404
179698,-144,4134,386
179699,-127,4129,342
179700,-99,4125,292
179701,-68,4118,255
179702,-53,4117,248
179703,-53,4115,255
179704,-48,4099,270
179705,-39,4093,276
179706,-30,4106,244
179707,-23,4124,187
179708,-12,4132,118
179709,10,4122,71
179710,26,4108,59
179711,26,4111,80
179712,17,4112,144
179713,17,4108,218
179714,24,4114,272
179715,21,4116,277
179716,20,4122,263
179717,17,4135,277
179718,-4,4143,352
179719,11,4132,330
179720,27,4120,317
179721,20,4131,338
179722,19,4148,349
179723,39,4125,353
179724,35,4112,362
179725,21,4133,339
179726,30,4124,307
179727,37,4116,292
179728,26,4118,301
179729,-2,4116,323
179730,-21,4122,326
179731,-20,4128,277
179732,-1,4125,198
179733,22,4110,159
179734,23,4106,168
179735,26,4112,182
179736,45,4106,181
179737,48,4106,193
179738,30,4118,216
179739,8,4119,243
179740,-12,4114,281
179741,-24,4122,316
179742,-26,4129,327
179743,-18,4127,341
179744,-11,4131,378
179745,3,4145,411
179746,28,4145,444
179747,47,4129,499
179748,40,4134,559
179749,22,4158,614
179750,21,4172,669
179751,42,4185,708
179752,65,4203,733
179753,73,4213,743
179754,82,4214,753
179755,116,4232,798
179756,145,4245,807
179757,172,4259,757
179758,193,4262,663
179759,210,4258,548
179760,223,4247,450
179761,227,4242,407
179762,217,4237,390
179763,196,4217,403
179764,160,4212,423
179765,117,4208,426
179766,66,4197,415
179767,36,4188,385
179768,30,4170,379
179769,22,4173,384
179770,16,4186,355
179771,28,4177,313
179772,49,4165,294
179773,56,4170,299
179774,63,4177,309
179775,77,4177,308
179776,87,4166,322
179777,70,4159,364
179778,40,4165,401
179779,39,4162,374
179780,65,4159,315
179781,89,4170,285
179782,98,4179,281
179783,98,4174,307
179784,102,4177,333
179785,112,4188,347
179786,122,4193,355
179787,132,4200,352
179788,140,4208,355
179789,141,4207,364
179790,147,4196,375
179791,140,4184,433
179792,104,4206,499
179793,84,4224,505
179794,90,4194,432
179795,77,4190,402
179796,60,4174,410
179797,43,4169,424
179798,27,4180,429
179799,21,4190,426
179800,22,4184,432
179801,13,4172,472
179802,-17,4176,520
179803,-33,4176,543
179804,-27,4159,556
179805,-25,4141,561
179806,-29,4134,573
179807,-28,4136,587
179808,-19,4137,588
179809,5,4135,574
179810,43,4133,538
179811,79,4135,514
179812,103,4150,511
179813,119,4162,501
179814,141,4158,481
179815,165,4148,463
179816,175,4147,462
179817,167,4158,471
179818,159,4158,480
179819,165,4141,488
179820,169,4130,494
179821,148,4121,510
179822,98,4111,546
179823,63,4103,578
179824,57,4088,613
179825,50,4076,648
179826,47,4070,650
179827,51,4055,649
179828,56,4052,641
179829,66,4057,616
179830,102,4051,585
179831,101,4059,573
179832,98,4065,561
179833,97,4066,538
179834,91,4079,506
179835,84,4097,463
179836,74,4105,425
179837,64,4112,386
179838,58,4114,361
179839,52,4119,358
179840,57,4125,340
179841,75,4128,312
179842,81,4137,298
179843,65,4143,307
179844,50,4142,331
179845,52,4144,352
179846,64,4148,356
179847,78,4152,334
179848,88,4149,313
179849,82,4143,308
179850,71,4139,325
179851,53,4138,358
179852,33,4136,378
179853,26,4128,407
179854,20,4123,458
179855,16,4120,504
179856,19,4115,534
179857,12,4112,551
179858,6,4113,548
179859,10,4122,539
179860,19,4143,536
179861,47,4165,525
179862,80,4171,518
179863,92,4165,537
179864,90,4166,553
179865,95,4167,544
179866,96,4169,533
179867,83,4187,483
179868,91,4172,469
179869,91,4152,486
179870,88,4127,538
179871,79,4119,588
179872,67,4122,594
179873,59,4111,586
179874,52,4095,593
179875,38,4092,599
179876,34,4098,596
179877,48,4097,586
179878,56,4094,568
179879,54,4089,557
179880,50,4076,557
179881,29,4077,555
179882,9,4090,541
179883,13,4086,518
179884,15,4089,494
179885,-2,4108,467
179886,-20,4108,449
179887,-21,4105,439
179888,-11,4114,421
179889,2,4122,406
179890,2,4133,404
179891,3,4133,389
179892,19,4125,363
179893,38,4127,346
179894,52,4129,329
179895,62,4132,314
179896,66,4132,315
179897,65,4125,328
179898,58,4113,344
179899,44,4098,382
179900,32,4086,426
179901,22,4075,463
179902,5,4071,501
179903,-16,4069,550
179904,-10,4055,602
179905,19,4057,572
179906,40,4054,517
179907,60,4048,478
179908,76,4045,474
179909,75,4051,499
179910,72,4066,529
179911,60,4073,544
179912,38,4074,569
179913,14,4077,610
179914,-12,4083,636
179915,-34,4097,643
179916,-43,4115,615
179917,-36,4136,559
179918,-19,4156,497
179919,6,4156,450
179920,24,4156,427
179921,23,4163,440
179922,15,4165,478
179923,7,4165,498
179924,-5,4163,508
179925,-21,4160,528
179926,-40,4156,548
179927,-60,4152,549
179928,-73,4141,550
179929,-80,4131,572
179930,-66,4134,600
179931,-48,4142,609
179932,-42,4139,631
179933,-44,4141,680
179934,-41,4160,709
179935,-21,4178,696
179936,-2,4188,671
179937,10,4209,648
179938,33,4225,613
179939,62,4228,590
179940,70,4254,622
179941,64,4262,628
179942,73,4269,587
179943,92,4257,526
179944,81,4250,499
179945,48,4249,513
179946,20,4227,526
179947,-7,4199,533
179948,-34,4174,564
179949,-72,4162,614
179950,-100,4157,641
179951,-107,4143,646
179952,-117,4124,661
179953,-131,4113,702
179954,-133,4116,725
179955,-113,4118,693
179956,-90,4108,652
179957,-73,4102,631
179958,-47,4104,610
179959,-13,4099,590
179960,10,4097,566
179961,17,4098,539
179962,22,4088,533
179963,18,4080,540
179964,10,4072,540
179965,11,4064,542
179966,14,4058,561
179967,20,4054,596
179968,29,4054,625
179969,45,4046,628
179970,71,4035,609
179971,101,4031,578
179972,125,4021,563
179973,138,4017,556
179974,149,4011,546
179975,162,3986,550
179976,162,3963,565
179977,139,3941,580
179978,127,3937,565
179979,108,3937,548
179980,89,3935,555
179981,76,3950,558
179982,79,3962,530
179983,78,3961,519
179984,66,3973,544
179985,52,3991,597
179986,34,4004,679
179987,14,4011,748
179988,-1,4004,798
179989,-8,3993,846
179990,-2,3990,883
179991,8,3990,901
179992,21,3986,917
179993,28,3986,969
179994,25,4012,1009
179995,32,4037,987
179996,52,4035,944
179997,62,4041,918
179998,64,4050,923
179999,70,4056,932
180000,82,4054,905
180001,93,4036,873
180002,92,4016,867
180003,83,4004,869
180004,76,4012,846
180005,87,4027,785
180006,92,4041,734
180007,72,4069,708
180008,57,4103,677
180009,46,4131,645
180010,34,4152,593
180011,33,4157,516
180012,29,4164,461
180013,4,4200,407
180014,-5,4204,396
180015,-18,4207,412
180016,-40,4207,450
180017,-67,4197,481
180018,-78,4179,499
180019,-86,4155,502
180020,-97,4143,485
180021,-102,4142,468
180022,-97,4139,451
180023,-77,4136,432
180024,-50,4131,409
180025,-23,4115,388
180026,-6,4095,378
180027,-7,4091,343
180028,-6,4098,279
180029,8,4090,247
180030,15,4079,252
180031,8,4081,252
180032,4,4087,231
180033,5,4081,202
180034,0,4080,189
180035,-13,4099,182
180036,-16,4119,145
180037,-8,4121,103
180038,-7,4123,92
180039,-12,4138,77
180040,-18,4148,53
180042,-22,4160,34
180043,-24,4168,15
180044,-35,4166,14
180045,-52,4170,37
180046,-70,4175,63
180047,-89,4172,73
180048,-114,4152,106
180049,-105,4151,141
180050,-94,4158,163
180051,-72,4172,139
180052,-57,4177,114
180053,-57,4189,134
180054,-60,4200,165
180055,-61,4190,197
180056,-61,4177,246
180057,-62,4178,295
180058,-59,4185,337
180059,-51,4188,356
180060,-29,4185,363
180061,-17,4186,399
180062,-28,4198,434
180063,-31,4209,440
180064,-15,4212,434
180065,1,4218,428
180066,14,4231,395
180067,46,4234,332
180068,81,4210,293
180069,82,4193,283
180070,57,4194,295
180071,13,4189,340
180071,-41,4173,404
180073,-83,4163,450
180074,-92,4173,442
180075,-76,4176,411
180076,-54,4186,367
180077,-27,4189,316
180078,12,4168,289
180079,48,4170,312
180080,54,4187,369
180081,53,4191,410
180082,57,4176,437
180083,51,4172,446
180084,46,4170,455
180085,37,4157,496
180086,4,4164,587
180086,-8,4162,607
180087,-3,4144,608
180089,10,4135,633
180090,13,4137,690
180091,5,4141,732
180091,-7,4140,723
180093,-1,4137,710
180094,21,4148,708
180095,37,4161,701
180096,41,4154,713
180097,33,4154,732
180098,26,4165,720
180099,29,4159,695
180100,37,4166,678
180101,43,4197,643
180102,53,4212,602
180103,64,4198,585
180104,64,4190,587
180105,58,4190,592
180106,47,4174,601
180107,33,4153,623
180108,18,4141,683
180109,-12,4134,750
180110,-37,4126,775
180111,-41,4134,760
180112,-25,4147,724
180113,-1,4152,681
180114,20,4159,631
180115,42,4160,591
180116,64,4150,574
180117,70,4138,571
180118,46,4131,590
180119,4,4138,623
180120,-38,4153,637
180121,-56,4150,610
180122,-53,4130,569
180123,-51,4125,564
180124,-47,4117,588
180125,-44,4119,598
180126,-35,4125,579
180127,-11,4125,563
180128,20,4127,546
180129,41,4134,527
180130,59,4139,513
180131,91,4130,494
180132,132,4126,458
180133,152,4133,428
180134,148,4136,417
180135,130,4139,405
180136,103,4148,386
180137,65,4158,388
180138,20,4165,412
180139,-16,4168,408
180140,-32,4170,367
180141,-33,4175,323
180142,-27,4183,294
180143,-27,4171,301
180144,-35,4134,337
180145,-41,4094,367
180146,-45,4067,382
180147,-50,4051,366
180148,-38,4039,335
180149,-15,4037,334
180150,3,4047,363
180151,18,4071,431
180152,45,4095,499
180153,96,4105,511
180154,148,4118,485
180155,187,4123,450
180156,205,4111,445
180157,194,4116,430
180158,149,4124,358
180159,107,4129,340
180160,55,4141,372
180161,-9,4154,440
180162,-60,4167,514
180163,-80,4180,584
180164,-78,4195,636
180165,-81,4202,691
180166,-74,4219,750
180167,-40,4253,766
180168,13,4268,739
180169,63,4282,731
180170,97,4310,700
180171,128,4310,644
180172,136,4303,621
180173,128,4314,595
180174,142,4310,547
180175,150,4298,504
180176,140,4295,489
180177,116,4292,496
180178,89,4282,504
180179,63,4275,499
180180,35,4267,492
180181,19,4256,492
180182,26,4248,484
180183,46,4229,477
180184,55,4208,477
180185,59,4188,482
180186,56,4164,506
180187,42,4162,528
180188,33,4183,506
180189,32,4185,459
180190,28,4171,419
180191,15,4173,398
180192,2,4182,383
180193,-12,4170,377
180194,-30,4154,383
180195,-66,4144,444
180196,-76,4150,460
180197,-69,4159,462
180198,-58,4155,461
180199,-42,4157,453
180200,-25,4155,440
180201,-14,4151,441
180202,-9,4144,460
180203,-4,4128,474
180204,9,4109,463
180205,31,4102,432
180206,56,4115,385
180207,82,4107,354
180208,98,4091,366
180209,92,4108,384
180210,85,4114,363
180211,84,4097,345
180212,70,4102,369
180213,46,4113,404
180214,34,4114,407
180215,42,4106,390
180216,50,4100,373
180217,54,4100,356
180218,60,4093,353
180219,57,4085,376
180220,58,4076,418
180221,56,4077,458
180222,44,4086,477
180223,37,4093,472
180224,43,4090,466
180225,49,4085,467
180226,48,4087,459
180227,52,4085,458
180228,56,4082,469
180229,55,4085,466
180230,62,4087,452
180231,72,4090,438
180232,55,4095,431
180233,32,4105,425
180234,3,4114,379
180235,-19,4108,324
180236,-33,4107,274
180237,-43,4109,231
180238,-57,4099,212
180239,-69,4082,231
180240,-86,4076,261
180241,-106,4075,303
180242,-121,4073,330
180243,-128,4074,323
180244,-127,4074,320
180245,-118,4071,331
180246,-103,4074,340
180247,-73,4082,336
180248,-28,4074,339
180249,6,4061,371
180250,23,4061,414
180251,40,4065,441
180252,63,4062,440
180253,80,4064,414
180254,95,4067,369
180255,107,4060,340
180256,117,4066,341
180257,128,4076,352
180258,131,4085,359
180259,136,4107,345
180260,150,4120,313
180261,157,4118,276
180262,142,4123,245
180263,115,4132,216
180264,85,4135,190
180265,46,4142,187
180266,4,4152,206
180267,-33,4146,240
180268,-54,4140,270
180269,-46,4151,321
180270,-51,4158,331
180271,-63,4161,322
180272,-60,4153,303
180273,-47,4146,308
180274,-45,4149,356
180275,-43,4151,411
180276,-39,4157,422
180277,-35,4165,409
180278,-31,4178,376
180279,-6,4190,329
180280,27,4197,313
180281,42,4201,333
180282,55,4199,349
180283,70,4196,351
180284,77,4189,365
180285,71,4182,388
180286,56,4173,421
180287,46,4177,456
180288,44,4176,482
180289,43,4160,513
180290,41,4150,532
180291,46,4140,540
180292,54,4126,551
180293,66,4115,554
180294,69,4105,554
180295,48,4097,551
180296,30,4101,537
180297,25,4105,521
180298,24,4110,509
180299,22,4116,498
180300,8,4112,494
180301,-11,4113,475
180302,-26,4119,453
180303,-40,4122,450
180304,-40,4132,409
180305,-36,4127,396
180306,-40,4130,393
180307,-24,4137,367
180308,1,4148,324
180309,7,4157,306
180310,-15,4161,297
180311,-37,4163,281
180312,-45,4155,273
180313,-48,4160,269
180314,-47,4159,273
180315,-40,4137,287
180316,-33,4129,316
180317,-42,4128,357
180318,-57,4123,383
180319,-60,4123,403
180320,-54,4122,427
180321,-35,4126,437
180322,-12,4123,442
180323,6,4113,466
180324,19,4114,488
180325,25,4115,493
180326,32,4113,490
180327,36,4114,479
180328,37,4115,452
180329,40,4119,434
180330,47,4132,443
180331,41,4149,447
180332,23,4161,451
180333,12,4163,457
180334,-3,4159,455
180335,-12,4161,466
180336,-13,4169,479
180337,-14,4168,471
180338,-17,4160,462
180339,-14,4157,467
180340,25,4139,471
180341,48,4125,469
180342,64,4124,464
180343,76,4125,460
180344,87,4114,460
180345,99,4100,461
180346,114,4085,463
180347,127,4067,477
180348,137,4065,475
180349,143,4070,458
180350,141,4066,453
180351,127,4055,430
180352,108,4045,412
180353,91,4045,417
180354,59,4053,421
180355,23,4058,427
180356,0,4057,443
180357,-7,4050,470
180358,-2,4047,512
180359,-8,4044,543
180360,-16,4036,566
180361,-15,4038,576
180362,-8,4034,573
180363,-10,4030,584
180364,-13,4042,585
180365,2,4047,573
180366,20,4052,547
180367,35,4058,532
180368,48,4061,532
180369,59,4062,522
180370,71,4058,506
180371,81,4062,490
180372,89,4069,468
180373,98,4075,424
180374,104,4082,391
180375,104,4086,381
180376,102,4091,380
180377,79,4120,376
180378,74,4127,361
180379,66,4133,358
180380,52,4144,369
180381,41,4155,376
180382,36,4151,380
180383,25,4146,392
180384,11,4150,423
180385,9,4148,455
180386,10,4144,473
180387,11,4148,481
180388,14,4159,498
180389,14,4167,529
180390,21,4163,555
180391,31,4156,591
180392,38,4163,620
180393,51,4166,625
180394,75,4153,626
180395,90,4139,637
180396,93,4133,681
180397,102,4132,725
180398,116,4136,728
180399,125,4138,721
180400,133,4141,709
180401,147,4138,679
180402,157,4136,664
180403,158,4143,653
180404,158,4139,638
180405,148,4131,649
180406,131,4137,659
180407,118,4144,645
180408,98,4145,623
180409,65,4155,599
180410,35,4166,575
180411,23,4168,564
180412,14,4177,552
180413,2,4184,513
180414,0,4178,474
180415,2,4177,447
180416,25,4158,346
180417,32,4155,337
180418,46,4161,328
180419,67,4151,304
180420,62,4132,297
180421,25,4126,297
180422,-12,4134,266
180423,-30,4131,244
180424,-37,4126,258
180425,-29,4135,276
180426,-3,4131,290
180427,23,4130,297
180428,35,4139,286
180429,33,4146,279
180430,25,4155,275
180431,30,4163,264
180432,45,4162,262
180433,56,4160,265
180434,67,4171,252
180435,93,4190,210
180436,125,4203,184
180437,130,4214,171
180438,116,4218,133
180439,110,4221,83
180440,110,4228,34
180441,101,4227,7
180442,69,4221,14
180443,25,4213,46
180444,3,4195,62
180445,-2,4172,58
180446,-21,4161,60
180447,-42,4165,81
180448,-40,4154,107
180449,-26,4134,129
180450,-16,4125,135
180451,-21,4121,147
180452,-13,4120,169
180453,0,4115,203
180454,7,4119,221
180455,6,4130,223
180456,-3,4139,224
180457,-5,4142,247
180458,10,4146,278
180459,33,4166,283
180460,58,4182,275
180461,78,4185,275
180462,83,4191,300
180463,80,4206,337
180464,77,4216,365
180465,74,4225,394
180466,81,4240,400
180467,102,4241,375
180468,114,4240,344
180469,115,4242,330
180470,111,4228,349
180471,106,4217,379
180472,101,4215,411
180473,92,4215,443
180474,92,4205,473
180475,102,4190,499
180476,100,4184,524
180477,83,4177,553
180478,63,4167,577
180479,44,4163,580
180480,35,4162,565
180481,33,4158,555
180482,34,4165,551
180483,41,4180,542
180484,59,4177,515
180485,78,4171,484
180486,78,4187,460
180487,81,4204,438
180488,85,4228,382
180489,79,4234,352
180490,78,4234,334
180491,73,4234,309
180492,60,4217,285
180493,45,4210,267
180494,36,4215,239
180495,28,4201,209
180496,17,4185,206
180497,-5,4172,221
180498,-36,4149,228
180499,-65,4119,233
180500,-92,4130,236
180501,-120,4178,222
180502,-140,4196,192
180503,-131,4176,171
180504,-100,4148,160
180505,-59,4120,178
180506,-32,4092,230
180507,-28,4070,293
180508,-33,4055,342
180509,-30,4047,372
180510,-13,4044,404
180511,8,4057,422
180512,24,4075,414
180513,47,4079,402
180514,95,4088,402
180515,151,4099,419
180516,190,4097,432
180517,209,4088,428
180518,205,4096,414
180519,181,4105,401
180520,155,4097,394
180521,122,4106,401
180522,74,4120,410
180523,26,4125,415
180524,-14,4132,426
180525,-48,4138,436
180526,-65,4166,418
180527,-31,4167,403
180528,1,4177,395
180529,24,4192,389
180530,57,4205,359
180531,96,4214,317
180532,113,4224,306
180533,97,4240,317
180534,68,4243,318
180535,59,4233,318
180536,50,4232,320
180537,16,4235,324
180538,-13,4216,336
180539,-28,4195,356
180540,-35,4203,364
180541,-33,4211,364
180542,-36,4210,359
180543,-30,4219,328
180544,-18,4222,290
180545,-2,4212,277
180546,13,4201,285
180547,26,4194,277
180548,41,4194,258
180549,45,4194,224
180550,43,4182,195
180551,33,4168,188
