3093696,-119,4170,247
3093697,-102,4167,234
3093698,-89,4167,234
3093699,-76,4173,238
3093700,-58,4178,239
3093701,-38,4173,230
3093702,-19,4160,215
3093703,-8,4153,221
3093704,1,4153,221
3093705,2,4155,227
3093706,-1,4153,235
3093707,-9,4158,225
3093708,-14,4165,212
3093709,-29,4162,198
3093710,-48,4156,191
3093711,-55,4152,194
3093712,-65,4150,198
3093713,-83,4151,191
3093714,-107,4154,173
3093715,-129,4154,151
3093716,-145,4153,138
3093717,-152,4151,131
3093718,-157,4141,123
3093719,-170,4131,126
3093720,-181,4133,130
3093721,-190,4134,125
3093722,-203,4124,116
3093723,-211,4113,104
3093724,-211,4108,100
3093725,-220,4099,96
3093726,-230,4080,88
3093727,-226,4073,88
3093728,-215,4080,84
3093729,-202,4085,67
3093730,-190,4083,58
3093731,-175,4081,56
3093732,-157,4083,48
3093733,-134,4095,31
3093734,-129,4106,25
3093735,-123,4113,25
3093736,-128,4118,31
3093737,-138,4122,43
3093738,-147,4124,58
3093739,-154,4129,76
3093740,-159,4130,104
3093741,-163,4129,132
3093742,-164,4135,169
3093743,-162,4142,211
3093744,-163,4151,243
3093745,-176,4155,274
3093746,-190,4147,303
3093747,-194,4141,322
3093748,-204,4142,343
3093749,-222,4149,372
3093750,-229,4156,387
3093751,-221,4161,395
3093752,-212,4164,410
3093753,-209,4164,422
3093754,-208,4162,427
3093755,-205,4159,424
3093756,-200,4162,429
3093757,-187,4169,441
3093758,-170,4165,441
3093759,-155,4160,416
3093760,-141,4164,385
3093761,-136,4169,383
3093762,-129,4173,392
3093763,-125,4166,396
3093764,-124,4150,401
3093765,-115,4144,412
3093766,-109,4147,424
3093767,-109,4159,429
3093768,-106,4156,413
3093769,-108,4146,402
3093770,-99,4143,405
3093771,-85,4151,412
3093773,-78,4158,401
3093774,-72,4157,381
3093775,-69,4155,380
3093776,-69,4164,377
3093777,-65,4172,373
3093778,-58,4169,376
3093779,-55,4159,377
3093780,-58,4152,377
3093781,-56,4139,376
3093782,-48,4126,367
3093783,-44,4125,353
3093784,-43,4128,335
3093785,-42,4132,314
3093786,-41,4134,294
3093787,-37,4133,276
3093788,-33,4127,255
3093789,-33,4121,233
3093790,-32,4115,212
3093791,-41,4109,193
3093792,-51,4109,187
3093793,-60,4117,189
3093794,-66,4128,191
3093795,-75,4137,198
3093796,-91,4149,209
3093797,-107,4153,224
3093798,-115,4155,232
3093799,-122,4158,236
3093800,-124,4156,240
3093801,-120,4157,236
3093802,-121,4156,239
3093803,-119,4149,249
3093804,-118,4152,249
3093805,-123,4159,250
3093806,-124,4160,263
3093807,-130,4157,272
3093808,-137,4157,255
3093809,-134,4157,239
3093810,-135,4157,240
3093811,-141,4159,235
3093812,-135,4155,221
3093813,-131,4152,208
3093814,-139,4155,202
3093815,-140,4154,206
3093816,-137,4151,212
3093817,-139,4154,212
3093818,-146,4150,211
3093819,-154,4143,209
3093820,-155,4140,209
3093821,-155,4137,216
3093822,-159,4133,220
3093823,-159,4135,221
3093824,-156,4139,235
3093825,-157,4134,248
3093826,-152,4125,245
3093827,-148,4114,243
3093828,-146,4107,242
3093829,-145,4103,224
3093830,-141,4102,218
3093831,-143,4107,227
3093832,-158,4108,233
3093833,-162,4103,237
3093834,-163,4103,239
3093835,-162,4099,243
3093836,-157,4089,258
3093837,-156,4091,265
3093838,-152,4104,256
3093839,-152,4110,247
3093840,-159,4111,246
3093841,-165,4109,249
3093842,-169,4108,252
3093843,-182,4117,253
3093844,-197,4127,260
3093845,-205,4132,273
3093846,-208,4135,281
3093847,-203,4139,287
3093848,-195,4146,299
3093849,-190,4148,312
3093850,-193,4142,332
3093851,-187,4139,343
3093852,-165,4142,345
3093853,-149,4153,354
3093854,-133,4160,357
3093855,-116,4161,362
3093856,-100,4171,369
3093857,-77,4185,368
3093858,-58,4195,355
3093859,-51,4203,349
3093860,-45,4204,348
3093861,-46,4201,339
3093862,-55,4202,326
3093863,-56,4198,321
3093864,-56,4201,323
3093865,-57,4204,317
3093866,-56,4202,302
3093867,-47,4198,285
3093868,-36,4187,282
3093869,-32,4177,281
3093870,-38,4177,277
3093871,-43,4178,275
3093872,-41,4177,274
3093873,-49,4175,274
3093874,-58,4166,280
3093875,-66,4161,284
3093876,-79,4165,274
3093877,-80,4168,257
3093878,-81,4169,254
3093879,-81,4166,260
3093880,-82,4162,264
3093881,-95,4163,269
3093882,-108,4169,276
3093883,-119,4173,271
3093884,-131,4172,267
3093885,-145,4176,278
3093886,-162,4180,287
3093887,-178,4178,286
3093888,-190,4180,282
3093889,-191,4185,273
3093890,-192,4187,275
3093891,-201,4190,283
3093892,-211,4192,285
3093893,-215,4189,286
3093894,-211,4182,281
3093895,-201,4171,277
3093896,-188,4163,271
3093897,-179,4161,271
3093898,-176,4162,269
3093899,-173,4169,240
3093900,-158,4170,211
3093901,-143,4173,199
3093902,-133,4172,191
3093903,-122,4164,187
3093904,-112,4161,188
3093905,-105,4166,183
3093906,-104,4172,185
3093907,-107,4170,201
3093908,-107,4163,219
3093909,-113,4158,227
3093910,-132,4153,228
3093911,-146,4151,214
3093912,-156,4155,199
3093913,-177,4164,191
3093914,-193,4171,184
3093915,-200,4171,182
3093916,-202,4168,179
3093917,-201,4162,179
3093918,-203,4157,174
3093919,-206,4158,177
3093920,-215,4155,207
3093921,-218,4155,234
3093922,-219,4155,238
3093923,-222,4147,241
3093924,-219,4142,243
3093925,-224,4143,244
3093926,-225,4134,245
3093927,-214,4121,233
3093928,-209,4118,219
3093929,-203,4122,206
3093930,-190,4128,193
3093931,-185,4126,196
3093932,-178,4123,210
3093933,-163,4128,220
3093934,-159,4130,219
3093935,-158,4120,221
3093936,-146,4113,259
3093937,-146,4121,272
3093938,-152,4124,284
3093939,-155,4124,288
3093940,-157,4122,291
3093941,-166,4123,308
3093942,-176,4128,324
3093943,-175,4127,315
3093944,-167,4130,302
3093945,-164,4133,296
3093946,-163,4129,289
3093947,-150,4129,283
3093948,-133,4134,273
3093949,-124,4136,266
3093950,-119,4140,281
3093951,-116,4145,302
3093952,-109,4140,298
3093953,-99,4137,287
3093954,-92,4133,287
3093955,-86,4119,297
3093956,-86,4119,305
3093957,-95,4124,301
3093958,-87,4120,304
3093959,-74,4123,324
3093960,-80,4133,340
3093961,-86,4137,338
3093962,-92,4143,331
3093963,-102,4142,334
3093964,-112,4133,344
3093965,-112,4130,349
3093966,-109,4132,346
3093967,-114,4144,333
3093968,-113,4154,328
3093969,-112,4159,340
3093970,-120,4181,315
3093971,-125,4177,288
3093972,-115,4168,288
3093973,-100,4157,308
3093974,-97,4158,318
3093975,-93,4167,309
3093976,-89,4168,313
3093977,-87,4169,330
3093978,-86,4181,334
3093979,-88,4192,331
3093980,-83,4193,330
3093981,-69,4191,322
3093982,-59,4195,323
3093983,-63,4197,342
3093984,-70,4190,349
3093985,-72,4185,341
3093986,-76,4190,331
3093987,-83,4196,326
3093988,-87,4198,322
3093989,-74,4199,317
3093990,-61,4200,315
3093991,-68,4195,303
3093992,-82,4187,280
3093993,-88,4179,258
3093994,-88,4172,237
3093995,-88,4174,215
3093996,-94,4168,207
3093997,-111,4152,225
3093998,-130,4137,241
3093999,-141,4119,242
3094000,-159,4112,239
3094001,-181,4112,232
3094002,-196,4108,223
3094003,-224,4106,235
3094004,-251,4101,234
3094005,-266,4093,227
3094006,-267,4090,225
3094007,-274,4091,215
3094008,-298,4095,195
3094009,-317,4097,174
3094010,-325,4096,165
3094011,-335,4096,175
3094012,-338,4099,198
3094013,-334,4100,202
3094014,-335,4102,193
3094015,-336,4103,194
3094016,-328,4096,208
3094017,-312,4090,240
3094018,-291,4091,269
3094019,-279,4101,268
3094020,-272,4112,254
3094021,-256,4118,244
3094022,-244,4125,231
3094023,-233,4130,223
3094024,-223,4129,221
3094025,-212,4128,220
3094026,-191,4132,219
3094027,-174,4135,213
3094028,-170,4135,203
3094029,-166,4137,193
3094030,-163,4136,191
3094031,-161,4135,198
3094032,-155,4135,214
3094033,-152,4134,237
3094034,-154,4135,249
3094035,-158,4137,248
3094036,-157,4135,244
3094037,-157,4136,255
3094038,-161,4140,272
3094039,-165,4150,277
3094040,-168,4161,273
3094041,-185,4156,269
3094042,-174,4151,279
3094043,-177,4146,281
3094044,-194,4148,270
3094045,-199,4155,268
3094046,-201,4162,275
3094047,-210,4162,277
3094048,-211,4159,275
3094049,-200,4167,273
3094050,-192,4171,280
3094051,-190,4152,296
3094052,-197,4140,309
3094053,-205,4141,311
3094054,-198,4142,317
3094055,-186,4150,316
3094056,-178,4159,302
3094057,-173,4160,290
3094058,-169,4160,291
3094059,-162,4164,296
3094060,-156,4165,291
3094061,-152,4162,277
3094062,-145,4158,253
3094063,-138,4155,241
3094064,-147,4157,254
3094065,-160,4159,265
3094066,-165,4172,268
3094067,-175,4184,273
3094068,-191,4179,263
3094069,-211,4172,261
3094070,-225,4166,283
3094071,-232,4157,292
3094072,-241,4153,286
3094073,-243,4154,277
3094074,-234,4156,253
3094075,-220,4149,231
3094076,-208,4137,221
3094077,-200,4137,240
3094078,-193,4141,267
3094079,-191,4152,269
3094080,-187,4150,256
3094081,-177,4151,243
3094082,-166,4157,231
3094083,-159,4155,216
3094084,-158,4156,202
3094085,-155,4157,197
3094086,-151,4159,200
3094087,-151,4157,207
3094088,-158,4146,221
3094089,-168,4141,245
3094090,-177,4134,251
3094091,-183,4125,236
3094092,-188,4120,214
3094093,-193,4113,217
3094094,-187,4111,236
3094095,-176,4110,254
3094096,-162,4109,258
3094097,-152,4113,246
3094098,-148,4108,241
3094099,-148,4104,260
3094100,-159,4104,298
3094101,-168,4098,329
3094102,-168,4103,329
3094103,-176,4116,312
3094104,-183,4115,289
3094105,-177,4110,261
3094106,-161,4115,244
3094107,-146,4132,237
3094108,-132,4146,221
3094109,-121,4150,207
3094110,-120,4158,199
3094111,-123,4166,193
3094112,-126,4164,199
3094113,-142,4172,245
3094114,-153,4174,266
3094115,-163,4172,284
3094116,-172,4174,290
3094117,-167,4168,285
3094118,-153,4150,286
3094120,-142,4153,279
3094121,-134,4158,268
3094122,-121,4154,279
3094123,-114,4157,289
3094124,-122,4158,288
3094125,-132,4157,286
3094126,-139,4164,265
3094127,-140,4173,238
3094128,-131,4179,222
3094129,-127,4184,213
3094130,-134,4186,223
3094131,-143,4185,233
3094132,-153,4183,245
3094133,-162,4176,274
3094134,-167,4172,308
3094135,-168,4176,333
3094136,-160,4176,351
3094137,-160,4179,363
3094138,-165,4185,361
3094139,-165,4186,353
3094140,-159,4180,346
3094141,-147,4176,347
3094142,-145,4179,343
3094143,-150,4184,331
3094144,-143,4193,303
3094145,-127,4197,272
3094146,-112,4193,254
3094147,-98,4188,246
3094148,-89,4178,262
3094149,-79,4177,273
3094150,-65,4164,277
3094151,-62,4159,281
3094152,-57,4159,272
3094153,-46,4155,267
3094154,-36,4155,266
3094155,-42,4157,272
3094156,-52,4157,276
3094157,-46,4161,255
3094158,-41,4166,236
3094159,-36,4168,247
3094160,-29,4170,272
3094161,-29,4166,284
3094162,-42,4161,286
3094163,-61,4156,281
3094164,-68,4150,259
3094165,-69,4147,252
3094166,-79,4152,260
3094167,-86,4163,254
3094168,-85,4154,248
3094169,-91,4144,261
3094170,-109,4153,274
3094171,-118,4152,271
3094172,-105,4142,261
3094173,-86,4140,254
3094174,-79,4142,250
3094175,-77,4139,252
3094176,-77,4137,259
3094177,-80,4138,260
3094178,-79,4137,249
3094179,-69,4138,226
3094180,-63,4133,220
3094181,-58,4129,238
3094182,-56,4139,266
3094183,-60,4146,278
3094184,-57,4137,293
3094185,-59,4140,311
3094186,-66,4135,325
3094187,-82,4133,336
3094188,-90,4142,334
3094189,-94,4148,321
3094190,-105,4151,301
3094191,-116,4151,280
3094192,-122,4149,270
3094193,-125,4151,274
3094194,-132,4146,304
3094195,-139,4150,329
3094196,-142,4162,326
3094197,-147,4166,312
3094198,-153,4165,290
3094199,-149,4158,266
3094200,-138,4157,258
3094201,-134,4159,265
3094202,-127,4155,266
3094203,-114,4147,252
3094204,-106,4143,248
3094205,-97,4144,265
3094206,-81,4147,275
3094207,-61,4149,278
3094208,-51,4152,279
3094209,-49,4144,275
3094210,-47,4135,275
3094211,-41,4143,302
3094212,-42,4144,316
3094213,-43,4147,334
3094214,-44,4155,346
3094215,-58,4166,342
3094216,-69,4163,329
3094217,-70,4154,326
3094218,-81,4160,344
3094219,-96,4174,365
3094220,-102,4182,361
3094221,-103,4184,342
3094222,-101,4180,320
3094223,-93,4168,289
3094224,-86,4156,261
3094225,-84,4155,254
3094226,-84,4160,256
3094227,-84,4167,255
3094228,-81,4171,242
3094229,-78,4163,221
3094230,-69,4155,206
3094231,-66,4158,193
3094232,-75,4166,180
3094233,-75,4166,161
3094234,-69,4152,166
3094235,-70,4145,184
3094236,-85,4146,181
3094237,-93,4139,183
3094238,-90,4134,193
3094239,-98,4129,201
3094240,-118,4131,207
3094241,-137,4130,202
3094242,-162,4125,203
3094243,-184,4120,198
3094244,-193,4110,201
3094245,-193,4103,221
3094246,-193,4105,243
3094247,-198,4102,266
3094248,-204,4097,285
3094249,-209,4089,283
3094250,-206,4080,270
3094251,-196,4081,267
3094252,-197,4080,263
3094253,-199,4084,260
3094254,-192,4093,259
3094255,-193,4093,230
3094256,-191,4092,203
3094257,-184,4093,202
3094258,-182,4094,196
3094259,-185,4089,197
3094260,-179,4080,208
3094261,-176,4082,220
3094262,-187,4099,223
3094263,-187,4105,215
3094264,-185,4095,209
3094265,-190,4091,212
3094266,-203,4099,224
3094267,-217,4106,228
3094268,-217,4112,212
3094269,-207,4115,198
3094270,-200,4120,203
3094271,-198,4131,215
3094272,-187,4136,221
3094273,-167,4135,227
3094274,-149,4136,239
3094275,-126,4134,260
3094276,-106,4130,276
3094277,-85,4142,301
3094278,-77,4152,309
3094279,-67,4156,306
3094280,-57,4162,301
3094281,-54,4166,315
3094282,-55,4173,335
3094283,-60,4177,350
3094284,-67,4172,361
3094285,-80,4173,352
3094286,-95,4176,328
3094287,-103,4177,317
3094288,-110,4172,318
3094289,-123,4160,318
3094290,-134,4158,314
3094291,-143,4170,300
3094292,-151,4181,290
3094293,-155,4182,296
3094294,-150,4187,299
3094295,-146,4193,294
3094296,-154,4187,286
3094297,-157,4170,283
3094298,-157,4161,282
3094299,-167,4164,273
3094300,-178,4169,264
3094301,-175,4166,254
3094302,-166,4156,245
3094304,-157,4155,248
3094305,-162,4157,263
3094306,-171,4148,275
3094307,-156,4154,279
3094308,-151,4159,261
3094309,-154,4162,246
3094310,-160,4167,244
3094311,-164,4176,245
3094312,-168,4181,228
3094313,-177,4182,205
3094314,-180,4188,206
3094315,-182,4193,212
3094316,-187,4188,210
3094317,-193,4180,235
3094318,-201,4172,270
3094319,-203,4166,280
3094320,-204,4163,273
3094321,-196,4160,266
3094322,-186,4162,251
3094323,-184,4167,244
3094324,-179,4168,239
3094325,-173,4161,237
3094326,-164,4153,251
3094327,-159,4145,251
3094328,-165,4136,239
3094329,-157,4131,234
3094330,-145,4133,245
3094331,-144,4138,256
3094332,-143,4141,243
3094333,-140,4146,230
3094334,-147,4151,239
3094335,-149,4155,251
3094336,-146,4150,247
3094337,-153,4140,232
3094338,-159,4139,222
3094339,-159,4136,217
3094340,-162,4140,216
3094341,-167,4158,229
3094342,-163,4169,243
3094343,-156,4171,250
3094344,-157,4176,253
3094345,-156,4180,259
3094346,-151,4178,263
3094347,-144,4176,261
3094348,-142,4177,254
3094349,-147,4173,248
3094350,-150,4160,257
3094351,-154,4155,283
3094352,-154,4157,307
3094353,-148,4155,315
3094354,-140,4149,305
3094355,-136,4138,292
3094356,-140,4140,283
3094357,-151,4142,270
3094358,-161,4139,251
3094359,-166,4143,235
3094360,-174,4151,230
3094361,-181,4155,234
3094362,-190,4153,231
3094363,-200,4148,214
3094364,-200,4148,208
3094365,-200,4153,208
3094366,-197,4152,213
3094367,-195,4149,235
3094368,-200,4145,250
3094369,-198,4147,251
3094370,-193,4156,238
3094371,-190,4155,205
3094372,-178,4151,181
3094373,-159,4148,190
3094374,-151,4150,210
3094375,-151,4151,210
3094376,-142,4147,198
3094377,-132,4139,195
3094378,-136,4129,196
3094379,-142,4123,197
3094380,-147,4117,210
3094381,-153,4106,232
3094382,-166,4112,229
3094383,-178,4110,236
3094384,-183,4113,248
3094385,-182,4119,245
3094386,-176,4117,231
3094387,-172,4107,227
3094388,-176,4110,237
3094389,-186,4126,234
3094390,-196,4133,208
3094391,-205,4130,181
3094392,-215,4125,177
3094393,-224,4130,194
3094397,-260,4143,187
3094398,-263,4147,183
3094399,-265,4148,193
3094400,-272,4149,212
3094401,-280,4152,221
3094402,-271,4146,217
3094403,-251,4145,208
3094404,-239,4150,196
3094405,-227,4141,189
3094406,-208,4134,192
3094407,-195,4143,208
3094408,-198,4156,226
3094409,-199,4167,225
3094410,-200,4174,215
3094411,-204,4166,202
3094412,-202,4155,184
3094413,-196,4148,177
3094414,-198,4146,185
3094415,-207,4150,201
3094416,-213,4144,207
3094417,-225,4141,211
3094418,-244,4146,214
3094419,-250,4152,204
3094420,-250,4150,178
3094421,-254,4149,185
3094422,-254,4159,203
3094423,-247,4165,211
3094424,-241,4163,221
3094425,-243,4161,228
3094426,-246,4154,231
3094427,-240,4152,240
3094428,-232,4159,256
3094429,-226,4156,262
3094430,-222,4153,259
3094431,-220,4154,257
3094432,-213,4155,258
3094433,-201,4153,273
3094434,-191,4150,292
3094435,-192,4153,282
3094436,-192,4153,256
3094437,-176,4152,249
3094438,-158,4144,261
3094439,-143,4136,288
3094440,-138,4138,297
3094441,-140,4143,294
3094442,-138,4153,288
3094443,-136,4169,281
3094444,-141,4169,279
3094445,-139,4164,273
3094446,-132,4170,272
3094447,-127,4176,276
3094448,-122,4172,286
3094449,-120,4167,301
3094450,-121,4163,319
3094451,-111,4151,322
3094452,-98,4150,305
3094453,-91,4154,298
3094454,-82,4150,300
3094455,-61,4146,288
3094456,-38,4149,294
3094457,-23,4154,311
3094458,-19,4161,340
3094459,-15,4164,360
3094460,-8,4163,351
3094461,2,4162,339
3094462,13,4156,345
3094463,21,4152,362
3094464,19,4157,369
3094465,14,4161,363
3094466,2,4162,357
3094467,-6,4164,347
3094468,-9,4169,338
3094469,-28,4172,337
3094470,-51,4164,332
3094471,-70,4157,324
3094472,-85,4152,313
3094473,-98,4143,308
3094474,-114,4136,307
3094475,-130,4133,300
3094476,-134,4135,297
3094477,-136,4135,292
3094478,-143,4135,284
3094479,-148,4134,274
3094480,-159,4128,267
3094481,-172,4120,257
3094482,-176,4114,242
3094483,-177,4114,244
3094484,-180,4113,254
3094485,-189,4104,256
3094486,-201,4096,252
3094487,-201,4096,241
3094488,-200,4099,234
3094489,-204,4096,243
3094490,-208,4090,252
3094491,-214,4087,246
3094492,-216,4078,225
3094493,-211,4074,228
3094494,-213,4080,224
3094495,-213,4082,216
3094496,-207,4085,212
3094497,-207,4087,210
3094498,-212,4083,215
3094499,-217,4075,224
3094500,-221,4066,223
3094501,-227,4061,215
3094502,-231,4064,215
3094503,-235,4061,223
3094504,-243,4048,239
3094505,-247,4040,250
3094506,-246,4037,248
3094507,-241,4041,238
3094508,-232,4052,230
3094509,-223,4059,221
3094510,-219,4058,222
3094511,-223,4062,237
3094512,-227,4074,241
3094513,-225,4085,231
3094514,-230,4094,213
3094515,-245,4101,198
3094516,-250,4105,187
3094517,-254,4108,176
3094518,-266,4115,180
3094519,-270,4127,190
3094520,-266,4129,203
3094521,-274,4129,222
3094522,-286,4128,230
3094523,-289,4129,230
3094524,-289,4135,233
3094525,-294,4134,247
3094526,-303,4131,274
3094527,-307,4134,286
3094528,-316,4139,274
3094529,-324,4138,268
3094530,-320,4144,259
3094531,-323,4147,244
3094532,-322,4145,228
3094533,-309,4141,222
3094534,-299,4142,235
3094535,-291,4148,250
3094536,-281,4154,255
3094537,-269,4160,253
3094538,-257,4167,253
3094539,-248,4169,259
3094540,-238,4167,271
3094541,-231,4170,264
3094542,-228,4172,260
3094543,-227,4167,280
3094544,-224,4167,300
3094545,-217,4173,296
3094546,-212,4179,281
3094547,-208,4187,273
3094548,-200,4193,277
3094549,-191,4195,292
3094550,-187,4190,299
3094551,-188,4181,299
3094552,-177,4177,310
3094553,-164,4183,305
3094554,-167,4182,284
3094555,-175,4175,268
3094556,-186,4179,259
3094557,-186,4189,261
3094558,-169,4195,259
3094559,-160,4195,258
3094560,-161,4198,258
3094561,-158,4204,256
3094562,-145,4203,268
3094563,-138,4202,289
3094564,-143,4200,302
3094565,-147,4199,298
3094566,-137,4200,286
3094567,-122,4179,291
3094568,-119,4167,283
3094569,-112,4162,281
3094570,-109,4160,290
3094571,-108,4155,297
3094572,-104,4147,311
3094573,-99,4144,324
3094574,-100,4146,330
3094575,-98,4149,333
3094576,-102,4154,327
3094577,-107,4162,312
3094578,-100,4161,305
3094579,-105,4153,316
3094580,-109,4155,323
3094581,-103,4157,320
3094582,-106,4161,322
3094583,-110,4167,331
3094584,-106,4162,341
3094585,-104,4155,342
3094586,-108,4158,331
3094587,-114,4157,326
3094588,-113,4151,321
3094589,-110,4152,315
3094590,-109,4160,324
3094591,-111,4168,336
3094592,-110,4164,343
3094593,-105,4156,340
3094594,-105,4152,332
3094595,-107,4148,333
3094596,-111,4148,325
3094597,-115,4149,322
3094598,-124,4144,338
3094599,-133,4136,356
3094600,-136,4119,367
3094601,-129,4106,360
3094602,-111,4105,353
3094603,-97,4105,356
3094604,-101,4106,358
3094605,-105,4093,351
3094606,-110,4085,337
3094607,-112,4083,324
3094608,-109,4088,309
3094609,-120,4093,298
3094610,-140,4099,291
3094611,-159,4102,283
3094612,-179,4105,262
3094613,-202,4114,235
3094614,-226,4128,221
3094615,-239,4139,226
3094616,-243,4144,234
3094617,-243,4141,241
3094618,-238,4142,251
3094619,-231,4142,268
3094620,-224,4140,294
3094621,-211,4134,315
3094622,-190,4129,311
3094623,-164,4122,292
3094624,-138,4113,295
3094625,-119,4121,318
3094626,-105,4135,332
3094627,-80,4141,333
3094628,-54,4140,336
3094629,-29,4133,340
3094630,-1,4125,344
3094631,6,4119,348
3094632,5,4114,352
3094633,17,4114,359
3094634,22,4113,357
3094635,13,4111,337
3094636,-7,4111,328
3094637,-29,4113,320
3094638,-44,4111,294
3094639,-59,4105,282
3094640,-76,4104,287
3094641,-101,4107,256
3094642,-111,4113,247
3094643,-126,4114,249
3094644,-129,4115,255
3094645,-128,4124,266
3094646,-139,4129,265
3094647,-158,4129,256
3094648,-172,4128,264
3094649,-184,4137,270
3094650,-192,4142,261
3094651,-189,4142,259
3094652,-188,4146,255
3094653,-198,4149,243
3094654,-213,4146,233
3094655,-223,4135,220
3094656,-233,4125,202
3094657,-246,4123,192
3094658,-262,4121,199
3094659,-267,4118,207
3094660,-265,4119,223
3094661,-267,4113,248
3094662,-266,4107,262
3094663,-269,4111,267
3094664,-268,4113,264
3094665,-259,4108,250
3094666,-252,4100,236
3094667,-248,4095,225
3094668,-245,4098,229
3094669,-242,4105,237
3094670,-234,4104,227
3094671,-222,4105,223
3094672,-206,4111,224
3094673,-191,4116,219
3094674,-181,4117,215
3094675,-176,4122,208
3094676,-171,4130,214
3094677,-170,4143,224
3094678,-176,4162,231
3094679,-182,4158,258
3094680,-183,4148,271
3094681,-188,4154,279
3094682,-185,4163,285
3094683,-184,4174,291
3094684,-196,4176,292
3094685,-211,4173,307
3094686,-212,4178,316
3094687,-207,4183,315
3094688,-202,4189,312
3094689,-198,4194,308
3094690,-193,4196,301
3094692,-194,4184,260
3094693,-195,4181,259
3094694,-203,4178,268
3094695,-213,4169,281
3094698,-217,4174,286
3094699,-227,4171,283
3094700,-232,4167,287
3094701,-230,4165,288
3094702,-223,4165,274
3094703,-217,4168,257
3094704,-211,4163,254
3094705,-205,4155,266
3094706,-195,4153,279
3094707,-178,4153,284
3094708,-175,4159,290
3094709,-172,4166,297
3094710,-164,4166,293
3094711,-166,4163,288
3094712,-169,4165,295
3094713,-172,4165,303
3094714,-170,4171,294
3094715,-161,4189,282
3094716,-157,4202,279
3094717,-153,4200,289
3094718,-145,4194,299
3094719,-145,4188,307
3094720,-145,4183,308
3094721,-136,4181,317
3094722,-127,4175,322
3094723,-135,4168,290
3094724,-133,4164,293
3094725,-127,4165,308
3094726,-128,4171,322
3094727,-126,4170,326
3094728,-128,4163,315
3094729,-129,4160,302
3094730,-124,4155,302
3094731,-116,4146,306
3094732,-113,4144,296
3094733,-111,4146,286
3094734,-110,4149,283
3094735,-110,4151,284
3094736,-110,4146,290
3094737,-114,4147,287
3094738,-115,4148,270
3094739,-109,4143,262
3094740,-99,4134,265
3094741,-91,4127,260
3094742,-88,4124,263
3094743,-93,4116,275
3094744,-97,4105,277
3094745,-100,4098,272
3094746,-97,4097,274
3094747,-95,4098,284
3094748,-102,4103,291
3094749,-116,4106,305
3094750,-121,4102,315
3094751,-124,4108,322
3094752,-137,4114,327
3094753,-145,4111,318
3094754,-153,4108,308
3094755,-161,4116,310
3094756,-164,4135,325
3094757,-164,4145,338
3094758,-140,4146,339
3094759,-119,4146,349
3094760,-102,4151,347
3094761,-90,4158,337
3094762,-71,4166,337
3094763,-57,4179,332
3094764,-52,4189,313
3094765,-41,4196,304
3094766,-35,4203,307
3094767,-34,4208,307
3094768,-27,4207,312
3094769,-23,4206,322
3094770,-31,4206,328
3094771,-44,4200,336
3094772,-55,4191,345
3094773,-67,4187,337
3094774,-81,4184,329
3094775,-96,4172,326
3094776,-101,4163,317
3094777,-95,4166,309
3094778,-101,4170,304
3094779,-118,4165,298
3094780,-129,4156,278
3094781,-132,4152,255
3094782,-139,4146,244
3094783,-151,4150,248
3094784,-166,4158,254
3094785,-178,4158,250
3094786,-180,4152,248
3094787,-178,4148,251
3094788,-180,4156,248
3094789,-189,4166,243
3094790,-199,4170,252
3094791,-211,4170,250
3094792,-221,4168,250
3094793,-229,4166,251
3094794,-238,4167,236
3094795,-243,4166,233
3094796,-240,4165,232
3094797,-235,4166,220
3094798,-236,4162,207
3094799,-245,4157,197
3094800,-255,4162,184
3094801,-254,4162,177
3094802,-261,4145,183
3094803,-280,4135,187
3094804,-289,4135,186
3094805,-292,4137,185
3094806,-299,4139,182
3094807,-304,4134,186
3094808,-307,4126,199
3094809,-308,4121,208
3094810,-315,4118,218
3094811,-320,4115,225
3094812,-317,4111,215
3094813,-316,4107,205
3094814,-311,4103,217
3094815,-304,4102,237
3094816,-305,4104,243
3094817,-304,4104,229
3094818,-307,4101,218
3094819,-315,4101,220
3094820,-322,4102,212
3094821,-327,4101,199
3094822,-327,4105,195
3094823,-330,4112,209
3094824,-336,4119,224
3094825,-345,4120,224
3094826,-356,4117,218
3094827,-366,4116,216
3094828,-375,4118,223
3094829,-372,4130,221
3094830,-360,4131,217
3094831,-344,4131,225
3094832,-326,4139,232
3094833,-310,4140,239
3094834,-295,4132,248
3094835,-269,4131,264
3094836,-239,4139,282
3094837,-210,4137,284
3094838,-182,4133,290
3094839,-166,4137,316
3094840,-160,4136,328
3094841,-149,4133,331
3094842,-132,4137,353
3094843,-118,4143,384
3094844,-110,4153,400
3094845,-99,4155,403
3094846,-91,4143,407
3094847,-87,4136,407
3094848,-80,4138,403
3094849,-61,4141,401
3094850,-45,4149,399
3094851,-40,4149,381
3094852,-31,4148,354
3094853,-28,4150,344
3094854,-37,4148,342
3094855,-41,4148,338
3094856,-44,4155,335
3094857,-52,4157,331
3094858,-55,4157,322
3094859,-64,4164,318
3094860,-75,4171,323
3094861,-79,4173,330
3094862,-88,4177,349
3094863,-99,4185,362
3094864,-104,4188,356
3094865,-99,4187,335
3094866,-103,4190,316
3094867,-112,4192,324
3094868,-114,4189,335
3094869,-116,4191,342
3094870,-121,4192,344
3094871,-118,4191,348
3094872,-108,4189,344
3094873,-101,4178,333
3094874,-102,4170,328
3094875,-102,4172,340
3094876,-102,4172,352
3094877,-107,4167,348
3094878,-107,4167,339
3094879,-103,4166,334
3094880,-104,4159,331
3094881,-115,4154,324
3094882,-124,4154,314
3094883,-123,4152,304
3094884,-127,4150,302
3094885,-136,4153,305
3094886,-141,4150,311
3094887,-148,4140,321
3094888,-154,4128,328
3094889,-157,4123,328
3094890,-178,4125,317
3094891,-201,4124,310
3094892,-204,4113,313
3094893,-206,4105,312
3094894,-210,4108,308
3094895,-218,4112,305
3094896,-229,4113,294
3094897,-232,4108,287
3094898,-227,4114,289
3094899,-214,4120,288
3094900,-202,4110,288
3094901,-200,4097,286
3094902,-203,4093,280
3094903,-221,4087,277
3094904,-228,4082,285
3094905,-234,4083,293
3094906,-233,4087,288
3094907,-236,4079,278
3094908,-247,4070,290
3094909,-250,4069,294
3094910,-254,4071,283
3094911,-254,4072,275
3094912,-246,4067,270
3094913,-240,4060,280
3094914,-237,4063,296
3094915,-232,4064,295
3094916,-226,4067,283
3094917,-219,4072,284
3094918,-201,4068,291
3094919,-185,4073,295
3094920,-175,4076,293
3094921,-162,4071,286
3094922,-148,4074,289
3094923,-144,4079,300
3094924,-150,4076,301
3094925,-154,4071,299
3094926,-151,4076,299
3094927,-151,4087,305
3094928,-158,4086,321
3094929,-168,4092,337
3094930,-171,4107,349
3094931,-169,4104,344
3094932,-172,4093,333
3094933,-176,4093,335
3094934,-181,4100,346
3094935,-184,4099,356
3094936,-189,4101,355
3094937,-197,4102,349
3094938,-199,4102,347
3094939,-206,4107,354
3094940,-211,4111,356
3094941,-209,4131,313
3094942,-216,4135,303
3094943,-224,4138,314
3094944,-225,4146,321
3094945,-226,4147,305
3094946,-225,4150,289
3094947,-226,4155,288
3094948,-227,4152,301
3094949,-231,4148,321
3094950,-227,4156,319
3094951,-216,4155,306
3094952,-211,4148,313
3094953,-204,4154,336
3094954,-201,4159,350
3094955,-199,4153,354
3094956,-193,4148,354
3094957,-185,4145,352
3094958,-176,4135,351
3094959,-171,4131,355
3094960,-175,4146,345
3094961,-172,4154,325
3094962,-154,4148,319
3094963,-134,4149,315
3094964,-128,4153,309
3094965,-130,4148,308
3094966,-122,4143,316
3094967,-116,4141,324
3094968,-121,4141,331
3094969,-122,4140,332
3094970,-116,4134,321
3094971,-112,4135,317
3094972,-118,4142,307
3094973,-124,4141,302
3094974,-120,4137,320
3094975,-112,4135,346
3094976,-106,4133,354
3094977,-98,4130,345
3094978,-93,4140,342
3094979,-98,4142,328
3094980,-102,4149,327
3094981,-108,4160,330
3094982,-122,4163,324
3094983,-130,4166,316
3094984,-136,4173,310
3094985,-146,4174,317
3094986,-157,4168,328
3094987,-166,4161,332
3094988,-169,4160,332
3094989,-167,4161,332
3094990,-161,4167,340
3094991,-154,4180,350
3094992,-139,4191,347
3094993,-119,4193,330
3094994,-96,4188,312
3094995,-75,4190,307
3094996,-67,4198,303
3094997,-67,4196,303
3094998,-78,4190,328
3094999,-92,4191,352
3095000,-99,4203,358
3095001,-109,4205,366
3095002,-118,4205,362
3095003,-128,4201,348
3095004,-147,4186,360
3095005,-164,4182,380
3095006,-170,4169,379
3095007,-162,4154,366
3095008,-163,4150,358
3095009,-177,4150,360
3095010,-184,4153,363
3095011,-194,4150,363
3095012,-200,4144,359
3095013,-192,4145,350
3095014,-185,4147,338
3095015,-180,4145,334
3095016,-165,4135,320
3095017,-164,4130,316
3095018,-164,4126,312
3095019,-170,4123,306
3095020,-179,4123,316
3095021,-185,4125,339
3095022,-182,4123,342
3095023,-179,4118,328
3095024,-186,4115,332
3095025,-191,4117,345
3095026,-196,4114,334
3095027,-200,4110,321
3095028,-194,4118,320
3095029,-197,4128,310
3095030,-210,4129,291
3095031,-215,4133,280
3095032,-219,4149,285
3095033,-227,4160,300
3095034,-233,4159,315
3095035,-235,4160,325
3095036,-241,4163,340
3095037,-249,4157,348
3095038,-251,4147,343
3095039,-254,4141,334
3095040,-256,4143,325
3095041,-258,4137,319
3095042,-269,4131,316
3095043,-274,4135,312
3095044,-265,4128,309
3095045,-249,4121,310
3095046,-244,4128,308
3095047,-250,4135,304
3095048,-253,4138,293
3095049,-262,4138,280
3095050,-262,4133,274
3095051,-258,4129,278
3095052,-264,4117,283
3095053,-260,4102,309
3095054,-251,4103,306
3095055,-250,4095,297
3095056,-241,4091,290
3095057,-218,4103,285
3095058,-207,4112,288
3095059,-210,4107,292
3095060,-217,4103,295
3095061,-224,4104,303
3095062,-227,4106,306
3095063,-229,4108,298
3095064,-225,4111,286
3095065,-222,4116,289
3095066,-225,4124,301
3095067,-227,4125,301
3095068,-224,4125,290
3095069,-215,4136,279
3095070,-206,4148,276
3095071,-193,4154,268
3095072,-182,4155,255
3095073,-176,4162,264
3095074,-172,4172,283
3095075,-167,4172,289
3095076,-164,4170,304
3095077,-162,4173,316
3095078,-159,4177,313
3095079,-154,4172,331
3095080,-158,4168,363
3095081,-171,4162,382
3095082,-169,4154,385
3095083,-161,4152,382
3095084,-156,4150,382
3095085,-151,4151,373
3095086,-144,4146,355
3095087,-138,4142,349
3095088,-139,4147,349
3095089,-143,4151,336
3095090,-142,4145,321
3095091,-112,4141,351
3095092,-94,4141,356
3095093,-81,4131,345
3095094,-71,4122,342
3095095,-61,4128,343
3095096,-56,4137,341
3095097,-59,4139,340
3095098,-62,4136,341
3095099,-64,4130,344
3095100,-74,4133,358
3095101,-87,4136,365
3095102,-99,4138,354
3095103,-115,4142,354
3095104,-128,4140,358
3095105,-135,4137,360
3095106,-153,4140,355
3095107,-177,4140,346
3095108,-187,4139,340
3095109,-187,4136,339
3095110,-195,4129,347
3095111,-203,4126,357
3095112,-207,4130,355
3095113,-223,4137,337
3095114,-237,4137,320
3095115,-240,4135,311
3095116,-240,4133,301
3095117,-240,4130,302
3095118,-236,4127,314
3095119,-232,4127,312
3095120,-230,4130,308
3095121,-218,4130,303
3095122,-197,4124,298
3095123,-183,4115,307
3095124,-176,4108,314
3095125,-172,4110,312
3095126,-167,4108,312
3095127,-165,4098,315
3095128,-167,4092,323
3095129,-190,4095,317
3095130,-192,4086,309
3095131,-193,4082,317
3095132,-208,4079,334
3095133,-219,4076,333
3095134,-230,4077,322
3095135,-251,4080,304
3095136,-260,4076,280
3095137,-256,4071,279
3095138,-247,4074,305
3095139,-232,4082,314
3095140,-227,4089,295
3095141,-219,4092,289
3095142,-212,4096,307
3095143,-210,4097,323
3095144,-204,4095,325
3095145,-207,4100,315
3095146,-219,4099,304
3095147,-232,4099,290
3095148,-252,4109,280
3095149,-267,4111,289
3095150,-267,4113,306
3095151,-261,4119,316
3095152,-253,4128,319
3095153,-245,4134,311
3095154,-240,4131,296
3095155,-241,4135,289
3095156,-240,4146,293
3095157,-235,4151,298
3095158,-230,4150,306
3095159,-224,4148,324
3095160,-221,4143,334
3095161,-223,4138,336
3095162,-222,4143,337
3095163,-222,4148,338
3095164,-226,4149,337
3095165,-223,4144,324
3095166,-218,4134,324
3095167,-220,4123,320
3095168,-218,4121,309
3095169,-213,4129,297
3095170,-205,4139,293
3095171,-194,4145,296
3095172,-187,4152,298
3095173,-182,4162,300
3095174,-182,4160,303
3095175,-182,4153,317
3095176,-174,4147,316
3095177,-175,4144,300
3095178,-184,4150,301
3095179,-195,4161,313
3095180,-202,4168,329
3095181,-205,4169,331
3095182,-210,4161,314
3095183,-215,4160,298
3095184,-225,4169,298
3095185,-236,4176,311
3095186,-252,4175,324
3095187,-266,4167,326
3095188,-263,4163,324
3095189,-248,4163,327
3095190,-231,4174,331
3095191,-221,4185,336
3095192,-214,4188,329
3095193,-212,4193,309
3095194,-215,4192,296
3095195,-213,4188,302
3095196,-206,4188,321
3095197,-189,4188,331
3095198,-165,4174,331
3095199,-153,4162,330
3095200,-157,4162,330
3095201,-136,4175,330
3095202,-127,4184,331
3095203,-126,4185,348
3095204,-117,4178,370
3095205,-112,4174,375
3095206,-112,4178,377
3095207,-119,4183,379
3095208,-137,4185,392
3095209,-156,4190,400
3095210,-172,4199,391
3095211,-182,4204,395
3095212,-185,4202,397
3095213,-185,4203,389
3095214,-186,4203,378
3095215,-184,4199,360
3095216,-171,4193,350
3095217,-158,4189,351
3095218,-154,4189,354
3095219,-140,4185,373
3095220,-128,4180,398
3095222,-129,4177,410
3095223,-126,4171,412
3095224,-116,4166,406
3095225,-111,4159,386
3095226,-107,4150,354
3095227,-108,4138,327
3095228,-121,4134,323
3095229,-133,4128,337
3095230,-141,4115,354
3095231,-150,4119,355
3095232,-152,4128,346
3095233,-155,4134,335
3095234,-157,4143,329
3095235,-147,4150,323
3095236,-140,4154,310
3095237,-139,4157,293
3095238,-131,4157,286
3095239,-131,4156,298
3095240,-129,4150,310
3095241,-124,4140,316
3095242,-138,4137,324
3095243,-156,4134,338
3095244,-162,4136,354
3095245,-166,4140,348
3095246,-160,4135,322
3095247,-150,4130,299
3095248,-141,4130,299
3095249,-135,4130,313
3095250,-141,4133,331
3095251,-152,4137,349
3095252,-156,4131,352
3095253,-156,4118,342
3095254,-158,4110,344
3095255,-168,4102,362
3095256,-177,4092,383
3095257,-184,4091,389
3095258,-192,4093,371
3095259,-192,4096,358
3095260,-193,4097,350
3095261,-192,4090,333
3095262,-185,4084,317
3095263,-183,4086,310
3095264,-193,4090,307
3095265,-208,4093,302
3095266,-219,4086,294
3095267,-232,4085,292
3095268,-247,4091,299
3095269,-261,4089,310
3095270,-269,4085,318
3095271,-275,4080,314
3095272,-284,4083,317
3095273,-294,4095,329
3095274,-305,4099,341
3095275,-306,4094,347
3095276,-296,4101,338
3095277,-289,4116,312
3095278,-271,4120,277
3095279,-267,4124,282
3095280,-261,4131,284
3095281,-253,4132,284
3095282,-255,4133,294
3095283,-272,4139,300
3095284,-286,4136,289
3095285,-285,4130,273
3095286,-289,4133,277
3095287,-306,4127,294
3095288,-313,4120,308
3095289,-310,4125,312
3095290,-311,4127,315
3095291,-310,4120,314
3095292,-299,4111,312
3095293,-295,4110,316
3095294,-308,4116,327
3095295,-322,4125,339
3095296,-333,4139,335
3095297,-336,4145,316
3095298,-326,4140,297
3095299,-313,4148,286
3095300,-313,4154,266
3095301,-308,4149,255
3095302,-289,4151,266
3095303,-272,4158,275
3095304,-255,4155,286
3095305,-244,4151,302
3095306,-243,4150,313
3095307,-236,4152,329
3095308,-225,4156,343
3095309,-219,4163,343
3095310,-213,4165,341
3095311,-193,4167,342
3095312,-177,4179,342
3095313,-171,4190,352
3095314,-165,4187,361
3095315,-163,4176,366
3095316,-177,4179,371
3095317,-178,4177,376
3095318,-184,4179,375
3095319,-189,4175,365
3095320,-180,4163,342
3095321,-171,4149,322
3095322,-166,4149,325
3095323,-159,4164,343
3095324,-147,4169,352
3095325,-140,4160,356
3095326,-138,4150,356
3095327,-121,4147,360
3095328,-103,4152,376
3095329,-95,4157,379
3095330,-88,4154,379
3095331,-81,4153,387
3095332,-80,4151,394
3095333,-80,4142,398
3095334,-69,4135,388
3095335,-55,4127,378
3095336,-43,4115,374
3095337,-29,4111,378
3095338,-14,4115,397
3095339,-10,4115,409
3095340,-16,4107,401
3095341,-22,4102,395
3095342,-36,4103,415
3095343,-56,4100,424
3095344,-70,4096,419
3095345,-81,4101,421
3095346,-80,4103,424
3095347,-67,4102,415
3095348,-69,4107,401
3095349,-88,4104,399
3095350,-104,4105,396
3095351,-111,4111,403
3095352,-113,4117,384
3095353,-118,4121,353
3095354,-123,4125,327
3095355,-123,4125,317
3095356,-123,4124,325
3095357,-119,4128,331
3095358,-110,4137,331
3095359,-108,4144,323
3095360,-108,4144,303
3095361,-101,4142,285
3095362,-100,4130,288
3095363,-106,4117,315
3095364,-107,4115,339
3095365,-112,4112,350
3095366,-119,4110,361
3095367,-123,4120,362
3095368,-126,4126,337
3095369,-123,4120,309
3095370,-120,4116,291
3095371,-127,4125,291
3095372,-142,4132,304
3095373,-153,4125,315
3095374,-166,4121,330
3095375,-178,4122,337
3095376,-178,4127,333
3095377,-180,4135,317
3095378,-193,4144,287
3095379,-212,4150,252
3095380,-219,4157,239
3095381,-216,4167,260
3095382,-218,4170,298
3095383,-222,4169,314
3095384,-229,4165,304
3095385,-244,4166,309
3095386,-250,4177,322
3095387,-252,4177,317
3095388,-261,4176,309
3095389,-270,4185,320
3095390,-265,4192,318
3095391,-258,4190,313
3095392,-247,4187,311
3095393,-236,4192,315
3095394,-232,4192,336
3095395,-228,4194,357
3095396,-220,4206,349
3095397,-217,4212,323
3095398,-218,4207,309
3095399,-213,4200,310
3095400,-205,4199,305
3095401,-203,4203,295
3095402,-208,4200,300
3095403,-213,4190,319
3095404,-214,4183,333
3095405,-215,4176,340
3095406,-213,4158,351
3095407,-207,4150,357
3095408,-207,4152,348
3095409,-217,4142,340
3095410,-225,4137,342
3095411,-227,4141,342
3095412,-223,4143,328
3095413,-230,4142,315
3095414,-245,4141,315
3095415,-254,4143,308
3095416,-255,4147,293
3095417,-246,4154,284
3095418,-233,4161,276
3095419,-228,4165,276
3095420,-237,4164,280
3095421,-248,4156,282
3095422,-253,4153,285
3095423,-251,4162,294
3095424,-254,4166,298
3095425,-256,4159,287
3095426,-233,4156,289
3095427,-228,4152,307
3095428,-218,4146,311
3095429,-215,4147,314
3095430,-217,4149,322
3095431,-215,4147,331
3095432,-214,4137,335
3095433,-220,4130,336
3095434,-234,4131,341
3095435,-235,4130,348
3095436,-229,4126,353
3095437,-232,4126,347
3095438,-237,4126,347
3095439,-241,4126,343
3095440,-240,4130,324
3095441,-236,4136,313
3095442,-240,4137,312
3095443,-247,4135,305
3095444,-252,4139,291
3095445,-254,4141,279
3095446,-253,4143,275
3095447,-248,4150,283
3095448,-248,4146,297
3095449,-251,4142,308
3095450,-253,4141,304
3095451,-264,4140,297
3095452,-275,4148,297
3095453,-274,4156,290
3095454,-271,4159,278
3095455,-273,4164,287
3095456,-284,4158,301
3095457,-295,4140,301
3095458,-292,4136,306
3095459,-287,4142,329
3095460,-281,4136,351
3095461,-274,4127,361
3095462,-278,4137,357
3095463,-283,4152,343
3095464,-269,4151,330
3095465,-265,4159,350
3095466,-260,4169,364
3095467,-255,4175,362
3095468,-254,4171,350
3095469,-253,4166,340
3095470,-245,4168,333
3095471,-232,4170,326
3095472,-215,4181,327
3095473,-203,4195,340
3095474,-195,4199,352
3095475,-182,4191,364
3095476,-172,4184,381
3095477,-172,4184,396
3095478,-178,4185,405
3095479,-184,4182,410
3095480,-186,4174,417
3095481,-189,4167,429
3095482,-198,4167,443
3095483,-207,4166,437
3095484,-211,4163,411
3095485,-215,4167,394
3095486,-224,4167,400
3095487,-226,4168,408
3095488,-221,4166,405
3095489,-223,4153,409
3095490,-232,4150,413
3095491,-243,4153,406
3095492,-252,4148,388
3095493,-261,4144,375
3095494,-266,4147,370
3095495,-263,4158,373
3095496,-258,4160,366
3095497,-245,4153,349
3095498,-222,4151,352
3095499,-204,4153,372
3095500,-192,4152,381
3095501,-162,4159,357
3095502,-152,4164,352
3095503,-151,4154,350
3095504,-150,4141,352
3095505,-151,4135,372
3095506,-150,4129,402
3095507,-147,4127,421
3095508,-153,4125,417
3095509,-164,4114,402
3095510,-172,4109,402
3095511,-187,4113,415
3095512,-205,4108,404
3095513,-213,4105,377
3095514,-227,4108,365
3095515,-242,4112,361
3095516,-240,4115,370
3095517,-237,4123,379
3095518,-238,4128,373
3095519,-231,4123,368
3095520,-212,4116,370
3095521,-212,4109,380
3095522,-225,4101,390
3095523,-228,4098,386
3095524,-230,4100,379
3095525,-234,4106,375
3095526,-235,4109,370
3095527,-227,4111,347
3095528,-227,4112,334
3095529,-235,4112,354
3095530,-239,4113,375
3095531,-234,4116,380
3095532,-233,4115,365
3095533,-239,4111,350
3095534,-239,4117,347
3095535,-236,4119,353
3095536,-229,4115,352
3095537,-229,4113,346
3095538,-226,4119,350
3095539,-224,4113,353
3095540,-224,4109,349
3095541,-224,4113,342
3095542,-222,4120,332
3095543,-222,4117,340
3095544,-223,4109,360
3095545,-228,4108,371
3095546,-235,4109,372
3095547,-237,4090,366
3095548,-240,4070,375
3095549,-248,4072,395
3095550,-253,4071,401
3095551,-262,4077,391
3095552,-275,4094,379
3095553,-280,4105,365
3095554,-278,4112,345
3095555,-280,4116,334
3095556,-286,4116,341
3095557,-290,4118,333
3095558,-288,4118,313
3095559,-279,4121,320
3095560,-266,4127,341
3095561,-255,4125,351
3095562,-246,4116,353
3095563,-239,4114,364
3095564,-233,4120,383
3095565,-227,4121,393
3095566,-218,4120,393
3095567,-210,4123,385
3095568,-203,4128,377
3095569,-186,4134,380
3095570,-169,4133,380
3095571,-160,4129,369
3095572,-156,4128,358
3095573,-152,4132,355
3095574,-150,4135,357
3095575,-148,4134,367
3095576,-133,4141,385
3095577,-136,4148,389
3095578,-133,4152,391
3095579,-128,4147,389
3095580,-127,4143,377
3095581,-128,4142,354
3095582,-129,4138,338
3095583,-131,4130,354
3095584,-138,4132,382
3095585,-144,4133,388
3095586,-139,4125,387
3095587,-129,4123,395
3095588,-124,4123,403
3095589,-135,4126,391
3095590,-146,4123,379
3095591,-143,4114,389
3095592,-139,4117,384
3095593,-141,4124,365
3095594,-142,4122,358
3095595,-144,4126,354
3095596,-144,4124,364
3095597,-139,4123,378
3095598,-141,4124,380
3095599,-145,4114,379
3095600,-150,4107,381
3095601,-166,4104,384
3095602,-189,4098,384
3095603,-203,4090,384
3095604,-211,4085,372
3095605,-223,4081,358
3095606,-235,4075,349
3095607,-254,4063,343
3095608,-273,4053,342
3095609,-283,4059,334
3095610,-290,4075,322
3095611,-293,4084,323
3095612,-301,4087,338
3095613,-321,4098,350
3095614,-320,4092,356
3095615,-322,4095,364
3095616,-324,4099,361
3095617,-317,4093,362
3095618,-305,4090,366
3095619,-299,4087,360
3095620,-295,4089,338
3095621,-291,4090,323
3095622,-281,4091,331
3095623,-263,4100,346
3095624,-250,4109,357
3095625,-247,4114,363
3095626,-241,4117,372
3095627,-234,4125,397
3095628,-228,4129,410
3095629,-221,4114,402
3095630,-209,4104,398
3095631,-199,4102,400
3095632,-196,4106,405
3095633,-188,4120,422
3095634,-180,4137,436
3095635,-179,4147,429
3095636,-169,4149,417
3095637,-163,4159,417
3095638,-167,4172,417
3095639,-171,4178,407
3095640,-183,4175,397
3095641,-202,4171,391
3095642,-219,4174,395
3095643,-233,4176,419
3095644,-241,4179,436
3095645,-246,4180,426
3095646,-244,4180,409
3095647,-244,4187,401
3095648,-236,4191,396
3095649,-221,4184,383
3095650,-218,4169,386
3095651,-214,4171,402
3095652,-208,4176,392
3095653,-193,4172,376
3095654,-175,4162,373
3095655,-168,4154,370
3095656,-161,4152,362
3095657,-152,4154,354
3095658,-146,4158,355
3095659,-141,4161,367
3095660,-139,4160,369
3095661,-145,4154,359
3095662,-156,4145,365
3095663,-158,4133,379
3095664,-155,4130,385
3095665,-166,4133,383
3095666,-182,4125,377
3095667,-194,4119,385
3095668,-201,4122,392
3095669,-209,4123,388
3095670,-221,4119,386
3095671,-233,4120,398
3095672,-246,4123,403
3095673,-243,4118,388
3095674,-230,4115,376
3095675,-224,4114,377
3095676,-221,4116,374
3095677,-229,4113,358
3095678,-234,4109,355
3095679,-230,4112,355
3095680,-227,4114,351
3095681,-224,4108,356
3095682,-219,4101,366
3095683,-215,4112,361
3095684,-215,4123,343
3095685,-222,4111,332
3095686,-225,4098,336
3095687,-220,4094,346
3095688,-209,4085,343
3095689,-217,4086,348
3095690,-230,4080,360
3095691,-239,4071,376
3095692,-237,4062,397
3095693,-245,4067,415
3095694,-254,4072,405
3095695,-254,4066,378
3095696,-261,4065,370
3095697,-273,4071,385
3095698,-275,4081,396
3095699,-274,4090,393
3095700,-279,4084,383
3095701,-294,4073,371
3095702,-304,4081,370
3095703,-296,4097,374
3095704,-285,4106,367
3095705,-276,4109,361
3095706,-266,4108,359
3095707,-255,4112,356
3095708,-242,4119,349
3095709,-241,4124,350
3095710,-241,4134,364
3095711,-233,4140,378
3095712,-228,4138,376
3095713,-224,4138,363
3095714,-213,4143,369
3095715,-206,4144,394
3095716,-205,4140,416
3095717,-209,4138,426
3095718,-228,4134,429
3095719,-244,4128,439
3095720,-259,4129,441
3095721,-269,4136,428
3095722,-272,4142,423
3095723,-277,4146,435
3095724,-280,4143,433
3095725,-278,4132,411
3095726,-285,4134,395
3095727,-292,4132,377
3095728,-283,4133,378
3095729,-276,4139,402
3095730,-275,4145,422
3095731,-264,4139,420
3095732,-247,4130,419
3095733,-238,4132,427
3095734,-229,4139,433
3095735,-216,4144,422
3095736,-201,4147,400
3095737,-185,4146,396
3095738,-171,4141,397
3095739,-164,4139,400
3095740,-167,4141,414
3095741,-173,4141,429
3095742,-176,4142,444
3095743,-183,4139,451
3095744,-191,4133,442
3095745,-196,4131,427
3095746,-200,4133,411
3095747,-198,4134,393
3095748,-190,4127,393
3095749,-187,4124,422
3095750,-197,4124,457
3095751,-206,4125,466
3095752,-212,4127,447
3095753,-214,4124,420
3095754,-210,4117,413
3095755,-210,4108,435
3095756,-213,4107,456
3095757,-212,4111,465
3095758,-209,4119,465
3095759,-197,4128,447
3095760,-176,4127,422
3095761,-156,4127,412
3095762,-150,4123,408
3095763,-152,4122,408
3095764,-168,4124,408
3095765,-186,4123,409
3095766,-194,4122,405
3095767,-194,4118,395
3095768,-196,4112,399
3095769,-198,4110,405
3095770,-204,4101,404
3095771,-215,4094,410
3095772,-224,4094,418
3095773,-237,4098,413
3095774,-242,4105,398
3095775,-246,4111,393
3095776,-262,4114,389
3095777,-269,4110,368
3095778,-271,4104,358
3095779,-275,4099,357
3095780,-271,4086,350
3095781,-271,4079,351
3095782,-284,4077,348
3095783,-287,4070,337
3095784,-289,4072,332
3095785,-305,4075,335
3095786,-314,4068,338
3095787,-313,4065,329
3095788,-316,4067,313
3095789,-320,4073,303
3095790,-318,4081,289
3095791,-317,4089,277
3095792,-316,4088,279
3095793,-316,4088,289
3095794,-319,4091,307
3095795,-317,4093,315
3095796,-317,4094,309
3095797,-318,4096,307
3095798,-313,4101,307
3095799,-314,4107,298
3095800,-328,4129,291
3095801,-326,4125,297
3095802,-323,4119,304
3095803,-329,4114,313
3095804,-334,4115,320
3095805,-338,4124,326
3095806,-341,4135,326
3095807,-340,4133,329
3095808,-337,4126,347
3095809,-342,4132,366
3095810,-348,4137,375
3095811,-344,4135,372
3095812,-334,4136,353
3095813,-321,4142,338
3095814,-310,4148,339
3095815,-295,4154,345
3095816,-278,4159,348
3095817,-266,4162,350
3095818,-252,4165,365
3095819,-235,4169,377
3095820,-219,4168,384
3095821,-214,4164,397
3095822,-214,4162,410
3095823,-208,4164,421
3095824,-202,4168,431
3095825,-202,4173,443
3095826,-203,4176,445
3095827,-201,4172,439
3095828,-195,4169,437
3095829,-183,4168,438
3095830,-178,4168,435
3095831,-168,4177,421
3095832,-153,4183,405
3095833,-147,4184,416
3095834,-150,4186,440
3095835,-165,4185,446
3095836,-175,4182,435
3095837,-173,4187,438
3095838,-175,4189,439
3095839,-175,4188,434
3095840,-178,4186,430
3095841,-176,4180,436
3095842,-168,4179,443
3095843,-166,4192,432
3095844,-164,4205,412
3095845,-157,4204,404
3095846,-159,4204,397
3095847,-174,4205,391
3095848,-178,4202,402
3095849,-173,4200,410
3095850,-168,4200,405
3095851,-164,4205,401
3095852,-162,4202,402
3095853,-167,4193,406
3095854,-165,4192,412
3095855,-156,4199,413
3095856,-159,4210,397
3095857,-168,4216,389
3095858,-177,4212,399
3095859,-185,4205,405
3095860,-188,4197,418
3095861,-189,4203,427
3095862,-183,4218,422
3095863,-172,4221,422
3095864,-163,4219,423
3095865,-167,4217,416
3095866,-176,4212,415
3095867,-177,4210,432
3095868,-172,4214,447
3095869,-168,4224,445
3095870,-168,4219,436
3095871,-163,4208,429
3095872,-159,4215,418
3095873,-158,4225,412
3095874,-170,4236,406
3095875,-212,4264,395
3095876,-210,4250,386
3095877,-192,4234,378
3095878,-175,4223,378
3095879,-170,4208,381
3095880,-171,4197,386
3095881,-175,4190,396
3095882,-180,4179,411
3095883,-187,4165,416
3095884,-197,4146,417
3095885,-210,4125,419
3095886,-211,4113,407
3095887,-199,4109,391
3095888,-192,4115,371
3095889,-192,4119,350
3095890,-193,4120,350
3095891,-188,4119,361
3095892,-185,4110,346
3095893,-195,4102,314
3095894,-208,4102,300
3095895,-213,4104,302
3095896,-216,4100,313
3095897,-222,4094,324
3095898,-231,4091,340
3095899,-248,4089,353
3095900,-261,4089,355
3095901,-266,4088,356
3095902,-270,4085,360
3095903,-267,4083,360
3095904,-255,4083,365
3095905,-244,4084,380
3095906,-240,4091,407
3095907,-241,4093,423
3095908,-239,4086,403
3095909,-231,4078,375
3095910,-232,4077,362
3095911,-240,4078,362
3095912,-238,4083,348
3095913,-253,4096,315
3095914,-273,4093,304
3095915,-290,4099,303
3095916,-299,4106,319
3095917,-312,4105,325
3095918,-327,4099,299
3095919,-329,4097,268
3095920,-329,4103,265
3095921,-323,4107,284
3095922,-315,4100,309
3095923,-314,4095,337
3095924,-309,4097,359
3095925,-298,4094,382
3095926,-276,4093,407
3095927,-254,4093,422
3095928,-240,4090,435
3095929,-231,4088,447
3095930,-223,4088,448
3095931,-214,4091,445
3095932,-210,4092,449
3095933,-198,4091,457
3095934,-195,4093,449
3095935,-212,4092,419
3095936,-222,4079,401
3095937,-227,4076,401
3095938,-241,4088,400
3095939,-252,4094,399
3095940,-261,4093,404
3095941,-269,4092,418
3095942,-265,4100,424
3095943,-259,4108,425
3095944,-264,4108,432
3095945,-266,4101,438
3095946,-259,4091,445
3095947,-251,4088,450
3095948,-238,4090,450
3095949,-228,4090,440
3095950,-210,4070,447
3095951,-208,4075,457
3095952,-212,4082,470
3095953,-222,4085,477
3095954,-237,4098,482
3095955,-253,4111,488
3095956,-265,4113,483
3095957,-266,4114,463
3095958,-268,4118,438
3095959,-271,4129,418
3095960,-269,4143,422
3095961,-262,4155,452
3095962,-254,4158,470
3095963,-254,4154,462
3095964,-254,4150,448
3095965,-251,4148,438
3095966,-247,4147,427
3095967,-240,4144,419
3095968,-240,4141,422
3095969,-240,4145,439
3095970,-232,4151,444
3095971,-221,4154,433
3095972,-207,4162,433
3095973,-187,4168,436
3095974,-170,4163,437
3095975,-163,4157,443
3095976,-155,4158,449
3095977,-137,4148,450
3095978,-116,4128,453
3095979,-104,4119,462
3095980,-105,4122,475
3095981,-109,4128,479
3095982,-101,4129,461
3095983,-89,4126,427
3095984,-80,4122,405
3095985,-73,4117,404
3095986,-67,4109,423
3095987,-72,4107,455
3095988,-100,4120,492
3095989,-101,4120,486
3095990,-104,4114,478
3095991,-112,4105,472
3095992,-123,4098,463
3095993,-130,4091,462
3095994,-142,4084,469
3095995,-161,4082,481
3095996,-173,4084,492
3095997,-181,4092,488
3095998,-189,4096,470
3095999,-197,4090,441
3096000,-203,4082,408
3096001,-206,4085,391
3096002,-201,4092,395
3096003,-198,4090,407
3096004,-206,4091,415
3096005,-208,4095,405
3096006,-200,4095,387
3096007,-195,4085,384
3096008,-191,4079,389
3096009,-190,4088,391
3096010,-193,4092,399
3096011,-198,4090,413
3096012,-206,4089,423
3096013,-208,4091,414
3096014,-203,4098,408
3096015,-195,4103,425
3096016,-188,4106,443
3096017,-187,4114,445
3096018,-188,4121,450
3096019,-183,4122,455
3096020,-184,4118,450
3096021,-197,4114,438
3096022,-205,4112,425
3096023,-200,4119,418
3096024,-194,4129,407
3096025,-198,4129,390
3096026,-192,4131,392
3096027,-182,4140,389
3096028,-183,4138,375
3096029,-185,4130,364
3096030,-184,4129,366
3096031,-187,4132,372
3096032,-196,4128,383
3096033,-203,4126,398
3096034,-214,4125,419
3096035,-226,4126,438
3096036,-237,4131,432
3096037,-243,4142,406
3096038,-238,4153,386
3096039,-240,4158,377
3096040,-245,4153,382
3096041,-244,4146,408
3096042,-244,4142,437
3096043,-243,4139,453
3096044,-241,4140,457
3096045,-240,4142,450
3096046,-240,4143,427
3096047,-235,4151,402
3096048,-221,4166,388
3096049,-205,4171,386
3096050,-193,4158,397
3096051,-192,4141,407
3096052,-200,4137,406
3096053,-207,4140,399
3096054,-199,4143,395
3096055,-191,4145,396
3096056,-191,4151,401
3096057,-195,4148,407
3096058,-197,4138,409
3096059,-188,4142,418
3096060,-174,4156,437
3096061,-165,4162,457
3096062,-175,4162,468
3096063,-196,4160,450
3096064,-192,4167,447
3096065,-198,4166,442
3096066,-205,4160,427
3096067,-205,4162,410
3096068,-203,4159,399
3096069,-207,4151,395
3096070,-216,4146,404
3096071,-224,4150,399
3096072,-223,4143,386
3096073,-220,4132,385
3096074,-219,4134,397
3096075,-216,4133,415
3096076,-210,4124,420
3096077,-204,4121,409
3096078,-205,4119,393
3096079,-204,4106,388
3096080,-200,4099,395
3096081,-188,4100,394
3096082,-180,4098,394
3096083,-180,4102,405
3096084,-179,4102,408
3096085,-184,4095,408
3096086,-189,4096,416
3096087,-197,4102,427
3096088,-199,4105,434
3096089,-189,4115,435
3096090,-177,4131,430
3096091,-171,4142,424
3096092,-173,4149,423
3096093,-180,4161,421
3096094,-181,4173,423
3096095,-176,4179,419
3096096,-173,4185,411
3096097,-185,4190,422
3096098,-199,4187,438
3096099,-204,4189,450
3096100,-206,4195,443
3096101,-211,4197,441
3096102,-217,4198,435
3096103,-218,4198,420
3096104,-217,4191,414
3096105,-208,4187,427
3096106,-199,4180,446
3096107,-198,4168,445
3096108,-203,4159,443
3096109,-209,4155,451
3096110,-216,4157,447
3096111,-216,4156,441
3096112,-212,4154,436
3096113,-213,4150,438
3096114,-218,4142,437
3096115,-231,4136,427
3096116,-248,4137,420
3096117,-260,4145,407
3096118,-269,4153,386
3096119,-276,4155,360
3096120,-276,4160,353
3096121,-274,4165,363
3096122,-272,4165,375
3096123,-271,4170,387
3096124,-273,4170,391
3096125,-281,4165,389
3096126,-287,4159,382
3096127,-270,4149,379
3096128,-251,4145,372
3096129,-243,4148,370
3096130,-241,4145,383
3096131,-240,4137,389
3096132,-237,4136,391
3096133,-226,4134,395
3096134,-207,4120,419
3096135,-211,4111,435
3096136,-212,4106,442
3096137,-219,4100,435
3096138,-225,4088,433
3096139,-225,4078,439
3096140,-227,4072,437
3096141,-234,4071,442
3096143,-243,4070,451
3096144,-250,4070,444
3096145,-264,4082,429
3096146,-285,4089,408
3096147,-292,4084,372
3096148,-285,4085,349
3096149,-273,4095,358
3096150,-267,4099,382
3096151,-266,4088,387
3096152,-264,4081,377
3096153,-270,4085,383
3096154,-275,4090,395
3096155,-272,4095,402
3096156,-265,4102,405
3096157,-262,4113,396
3096158,-262,4118,369
3096159,-257,4116,358
3096160,-246,4114,372
3096161,-241,4114,392
3096162,-246,4121,419
3096163,-245,4135,439
3096164,-241,4143,437
3096165,-236,4140,427
3096166,-222,4127,416
3096167,-204,4120,400
3096168,-199,4129,387
3096169,-206,4136,403
3096170,-206,4133,437
3096171,-196,4130,453
3096172,-181,4117,453
3096173,-150,4114,474
3096174,-144,4118,479
3096175,-134,4120,485
3096176,-121,4126,499
3096177,-121,4134,500
3096178,-127,4141,486
3096179,-122,4136,475
3096180,-111,4134,460
3096181,-104,4132,448
3096182,-96,4129,449
3096183,-97,4137,447
3096184,-112,4136,441
3096185,-117,4132,426
3096186,-122,4138,412
3096187,-136,4146,415
3096188,-141,4155,405
3096189,-141,4156,393
3096190,-143,4156,404
3096191,-155,4160,411
3096192,-174,4159,402
3096193,-185,4149,405
3096194,-196,4145,413
3096195,-218,4150,420
3096196,-222,4151,428
3096197,-213,4147,437
3096198,-216,4143,451
3096199,-220,4139,469
3096200,-221,4140,485
3096201,-227,4145,486
3096202,-230,4147,470
3096203,-225,4144,448
3096204,-220,4142,438
3096205,-212,4143,443
3096206,-206,4139,435
3096207,-208,4123,416
3096208,-213,4108,406
3096209,-216,4110,400
3096210,-214,4108,388
3096211,-216,4104,388
3096212,-220,4102,388
3096213,-225,4101,391
3096214,-233,4097,405
3096215,-247,4092,418
3096216,-259,4088,433
3096217,-260,4090,440
3096218,-257,4099,432
3096219,-262,4103,416
3096220,-271,4104,399
3096221,-279,4109,386
3096222,-280,4119,385
3096223,-273,4127,392
3096224,-269,4128,402
3096225,-266,4131,410
3096226,-265,4134,401
3096227,-259,4134,384
3096228,-252,4138,374
3096229,-245,4131,388
3096230,-227,4115,408
3096231,-219,4102,409
3096232,-227,4096,399
3096233,-234,4104,399
3096234,-236,4099,410
3096235,-233,4087,425
3096236,-234,4091,435
3096237,-245,4093,438
3096238,-267,4092,428
3096239,-269,4099,411
3096240,-262,4107,405
3096241,-257,4105,406
3096242,-247,4106,409
3096243,-241,4110,419
3096244,-239,4108,423
3096245,-235,4109,424
3096246,-238,4113,444
3096247,-244,4119,467
3096248,-240,4122,478
3096249,-233,4128,478
3096250,-224,4140,472
3096251,-207,4148,472
3096252,-198,4161,469
3096253,-194,4174,456
3096254,-184,4186,444
3096255,-173,4197,439
3096256,-168,4196,447
3096257,-165,4187,454
3096258,-166,4187,454
3096259,-169,4190,461
3096260,-170,4196,476
3096261,-171,4208,485
3096262,-169,4208,493
3096263,-163,4204,497
3096264,-164,4201,489
3096265,-168,4202,471
3096266,-159,4198,447
3096267,-146,4191,452
3096268,-139,4198,473
3096269,-137,4205,478
3096270,-142,4205,480
3096271,-154,4205,480
3096272,-171,4199,468
3096273,-190,4194,447
3096274,-202,4185,428
3096275,-209,4162,427
3096276,-224,4160,429
3096277,-238,4162,425
3096278,-245,4163,414
3096279,-243,4152,422
3096280,-245,4138,432
3096281,-254,4136,424
3096282,-263,4138,412
3096283,-265,4136,410
3096284,-267,4137,415
3096285,-274,4136,401
3096286,-279,4134,381
3096287,-282,4135,377
3096288,-292,4133,381
3096289,-304,4124,389
3096290,-308,4112,397
3096291,-315,4110,398
3096292,-325,4116,391
3096293,-322,4119,378
3096294,-309,4117,367
3096295,-301,4117,359
3096296,-293,4115,344
3096297,-279,4111,319
3096298,-264,4112,318
3096299,-249,4116,342
3096300,-246,4113,359
3096301,-245,4109,360
3096302,-239,4098,348
3096303,-240,4090,355
3096304,-250,4101,363
3096305,-256,4106,364
3096306,-256,4100,374
3096307,-257,4103,381
3096308,-265,4105,378
3096309,-269,4099,377
3096310,-266,4093,392
3096311,-267,4093,398
3096312,-265,4101,390
3096313,-268,4090,377
3096314,-272,4076,386
3096315,-272,4071,419
3096316,-281,4075,438
3096317,-288,4077,438
3096318,-294,4075,436
3096319,-316,4079,414
3096320,-338,4079,388
3096321,-344,4081,385
3096322,-349,4086,387
3096323,-349,4085,373
3096324,-345,4087,357
3096325,-347,4093,364
3096326,-347,4091,382
3096327,-339,4087,394
3096328,-331,4092,408
3096329,-331,4099,419
3096330,-328,4102,422
3096331,-320,4109,420
3096332,-315,4116,411
3096333,-306,4114,404
3096334,-300,4123,408
3096335,-295,4143,414
3096336,-293,4161,409
3096337,-291,4181,403
3096338,-286,4205,399
3096339,-281,4219,387
3096340,-280,4228,372
3096341,-281,4236,370
3096342,-284,4241,379
3096343,-287,4235,389
3096344,-291,4227,409
3096345,-290,4226,434
3096346,-291,4225,447
3096347,-302,4221,450
3096348,-317,4218,464
3096349,-313,4216,471
3096350,-310,4211,461
3096351,-313,4211,445
3096352,-305,4205,427
3096353,-292,4190,413
3096354,-277,4177,405
3096355,-260,4172,410
3096356,-253,4166,416
3096357,-256,4160,411
3096358,-255,4157,408
3096359,-245,4150,401
3096360,-231,4140,392
3096361,-223,4128,399
3096362,-217,4117,422
3096363,-202,4109,429
3096364,-185,4106,427
3096365,-170,4105,433
3096366,-159,4108,434
3096367,-153,4113,456
3096368,-148,4118,475
3096369,-144,4120,455
3096370,-141,4117,430
3096371,-135,4113,428
3096372,-131,4118,437
3096373,-131,4125,437
3096374,-133,4123,439
3096375,-136,4127,444
3096376,-145,4130,446
3096377,-155,4127,447
3096378,-165,4124,443
3096379,-177,4123,448
3096380,-183,4126,460
3096381,-182,4120,462
3096382,-186,4109,455
3096383,-191,4115,444
3096384,-207,4119,433
3096385,-231,4118,422
3096386,-262,4122,406
3096387,-270,4111,404
3096388,-282,4106,411
3096389,-298,4102,411
3096390,-307,4094,404
3096391,-314,4094,402
3096392,-327,4092,412
3096393,-334,4088,425
3096394,-328,4087,423
3096395,-317,4089,421
3096396,-312,4096,434
3096397,-317,4092,450
3096398,-317,4082,450
3096399,-302,4080,442
3096400,-282,4075,446
3096401,-268,4066,449
3096402,-260,4058,439
3096403,-257,4054,431
3096404,-265,4055,418
3096405,-266,4059,397
3096406,-261,4062,394
3096407,-259,4060,398
3096408,-273,4058,398
3096409,-289,4057,398
3096410,-294,4054,397
3096411,-303,4055,395
3096412,-313,4053,389
3096413,-315,4050,391
3096414,-310,4053,403
3096415,-303,4059,417
3096416,-294,4062,427
3096417,-288,4054,432
3096418,-287,4055,440
3096419,-286,4065,442
3096420,-281,4064,423
3096421,-267,4054,402
3096422,-258,4056,398
3096423,-258,4067,412
3096424,-268,4082,443
3096425,-270,4085,441
3096426,-261,4092,446
3096427,-251,4101,440
3096428,-237,4101,417
3096429,-224,4100,405
3096430,-224,4105,412
3096431,-227,4103,434
3096432,-225,4100,451
3096433,-226,4103,456
3096434,-233,4103,465
3096435,-235,4101,478
3096436,-234,4103,490
3096437,-238,4107,498
3096438,-231,4100,504
3096439,-217,4092,510
3096440,-211,4091,520
3096441,-204,4089,533
3096442,-186,4096,550
3096443,-171,4106,558
3096444,-164,4108,553
3096445,-157,4106,547
3096446,-157,4109,537
3096447,-159,4120,526
3096448,-151,4134,528
3096449,-150,4145,531
3096450,-160,4146,530
3096451,-168,4150,528
3096452,-179,4156,518
3096453,-190,4159,508
3096454,-194,4160,504
3096455,-202,4163,508
3096456,-210,4169,516
3096457,-205,4178,519
3096458,-199,4187,525
3096459,-201,4194,532
3096460,-204,4198,525
3096461,-214,4202,490
3096462,-215,4195,478
3096463,-210,4189,479
3096464,-195,4192,480
3096465,-173,4193,473
3096466,-158,4187,485
3096467,-150,4179,500
3096468,-142,4172,507
3096469,-139,4166,529
3096470,-139,4161,547
3096471,-135,4157,536
3096472,-120,4148,520
3096473,-110,4141,519
3096474,-112,4142,527
3096475,-112,4141,534
3096476,-111,4134,517
3096477,-111,4127,487
3096478,-111,4122,478
3096479,-117,4110,476
3096480,-121,4100,472
3096481,-125,4094,471
3096482,-133,4087,472
3096483,-148,4081,463
3096484,-164,4083,444
3096485,-183,4089,427
3096486,-204,4090,413
3096487,-214,4092,407
3096488,-220,4096,400
3096489,-229,4093,392
3096490,-238,4085,392
3096491,-246,4073,393
3096492,-249,4063,402
3096493,-259,4061,422
3096494,-272,4061,436
3096495,-283,4065,435
3096496,-298,4062,427
3096497,-314,4057,420
3096498,-323,4060,429
3096499,-313,4069,424
3096500,-306,4067,433
3096501,-291,4068,434
3096502,-280,4072,419
3096503,-272,4081,403
3096504,-260,4088,391
3096505,-239,4093,392
3096506,-215,4101,410
3096507,-197,4114,425
3096508,-191,4121,421
3096509,-187,4125,403
3096510,-182,4131,401
3096511,-180,4133,415
3096512,-175,4136,431
3096513,-173,4142,442
3096514,-176,4144,441
3096515,-174,4144,426
3096516,-169,4146,422
3096517,-173,4151,436
3096518,-183,4160,461
3096519,-196,4167,475
3096520,-207,4168,475
3096521,-210,4166,485
3096522,-215,4164,496
3096523,-216,4162,499
3096524,-212,4163,503
3096525,-210,4164,502
3096526,-208,4165,509
3096527,-208,4170,524
3096528,-211,4171,530
3096529,-208,4165,534
3096530,-209,4157,541
3096531,-217,4151,531
3096532,-215,4142,508
3096533,-207,4143,492
3096534,-203,4148,481
3096535,-206,4152,470
3096536,-205,4153,450
3096537,-192,4165,428
3096538,-189,4162,424
3096539,-190,4155,431
3096540,-197,4149,455
3096541,-197,4149,472
3096542,-191,4153,474
3096543,-192,4146,473
3096544,-198,4140,462
3096545,-200,4134,450
3096546,-201,4124,441
3096547,-213,4125,433
3096548,-220,4136,421
3096549,-216,4141,408
3096550,-208,4141,407
3096551,-199,4145,411
3096552,-194,4148,406
3096553,-196,4153,409
3096554,-203,4158,432
3096555,-212,4156,442
3096556,-216,4155,426
3096557,-218,4156,402
3096558,-218,4152,390
3096559,-211,4150,401
3096560,-208,4151,417
3096561,-205,4149,427
3096562,-196,4144,426
3096563,-192,4137,421
3096564,-199,4137,432
3096565,-213,4144,447
3096566,-221,4142,451
3096567,-222,4141,448
3096568,-232,4143,455
3096569,-244,4141,468
3096570,-253,4137,473
3096571,-259,4127,460
3096572,-247,4121,451
3096573,-229,4123,469
3096574,-219,4124,475
3096575,-203,4128,441
3096576,-187,4134,431
3096577,-175,4146,416
3096578,-166,4161,404
3096579,-157,4166,390
3096580,-149,4160,393
3096581,-139,4154,417
3096582,-134,4150,430
3096583,-134,4141,430
3096584,-134,4136,433
3096585,-149,4136,448
3096586,-172,4136,466
3096587,-178,4139,467
3096588,-176,4139,457
3096589,-179,4136,462
3096590,-186,4138,477
3096591,-180,4138,477
3096592,-163,4131,462
3096593,-154,4118,462
3096594,-152,4112,465
3096595,-157,4117,462
3096596,-165,4125,473
3096597,-171,4129,488
3096598,-181,4127,503
3096599,-196,4125,526
3096600,-211,4124,544
3096601,-223,4130,554
3096602,-232,4131,540
3096603,-237,4118,509
3096604,-242,4111,500
3096605,-251,4112,506
3096606,-255,4112,512
3096607,-250,4110,513
3096608,-249,4116,508
3096609,-258,4119,504
3096610,-263,4120,503
3096611,-256,4122,500
3096612,-239,4114,439
3096613,-244,4117,419
3096614,-250,4126,416
3096615,-263,4132,409
3096616,-280,4134,396
3096617,-292,4137,398
3096618,-296,4138,411
3096619,-288,4136,416
3096620,-284,4138,416
3096621,-297,4139,417
3096622,-303,4133,433
3096623,-305,4123,455
3096624,-307,4110,469
3096625,-307,4098,477
3096626,-303,4096,477
3096627,-299,4095,468
3096628,-295,4093,451
3096629,-292,4097,439
3096630,-288,4100,433
3096631,-278,4099,415
3096632,-269,4099,404
3096633,-262,4102,415
3096634,-254,4104,420
3096635,-249,4110,421
3096636,-244,4121,421
3096637,-234,4126,411
3096638,-228,4122,416
3096639,-229,4123,450
3096640,-227,4128,481
3096641,-222,4126,491
3096642,-222,4120,487
3096643,-223,4122,481
3096644,-221,4131,485
3096645,-215,4133,504
3096646,-213,4134,519
3096647,-210,4135,512
3096648,-202,4135,501
3096649,-190,4141,495
3096650,-184,4152,477
3096651,-178,4151,466
3096652,-181,4149,454
3096653,-189,4145,447
3096654,-185,4133,446
3096655,-181,4123,454
3096656,-185,4117,482
3096657,-197,4120,509
3096658,-199,4118,514
3096659,-188,4106,521
3096660,-178,4101,528
3096661,-173,4101,524
3096662,-178,4101,511
3096663,-179,4095,491
3096664,-168,4093,484
3096665,-158,4094,496
3096666,-158,4096,499
3096667,-160,4102,497
3096668,-167,4104,498
3096669,-172,4106,501
3096670,-171,4108,508
3096671,-176,4096,497
3096672,-184,4087,483
3096673,-185,4093,494
3096674,-192,4094,500
3096675,-203,4084,491
3096676,-205,4082,483
3096677,-207,4087,470
3096678,-218,4091,466
3096679,-229,4089,470
3096680,-240,4082,469
3096681,-250,4083,476
3096682,-260,4085,484
3096683,-261,4077,486
3096684,-248,4069,464
3096685,-251,4077,443
3096686,-252,4076,437
3096687,-243,4068,453
3096688,-238,4066,450
3096689,-235,4072,427
3096690,-235,4079,420
3096691,-245,4083,420
3096692,-253,4084,422
3096694,-260,4086,428
3096695,-262,4084,429
3096696,-261,4086,430
3096697,-258,4092,434
3096698,-251,4091,436
3096699,-247,4094,440
3096700,-249,4105,444
3096701,-252,4111,432
3096702,-249,4113,411
3096703,-254,4118,398
3096704,-267,4121,398
3096705,-277,4124,395
3096706,-283,4132,392
3096707,-286,4141,391
3096708,-286,4135,392
3096709,-288,4128,401
3096710,-284,4130,413
3096711,-278,4133,428
3096712,-275,4133,442
3096713,-272,4126,451
3096714,-279,4123,452
3096715,-292,4124,448
3096716,-299,4124,463
3096717,-298,4125,479
3096718,-305,4128,476
3096719,-309,4130,478
3096720,-301,4131,487
3096721,-291,4130,490
3096722,-268,4130,464
3096723,-261,4132,461
3096724,-255,4137,458
3096725,-253,4145,457
3096726,-251,4150,462
3096727,-252,4154,454
3096728,-250,4166,448
3096729,-246,4174,455
3096730,-243,4189,464
3096731,-242,4202,471
3096732,-245,4195,469
3096733,-243,4184,467
3096734,-236,4179,474
3096735,-230,4182,490
3096736,-220,4191,499
3096737,-215,4197,502
3096738,-215,4201,504
3096739,-214,4197,493
3096740,-215,4189,481
3096741,-221,4189,483
3096742,-222,4193,494
3096743,-222,4190,497
3096744,-225,4181,499
3096745,-222,4174,510
3096746,-226,4179,523
3096747,-245,4187,523
3096748,-253,4188,515
3096749,-250,4183,516
3096750,-250,4178,506
3096751,-252,4171,470
3096752,-245,4169,442
3096753,-236,4164,436
3096754,-238,4151,443
3096755,-237,4146,456
3096756,-232,4150,458
3096757,-226,4147,453
3096758,-223,4136,449
3096759,-227,4130,443
3096760,-227,4123,472
3096761,-227,4123,464
3096762,-228,4116,446
3096763,-227,4105,446
3096764,-235,4104,464
3096765,-243,4110,470
3096766,-243,4110,458
3096767,-243,4110,445
3096768,-241,4118,433
3096769,-243,4128,428
3096770,-254,4129,447
3096771,-267,4127,474
3096772,-278,4129,477
3096773,-283,4127,476
3096774,-274,4120,486
3096775,-263,4115,488
3096776,-251,4116,473
3096777,-242,4112,459
3096778,-241,4107,455
3096779,-241,4108,464
3096780,-244,4103,480
3096781,-246,4091,495
3096782,-247,4084,504
3096783,-248,4076,495
3096784,-244,4070,481
3096785,-239,4069,475
3096786,-238,4070,473
3096787,-233,4073,464
3096788,-220,4076,454
3096789,-206,4082,457
3096790,-208,4084,474
3096791,-214,4078,498
3096792,-211,4074,514
3096793,-207,4074,513
3096794,-201,4079,501
3096795,-196,4089,483
3096796,-198,4098,466
3096797,-204,4094,465
3096798,-197,4078,477
3096799,-197,4071,484
3096800,-198,4067,499
3096801,-197,4073,516
3096802,-202,4081,519
3096803,-209,4081,514
3096804,-209,4084,512
3096805,-198,4091,509
3096806,-188,4093,509
3096807,-188,4093,518
3096808,-187,4094,525
3096809,-183,4088,525
3096810,-187,4082,524
3096811,-191,4085,528
3096812,-192,4092,523
3096813,-186,4094,518
3096814,-182,4095,512
3096815,-183,4094,501
3096816,-185,4096,496
3096817,-192,4104,498
3096818,-206,4105,500
3096819,-221,4107,491
3096820,-226,4109,485
3096821,-230,4109,496
3096822,-239,4114,515
3096823,-241,4114,524
3096824,-238,4108,524
3096825,-237,4103,522
3096826,-236,4104,512
3096827,-235,4111,497
3096828,-223,4118,482
3096829,-214,4133,473
3096830,-210,4138,470
3096831,-199,4132,480
3096832,-197,4129,496
3096833,-196,4130,503
3096834,-191,4134,497
3096835,-189,4134,482
3096836,-184,4135,462
3096837,-182,4133,470
3096838,-171,4124,479
3096839,-159,4120,481
3096840,-144,4127,480
3096841,-134,4134,481
3096842,-127,4140,478
3096843,-131,4141,484
3096844,-153,4139,506
3096845,-188,4140,522
3096846,-227,4137,528
3096847,-256,4132,541
3096848,-288,4136,561
3096849,-322,4136,580
3096850,-340,4129,594
3096851,-349,4131,586
3096852,-353,4139,554
3096853,-342,4142,513
3096854,-318,4141,481
3096855,-300,4141,464
3096856,-280,4145,453
3096857,-254,4154,444
3096858,-238,4155,446
3096859,-224,4152,469
3096860,-207,4156,485
3096861,-195,4164,479
3096862,-196,4165,471
3096863,-209,4164,465
3096864,-222,4163,455
3096865,-234,4157,451
3096866,-242,4150,456
3096867,-251,4145,456
3096868,-264,4139,462
3096869,-283,4136,463
3096870,-302,4136,442
3096871,-311,4144,424
3096872,-317,4154,419
3096873,-341,4154,424
3096874,-357,4164,419
3096875,-368,4180,417
3096876,-374,4196,418
3096877,-361,4208,411
3096878,-344,4218,400
3096879,-328,4222,403
3096880,-308,4224,410
3096881,-285,4219,405
3096882,-256,4213,402
3096883,-226,4216,421
3096884,-203,4216,445
3096885,-197,4211,472
3096886,-196,4202,516
3096887,-184,4198,559
3096888,-172,4198,581
3096889,-165,4191,593
3096890,-162,4182,603
3096891,-157,4170,610
3096892,-149,4167,605
3096893,-143,4176,583
3096894,-139,4180,553
3096895,-130,4180,533
3096896,-130,4184,527
3096897,-142,4180,529
3096898,-150,4183,517
3096899,-157,4186,502
3096900,-170,4179,502
3096901,-183,4180,498
3096902,-187,4177,485
3096903,-185,4171,468
3096904,-195,4171,468
3096905,-211,4173,478
3096906,-227,4178,485
3096907,-253,4171,499
3096908,-268,4159,512
3096909,-277,4151,515
3096910,-291,4145,512
3096911,-289,4132,523
3096912,-281,4124,526
3096913,-265,4116,511
3096914,-252,4106,485
3096915,-249,4103,472
3096916,-248,4103,468
3096917,-246,4102,468
3096918,-249,4100,457
3096919,-254,4085,442
3096920,-257,4073,441
3096921,-262,4077,448
3096922,-269,4081,452
3096923,-266,4080,448
3096924,-270,4079,453
3096925,-282,4080,463
3096926,-284,4090,461
3096927,-289,4101,456
3096928,-292,4105,454
3096929,-289,4101,449
3096930,-285,4095,446
3096931,-290,4099,451
3096932,-302,4112,466
3096933,-309,4127,471
3096934,-299,4129,468
3096935,-281,4123,482
3096936,-273,4122,500
3096937,-273,4116,496
3096938,-274,4107,493
3096939,-272,4105,511
3096940,-272,4101,534
3096941,-279,4102,552
3096942,-280,4106,556
3096943,-272,4097,553
3096944,-271,4090,552
3096945,-281,4093,543
3096946,-294,4097,530
3096947,-313,4102,529
3096948,-327,4104,530
3096949,-328,4112,486
3096950,-317,4109,469
3096951,-302,4108,451
3096952,-286,4114,443
3096953,-263,4122,448
3096954,-240,4125,451
3096955,-224,4123,451
3096956,-216,4117,445
3096957,-210,4113,441
3096958,-195,4101,457
3096959,-181,4086,491
3096960,-178,4084,519
3096961,-183,4081,536
3096962,-193,4074,545
3096963,-200,4066,546
3096964,-195,4067,552
3096965,-194,4070,561
3096966,-202,4074,567
3096967,-207,4086,576
3096968,-195,4092,584
3096969,-176,4097,577
3096970,-166,4104,570
3096971,-154,4104,557
3096972,-144,4104,521
3096973,-143,4103,500
3096974,-149,4105,514
3096975,-160,4117,541
3096976,-175,4112,549
3096977,-189,4097,546
3096978,-191,4091,547
3096979,-191,4089,542
3096980,-193,4079,535
3096981,-190,4068,536
3096982,-190,4072,547
3096983,-194,4078,557
3096984,-192,4085,560
3096985,-193,4096,559
3096986,-195,4091,555
3096987,-190,4092,552
3096988,-189,4096,552
3096989,-187,4095,552
3096990,-189,4094,555
3096991,-195,4096,561
3096992,-199,4108,569
3096993,-209,4126,566
3096994,-223,4135,565
3096995,-235,4134,562
3096996,-246,4132,544
3096997,-256,4139,519
3096998,-263,4151,495
3096999,-265,4161,482
3097000,-269,4167,480
3097001,-277,4160,469
3097002,-281,4146,463
3097003,-283,4138,466
3097004,-295,4137,468
3097005,-311,4137,477
3097006,-326,4136,479
3097007,-339,4133,478
3097008,-345,4123,487
3097009,-341,4115,488
3097010,-331,4119,487
3097011,-325,4127,477
3097012,-327,4133,460
3097013,-327,4137,449
3097014,-322,4137,441
3097015,-323,4135,435
3097016,-326,4133,429
3097017,-325,4136,429
3097018,-319,4143,439
3097019,-310,4142,454
3097020,-299,4130,471
3097021,-286,4124,487
3097022,-276,4123,490
3097023,-277,4121,486
3097024,-296,4114,502
3097025,-296,4108,509
3097026,-298,4115,501
3097027,-294,4126,495
3097028,-282,4130,493
3097029,-269,4127,495
3097030,-266,4124,503
3097031,-273,4126,504
3097032,-278,4128,490
3097033,-275,4128,472
3097034,-269,4123,477
3097035,-269,4120,500
3097036,-270,4121,515
3097037,-264,4121,516
3097038,-252,4128,514
3097039,-242,4131,516
3097040,-224,4128,515
3097041,-207,4129,514
3097042,-201,4131,518
3097043,-193,4132,517
3097044,-195,4128,507
3097045,-201,4124,497
3097046,-202,4123,493
3097047,-205,4124,494
3097048,-212,4128,501
3097049,-222,4131,505
3097050,-227,4127,506
3097051,-230,4118,508
3097052,-242,4116,503
3097053,-256,4120,502
3097054,-264,4122,509
3097055,-271,4124,511
3097056,-279,4129,508
3097057,-281,4129,503
3097058,-281,4123,503
3097059,-284,4121,508
3097060,-292,4118,507
3097061,-297,4113,496
3097062,-289,4103,504
3097063,-280,4102,516
3097064,-270,4105,521
3097065,-264,4118,525
3097066,-269,4134,522
3097067,-273,4146,511
3097068,-268,4150,507
3097069,-262,4150,506
3097070,-257,4155,502
3097071,-250,4158,504
3097072,-248,4156,513
3097073,-246,4153,521
3097074,-245,4152,519
3097075,-250,4147,507
3097076,-249,4140,501
3097077,-237,4141,500
3097078,-230,4142,494
3097079,-234,4136,490
3097080,-239,4126,494
3097081,-242,4119,507
3097082,-239,4112,514
3097083,-233,4111,521
3097084,-237,4114,536
3097085,-241,4110,549
3097086,-242,4104,550
3097087,-244,4103,541
3097088,-237,4103,542
3097089,-222,4102,541
3097090,-212,4095,529
3097091,-213,4092,522
3097092,-217,4096,513
3097093,-220,4095,507
3097094,-220,4095,502
3097095,-213,4096,488
3097096,-198,4094,476
3097097,-182,4094,477
3097098,-173,4096,485
3097099,-172,4100,489
3097100,-197,4103,498
3097101,-210,4100,505
3097102,-224,4089,511
3097103,-246,4079,523
3097104,-265,4082,545
3097105,-276,4088,552
3097106,-280,4087,546
3097107,-273,4085,535
3097108,-264,4090,528
3097109,-258,4098,533
3097110,-251,4095,546
3097111,-244,4092,556
3097112,-230,4096,555
3097113,-207,4100,550
3097114,-188,4103,545
3097115,-175,4103,540
3097116,-161,4099,538
3097117,-148,4093,534
3097118,-139,4086,521
3097119,-132,4082,517
3097120,-122,4081,517
3097121,-110,4077,515
3097122,-106,4073,517
3097123,-110,4075,521
3097124,-115,4079,532
3097125,-123,4075,546
3097126,-129,4074,558
3097127,-130,4081,566
3097128,-133,4080,563
3097129,-144,4077,556
3097130,-153,4078,544
3097131,-158,4075,540
3097132,-162,4074,542
3097133,-161,4072,540
3097134,-160,4068,538
3097135,-165,4062,543
3097136,-170,4059,545
3097137,-180,4066,547
3097138,-207,4072,550
3097139,-214,4074,544
3097140,-221,4076,538
3097141,-233,4077,527
3097142,-243,4081,527
3097143,-249,4091,536
3097144,-254,4096,545
3097145,-251,4095,541
3097146,-245,4088,521
3097147,-238,4078,503
3097148,-231,4081,500
3097149,-228,4092,504
3097150,-228,4098,492
3097151,-230,4098,479
3097152,-228,4098,490
3097153,-226,4099,504
3097154,-231,4095,499
3097155,-233,4087,490
3097156,-224,4083,488
3097157,-219,4088,484
3097158,-223,4095,479
3097159,-227,4098,477
3097160,-224,4093,477
3097161,-217,4090,480
3097162,-217,4095,485
3097163,-211,4102,487
3097164,-202,4108,488
3097165,-201,4109,495
3097166,-205,4114,505
3097167,-208,4121,512
3097168,-214,4126,519
3097169,-220,4138,524
3097170,-218,4145,522
3097171,-210,4146,523
3097172,-210,4156,522
3097173,-214,4161,522
3097174,-211,4157,542
3097175,-205,4154,567
3097176,-194,4153,567
3097177,-187,4159,577
3097178,-190,4167,593
3097179,-199,4174,619
3097180,-202,4176,640
3097181,-201,4177,643
3097182,-189,4181,636
3097183,-171,4190,625
3097184,-162,4196,613
3097185,-156,4196,604
3097186,-142,4197,604
3097187,-134,4201,603
3097188,-133,4201,590
3097189,-134,4201,578
3097190,-144,4198,581
3097191,-158,4189,597
3097192,-168,4185,602
3097193,-169,4187,596
3097194,-167,4184,593
3097195,-175,4182,589
3097196,-189,4178,574
3097197,-204,4166,551
3097198,-217,4153,545
3097199,-227,4147,554
3097200,-240,4151,550
3097201,-248,4160,542
3097202,-243,4169,538
3097203,-229,4175,529
3097204,-223,4177,515
3097205,-221,4183,494
3097206,-213,4189,477
3097207,-206,4184,481
3097208,-210,4176,494
3097209,-221,4168,504
3097210,-224,4153,523
3097211,-226,4134,539
3097212,-228,4126,537
3097213,-230,4130,532
3097214,-227,4117,527
3097215,-223,4111,512
3097216,-226,4108,503
3097217,-231,4113,503
3097218,-222,4117,499
3097219,-215,4115,509
3097220,-225,4114,514
3097221,-237,4114,500
3097222,-246,4112,497
3097223,-253,4110,512
3097224,-260,4106,508
3097225,-267,4097,489
3097226,-275,4090,484
3097227,-275,4093,491
3097228,-270,4102,491
3097229,-266,4102,487
3097230,-264,4097,488
3097231,-263,4099,493
3097232,-261,4100,499
3097233,-258,4096,493
3097234,-261,4089,479
3097235,-269,4079,478
3097236,-272,4077,489
3097237,-271,4078,492
3097238,-270,4079,493
3097239,-275,4073,504
3097240,-279,4068,515
3097241,-275,4065,526
3097242,-269,4059,535
3097243,-272,4056,532
3097244,-274,4053,531
3097245,-268,4051,532
3097246,-263,4046,528
3097247,-262,4045,528
3097248,-265,4049,546
3097249,-266,4050,570
3097250,-261,4047,576
3097251,-240,4040,590
3097252,-228,4039,594
3097253,-225,4038,581
3097254,-226,4040,565
3097255,-222,4043,569
3097256,-223,4045,575
3097257,-228,4047,567
3097258,-229,4043,556
3097259,-220,4039,543
3097260,-207,4045,533
3097261,-202,4058,529
3097262,-195,4065,524
3097263,-187,4069,515
3097264,-183,4072,496
3097265,-173,4072,475
3097266,-161,4073,470
3097267,-153,4070,476
3097268,-158,4066,484
3097269,-174,4066,491
3097270,-198,4063,514
3097271,-230,4056,538
3097272,-253,4054,551
3097273,-271,4058,566
3097274,-297,4062,579
3097275,-326,4068,577
3097276,-347,4072,553
3097277,-365,4071,535
3097278,-371,4074,522
3097279,-358,4076,508
3097280,-341,4077,509
3097281,-319,4081,497
3097282,-287,4085,487
3097283,-251,4093,500
3097284,-225,4105,505
3097285,-200,4117,498
3097286,-179,4127,481
3097287,-172,4136,479
3097288,-172,4146,498
3097289,-184,4146,520
3097290,-197,4144,512
3097291,-206,4141,514
3097292,-210,4139,523
3097293,-210,4133,538
3097294,-206,4127,551
3097295,-206,4128,566
3097296,-219,4129,587
3097297,-231,4136,594
3097298,-234,4140,590
3097299,-230,4141,593
3097300,-228,4142,596
3097301,-226,4141,589
3097302,-221,4140,585
3097303,-218,4137,588
3097304,-215,4141,598
3097305,-221,4146,614
3097306,-232,4147,620
3097307,-241,4153,614
3097308,-250,4163,610
3097309,-249,4167,605
3097310,-242,4170,592
3097311,-238,4180,570
3097312,-230,4188,547
3097313,-227,4194,546
3097314,-224,4196,555
3097315,-210,4195,549
3097316,-205,4195,536
3097317,-208,4191,530
3097318,-212,4188,533
3097319,-216,4196,533
3097320,-222,4207,537
3097321,-227,4212,541
3097322,-238,4214,541
3097323,-243,4204,550
3097324,-237,4194,564
3097325,-236,4189,563
3097326,-241,4182,553
3097327,-273,4173,555
3097328,-282,4168,544
3097329,-278,4168,540
3097330,-268,4167,548
3097331,-268,4167,561
3097332,-274,4169,561
3097333,-269,4163,552
3097334,-267,4154,553
3097335,-270,4146,554
3097336,-277,4135,542
3097337,-287,4130,535
3097338,-291,4129,527
3097339,-291,4130,516
3097340,-294,4133,520
3097341,-305,4137,529
3097342,-316,4142,533
3097343,-317,4145,539
3097344,-314,4139,545
3097345,-304,4124,536
3097346,-291,4115,524
3097347,-287,4120,515
3097348,-284,4132,519
3097349,-268,4128,535
3097350,-257,4112,542
3097351,-249,4101,546
3097352,-238,4103,564
3097353,-238,4111,582
3097354,-242,4110,585
3097355,-247,4102,580
3097356,-253,4096,571
3097357,-254,4090,566
3097358,-241,4081,577
3097359,-225,4081,584
3097360,-218,4088,578
3097361,-213,4088,582
3097362,-209,4089,591
3097363,-208,4097,580
3097364,-207,4103,565
3097365,-219,4109,567
3097366,-228,4108,566
3097367,-242,4107,563
3097368,-255,4109,563
3097369,-265,4108,570
3097370,-276,4105,577
3097371,-275,4104,580
3097372,-256,4106,580
3097373,-243,4104,583
3097374,-242,4099,589
3097375,-239,4095,589
3097376,-231,4093,594
3097377,-225,4091,604
3097378,-215,4091,606
3097379,-209,4090,608
3097380,-199,4084,608
3097381,-183,4076,598
3097382,-177,4072,597
3097383,-177,4073,616
3097384,-180,4075,627
3097385,-187,4072,614
3097386,-190,4066,594
3097387,-188,4056,585
3097388,-183,4052,586
3097389,-183,4056,588
3097390,-192,4062,596
3097391,-210,4074,616
3097392,-225,4081,628
3097393,-238,4087,624
3097394,-261,4094,613
3097395,-286,4098,594
3097396,-307,4106,586
3097397,-320,4116,587
3097398,-324,4126,583
3097399,-310,4135,584
3097400,-291,4140,580
3097401,-278,4141,562
3097402,-232,4141,557
3097403,-207,4141,575
3097404,-181,4139,582
3097405,-169,4130,580
3097406,-169,4121,581
3097407,-174,4110,591
3097408,-180,4096,605
3097409,-195,4083,622
3097410,-214,4069,627
3097411,-239,4064,617
3097412,-271,4060,609
3097413,-300,4045,588
3097414,-324,4034,571
3097415,-341,4039,573
3097416,-346,4052,568
3097417,-352,4053,556
3097418,-362,4044,544
3097419,-373,4046,532
3097420,-379,4061,533
3097421,-372,4074,535
3097422,-355,4081,519
3097423,-342,4089,501
3097424,-329,4100,490
3097425,-308,4109,479
3097426,-284,4120,473
3097427,-269,4130,479
3097428,-263,4136,493
3097429,-253,4133,499
3097430,-245,4128,499
3097431,-243,4125,510
3097432,-239,4120,528
3097433,-241,4117,542
3097434,-245,4124,555
3097435,-241,4136,562
3097436,-230,4140,571
3097437,-221,4149,582
3097438,-203,4159,575
3097439,-181,4160,569
3097440,-157,4163,570
3097441,-147,4156,566
3097442,-138,4148,574
3097443,-134,4149,588
3097444,-137,4146,595
3097445,-146,4148,597
3097446,-167,4147,605
3097447,-191,4140,610
3097448,-203,4139,608
3097449,-205,4141,604
3097450,-198,4142,603
3097451,-189,4136,600
3097452,-184,4123,588
3097453,-177,4111,588
3097454,-176,4109,589
3097455,-187,4114,582
3097456,-193,4116,575
3097457,-196,4120,572
3097458,-199,4134,572
3097459,-195,4143,564
3097460,-188,4146,557
3097461,-195,4157,562
3097462,-210,4172,568
3097463,-214,4184,562
3097464,-217,4191,562
3097465,-222,4200,567
3097466,-224,4210,557
3097467,-222,4220,534
3097468,-225,4226,520
3097469,-231,4224,523
3097470,-237,4220,530
3097471,-245,4217,531
3097472,-247,4212,539
3097473,-253,4215,556
3097474,-265,4214,573
3097475,-269,4204,577
3097476,-265,4199,569
3097477,-262,4197,554
3097478,-262,4177,558
3097479,-260,4158,566
3097480,-251,4143,568
3097481,-241,4137,577
3097482,-231,4129,583
3097483,-223,4116,574
3097484,-213,4107,559
3097485,-207,4104,554
3097486,-211,4105,559
3097487,-215,4096,559
3097488,-220,4088,548
3097489,-228,4087,533
3097490,-225,4086,525
3097491,-216,4088,526
3097492,-217,4094,540
3097493,-216,4106,560
3097494,-212,4114,564
3097495,-217,4118,560
3097496,-218,4123,562
3097497,-217,4122,553
3097498,-213,4116,541
3097499,-207,4122,536
3097500,-203,4137,531
3097501,-199,4132,534
3097502,-197,4126,544
3097503,-191,4134,547
3097504,-187,4143,543
3097505,-195,4151,545
3097506,-204,4156,542
3097507,-209,4153,542
3097508,-214,4152,556
3097509,-211,4152,569
3097510,-205,4149,568
3097511,-205,4144,563
3097512,-215,4138,563
3097513,-222,4136,565
3097514,-222,4142,564
3097515,-229,4149,563
3097516,-247,4149,549
3097517,-247,4144,540
3097518,-239,4144,538
3097519,-239,4149,550
3097520,-244,4143,561
3097521,-236,4131,565
3097522,-237,4123,565
3097523,-251,4116,563
3097524,-255,4118,559
3097525,-255,4121,562
3097526,-263,4112,564
3097527,-265,4103,567
3097528,-259,4104,567
3097529,-252,4109,562
3097530,-241,4115,565
3097531,-237,4118,564
3097532,-231,4116,564
3097533,-224,4116,564
3097534,-223,4118,562
3097535,-225,4114,576
3097536,-218,4108,588
3097537,-206,4107,588
3097538,-197,4104,594
3097539,-193,4097,598
3097540,-192,4096,598
3097541,-184,4099,613
3097542,-184,4104,629
3097543,-197,4113,631
3097544,-206,4117,622
3097545,-202,4112,611
3097546,-191,4102,604
3097547,-182,4093,597
3097548,-177,4088,583
3097549,-169,4080,577
3097550,-166,4078,582
3097551,-163,4077,584
3097552,-164,4068,591
3097553,-167,4068,608
3097554,-186,4052,598
3097555,-192,4041,583
3097556,-195,4042,577
3097557,-202,4042,575
3097558,-208,4033,574
3097559,-208,4014,589
3097560,-215,4006,602
3097561,-228,4013,588
3097562,-233,4019,563
3097563,-235,4019,551
3097564,-243,4017,546
3097565,-248,4015,538
3097566,-237,4020,534
3097567,-230,4032,539
3097568,-234,4034,535
3097569,-237,4030,519
3097570,-233,4037,520
3097571,-232,4050,521
3097572,-242,4058,511
3097573,-247,4057,511
3097574,-245,4051,519
3097575,-245,4049,538
3097576,-244,4051,545
3097577,-238,4052,534
3097578,-234,4056,528
3097579,-242,4061,530
3097580,-235,4059,527
3097581,-212,4052,529
3097582,-201,4052,553
3097583,-208,4056,588
3097584,-217,4055,606
3097585,-215,4049,600
3097586,-212,4052,587
3097587,-219,4062,585
3097588,-213,4066,588
3097589,-208,4077,588
3097590,-205,4098,589
3097591,-209,4111,585
3097592,-211,4122,564
3097594,-201,4129,543
3097595,-189,4132,540
3097596,-183,4135,552
3097597,-175,4130,569
3097598,-172,4129,589
3097599,-167,4135,602
3097600,-154,4138,599
3097601,-144,4134,598
3097602,-135,4124,608
3097603,-123,4125,631
3097604,-118,4134,660
3097605,-123,4137,674
3097606,-125,4137,672
3097607,-123,4134,667
3097608,-121,4132,659
3097609,-118,4137,654
3097610,-112,4141,664
3097611,-106,4146,678
3097612,-105,4154,673
3097613,-109,4155,664
3097614,-110,4149,659
3097615,-118,4142,653
3097616,-134,4136,662
3097617,-152,4130,675
3097618,-160,4130,675
3097619,-163,4137,670
3097620,-167,4144,656
3097621,-166,4142,645
3097622,-163,4135,643
3097623,-165,4126,639
3097624,-167,4125,643
3097625,-175,4136,650
3097626,-192,4140,642
3097627,-193,4142,634
3097628,-188,4144,632
3097629,-184,4146,638
3097630,-189,4151,655
3097631,-203,4149,662
3097632,-209,4143,643
3097633,-206,4136,625
3097634,-193,4128,623
3097635,-183,4130,627
3097636,-187,4134,629
3097637,-195,4131,622
3097638,-199,4127,616
3097639,-202,4128,611
3097640,-206,4126,607
3097641,-216,4122,608
3097642,-227,4118,600
3097643,-232,4111,584
3097644,-231,4105,577
3097645,-235,4103,581
3097646,-240,4105,576
3097647,-239,4103,575
3097648,-239,4113,581
3097649,-239,4127,589
3097650,-240,4126,588
3097651,-249,4122,572
3097652,-259,4126,547
3097653,-258,4122,529
3097654,-264,4116,538
3097655,-278,4116,556
3097656,-277,4115,559
3097657,-266,4106,568
3097658,-268,4105,580
3097659,-267,4111,570
3097660,-252,4112,550
3097661,-245,4111,538
3097662,-246,4114,535
3097663,-242,4117,537
3097664,-229,4108,546
3097665,-228,4101,548
3097666,-229,4092,566
3097667,-230,4087,585
3097668,-223,4077,588
3097669,-219,4067,580
3097670,-220,4054,569
3097671,-221,4044,577
3097672,-233,4037,585
3097673,-248,4027,585
3097674,-255,4026,583
3097675,-253,4030,580
3097676,-256,4032,581
3097677,-266,4030,583
3097678,-271,4028,585
3097679,-279,4026,582
3097680,-280,4023,574
3097681,-273,4026,565
3097682,-262,4030,559
3097683,-260,4034,550
3097684,-262,4041,550
3097685,-258,4047,558
3097686,-251,4051,548
3097687,-248,4055,541
3097688,-244,4062,549
3097689,-237,4067,551
3097690,-227,4069,544
3097691,-212,4078,546
3097692,-203,4091,556
3097693,-199,4097,564
3097694,-203,4095,561
3097695,-223,4093,550
3097696,-240,4092,545
3097697,-239,4096,546
3097698,-236,4105,547
3097699,-237,4106,553
3097700,-234,4106,565
3097701,-229,4100,572
3097702,-235,4086,602
3097703,-238,4080,599
