772728,35,4159,573
772729,-17,4158,650
772730,-73,4144,708
772731,-90,4118,731
772732,-77,4101,729
772733,-46,4096,707
772734,2,4088,642
772735,39,4073,568
772736,49,4067,509
772737,72,4059,434
772738,105,4045,343
772739,107,4034,283
772740,76,4021,253
772741,37,4004,213
772742,-4,4000,182
772743,-27,4005,162
772744,-19,3996,138
772745,-29,3990,155
772746,-47,4005,165
772747,-14,4006,121
772748,10,4008,124
772749,-11,4038,168
772750,5,4060,140
772751,64,4081,63
772752,104,4103,13
772753,94,4123,-1
772754,70,4151,-30
772755,122,4185,-144
772756,156,4196,-176
772757,153,4206,-171
772758,131,4218,-159
772759,138,4208,-169
772760,147,4214,-161
772761,136,4228,-139
772762,131,4225,-107
772763,130,4225,-66
772764,120,4222,-29
772765,97,4225,8
772766,83,4237,19
772767,87,4234,19
772768,70,4236,51
772769,35,4247,67
772770,33,4244,41
772771,41,4248,29
772772,51,4262,19
772773,91,4271,-33
772774,133,4278,-86
772775,144,4278,-96
772776,128,4280,-78
772777,98,4279,-62
772778,81,4268,-51
772779,63,4264,-37
772780,48,4266,-14
772781,59,4260,-5
772782,81,4253,-18
772783,99,4254,-25
772784,124,4240,-48
772785,134,4197,-50
772786,85,4167,7
772787,-40,4176,116
772788,-97,4209,177
772789,-122,4242,209
772790,-82,4251,188
772791,-17,4263,177
772792,42,4277,188
772793,104,4280,202
772794,155,4297,198
772795,211,4318,143
772796,272,4335,49
772797,311,4345,-13
772798,327,4350,-53
772799,334,4352,-94
772800,329,4345,-95
772801,303,4341,-89
772802,283,4338,-126
772803,295,4325,-179
772804,314,4318,-208
772805,309,4305,-184
772806,280,4298,-117
772807,263,4304,-90
772808,275,4293,-97
772809,275,4286,-87
772810,258,4282,-61
772811,257,4276,-70
772812,281,4265,-119
772813,293,4262,-143
772814,292,4269,-159
772815,301,4265,-166
772816,304,4266,-146
772817,299,4271,-129
772818,295,4255,-104
772819,275,4234,-46
772820,243,4230,11
772821,243,4222,15
772822,294,4210,-18
772823,296,4200,2
772824,274,4203,50
772825,247,4207,69
772826,246,4199,37
772827,266,4184,1
772828,281,4168,-6
772829,272,4165,22
772830,245,4163,55
772831,230,4152,67
772832,233,4148,66
772833,242,4150,52
772834,249,4145,52
772835,237,4143,55
772836,235,4142,35
772837,247,4139,16
772838,235,4143,17
772839,217,4137,13
772840,206,4121,-3
772841,199,4114,-6
772842,204,4108,-6
772843,222,4110,-34
772844,234,4124,-73
772845,236,4144,-112
772846,241,4157,-173
772847,247,4159,-222
772848,224,4164,-217
772849,185,4164,-181
772850,165,4152,-161
772851,148,4139,-158
772852,121,4124,-134
772853,99,4118,-103
772854,135,4114,-107
772855,150,4118,-92
772856,164,4116,-87
772857,188,4114,-98
772858,190,4130,-94
772859,182,4142,-87
772860,193,4150,-116
772861,212,4164,-159
772862,222,4173,-186
772863,224,4182,-207
772864,225,4193,-231
772865,244,4203,-275
772866,284,4198,-329
772867,306,4195,-349
772868,297,4197,-310
772869,259,4193,-260
772870,228,4188,-241
772871,221,4188,-251
772872,220,4189,-287
772873,213,4184,-317
772874,207,4183,-328
772875,215,4186,-343
772876,241,4187,-377
772877,270,4184,-408
772878,280,4180,-416
772879,272,4155,-389
772880,244,4152,-322
772881,216,4157,-277
772882,221,4150,-298
772883,260,4128,-336
772884,285,4120,-349
772885,278,4126,-353
772886,275,4120,-370
772887,284,4107,-371
772888,278,4089,-349
772889,257,4075,-294
772890,222,4082,-257
772891,228,4073,-312
772892,270,4045,-391
772893,265,4040,-405
772894,237,4036,-396
772895,243,4019,-407
772896,260,4003,-392
772897,248,3992,-350
772898,227,3989,-355
772899,240,3975,-415
772900,253,3970,-449
772901,233,3971,-424
772902,219,3959,-392
772903,223,3942,-387
772904,217,3924,-387
772905,201,3908,-405
772906,179,3886,-428
772907,134,3870,-386
772908,73,3858,-321
772909,43,3839,-299
772910,44,3819,-292
772911,76,3794,-210
772912,81,3787,-161
772913,91,3777,-129
772914,103,3763,-108
772915,103,3757,-57
772916,93,3760,16
772917,66,3765,66
772918,44,3765,98
772919,18,3777,168
772920,-30,3804,293
772921,-80,3834,457
772922,-113,3878,623
772923,-125,3927,796
772924,-155,3982,1003
772925,-187,4038,1238
772926,-205,4100,1512
772927,-238,4181,1802
772928,-260,4262,2076
772929,-264,4339,2312
772930,-246,4405,2494
772931,-206,4449,2649
772932,-170,4479,2769
772933,-116,4490,2814
772934,-27,4476,2780
772935,68,4449,2662
772936,153,4418,2500
772937,199,4394,2328
772938,194,4360,2126
772939,158,4320,1876
772940,110,4282,1596
772941,74,4241,1307
772942,69,4199,1037
772943,89,4138,611
772944,148,4106,411
772945,203,4086,243
772946,245,4063,121
772947,279,4043,50
772948,317,4038,-3
772949,354,4042,-40
772950,352,4051,-51
772951,301,4059,-9
772952,220,4076,59
772953,141,4095,139
772954,91,4119,228
772955,85,4141,269
772956,109,4162,257
772957,139,4187,228
772958,167,4212,190
772959,203,4232,146
772960,237,4260,92
772961,269,4281,32
772962,270,4289,22
772963,205,4305,61
772964,135,4309,78
772965,102,4308,64
772966,96,4301,30
772967,122,4284,1
772968,159,4277,-9
772969,191,4277,-15
772970,248,4265,-16
772971,315,4247,-19
772972,369,4234,-6
772973,389,4222,26
772974,363,4214,54
772975,310,4212,69
772976,251,4206,67
772977,194,4205,82
772978,166,4228,119
772979,186,4256,127
772980,223,4296,90
772981,171,4308,105
772982,128,4328,121
772983,154,4336,76
772984,219,4335,-20
772985,269,4343,-100
772986,276,4349,-129
772987,229,4345,-115
772988,170,4332,-92
772989,134,4318,-73
772990,115,4306,-76
772991,101,4281,-82
772992,83,4252,-43
772993,51,4229,0
772994,18,4209,7
772995,5,4186,-18
772996,18,4161,-44
772997,27,4146,-35
772998,10,4133,11
772999,-36,4117,85
773000,-73,4110,133
773001,-49,4107,126
773002,-19,4115,110
773003,-22,4124,100
773004,-33,4129,103
773005,-44,4131,122
773006,-49,4124,151
773007,-40,4117,202
773009,-24,4121,260
773010,-4,4126,288
773011,74,4138,254
773012,86,4141,250
773013,89,4133,249
773014,109,4122,259
773015,134,4112,275
773016,137,4100,306
773017,117,4097,341
773018,100,4099,344
773019,106,4101,325
773020,125,4102,309
773021,124,4095,315
773022,95,4089,342
773023,77,4086,345
773024,99,4079,314
773025,127,4089,277
773026,141,4107,227
773027,154,4112,180
773028,138,4125,178
773029,104,4140,186
773030,97,4151,152
773031,111,4158,100
773032,111,4158,100
773033,79,4164,136
773034,65,4165,158
773035,84,4164,179
773036,93,4166,192
773037,99,4162,179
773038,117,4161,142
773039,119,4161,118
773040,99,4160,122
773041,75,4159,128
773042,63,4158,102
773043,78,4148,58
773044,91,4144,43
773045,97,4148,36
773046,105,4153,37
773047,84,4162,71
773048,66,4151,104
773049,42,4143,147
773050,30,4146,178
773051,46,4142,161
773052,63,4144,137
773053,81,4147,101
773054,114,4141,56
773055,124,4145,53
773056,109,4147,45
773057,113,4136,8
773058,127,4134,-5
773059,96,4152,30
773060,43,4158,43
773061,21,4147,56
773062,7,4151,90
773063,7,4154,93
773064,36,4153,89
773065,59,4160,71
773066,64,4160,60
773067,56,4158,65
773068,56,4160,48
773069,74,4168,28
773070,85,4179,21
773071,87,4179,33
773072,83,4185,53
773073,86,4189,39
773074,107,4178,18
773075,103,4174,40
773076,72,4173,91
773077,56,4172,139
773078,62,4175,172
773079,76,4176,191
773080,113,4177,126
773081,128,4187,102
773082,129,4197,90
773083,142,4197,85
773084,159,4198,83
773085,164,4205,75
773086,160,4198,51
773087,143,4191,48
773088,106,4196,81
773089,65,4201,120
773090,48,4197,129
773091,61,4184,115
773092,84,4175,106
773093,99,4178,97
773094,94,4181,105
773095,80,4179,108
773096,89,4163,96
773097,109,4148,103
773098,122,4146,115
773099,127,4135,116
773100,115,4121,122
773101,88,4116,143
773102,67,4105,165
773103,69,4085,176
773104,85,4070,174
773105,97,4065,176
773106,92,4072,189
773107,89,4080,191
773108,78,4086,208
773109,65,4096,215
773110,104,4095,167
773111,151,4098,124
773112,155,4114,104
773113,143,4118,98
773114,111,4119,124
773115,88,4116,141
773116,128,4108,148
773117,125,4114,172
773118,122,4118,193
773119,121,4119,207
773120,131,4118,213
773121,133,4120,225
773122,117,4118,257
773123,97,4121,263
773124,111,4124,237
773125,163,4123,213
773126,189,4134,207
773127,181,4143,212
773128,183,4150,211
773129,189,4163,211
773130,184,4175,232
773131,176,4185,254
773132,182,4192,251
773133,197,4183,246
773134,196,4179,271
773135,191,4186,298
773136,198,4191,304
773137,205,4199,313
773138,199,4204,332
773139,180,4207,348
773140,173,4210,343
773141,192,4210,317
773142,202,4213,302
773143,193,4218,293
773144,197,4209,278
773145,198,4193,280
773146,171,4189,309
773147,163,4195,297
773148,205,4197,246
773149,250,4198,231
773150,263,4199,254
773151,243,4199,297
773152,210,4208,344
773153,188,4216,373
773154,194,4220,373
773155,310,4218,279
773156,329,4217,272
773157,315,4218,302
773158,302,4210,331
773159,288,4194,344
773160,274,4180,336
773161,271,4177,310
773162,277,4176,285
773163,257,4179,317
773164,209,4186,367
773165,194,4176,361
773166,220,4174,323
773167,264,4174,255
773168,315,4169,183
773169,315,4174,174
773170,260,4178,222
773171,225,4168,235
773172,226,4154,199
773173,211,4150,220
773174,165,4154,290
773175,138,4153,322
773176,149,4154,299
773177,169,4160,250
773178,193,4165,210
773179,212,4173,197
773180,211,4180,230
773181,202,4181,259
773182,230,4170,219
773183,260,4163,193
773184,225,4167,243
773185,174,4156,291
773186,161,4143,289
773187,175,4139,253
773188,201,4128,203
773189,209,4118,163
773190,145,4114,182
773191,132,4110,206
773192,134,4105,264
773193,117,4112,367
773194,91,4114,451
773195,87,4108,491
773196,102,4103,510
773197,128,4097,511
773198,138,4093,503
773199,114,4096,533
773200,104,4098,562
773201,132,4093,544
773202,136,4100,537
773203,105,4108,551
773204,90,4094,549
773205,106,4083,529
773206,138,4088,487
773207,174,4095,435
773208,196,4101,421
773209,186,4105,453
773210,156,4105,499
773211,143,4100,490
773212,167,4099,423
773213,193,4102,391
773214,182,4105,435
773215,145,4110,496
773216,140,4109,500
773217,180,4109,451
773218,216,4118,397
773219,224,4133,373
773220,223,4149,383
773221,210,4162,398
773222,205,4167,384
773223,222,4165,334
773224,242,4161,292
773225,238,4168,295
773225,215,4172,305
773226,208,4167,298
773227,226,4176,267
773228,270,4186,194
773229,299,4195,107
773230,262,4195,112
773231,236,4186,84
773232,224,4186,60
773233,196,4193,80
773235,156,4191,110
773235,137,4188,123
773236,155,4187,94
773237,188,4186,56
773238,213,4188,48
773240,217,4194,65
773241,212,4201,75
773242,213,4204,62
773243,212,4206,53
773244,196,4203,67
773245,166,4192,105
773246,141,4180,132
773246,151,4174,115
773247,179,4166,82
773249,188,4154,77
773250,175,4144,96
773251,160,4137,100
773252,159,4134,87
773253,142,4141,88
773254,90,4144,115
773255,39,4139,170
773256,23,4133,220
773257,55,4123,243
773258,99,4128,253
773259,106,4139,265
773260,96,4134,287
773261,114,4124,300
773262,133,4126,318
773263,122,4127,339
773264,82,4124,361
773265,76,4120,364
773266,78,4117,336
773267,98,4107,284
773268,124,4094,259
773269,120,4099,258
773270,99,4101,277
773271,89,4093,323
773272,84,4088,372
773273,85,4083,377
773274,98,4083,343
773275,104,4096,317
773276,100,4105,322
773277,106,4110,344
773278,118,4117,366
773279,117,4121,408
773280,118,4129,436
773281,159,4136,395
773282,222,4140,317
773283,251,4157,277
773284,233,4179,273
773285,209,4188,232
773286,208,4184,153
773287,220,4173,93
773288,210,4172,85
773289,164,4174,119
773290,112,4165,156
773291,98,4160,166
773292,122,4160,161
773293,145,4163,159
773294,141,4160,169
773295,122,4154,185
773296,120,4151,165
773297,138,4155,126
773298,132,4164,147
773299,40,4179,244
773300,65,4180,194
773301,109,4190,143
773302,116,4195,128
773303,98,4196,131
773304,113,4191,104
773305,155,4186,65
773306,155,4188,87
773307,105,4189,146
773308,72,4183,177
773309,79,4180,180
773310,102,4185,165
773311,126,4187,134
773312,131,4190,106
773313,138,4195,64
773314,167,4192,48
773315,165,4198,125
773316,118,4202,216
773317,100,4188,226
773318,122,4179,180
773319,140,4182,156
773320,142,4184,182
773321,123,4180,215
773322,102,4172,217
773323,108,4160,196
773324,103,4150,198
773325,70,4149,222
773326,65,4142,236
773327,93,4137,222
773328,134,4129,191
773329,144,4125,220
773330,98,4130,292
773331,73,4119,292
773332,112,4113,224
773333,151,4127,207
773334,135,4142,272
773335,50,4136,407
773336,41,4130,424
773337,66,4121,437
773338,93,4124,466
773339,107,4135,456
773340,122,4138,390
773341,141,4132,345
773342,141,4130,371
773343,123,4125,432
773344,113,4118,465
773345,121,4110,403
773346,130,4108,320
773347,111,4115,306
773348,78,4118,356
773349,63,4116,406
773350,80,4112,429
773351,108,4105,444
773352,112,4093,465
773353,98,4091,512
773354,99,4092,510
773355,128,4089,453
773356,153,4094,415
773357,138,4115,409
773358,117,4131,417
773359,130,4134,393
773360,169,4133,348
773361,195,4132,330
773362,165,4139,366
773363,89,4143,424
773364,51,4128,401
773365,99,4118,300
773366,162,4133,215
773367,190,4141,175
773368,200,4138,169
773369,205,4141,170
773370,219,4145,128
773371,221,4135,119
773372,191,4135,142
773373,168,4142,165
773374,179,4149,140
773375,213,4153,60
773376,223,4160,7
773377,189,4168,29
773378,151,4165,70
773379,149,4164,73
773380,198,4167,40
773381,252,4169,20
773382,266,4166,38
773383,231,4162,90
773384,195,4158,109
773385,215,4154,60
773386,248,4160,24
773387,230,4165,49
773388,183,4157,93
773389,158,4152,101
773390,176,4161,78
773391,205,4157,61
773392,193,4152,78
773393,148,4162,124
773394,117,4167,169
773395,105,4168,225
773396,100,4160,275
773397,99,4155,288
773398,118,4157,272
773399,168,4154,261
773400,201,4159,255
773401,193,4162,238
773402,161,4154,263
773403,111,4151,310
773404,66,4141,290
773405,81,4131,234
773406,122,4137,217
773407,129,4140,251
773408,132,4150,268
773409,166,4155,219
773410,168,4162,182
773411,133,4172,174
773412,87,4191,190
773413,78,4205,174
773414,138,4199,111
773415,217,4196,65
773416,256,4203,78
773417,247,4205,110
773418,220,4197,139
773419,191,4186,172
773420,164,4174,161
773421,140,4171,137
773422,110,4187,149
773423,98,4191,157
773424,124,4179,146
773425,167,4173,116
773426,195,4171,93
773427,180,4178,90
773428,136,4186,104
773429,119,4183,138
773430,147,4176,161
773431,181,4176,126
773432,181,4190,70
773433,141,4201,59
773434,90,4193,85
773435,92,4179,103
773436,126,4174,109
773437,117,4177,163
773438,71,4173,263
773439,61,4158,302
773440,118,4149,247
773441,180,4152,181
773442,186,4150,166
773443,106,4140,184
773444,116,4142,154
773445,138,4151,122
773446,126,4153,123
773447,88,4154,171
773448,67,4145,215
773449,69,4140,239
773450,83,4143,220
773451,104,4139,203
773452,98,4138,257
773453,80,4133,328
773454,92,4124,342
773455,121,4132,322
773456,141,4147,316
773457,131,4149,350
773458,105,4144,408
773459,107,4142,430
773460,147,4143,398
773461,197,4145,339
773462,227,4145,313
773463,203,4152,326
773464,159,4164,303
773465,149,4166,254
773466,160,4162,247
773467,154,4157,278
773468,135,4149,303
773469,115,4141,313
773470,90,4135,324
773471,64,4130,325
773472,70,4131,311
773473,101,4127,288
773474,103,4131,300
773475,68,4146,323
773476,71,4148,287
773477,114,4146,250
773478,116,4155,256
773479,79,4159,282
773480,54,4135,287
773481,63,4132,260
773482,69,4134,241
773483,52,4140,237
773484,44,4141,244
773485,63,4135,234
773486,85,4146,199
773487,96,4157,162
773488,89,4155,169
773489,66,4147,215
773490,48,4134,261
773491,44,4119,276
773492,64,4107,240
773493,96,4107,196
773494,93,4117,211
773495,56,4121,277
773496,20,4120,298
773497,31,4118,244
773498,61,4131,220
773499,68,4145,236
773500,79,4141,237
773501,97,4145,240
773502,103,4159,236
773503,121,4163,218
773504,145,4174,208
773505,134,4191,206
773506,119,4195,192
773507,140,4194,151
773508,174,4184,90
773509,194,4176,56
773510,190,4175,65
773511,174,4165,84
773512,163,4148,92
773513,150,4135,113
773514,96,4125,192
773515,82,4119,226
773516,55,4124,285
773517,56,4121,315
773518,89,4118,317
773519,107,4121,314
773520,95,4125,318
773521,76,4131,335
773522,59,4139,344
773523,68,4139,303
773524,109,4139,245
773525,138,4150,232
773526,144,4161,232
773527,137,4162,212
773528,127,4155,203
773529,111,4155,203
773530,99,4153,206
773531,83,4144,232
773532,61,4137,279
773533,67,4131,297
773534,95,4127,265
773535,113,4127,243
773536,118,4125,250
773537,107,4125,265
773538,79,4124,288
773539,51,4115,313
773540,31,4111,315
773541,32,4112,318
773542,45,4109,341
773543,52,4114,362
773544,51,4126,365
773545,53,4132,333
773546,77,4136,275
773547,113,4139,243
773548,134,4146,255
773549,107,4138,299
773550,96,4138,276
773551,90,4141,244
773552,97,4143,218
773553,112,4144,197
773554,118,4142,192
773555,107,4142,218
773556,74,4148,263
773557,66,4152,272
773558,108,4148,243
773559,146,4152,228
773560,150,4152,237
773561,124,4156,256
773562,111,4161,246
773563,121,4160,230
773564,120,4159,229
773565,134,4159,218
773566,174,4161,185
773567,202,4161,141
773568,189,4175,137
773569,162,4188,148
773570,157,4188,139
773571,167,4190,103
773572,189,4189,54
773573,213,4190,31
773574,213,4194,37
773575,187,4181,66
773576,159,4166,88
773577,155,4163,76
773578,171,4163,51
773579,176,4166,43
773580,166,4166,52
773581,147,4164,79
773582,128,4166,90
773583,129,4174,63
773584,144,4184,25
773585,126,4179,47
773586,99,4174,93
773587,90,4172,138
773588,84,4180,174
773589,80,4181,178
773590,90,4176,182
773591,98,4178,222
773592,97,4183,252
773593,117,4189,229
773594,157,4188,174
773595,183,4182,128
773596,189,4174,122
773597,157,4172,173
773598,95,4161,252
773599,54,4141,319
773600,57,4134,354
773601,83,4137,361
773602,110,4137,362
773603,118,4133,377
773604,107,4136,392
773605,100,4139,380
773606,110,4137,333
773607,130,4137,290
773608,129,4145,285
773609,105,4156,299
773610,89,4159,320
773611,89,4162,321
773612,100,4162,310
773613,104,4158,321
773614,85,4156,355
773615,56,4157,383
773616,54,4151,358
773617,97,4145,309
773618,153,4150,284
773619,152,4159,325
773620,118,4157,354
773621,83,4158,397
773622,70,4156,432
773623,83,4154,440
773624,90,4155,427
773625,87,4154,406
773626,108,4148,385
773627,123,4152,403
773628,106,4154,443
773629,107,4140,457
773630,129,4134,466
773631,145,4138,477
773632,153,4140,492
773633,116,4147,525
773634,63,4149,552
773635,62,4146,531
773636,89,4145,506
773637,104,4139,503
773638,102,4136,486
773639,97,4136,459
773640,88,4127,448
773641,77,4117,456
773642,66,4121,456
773643,73,4124,419
773644,121,4121,359
773645,154,4126,334
773646,133,4132,357
773647,106,4120,377
773648,93,4107,388
773649,81,4104,405
773650,71,4104,436
773651,43,4111,482
773652,13,4115,509
773653,20,4115,498
773654,87,4125,410
773655,105,4130,385
773656,114,4123,366
773657,116,4118,339
773658,115,4114,296
773659,113,4115,271
773660,101,4118,271
773661,85,4121,292
773662,88,4126,307
773663,108,4127,292
773664,119,4125,285
773665,114,4125,300
773666,112,4125,309
773667,105,4128,331
773668,93,4131,351
773669,83,4125,343
773670,64,4127,353
773671,38,4133,383
773672,44,4119,376
773673,86,4108,328
773674,133,4120,281
773675,164,4129,238
773676,178,4130,200
773677,180,4137,189
773678,184,4143,202
773679,198,4141,234
773680,204,4148,278
773681,196,4157,328
773682,188,4155,356
773683,193,4155,338
773684,208,4170,317
773685,224,4184,318
773686,226,4187,324
773687,210,4193,332
773688,201,4198,327
773689,218,4190,312
773690,231,4183,309
773691,219,4189,316
773692,230,4200,283
773693,223,4211,301
773694,199,4213,309
773695,206,4208,245
773696,225,4214,182
773697,220,4216,179
773698,199,4202,215
773699,175,4192,247
773700,169,4183,243
773701,185,4182,208
773702,209,4190,154
773703,215,4194,118
773704,192,4196,125
773705,157,4192,154
773706,137,4181,172
773707,128,4172,198
773708,113,4168,213
773709,101,4172,200
773710,115,4178,166
773711,153,4181,136
773712,173,4181,119
773713,168,4174,108
773714,156,4169,126
773715,145,4167,159
773716,137,4164,189
773717,118,4158,202
773718,97,4146,191
773719,93,4141,181
773720,101,4147,188
773721,94,4151,205
773722,87,4147,223
773723,87,4140,244
773724,88,4135,276
773725,108,4137,290
773726,177,4157,201
773727,201,4161,156
773728,202,4164,125
773729,186,4162,120
773730,147,4161,149
773731,108,4155,175
773732,107,4144,178
773733,108,4140,179
773734,100,4143,183
773735,103,4142,187
773736,105,4141,193
773737,94,4137,188
773738,96,4126,166
773739,115,4114,145
773740,111,4109,171
773741,78,4109,227
773742,57,4106,235
773743,56,4105,206
773744,47,4110,184
773745,47,4110,163
773746,71,4106,148
773747,78,4108,172
773748,49,4110,229
773749,17,4103,277
773750,4,4092,305
773751,16,4087,311
773752,54,4087,271
773753,96,4099,216
773754,118,4114,187
773755,107,4123,184
773756,80,4131,205
773757,59,4146,243
773758,56,4158,274
773759,79,4158,268
773760,97,4155,249
773761,93,4156,244
773762,115,4159,227
773763,130,4160,223
773764,133,4163,235
773765,139,4167,282
773766,132,4174,333
773767,129,4170,333
773768,131,4164,300
773769,120,4164,255
773770,127,4156,203
773771,169,4153,171
773772,196,4156,173
773773,177,4156,207
773774,157,4151,241
773775,150,4144,240
773776,136,4146,250
773777,104,4147,298
773778,72,4144,328
773779,73,4152,329
773780,88,4161,333
773781,100,4161,341
773782,121,4159,333
773783,146,4161,324
773784,155,4162,336
773785,143,4160,366
773786,111,4159,377
773787,103,4149,342
773788,127,4139,292
773789,141,4144,252
773790,138,4149,246
773791,122,4144,272
773792,110,4137,286
773793,109,4129,292
773794,98,4122,299
773795,85,4119,291
773796,91,4115,280
773797,82,4111,285
773798,64,4112,294
773799,59,4113,321
773800,55,4102,351
773801,41,4093,365
773802,34,4099,358
773803,51,4106,314
773804,77,4107,258
773805,91,4110,235
773806,92,4117,219
773807,93,4125,214
773808,102,4127,234
773809,95,4130,259
773810,66,4134,276
773811,36,4144,271
773812,32,4151,235
773813,56,4152,191
773814,86,4157,161
773815,100,4160,147
773816,96,4160,161
773817,96,4153,171
773818,127,4145,158
773819,168,4148,167
773820,183,4149,189
773821,160,4152,200
773822,132,4167,190
773823,143,4180,158
773824,171,4186,116
773825,179,4187,81
773826,162,4195,99
773827,141,4196,145
773828,140,4196,188
773829,157,4206,225
773830,168,4206,234
773831,169,4197,228
773832,170,4193,201
773833,168,4190,198
773834,153,4186,212
773835,146,4186,222
773836,145,4187,225
773837,132,4185,227
773838,120,4184,242
773839,111,4187,273
773840,109,4188,289
773841,133,4181,269
773842,169,4178,237
773843,198,4188,218
773844,208,4183,222
773845,198,4170,256
773846,176,4162,290
773847,148,4160,316
773848,126,4161,359
773849,121,4156,384
773850,133,4149,381
773851,138,4146,374
773852,142,4144,355
773853,160,4139,333
773854,175,4139,326
773855,184,4143,336
773856,184,4143,364
773857,177,4143,387
773858,195,4132,349
773859,217,4125,287
773860,204,4131,261
773861,184,4126,244
773862,169,4116,249
773863,153,4106,292
773864,139,4102,342
773865,125,4102,365
773866,131,4090,358
773867,103,4096,413
773868,71,4101,431
773869,98,4097,407
773870,138,4104,398
773871,138,4101,436
773872,114,4089,481
773873,113,4084,481
773874,155,4081,432
773875,182,4088,400
773876,150,4098,407
773877,115,4092,389
773878,118,4084,357
773879,131,4087,347
773880,140,4089,351
773881,146,4085,359
773882,149,4078,380
773883,153,4080,400
773884,168,4081,381
773885,196,4076,340
773886,216,4086,315
773887,212,4114,309
773888,203,4136,298
773889,219,4147,260
773890,249,4156,245
773891,253,4164,276
773892,231,4171,314
773893,211,4169,344
773894,208,4165,343
773895,216,4168,311
773896,225,4166,273
773897,240,4157,243
773898,248,4165,225
773899,256,4170,192
773900,263,4163,173
773901,251,4160,184
773902,243,4157,201
773903,234,4163,197
773904,235,4167,187
773905,232,4177,186
773906,228,4184,186
773907,222,4187,194
773908,206,4188,203
773909,195,4191,204
773910,196,4195,182
773911,218,4200,144
773912,243,4209,126
773913,248,4202,121
773914,245,4192,113
773915,238,4206,115
773916,225,4216,114
773917,224,4210,94
773918,230,4208,96
773919,217,4211,144
773920,194,4199,180
773921,190,4187,184
773922,213,4185,149
773923,260,4184,91
773924,275,4189,78
773925,243,4187,91
773926,221,4179,86
773927,193,4182,117
773928,156,4179,173
773929,144,4164,201
773930,147,4154,232
773931,151,4148,251
773932,161,4143,247
773933,171,4141,244
773934,175,4140,239
773935,172,4144,238
773936,164,4152,226
773937,173,4153,205
773938,166,4152,227
773939,147,4152,264
773940,132,4152,296
773941,120,4157,307
773942,122,4151,300
773943,136,4146,306
773944,148,4142,309
773945,166,4142,281
773946,183,4153,268
773947,193,4157,274
773948,184,4155,287
773949,164,4151,299
773950,163,4148,292
773951,171,4153,284
773952,166,4150,276
773953,165,4140,254
773954,175,4136,239
773955,168,4129,228
773956,153,4120,209
773957,130,4127,223
773958,91,4137,250
773959,67,4138,245
773960,72,4144,240
773961,93,4150,224
773962,123,4155,211
773963,133,4172,250
773964,122,4176,286
773965,124,4161,268
773966,142,4160,226
773967,161,4159,147
773968,170,4157,60
773969,151,4162,43
773970,115,4154,74
773971,61,4092,115
773972,59,4084,146
773973,57,4099,237
773974,47,4113,338
773975,52,4101,379
773976,70,4085,396
773977,93,4081,396
773978,116,4091,379
773979,109,4109,360
773980,82,4127,361
773981,65,4141,381
773982,67,4147,376
773983,84,4149,342
773984,103,4153,311
773985,116,4149,293
773986,124,4149,295
773987,116,4152,300
773988,95,4147,292
773989,87,4139,283
773990,93,4132,275
773991,94,4134,283
773992,83,4137,297
773993,69,4136,304
773994,66,4135,309
773995,79,4138,298
773996,99,4149,279
773997,109,4160,281
773998,104,4165,314
773999,81,4166,348
774000,70,4167,345
774001,84,4173,320
774002,97,4180,284
774003,101,4186,243
774004,103,4191,217
774005,101,4197,215
774006,83,4187,219
774007,84,4183,200
774008,79,4188,187
774009,67,4188,207
774010,50,4177,238
774011,35,4166,244
774012,27,4162,223
774013,34,4169,213
774014,43,4180,226
774015,34,4182,229
774016,15,4186,229
774017,2,4186,228
774018,20,4168,211
774019,52,4159,201
774020,62,4165,207
774021,43,4165,234
774022,14,4161,249
774023,-3,4155,217
774024,-3,4143,180
774025,0,4139,164
774026,4,4139,152
774027,11,4138,151
774028,19,4145,132
774029,37,4153,92
774030,56,4168,100
774031,50,4174,149
774032,28,4160,200
774033,13,4156,229
774034,13,4163,256
774035,15,4156,269
774036,22,4141,238
774037,34,4139,222
774038,41,4139,242
774039,54,4138,294
774040,31,4134,449
774041,13,4128,460
774042,12,4122,406
774043,30,4119,335
774044,68,4113,275
774045,95,4102,224
774046,85,4107,197
774047,58,4111,184
774048,46,4110,184
774049,46,4112,217
774050,41,4115,299
774051,30,4111,396
774052,29,4106,454
774053,43,4113,467
774054,63,4118,456
774055,75,4117,465
774056,80,4112,485
774057,92,4105,493
774058,118,4099,491
774059,137,4104,519
774060,131,4105,564
774061,115,4100,602
774062,109,4096,613
774063,118,4094,580
774064,137,4099,530
774065,164,4103,469
774066,190,4102,407
774067,201,4100,370
774068,187,4105,368
774069,161,4108,392
774070,134,4108,424
774071,115,4107,434
774072,112,4115,440
774073,118,4131,460
774074,137,4124,455
774075,160,4121,453
774076,152,4127,451
774077,173,4137,435
774078,207,4147,403
774079,225,4158,383
774080,220,4168,374
774081,210,4176,349
774082,214,4170,317
774083,236,4156,305
774084,249,4152,320
774085,241,4158,337
774086,240,4164,333
774087,248,4171,331
774088,240,4181,340
774089,236,4178,339
774090,259,4172,323
774091,302,4185,289
774092,341,4202,247
774093,341,4221,237
774094,293,4219,263
774095,237,4204,305
774096,217,4205,325
774097,221,4211,300
774098,223,4212,268
774099,236,4208,237
774100,254,4209,216
774101,249,4208,220
774102,214,4201,233
774103,177,4193,234
774104,163,4186,209
774105,181,4181,167
774106,206,4179,133
774107,204,4170,137
774108,188,4158,190
774109,167,4158,245
774110,139,4161,278
774111,121,4150,288
774112,132,4127,237
774113,136,4129,228
774114,134,4132,214
774115,135,4136,204
774116,143,4133,225
774117,144,4130,270
774118,141,4131,300
774119,142,4131,311
774120,139,4129,328
774121,137,4125,330
774122,142,4118,302
774123,137,4120,283
774124,115,4128,288
774125,110,4121,255
774126,143,4114,205
774127,168,4130,221
774128,146,4140,292
774129,106,4130,357
774130,89,4124,394
774131,83,4128,405
774132,83,4130,394
774133,103,4119,341
774134,128,4114,283
774135,131,4127,265
774136,131,4130,245
774137,133,4126,223
774138,127,4135,213
774139,112,4154,227
774140,78,4160,264
774141,55,4145,277
774142,66,4135,258
774143,89,4137,242
774144,98,4144,241
774145,102,4143,219
774146,136,4144,155
774147,185,4167,116
774148,170,4164,135
774149,139,4162,182
774150,95,4155,231
774151,67,4144,251
774152,66,4135,254
774153,72,4132,259
774154,82,4130,268
774155,106,4123,253
774156,140,4125,223
774157,160,4134,195
774158,158,4140,174
774159,135,4152,171
774160,114,4160,189
774161,117,4169,214
774162,118,4181,235
774163,103,4181,270
774164,73,4176,307
774165,62,4165,310
774166,82,4160,269
774167,119,4159,235
774168,156,4158,211
774169,171,4162,170
774170,185,4168,130
774171,184,4172,113
774172,158,4168,126
774173,132,4157,147
774174,124,4146,152
774175,130,4144,161
774176,133,4148,180
774177,125,4145,199
774178,118,4140,227
774179,125,4140,257
774180,128,4139,303
774181,119,4140,337
774182,175,4148,212
774183,175,4164,194
774184,161,4165,210
774185,165,4161,218
774186,176,4160,205
774187,181,4166,204
774188,156,4174,231
774189,117,4172,251
774190,101,4167,249
774191,112,4170,238
774192,121,4177,222
774193,116,4177,197
774194,111,4176,184
774195,109,4178,191
774196,115,4184,201
774197,131,4186,214
774198,130,4187,248
774199,115,4182,294
774200,108,4174,340
774201,103,4165,357
774202,114,4150,319
774203,123,4153,298
774204,103,4168,296
774205,99,4162,234
774206,128,4159,166
774207,150,4173,150
774208,155,4178,151
774209,153,4183,146
774210,157,4185,128
774211,153,4184,132
774212,131,4184,167
774213,111,4172,183
774214,98,4172,193
774215,86,4185,225
774216,84,4185,235
774217,97,4170,201
774218,77,4168,201
774219,75,4171,196
774220,86,4166,178
774221,102,4164,191
774222,93,4157,249
774223,46,4143,325
774224,4,4129,365
774225,3,4127,347
774226,33,4135,330
774227,55,4134,330
774228,62,4135,335
774229,72,4146,337
774230,87,4164,336
774231,99,4178,331
774232,106,4173,339
774233,90,4171,388
774234,57,4179,428
774235,36,4180,390
774236,43,4168,296
774237,58,4163,221
774238,65,4169,195
774239,73,4162,181
774240,98,4154,174
774241,108,4161,213
774242,72,4163,284
774243,20,4149,342
774244,-22,4136,370
774245,-30,4123,361
774246,2,4115,318
774247,41,4120,279
774248,50,4127,276
774249,41,4126,282
774250,53,4121,273
774251,77,4120,265
774252,78,4137,312
774253,21,4134,380
774254,-26,4117,415
774255,-40,4109,441
774256,-36,4106,462
774257,-19,4093,435
774258,16,4090,381
774259,55,4108,350
774260,70,4116,345
774261,56,4109,361
774262,45,4107,364
774263,46,4117,347
774264,42,4131,339
774265,35,4142,361
774266,26,4146,401
774267,14,4150,432
774268,20,4139,427
774269,44,4131,412
774270,70,4137,386
774271,102,4137,338
774272,123,4134,305
774273,114,4131,296
774274,87,4140,323
774275,63,4144,358
774276,57,4138,363
774277,74,4135,343
774278,107,4131,324
774279,116,4131,325
774280,100,4133,345
774281,71,4144,385
774282,45,4148,399
774283,57,4133,361
774284,95,4129,303
774285,132,4158,259
774286,123,4174,296
774287,118,4177,288
774288,116,4179,258
774289,113,4180,244
774290,113,4172,243
774291,105,4166,265
774292,88,4169,311
774293,71,4171,341
774294,78,4161,311
774295,117,4152,266
774296,141,4157,272
774297,141,4161,309
774298,140,4152,348
774299,129,4141,405
774300,115,4129,465
774301,97,4122,502
774302,72,4130,531
774303,64,4139,547
774304,82,4145,518
774305,122,4141,439
774306,159,4126,378
774307,188,4119,352
774308,193,4130,372
774309,156,4147,451
774310,147,4161,473
774311,172,4167,413
774312,175,4173,376
774313,167,4167,341
774314,157,4156,286
774315,127,4154,230
774316,109,4154,167
774317,116,4161,137
774318,124,4150,127
774319,133,4138,134
774320,84,4149,215
774321,61,4164,286
774322,37,4171,336
774323,23,4162,326
774324,31,4161,298
774325,44,4169,300
774326,49,4166,300
774327,56,4157,295
774328,62,4152,312
774329,48,4151,378
774330,3,4152,474
774331,-31,4143,495
774332,3,4130,449
774333,35,4128,443
774334,23,4121,484
774335,4,4110,529
774336,1,4107,564
774337,24,4105,585
774338,40,4106,590
774339,44,4103,569
774340,58,4095,516
774341,50,4094,483
774342,8,4097,510
774343,-36,4095,573
774344,-51,4085,608
774345,-24,4084,613
774346,-1,4097,641
774347,8,4104,674
774348,38,4095,623
774349,88,4097,523
774350,121,4116,508
774351,117,4119,574
774352,106,4109,614
774353,122,4112,590
774354,141,4131,571
774355,79,4147,610
774356,58,4135,584
774357,76,4124,556
774358,103,4122,554
774359,101,4112,581
774360,82,4101,606
774361,81,4102,614
774362,82,4117,620
774363,87,4121,581
774364,105,4106,523
774365,116,4105,511
774366,111,4112,547
774367,92,4110,586
774368,86,4109,588
774369,108,4113,578
774370,122,4118,572
774371,130,4121,567
774372,135,4129,567
774373,134,4130,549
774374,142,4123,525
774375,145,4131,538
774376,130,4140,579
774377,110,4140,617
774378,108,4142,633
774379,131,4143,620
774380,160,4144,581
774381,187,4145,533
774382,208,4146,522
774383,207,4144,541
774384,200,4140,564
774385,180,4148,588
774386,153,4157,587
774387,151,4152,561
774388,162,4154,538
774389,175,4167,501
774390,201,4172,454
774391,231,4193,422
774392,240,4195,386
774393,246,4201,372
774394,233,4202,379
774395,205,4193,410
774396,175,4189,460
774397,148,4184,500
774398,138,4176,478
774399,164,4179,402
774400,191,4195,356
774401,193,4199,353
774402,193,4193,375
774403,206,4190,401
774404,201,4203,429
774405,180,4211,433
774406,188,4209,404
774407,205,4216,386
774408,193,4217,369
774409,177,4204,328
774410,183,4203,300
774411,192,4208,291
774412,204,4198,257
774413,219,4201,235
774414,215,4204,249
774415,195,4196,249
774416,187,4188,217
774417,183,4180,193
774418,160,4180,182
774419,151,4174,154
774420,177,4164,107
774421,206,4170,67
774422,205,4189,71
774423,187,4190,86
774424,185,4177,82
774425,167,4175,109
774426,74,4165,223
774427,63,4144,261
774428,91,4125,270
774429,130,4121,280
774430,140,4120,299
774431,129,4112,298
774432,129,4109,273
774433,124,4115,248
774434,120,4113,260
774435,116,4113,306
774436,103,4116,291
774437,99,4117,198
774438,102,4132,135
774439,100,4142,133
774440,89,4144,170
774441,70,4140,199
774442,82,4127,164
774443,127,4134,127
774444,145,4145,135
774445,127,4137,175
774446,107,4125,188
774447,115,4119,151
774448,136,4125,125
774449,132,4123,135
774450,111,4120,171
774451,96,4123,191
774452,105,4124,182
774453,117,4131,189
774454,112,4123,204
774455,117,4108,217
774456,92,4134,252
774457,62,4117,249
774458,97,4057,162
774459,141,4044,160
774460,109,4084,373
774461,146,4082,375
774462,143,4090,397
774463,102,4091,425
774464,72,4079,429
774465,86,4068,389
774466,121,4070,364
774467,126,4070,380
774468,116,4066,387
774469,133,4071,393
774470,169,4085,417
774471,187,4099,459
774472,178,4107,510
774473,150,4114,584
774474,125,4116,675
774475,125,4106,742
774476,156,4096,757
774477,165,4101,774
774478,120,4116,820
774479,104,4119,838
774480,131,4132,844
774481,131,4157,882
774482,115,4165,924
774483,112,4159,940
774484,116,4165,941
774485,109,4184,951
774486,80,4193,964
774487,57,4181,951
774488,52,4175,930
774489,48,4177,920
774490,52,4165,891
774491,69,4154,836
774492,80,4158,779
774493,86,4162,725
774494,76,4160,604
774495,53,4161,560
774496,32,4151,499
774497,39,4149,428
774498,57,4164,374
774499,62,4177,317
774500,61,4184,273
774501,44,4181,243
774502,31,4172,217
774503,27,4171,194
774504,16,4170,174
774505,17,4171,163
774506,32,4172,148
774507,42,4169,156
774508,42,4162,180
774509,27,4157,187
774510,20,4157,159
774511,24,4162,97
774512,26,4171,33
774513,35,4176,4
774514,30,4184,36
774515,-1,4189,79
774516,-7,4188,77
774517,12,4197,50
774518,23,4210,26
774519,32,4209,7
774520,43,4204,-12
774521,56,4205,-41
774522,81,4208,-108
774523,115,4217,-199
774524,126,4229,-250
774525,103,4237,-239
774526,54,4233,-214
774527,28,4240,-204
774528,12,4234,-227
774529,10,4239,-217
774530,-1,4237,-196
774531,26,4212,-233
774532,86,4201,-278
774533,105,4207,-281
774534,75,4211,-234
774535,32,4202,-172
774536,5,4191,-129
774538,-3,4180,-91
774539,-19,4174,-43
774540,-36,4169,-13
774541,-22,4164,8
774542,6,4169,19
774543,29,4162,-3
774544,49,4155,-9
774545,60,4155,10
774546,66,4154,29
774547,57,4163,24
774548,54,4157,-46
774549,67,4149,-119
774550,47,4155,-110
774551,-18,4136,-92
774552,11,4127,-82
774553,27,4133,-22
774554,28,4133,47
774555,39,4116,71
774556,50,4113,74
774557,62,4111,58
774558,75,4106,51
774559,64,4117,85
774560,59,4111,110
774561,91,4100,147
774562,110,4100,228
774563,102,4092,273
774564,104,4105,255
774565,104,4136,242
774566,112,4116,201
774567,131,4060,103
774568,114,4052,100
774569,80,4081,194
774570,90,4097,255
774571,94,4103,326
774572,44,4099,399
774573,29,4082,396
774574,68,4065,352
774575,90,4054,322
774576,80,4050,307
774577,80,4045,294
774578,101,4048,298
774579,104,4065,349
774580,77,4080,387
774581,67,4092,394
774582,86,4117,436
774583,100,4136,490
774584,113,4137,498
774585,137,4129,458
774586,154,4127,450
774587,126,4134,524
774588,79,4134,618
774589,74,4132,673
774590,105,4134,721
774591,126,4134,781
774592,123,4132,834
774593,126,4128,852
774594,152,4135,820
774595,193,4143,734
774596,233,4148,643
774597,226,4156,609
774598,180,4152,611
774599,135,4144,629
774600,108,4135,624
774601,122,4133,576
774602,146,4150,526
774603,157,4164,472
774604,160,4163,424
774605,163,4159,396
774606,181,4156,348
774607,207,4152,290
774608,225,4151,271
774609,209,4158,300
774610,169,4156,325
774611,143,4144,327
774612,139,4144,315
774613,161,4142,273
774614,189,4140,233
774615,196,4146,231
774616,179,4151,258
774617,142,4149,288
774618,109,4144,305
774619,103,4140,289
774620,129,4139,249
774621,146,4147,258
774622,134,4149,268
774623,156,4165,230
774624,154,4175,238
774625,140,4176,246
774626,127,4177,225
774627,138,4184,182
774628,161,4192,170
774629,160,4199,193
774630,140,4205,225
774631,117,4210,250
774632,118,4201,237
774633,147,4185,196
774634,166,4176,161
774635,164,4171,160
774636,153,4171,182
774637,145,4164,183
774638,135,4162,180
774639,125,4170,214
774640,114,4177,276
774641,100,4170,288
774642,119,4148,232
774643,159,4146,190
774644,150,4169,225
774645,84,4176,297
774646,41,4155,308
774647,65,4145,265
774648,104,4153,260
774649,92,4167,311
774652,94,4162,205
774653,106,4159,172
774654,106,4145,163
774655,100,4144,186
774656,72,4154,268
774657,40,4155,345
774658,28,4148,371
774659,22,4149,375
774660,6,4154,380
774661,-15,4153,373
774662,-20,4155,376
774663,-4,4150,369
774664,48,4143,317
774665,96,4157,272
774666,98,4177,296
774667,45,4179,374
774668,-23,4173,459
774669,-52,4168,504
774670,-34,4163,507
774671,12,4165,481
774672,69,4159,401
774673,110,4153,313
774674,121,4158,256
774675,114,4165,240
774676,102,4165,255
774677,100,4154,253
774678,94,4154,277
774679,70,4160,329
774680,40,4151,366
774681,26,4132,386
774682,22,4123,413
774683,-3,4125,473
774684,-32,4119,482
774685,-2,4102,374
774686,83,4096,241
774687,143,4115,199
774688,123,4131,232
774689,73,4135,259
774690,46,4144,259
774691,19,4152,273
774692,-9,4150,310
774693,-16,4143,330
774694,16,4141,320
774695,50,4144,373
774696,43,4128,369
774697,57,4129,319
774698,79,4141,263
774699,108,4145,246
774700,116,4152,312
774701,85,4150,389
774702,57,4139,405
774703,58,4137,389
774704,63,4135,376
774705,69,4125,365
774706,84,4121,352
774707,92,4130,356
774708,96,4140,369
774709,101,4140,377
774710,95,4142,382
774711,88,4146,345
774712,96,4149,268
774713,105,4157,216
774714,113,4165,206
774715,111,4166,234
774716,80,4161,274
774717,49,4159,299
774718,40,4152,306
774719,61,4141,288
774720,87,4138,272
774721,88,4144,264
774722,85,4156,266
774723,90,4159,285
774724,73,4158,319
774725,51,4157,358
774726,57,4146,378
774727,82,4136,376
774728,105,4134,358
774729,84,4139,295
774730,65,4131,279
774731,43,4123,281
774732,12,4125,313
774733,-6,4124,351
774734,14,4120,399
774735,37,4121,451
774736,43,4119,456
774737,56,4116,409
774738,79,4121,370
774739,88,4131,403
774740,67,4128,476
774741,30,4111,505
774742,3,4105,497
774743,11,4118,500
774744,35,4118,506
774745,42,4101,507
774746,44,4097,540
774747,39,4102,600
774748,12,4101,608
774749,-3,4099,558
774750,13,4107,522
774751,43,4120,509
774752,66,4123,490
774753,75,4120,461
774754,90,4132,423
774755,123,4151,366
774756,152,4165,299
774757,165,4176,260
774758,160,4180,248
774759,134,4174,240
774760,109,4170,237
774761,100,4179,238
774762,108,4180,235
774763,127,4173,250
774764,125,4183,266
774765,113,4189,296
774766,130,4184,345
774767,139,4183,414
774768,141,4173,431
774769,161,4165,391
774770,150,4178,363
774771,115,4182,348
774772,90,4175,343
774773,70,4178,343
774774,72,4180,301
774775,107,4184,264
774776,136,4195,267
774777,124,4202,280
774778,80,4206,292
774779,34,4201,256
774780,45,4190,181
774781,88,4192,157
774782,79,4198,205
774783,49,4180,251
774784,51,4156,259
774785,81,4155,256
774786,113,4159,252
774787,106,4158,268
774788,65,4152,321
774789,33,4150,378
774790,34,4142,375
774791,59,4125,354
774792,46,4126,404
774793,7,4125,463
774794,25,4114,475
774795,67,4121,460
774796,102,4126,411
774797,132,4126,383
774798,66,4140,453
774799,33,4134,478
774800,34,4124,448
774801,53,4128,417
774802,60,4139,435
774803,59,4134,455
774804,55,4142,481
774805,60,4149,502
774806,77,4134,452
774807,98,4128,414
774808,98,4131,457
774809,77,4127,496
774810,85,4119,454
774811,118,4124,384
774812,135,4137,359
774813,117,4142,375
774814,93,4141,404
774815,91,4142,418
774816,112,4140,412
774817,124,4140,422
774818,103,4143,476
774819,68,4139,533
774820,58,4128,519
774821,80,4121,470
774822,90,4125,460
774823,70,4127,483
774824,60,4110,475
774825,92,4100,454
774826,121,4114,466
774827,117,4120,468
774828,91,4116,458
774829,52,4115,449
774830,38,4111,433
774831,68,4110,400
774832,109,4113,331
774833,93,4130,274
774834,58,4127,274
774835,60,4125,271
774836,80,4131,296
774837,98,4136,345
774838,86,4144,370
774839,64,4147,371
774840,55,4148,364
774841,62,4147,307
774842,76,4153,233
774843,72,4162,233
774844,44,4162,285
774845,15,4154,279
774846,19,4155,247
774847,50,4168,252
774848,81,4170,259
774849,89,4174,263
774850,64,4179,258
774851,51,4169,238
774852,64,4160,237
774853,84,4156,275
774854,93,4156,323
774855,86,4160,343
774856,89,4163,329
774857,118,4162,302
774858,154,4165,301
774859,154,4166,334
774860,109,4162,386
774861,68,4154,426
774862,69,4148,437
774863,99,4142,414
774864,126,4134,367
774865,127,4135,362
774866,106,4134,412
774867,94,4119,451
774868,132,4127,478
774869,127,4142,529
774870,99,4137,565
774871,98,4129,545
774872,119,4134,525
774873,132,4139,532
774874,136,4139,554
774875,127,4135,566
774876,114,4127,566
774877,97,4125,585
774878,69,4127,610
774879,65,4122,642
774880,94,4122,669
774881,141,4126,636
774882,189,4126,576
774883,196,4132,553
774884,170,4142,573
774885,147,4144,602
774886,140,4135,588
774887,154,4126,552
774888,169,4123,547
774889,160,4124,560
774890,154,4120,565
774891,156,4119,573
774892,139,4132,597
774893,124,4137,606
774894,138,4133,565
774895,172,4129,488
774896,205,4133,440
774897,192,4143,443
774898,145,4134,439
774899,127,4116,413
774900,129,4119,396
774901,121,4136,425
774902,103,4142,475
774903,142,4147,428
774904,154,4163,410
774905,127,4172,441
774906,105,4164,452
774907,121,4155,410
774908,164,4157,370
774909,169,4162,384
774910,144,4156,402
774911,164,4147,382
774912,190,4151,372
774913,175,4152,377
774914,146,4136,366
774915,123,4131,348
774916,119,4136,336
774917,127,4135,345
774918,123,4136,376
774919,119,4133,397
774920,132,4132,394
774921,148,4141,392
774922,158,4152,433
774923,152,4152,480
774924,138,4139,461
774925,130,4138,413
774926,102,4150,426
774927,48,4157,491
774928,29,4148,508
774929,77,4135,461
774930,137,4143,442
774931,147,4152,473
774932,108,4147,491
774933,97,4131,440
774934,130,4123,380
774935,135,4129,410
774936,113,4122,477
774937,163,4107,426
774938,173,4129,430
774939,145,4133,454
774940,116,4128,470
774941,95,4127,437
774942,98,4124,396
774943,98,4132,455
774944,74,4140,540
774945,95,4126,517
774946,158,4126,415
774947,189,4150,323
774948,173,4163,283
774949,153,4158,267
774950,151,4149,244
774951,148,4145,227
774952,119,4152,261
774953,64,4156,331
774954,27,4135,346
774955,45,4117,300
774956,89,4121,262
774957,106,4129,266
774958,98,4123,288
774959,93,4115,291
774960,89,4118,270
774961,97,4123,278
774962,94,4124,347
774963,72,4117,420
774964,80,4106,404
774965,135,4113,325
774966,174,4140,301
774967,144,4154,326
774968,99,4147,335
774969,81,4147,319
774970,84,4153,292
774971,91,4160,323
774972,93,4164,330
774973,113,4171,291
774974,129,4178,270
774975,118,4181,289
774976,97,4173,302
774977,93,4169,291
774978,112,4164,253
774979,135,4156,227
774980,130,4156,253
774981,101,4158,315
774982,89,4152,352
774983,117,4142,337
774984,144,4146,316
774985,122,4162,334
774986,79,4167,344
774987,63,4155,307
774988,79,4141,273
774989,89,4145,305
774990,67,4157,374
774991,41,4166,424
774992,41,4178,439
774993,62,4181,415
774994,78,4185,401
774995,73,4186,423
774996,80,4170,418
774997,97,4166,378
774998,94,4178,367
774999,62,4175,403
775000,24,4166,434
775001,35,4159,394
775002,83,4160,318
775003,89,4175,297
775004,52,4181,326
775005,42,4172,339
775006,95,4171,289
775007,109,4180,274
775008,98,4186,280
775009,96,4181,257
775010,126,4180,243
775011,114,4187,286
775012,71,4174,341
775013,39,4148,382
775014,24,4131,408
775015,16,4130,451
775016,-1,4131,512
775017,7,4114,518
775018,40,4093,454
775019,65,4098,405
775020,59,4124,406
775021,38,4130,408
775022,48,4123,402
775023,64,4122,421
775024,54,4127,460
775025,43,4122,456
775026,59,4103,415
775027,82,4107,402
775028,69,4127,421
775029,39,4119,437
775030,24,4103,445
775031,15,4107,464
775032,16,4111,489
775033,43,4111,504
775034,86,4103,497
775035,116,4096,473
775036,119,4099,463
775037,89,4097,494
775038,60,4089,523
775039,66,4083,496
775040,79,4081,450
775041,58,4082,441
775042,67,4067,403
775043,100,4074,340
775044,109,4103,323
775045,67,4114,330
775046,41,4105,303
775047,52,4107,287
775048,57,4116,311
775049,39,4118,359
775050,10,4125,421
775051,-4,4127,463
775052,15,4115,442
775053,53,4111,384
775054,71,4125,356
775055,61,4136,361
775056,60,4133,369
775057,74,4131,358
775058,86,4139,334
775059,100,4145,337
775060,95,4144,361
775061,76,4135,365
775062,52,4141,367
775063,24,4149,338
775064,41,4147,253
775065,87,4163,199
775066,109,4181,199
775067,116,4185,196
775068,143,4185,178
775069,180,4181,155
775070,201,4182,139
775071,193,4185,165
775072,160,4184,202
775073,143,4182,203
775074,135,4182,198
775075,121,4181,196
775076,127,4175,189
775077,141,4180,218
775078,142,4187,294
775079,174,4181,264
775080,203,4186,255
775081,190,4196,295
775082,159,4199,333
775083,143,4197,355
775084,125,4196,381
775085,120,4194,375
775086,143,4190,346
775087,166,4188,315
775088,204,4188,252
775089,267,4188,163
775090,304,4190,109
775091,298,4192,141
775092,262,4189,199
775093,230,4177,203
775094,204,4173,169
775095,176,4173,135
775096,171,4159,143
775097,174,4146,187
775098,176,4143,215
775099,188,4141,221
775100,210,4144,249
775101,237,4144,306
775102,259,4131,337
775103,257,4126,339
775104,217,4129,360
775105,176,4130,398
775106,166,4131,423
775107,186,4131,430
775108,209,4131,448
775109,208,4125,467
775110,202,4119,433
775111,198,4125,398
775112,171,4136,420
775113,139,4133,426
775114,140,4119,390
775115,161,4116,364
775116,157,4118,349
775117,150,4118,353
775118,152,4111,322
775119,163,4112,271
775120,163,4127,286
775121,153,4123,329
775122,145,4114,340
775123,136,4119,298
775124,110,4123,247
775125,85,4132,226
775126,112,4136,208
775127,164,4134,195
775128,193,4139,201
775129,202,4152,224
775130,185,4161,251
775131,166,4156,247
775132,175,4150,209
775133,190,4158,219
775134,175,4169,279
775135,138,4159,271
775136,120,4150,195
775137,116,4159,143
775138,99,4178,162
775139,83,4191,215
775140,93,4182,211
775141,130,4181,172
775142,178,4192,152
775143,200,4197,159
775144,161,4199,197
775145,100,4198,237
775146,82,4187,208
775147,111,4176,145
775148,117,4187,147
775149,81,4196,189
775150,71,4186,199
775151,99,4176,161
775152,130,4166,131
775153,119,4159,163
775154,9,4155,257
775155,20,4148,233
775156,44,4157,224
775157,59,4162,227
775158,87,4154,223
775159,130,4148,235
775160,155,4142,256
775161,151,4132,281
775162,114,4130,341
775163,69,4120,356
775164,57,4100,320
775165,45,4100,340
775166,11,4103,398
775167,-6,4091,413
775168,27,4082,375
775169,78,4087,320
775170,105,4104,282
775171,111,4109,291
775172,107,4109,342
775173,93,4111,379
775174,87,4104,347
775175,105,4110,299
775176,115,4122,303
775177,106,4124,350
775178,94,4127,387
775179,93,4132,386
775180,118,4133,378
775181,144,4132,395
775182,147,4125,432
775183,129,4119,460
775184,106,4120,455
775185,97,4126,427
775186,95,4126,386
775187,91,4117,327
775188,96,4113,274
775189,96,4123,249
775190,73,4132,216
775191,74,4134,210
775192,85,4129,192
775193,88,4123,187
775194,78,4128,196
775195,68,4129,193
775196,65,4128,209
775197,60,4131,264
775198,54,4125,322
775199,64,4121,349
775200,78,4125,333
775201,91,4135,290
775202,103,4152,263
775203,93,4163,263
775204,74,4162,292
775205,57,4158,333
775206,53,4158,348
775207,67,4163,322
775208,88,4173,290
775209,104,4178,271
775210,104,4179,276
775211,81,4182,309
775212,41,4181,336
775213,17,4183,350
775214,19,4191,351
775215,52,4187,323
775216,90,4175,283
775217,86,4175,265
775218,66,4177,284
775219,53,4179,331
775220,53,4182,353
775221,76,4181,346
775222,104,4178,340
775223,99,4177,348
775224,63,4175,370
775225,37,4158,387
775226,66,4147,376
775227,90,4135,366
775228,105,4138,387
775229,93,4145,444
775230,68,4142,476
775231,56,4137,451
775232,68,4134,391
775233,94,4135,337
775234,91,4141,352
775235,50,4147,430
775236,22,4143,490
775237,41,4133,468
775238,94,4135,406
775239,143,4145,369
775240,150,4150,375
775241,108,4148,433
775242,51,4146,495
775243,22,4142,518
775244,35,4134,510
775245,72,4128,495
775246,89,4131,513
775247,73,4137,562
775248,57,4135,583
775249,59,4127,542
775250,85,4119,469
775251,117,4123,406
775252,131,4128,375
775253,110,4126,382
775254,57,4128,421
775255,9,4129,450
775256,-14,4123,438
775257,-12,4114,392
775258,12,4108,333
775259,36,4115,316
775260,31,4124,357
775261,43,4113,430
775262,73,4128,463
775263,98,4133,467
775264,113,4131,448
775265,123,4133,448
775266,117,4129,496
775267,87,4122,569
775268,59,4118,618
775269,59,4122,617
775270,89,4129,582
775271,113,4137,572
775272,105,4145,615
775273,79,4143,670
775274,74,4128,685
775275,97,4122,664
775276,131,4127,595
775277,176,4132,523
775278,199,4142,515
775279,185,4142,536
775280,161,4136,556
775281,150,4133,559
775282,151,4132,539
775283,154,4133,516
775284,170,4130,482
775285,186,4130,490
775286,162,4134,556
775287,121,4137,625
775288,105,4135,663
775289,126,4132,648
775290,177,4132,574
775291,217,4142,506
775292,223,4151,487
775293,203,4147,510
775294,165,4145,566
775295,129,4140,616
775296,149,4123,578
775297,190,4125,499
775298,220,4128,426
775299,227,4141,396
775300,192,4162,403
775301,157,4169,403
775302,152,4167,375
775303,184,4159,279
775304,245,4166,166
775305,274,4197,130
775306,240,4216,165
775307,177,4219,224
775308,130,4209,270
775309,117,4193,309
775310,111,4179,305
775311,118,4161,248
775312,126,4159,248
775313,109,4159,302
775314,102,4153,336
775315,107,4153,331
775316,119,4149,298
775317,136,4146,288
775318,123,4151,333
775319,77,4156,414
775320,48,4151,451
775321,67,4147,428
775322,101,4149,396
775323,127,4136,343
775324,135,4125,296
775325,107,4134,295
775326,64,4143,314
775327,43,4135,311
775328,45,4127,298
775329,61,4125,286
775330,71,4121,301
775331,47,4130,366
775332,64,4126,338
775333,82,4125,302
775334,92,4134,303
775335,77,4141,346
775336,33,4133,382
775337,10,4120,365
775338,28,4121,326
775339,34,4135,341
775340,19,4141,414
775341,8,4148,500
775342,16,4149,496
775343,59,4140,383
775344,94,4133,282
775345,78,4125,258
775346,43,4119,309
775347,13,4113,387
775348,2,4106,413
775349,33,4112,386
775350,68,4127,383
775351,65,4136,435
775352,41,4135,477
775353,35,4128,460
775354,67,4121,406
775355,114,4116,357
775356,138,4108,365
775357,114,4111,430
775358,89,4116,437
775359,128,4123,359
775360,169,4143,321
775361,145,4154,372
775362,92,4152,428
775363,68,4145,416
775364,83,4143,366
775365,107,4144,312
775366,127,4158,325
775367,104,4158,331
775368,115,4154,280
775369,146,4153,238
775370,164,4149,231
775371,152,4150,250
775372,119,4152,269
775373,96,4148,273
775374,95,4139,264
775375,118,4136,255
775376,137,4139,270
775377,137,4142,299
775378,138,4146,293
775379,157,4145,270
775380,171,4140,269
775381,160,4139,288
775382,133,4145,328
775383,112,4157,349
775384,117,4164,320
775385,137,4172,272
775386,150,4181,246
775387,147,4179,259
775388,128,4177,287
775389,110,4170,282
775390,109,4173,257
775391,102,4188,260
775392,73,4190,297
775393,54,4182,336
775394,64,4168,337
775395,98,4156,307
775396,134,4157,288
775397,136,4159,296
775398,106,4154,306
775399,76,4148,300
775400,64,4147,301
775401,62,4144,301
775402,54,4138,350
775403,22,4146,394
775404,22,4148,371
775405,70,4146,293
775406,120,4146,233
775407,138,4144,222
775408,128,4147,269
775409,108,4154,332
775410,89,4160,349
775411,76,4164,303
775412,91,4168,242
775413,119,4179,246
775414,116,4172,287
775415,100,4150,305
775416,99,4148,276
775417,105,4155,207
775418,111,4156,165
775419,106,4151,192
775420,88,4148,263
775421,70,4148,348
775422,65,4149,434
775423,68,4151,481
775424,79,4146,461
775425,99,4134,409
775426,115,4135,384
775427,108,4141,392
775428,106,4148,398
775429,132,4151,367
775430,160,4155,300
775431,176,4159,241
775432,177,4161,235
775433,156,4162,265
775434,122,4157,288
775435,101,4154,306
775436,103,4154,326
775437,145,4137,304
775438,144,4154,325
775439,132,4152,331
775440,145,4145,310
775441,161,4144,301
775442,161,4136,321
775443,134,4139,374
775444,87,4150,425
775445,77,4146,408
775446,108,4142,348
775447,125,4146,333
775448,113,4144,376
775449,91,4138,419
775450,93,4135,433
775451,113,4146,424
775452,137,4152,377
775453,162,4153,328
775454,166,4160,319
775455,154,4158,342
775456,144,4153,366
775457,136,4149,361
775458,134,4147,331
775459,129,4146,299
775460,104,4152,300
775461,81,4154,333
775462,84,4154,351
775463,107,4155,328
775464,131,4156,294
775465,152,4157,268
775466,153,4165,277
775467,126,4170,310
775468,106,4164,317
775469,102,4160,292
775470,109,4160,254
775471,115,4161,230
775472,112,4155,219
775473,98,4157,310
775474,103,4150,324
775475,124,4139,308
775476,130,4141,302
775477,106,4144,311
775478,74,4140,322
775479,57,4132,310
775480,75,4125,261
775481,106,4128,233
775482,121,4139,241
775483,121,4149,256
775484,129,4158,252
775485,144,4167,233
775486,133,4166,233
775487,97,4156,247
775488,60,4148,263
775489,51,4143,271
775490,65,4137,246
775491,89,4134,189
775492,102,4139,159
775493,88,4142,173
775494,87,4142,180
775495,104,4141,192
775496,115,4145,224
775497,121,4154,263
775498,110,4151,318
775499,98,4138,352
775500,113,4130,363
775501,115,4120,372
775502,94,4111,357
775503,87,4110,328
775504,102,4108,316
775505,120,4116,354
775506,126,4132,412
775507,121,4136,412
775508,130,4128,328
775509,118,4121,340
775510,92,4116,390
775511,77,4117,395
775512,87,4125,341
775513,92,4125,292
775514,88,4116,265
775515,91,4111,272
775516,99,4111,316
775517,106,4116,343
775518,118,4124,345
775519,123,4125,350
775520,120,4123,352
775521,128,4122,351
775522,132,4119,370
775523,126,4118,386
775524,124,4123,381
775525,119,4132,378
775526,117,4146,372
775527,123,4155,366
775528,131,4153,360
775529,142,4155,354
775530,146,4163,338
775531,141,4177,307
775532,129,4191,266
775533,132,4206,231
775534,136,4226,238
775535,115,4230,232
775536,112,4224,185
775537,134,4218,113
775538,158,4213,46
775539,181,4215,27
775540,192,4220,43
775541,185,4222,75
775542,172,4218,112
775543,124,4195,208
775544,117,4180,204
775545,131,4172,202
775546,150,4166,194
775547,170,4165,189
775548,186,4171,208
775549,193,4171,228
775550,190,4168,246
775551,181,4172,260
775552,166,4177,281
775553,150,4178,329
775554,143,4177,395
775555,133,4174,430
775556,125,4171,402
775557,139,4175,332
775558,163,4180,288
775559,190,4183,295
775560,197,4178,323
775561,198,4169,341
775562,210,4168,331
775563,212,4172,328
775564,185,4170,387
775565,118,4161,475
775566,55,4147,513
775567,37,4131,486
775568,38,4114,406
775569,50,4100,338
775570,71,4098,346
775571,78,4093,386
775572,87,4087,398
775573,96,4088,388
775574,84,4090,375
775575,50,4099,397
775576,21,4121,451
775577,45,4130,454
775578,129,4122,387
775579,191,4132,383
775580,145,4138,434
775581,111,4144,468
775582,99,4149,491
775583,97,4152,521
775584,91,4148,539
775585,90,4137,546
775586,95,4136,556
775587,122,4130,536
775588,163,4127,517
775589,180,4140,543
775590,170,4140,565
775591,170,4130,542
775592,174,4134,521
775593,148,4136,532
775594,113,4131,567
775595,85,4129,607
775596,72,4125,625
775597,93,4122,617
775598,130,4117,604
775599,169,4116,611
775600,193,4130,626
775601,197,4139,615
775602,185,4139,572
775603,157,4146,539
775604,128,4152,537
775605,101,4150,557
775606,84,4147,579
775607,91,4144,575
775608,116,4144,530
775609,157,4143,465
775610,186,4143,421
775611,179,4140,410
775612,146,4134,407
775613,132,4132,394
775614,154,4135,430
775615,155,4128,439
775616,140,4126,465
775617,123,4134,490
775618,135,4136,478
775619,168,4130,442
775620,187,4130,435
775621,171,4127,460
775622,147,4123,475
775623,128,4125,459
775624,121,4131,447
775625,129,4138,473
775626,131,4133,497
775627,139,4129,492
775628,156,4137,465
775629,190,4147,427
775630,227,4152,412
775631,229,4149,437
775632,201,4140,487
775633,171,4135,511
775634,167,4131,482
775635,176,4129,414
775636,191,4138,292
775637,217,4146,206
775638,213,4156,230
775639,180,4156,301
775640,170,4151,346
775641,191,4155,343
775642,208,4156,303
775643,215,4153,281
775644,204,4156,322
775645,187,4154,360
775646,185,4140,354
775647,177,4133,350
775648,168,4124,343
775649,186,4118,331
775650,197,4126,356
775651,183,4129,404
775652,167,4123,396
775653,189,4134,367
775654,196,4152,365
775655,183,4160,338
775656,175,4168,309
775657,171,4178,291
775658,155,4185,257
775659,151,4192,230
775660,164,4196,241
775661,174,4195,266
775662,193,4191,267
775663,217,4186,225
775664,235,4181,151
775665,244,4182,103
775666,227,4178,113
775667,192,4173,166
775668,166,4173,237
775669,154,4159,277
775670,156,4140,275
775671,162,4139,265
775672,152,4141,263
775673,135,4138,264
775674,137,4138,233
775675,157,4146,201
775676,150,4158,218
775677,119,4169,269
775678,109,4179,312
775679,127,4183,297
775680,160,4178,217
775681,181,4174,154
775682,169,4174,156
775683,146,4175,163
775684,150,4174,131
775685,157,4169,113
775686,147,4168,158
775687,136,4168,237
775688,139,4174,226
775689,149,4170,184
775690,169,4164,172
775691,176,4168,212
775692,187,4160,216
775693,227,4154,190
775694,228,4157,198
775695,180,4152,226
775696,147,4146,235
775697,141,4142,233
775698,152,4138,229
775699,170,4131,243
775700,170,4128,276
775701,163,4131,274
775702,173,4144,240
775703,195,4151,194
775704,219,4146,175
775705,210,4146,206
775706,175,4143,241
775707,161,4133,259
775708,162,4128,259
775709,170,4114,230
775710,181,4106,208
775711,159,4110,234
775712,111,4107,293
775713,78,4101,324
775714,80,4104,308
775715,111,4115,279
775716,140,4117,254
775717,144,4119,250
775718,125,4129,284
775719,112,4133,331
775720,139,4132,337
775721,196,4140,288
775722,200,4161,187
775723,138,4155,188
775724,91,4132,224
775725,79,4121,252
775726,81,4131,263
775727,76,4139,262
775728,86,4137,279
775729,106,4131,333
775730,122,4130,409
775731,124,4141,462
775732,132,4142,428
775733,163,4132,351
775734,183,4127,315
775735,174,4128,339
775736,140,4132,383
775737,115,4136,425
775738,104,4137,469
775739,95,4140,496
775740,98,4144,496
775741,112,4138,490
775742,125,4129,494
775743,125,4126,503
775744,117,4124,501
775745,121,4122,474
775746,147,4129,466
775747,159,4144,503
775748,146,4153,533
775749,136,4158,529
775750,125,4161,518
775751,102,4160,525
775752,91,4158,548
775753,94,4156,586
775754,95,4152,628
775755,102,4141,631
775756,122,4128,561
775757,159,4130,440
775758,134,4134,473
775759,107,4134,500
775760,97,4132,499
775761,95,4127,464
775762,86,4128,405
775763,68,4138,371
775764,57,4149,352
775765,74,4152,318
775766,109,4143,260
775767,129,4130,210
775768,121,4125,230
775769,91,4128,341
775770,71,4128,463
775771,90,4127,501
775772,124,4128,462
775773,146,4136,420
775774,155,4153,421
775775,150,4157,455
775776,145,4153,492
775777,153,4157,469
775778,179,4170,397
775779,200,4182,363
775780,179,4181,370
775781,136,4176,385
775782,95,4173,407
775783,74,4167,394
775784,74,4167,335
775785,87,4184,294
775786,110,4189,297
775787,130,4172,305
775788,147,4160,301
775789,158,4156,280
775790,156,4149,278
775791,132,4148,326
775792,82,4149,418
775793,53,4133,487
775794,99,4119,452
775795,151,4108,421
775796,179,4108,414
775797,175,4110,408
775798,163,4113,406
775799,156,4119,403
775800,170,4125,397
775801,188,4133,424
775802,169,4145,490
775803,127,4151,543
775804,109,4138,538
775805,137,4130,470
775806,184,4138,382
775807,202,4150,341
775808,168,4152,353
775809,124,4136,372
775810,131,4128,357
775811,174,4136,313
775812,196,4157,297
775813,183,4178,330
775814,161,4186,369
775815,151,4187,393
775816,143,4173,361
775817,144,4155,283
775818,152,4157,269
775819,140,4159,350
775820,125,4141,418
775821,151,4126,400
775822,193,4128,353
775823,201,4127,329
775824,174,4125,330
775825,132,4133,345
775826,117,4139,327
775827,140,4144,277
775828,139,4152,244
775829,143,4154,248
775830,144,4153,240
775831,144,4151,219
775832,155,4158,216
775833,155,4168,253
775834,141,4169,290
775835,131,4161,272
775836,140,4152,217
775837,158,4148,195
775838,145,4152,248
775839,116,4154,300
775840,122,4151,298
775841,146,4151,309
775842,144,4161,381
775843,137,4171,418
775844,166,4163,354
775845,197,4158,270
775846,179,4152,263
775847,126,4145,316
775848,98,4145,337
775849,124,4141,337
775850,155,4138,370
775851,170,4135,435
775852,173,4136,505
775853,165,4135,514
775854,162,4124,488
775855,146,4117,513
775856,113,4109,565
775857,105,4095,568
775858,134,4105,543
775859,152,4122,553
775860,160,4120,587
775861,169,4119,594
775862,173,4118,551
775863,185,4116,499
775864,151,4116,464
775865,120,4103,427
775866,113,4088,399
775867,102,4094,451
775868,89,4104,538
775869,116,4106,564
775870,170,4109,540
775871,205,4113,519
775872,188,4112,534
775873,135,4110,583
775874,102,4104,611
775875,115,4089,593
775876,145,4090,573
775877,158,4099,580
775878,160,4097,587
775879,184,4101,564
775880,227,4110,500
775881,245,4114,470
775882,213,4119,537
775883,177,4121,584
775884,178,4124,518
775885,192,4127,406
775886,207,4129,323
775887,214,4132,301
775888,201,4144,327
775889,181,4162,362
775890,175,4177,343
775891,194,4186,255
775892,203,4188,190
775893,188,4195,196
775894,170,4201,245
775895,153,4198,305
775896,147,4195,327
775897,162,4186,279
775898,186,4175,206
775899,188,4173,189
775900,191,4175,169
775901,210,4192,153
775902,221,4206,155
775903,217,4214,170
775904,200,4225,192
775905,191,4222,208
775906,194,4211,192
775907,197,4203,139
775908,188,4196,82
775909,169,4186,47
775910,156,4178,46
775911,161,4170,81
775912,191,4161,120
775913,219,4158,154
775914,217,4161,190
775915,192,4158,173
775916,170,4155,121
775917,169,4149,122
775918,171,4141,174
775919,172,4135,219
775920,171,4135,251
775921,167,4138,272
775922,180,4135,295
775923,203,4133,350
775924,221,4131,422
775925,228,4129,460
775926,227,4129,463
775927,219,4133,484
775928,201,4136,523
775929,184,4124,537
775930,174,4116,540
775931,167,4123,570
775932,153,4122,591
775933,150,4111,566
775934,169,4120,588
775935,175,4130,594
775936,181,4133,572
775937,167,4141,576
775938,130,4142,553
775939,126,4128,463
775940,148,4127,407
775941,147,4125,392
775942,134,4119,368
775943,122,4121,340
775944,117,4126,322
775945,110,4135,325
775946,110,4146,341
775947,123,4150,343
775948,133,4151,316
775949,148,4153,293
775950,166,4156,309
775951,183,4163,355
775952,193,4169,395
775953,205,4159,384
775954,219,4152,350
775955,207,4156,346
775956,173,4161,372
775957,153,4167,400
775958,165,4164,392
775959,180,4158,354
775960,174,4158,329
775961,161,4153,319
775962,161,4145,317
775963,154,4150,344
775964,138,4160,369
775965,135,4161,366
775966,139,4151,351
775967,148,4155,334
775968,166,4168,315
775969,183,4169,305
775970,223,4156,340
775971,232,4154,348
775972,219,4162,352
775973,193,4172,392
775974,156,4171,453
775975,156,4153,439
775976,210,4143,386
775977,245,4148,394
775978,247,4151,435
775979,244,4145,469
775980,238,4142,514
775981,225,4144,577
775982,217,4139,610
775983,231,4129,588
775984,250,4125,559
775985,268,4126,539
775986,278,4124,533
775987,267,4126,535
775988,250,4132,526
775989,246,4140,508
775990,250,4147,487
775991,247,4150,471
775992,238,4151,447
775993,226,4154,441
775994,197,4155,460
775995,178,4141,448
775996,185,4129,407
775997,182,4127,369
775998,174,4122,356
775999,175,4119,350
776000,181,4117,348
776001,181,4113,348
776002,173,4109,327
776003,158,4102,308
776004,140,4101,324
776005,135,4118,352
776006,147,4112,363
776007,140,4116,364
776008,134,4116,356
776009,144,4112,349
776010,157,4111,340
776011,165,4112,345
776012,142,4117,349
776013,89,4112,306
776014,54,4109,259
776015,37,4118,285
776016,28,4115,357
776017,47,4105,380
776018,74,4104,339
776019,83,4110,288
776020,78,4116,265
776021,74,4115,257
776022,71,4116,244
776023,63,4125,235
776024,64,4130,249
776025,71,4136,309
776026,85,4143,348
776027,119,4146,308
776028,150,4155,272
776029,169,4166,296
776030,191,4169,332
776031,219,4165,355
776032,224,4162,375
776033,193,4167,397
776034,170,4173,419
776035,173,4174,432
776036,169,4171,424
776037,159,4164,398
776038,168,4167,392
776039,190,4179,409
776040,216,4194,464
776041,239,4190,489
776042,275,4179,466
776043,281,4175,456
776044,245,4181,503
776045,212,4180,529
776046,201,4167,494
776047,190,4170,478
776048,181,4178,490
776049,201,4174,493
776050,219,4180,520
776051,229,4188,545
776052,248,4184,534
776053,243,4172,530
776054,211,4167,563
776055,179,4176,604
776056,190,4174,576
776057,234,4160,515
776058,244,4150,512
776059,231,4142,554
776060,234,4133,592
776061,251,4123,599
776062,254,4115,603
776063,234,4106,636
776064,224,4097,664
776065,246,4089,659
776066,274,4083,664
776067,272,4082,689
776068,270,4073,672
776069,291,4058,616
776070,304,4053,595
776071,299,4056,615
776072,296,4057,609
776073,288,4065,583
776074,271,4066,558
776075,268,4057,531
776076,263,4063,518
776077,271,4052,529
776078,300,4064,508
776079,297,4100,489
776081,155,4091,602
776082,242,4099,466
776084,258,4115,400
776085,259,4101,361
776086,261,4093,349
776087,257,4107,390
776088,259,4125,403
776089,255,4134,403
776090,243,4146,443
776091,244,4162,467
776092,267,4176,450
776093,284,4181,429
776094,283,4179,436
776095,271,4183,463
776096,253,4179,448
776097,242,4167,412
776098,232,4163,395
776099,234,4165,405
776100,257,4173,412
776101,284,4179,388
776102,316,4177,360
776103,326,4171,329
776104,304,4172,260
776105,269,4179,186
776106,181,4167,143
776107,152,4153,136
776108,157,4144,111
776109,192,4150,103
776110,216,4149,126
776111,222,4141,145
776112,222,4142,144
776113,199,4150,135
776114,177,4151,87
776115,173,4141,26
776116,168,4141,19
776117,164,4153,28
776118,182,4159,50
776119,216,4160,82
776120,238,4161,84
776121,230,4165,63
776122,209,4168,86
776123,205,4160,134
776124,223,4143,142
776125,252,4137,124
776126,248,4139,111
776127,217,4129,121
776128,209,4115,156
776129,228,4105,205
776130,240,4106,239
776131,239,4097,208
776132,245,4084,164
776133,252,4091,169
776134,265,4099,178
776135,291,4103,165
776136,309,4104,160
776137,319,4109,150
776138,314,4121,128
776139,283,4127,140
776140,243,4124,171
776141,187,4120,185
776142,173,4120,153
776143,189,4125,151
776144,221,4137,181
776145,268,4146,201
776146,308,4153,215
776147,323,4157,240
776148,315,4162,277
776149,296,4162,304
776150,265,4164,311
776151,225,4166,294
776152,207,4160,275
776153,201,4160,306
776154,200,4161,369
776155,223,4155,396
776156,266,4161,375
776157,294,4173,344
776158,285,4179,317
776159,251,4179,284
776160,208,4172,271
776161,167,4163,280
776162,153,4161,271
776163,163,4154,258
776164,180,4140,268
776165,203,4134,292
776166,215,4138,302
776167,226,4139,298
776168,230,4139,331
776169,217,4149,367
776170,225,4152,341
776171,242,4155,298
776172,231,4157,286
776173,207,4146,306
776174,194,4139,315
776175,197,4146,315
776176,202,4148,323
776177,217,4146,340
776178,237,4146,375
776179,262,4145,412
776180,285,4154,431
776181,279,4159,429
776182,268,4156,421
776183,274,4160,416
776184,280,4157,430
776185,286,4145,460
776186,296,4136,493
776187,302,4135,514
776188,299,4133,502
776189,288,4124,458
776190,278,4120,426
776191,263,4130,417
776192,244,4132,397
776193,237,4125,382
776194,241,4122,395
776195,268,4130,410
776196,298,4137,370
776197,304,4136,305
776198,282,4142,276
776199,242,4141,274
776200,230,4132,280
776201,234,4135,280
776202,232,4138,275
776203,233,4136,271
776204,244,4136,252
776205,249,4146,238
776206,235,4155,220
776207,226,4150,195
776208,217,4147,197
776209,202,4147,225
776210,199,4153,243
776211,207,4161,238
776212,198,4179,233
776213,178,4178,246
776214,172,4178,273
776215,179,4179,293
776216,195,4175,292
776217,188,4168,289
776218,166,4161,298
776219,162,4152,315
776220,177,4150,344
776221,182,4150,356
776222,156,4146,332
776223,120,4151,301
776224,102,4154,296
776225,114,4153,317
776226,126,4158,361
776227,120,4169,401
776228,114,4176,392
776229,122,4175,357
776230,127,4174,337
776231,116,4166,344
776232,90,4161,366
776233,71,4162,400
776234,85,4158,437
776235,108,4162,475
776236,120,4174,505
776237,137,4168,486
776238,165,4150,446
776239,176,4138,469
776240,172,4128,546
776241,179,4110,598
776242,194,4092,618
776243,215,4078,634
776244,237,4073,652
776245,234,4078,684
776246,217,4076,706
776247,207,4066,709
776248,206,4065,714
776249,247,4049,670
776250,269,4055,641
776251,283,4065,605
776252,289,4071,577
776253,280,4074,550
776254,259,4078,529
776255,235,4092,522
776256,221,4103,484
776257,220,4108,418
776258,224,4112,366
776259,237,4112,358
776260,241,4113,379
776261,236,4113,392
776262,241,4113,402
776263,242,4119,417
776264,235,4122,429
776265,228,4116,420
776266,227,4112,400
776267,232,4109,388
776268,237,4110,370
776269,234,4111,359
776270,233,4115,380
776271,236,4129,407
776272,242,4136,409
776273,260,4141,407
776274,271,4145,410
776275,276,4144,410
776276,267,4145,425
776277,255,4152,444
776278,251,4155,443
776279,251,4154,426
776280,254,4152,408
776281,245,4144,380
776282,226,4138,350
776283,209,4141,356
776284,203,4138,397
776285,204,4131,427
776286,235,4124,400
776287,249,4125,423
776288,252,4124,461
776289,244,4123,487
776290,238,4122,502
776291,230,4134,540
776292,220,4139,569
776293,217,4135,571
776294,219,4144,574
776295,222,4153,567
776296,232,4160,544
776297,245,4160,519
776298,257,4158,511
776299,257,4162,526
776300,250,4162,538
776301,244,4160,551
776302,235,4150,563
776303,225,4133,558
776304,224,4127,554
776305,221,4128,558
776306,210,4122,533
776307,212,4108,489
776308,217,4107,491
776309,203,4111,525
776310,192,4107,559
776311,184,4105,594
776312,173,4103,611
776313,176,4103,611
776314,190,4104,591
776315,206,4108,553
776316,220,4117,545
776317,233,4127,566
776318,240,4130,563
776319,240,4130,547
776320,232,4131,547
776321,238,4128,535
776322,227,4125,561
776323,221,4113,581
776324,225,4107,583
776325,224,4108,606
776326,235,4097,629
776327,265,4086,630
776328,291,4087,618
776329,308,4093,586
776330,298,4108,547
776331,266,4121,525
776332,236,4118,524
776333,210,4110,511
776334,216,4112,476
776335,239,4123,446
776336,255,4130,418
776337,275,4136,385
776338,294,4143,360
776339,290,4144,337
776340,258,4142,324
776341,214,4135,320
776342,184,4135,305
776343,183,4140,290
776344,188,4146,287
776345,183,4149,278
776346,178,4140,235
776347,188,4142,189
776348,200,4162,169
776349,207,4165,187
776350,206,4160,236
776351,202,4159,262
776352,200,4160,256
776353,214,4163,250
776354,231,4167,274
776355,238,4163,310
776356,267,4157,274
776357,270,4153,254
776358,265,4149,258
776359,247,4149,304
776360,235,4143,341
776361,247,4131,354
776362,259,4131,380
776363,266,4126,374
776364,284,4116,328
776365,296,4118,324
776366,279,4123,359
776367,264,4124,383
776368,273,4134,378
776369,292,4148,356
776370,301,4157,337
776371,295,4165,338
776372,285,4182,377
776373,274,4188,393
776374,283,4192,387
776375,288,4200,387
776376,282,4195,376
776377,277,4201,389
776378,271,4208,417
776379,268,4198,402
776380,276,4185,366
776381,291,4170,358
776382,293,4159,368
776383,280,4158,381
776384,259,4156,389
776385,243,4148,391
776386,234,4132,401
776387,231,4118,415
776388,234,4109,412
776389,227,4112,393
776390,223,4116,366
776391,230,4110,334
776392,235,4126,381
776393,217,4126,422
776394,203,4127,422
776395,203,4135,418
776396,220,4145,414
776397,236,4149,405
776398,250,4139,396
776399,268,4136,399
776400,283,4144,434
776401,285,4146,485
776402,278,4140,525
776403,263,4138,537
776404,256,4137,522
776405,266,4138,499
776406,262,4145,503
776407,223,4135,529
776408,184,4113,536
776409,186,4093,520
776410,217,4081,498
776411,239,4079,489
776412,239,4085,506
776413,225,4095,529
776414,226,4098,526
776415,248,4103,513
776416,266,4105,502
776417,272,4103,500
776418,272,4101,510
776419,264,4103,538
776420,241,4105,562
776421,236,4107,555
776422,256,4107,562
776423,283,4102,585
776424,306,4108,588
776425,310,4110,573
776426,292,4105,560
776427,248,4098,565
776428,258,4102,595
776429,274,4107,624
776430,277,4105,621
776431,284,4100,608
776432,296,4101,601
776433,297,4101,607
776434,280,4100,624
776435,256,4098,625
776436,251,4095,606
776437,254,4092,592
776438,252,4095,593
776439,238,4096,583
776440,235,4089,555
776441,250,4100,537
776442,242,4111,504
776443,214,4113,451
776444,195,4116,395
776445,189,4121,346
776446,189,4130,302
776447,183,4137,263
776448,167,4143,232
776449,159,4155,181
776450,164,4170,131
776451,169,4179,124
776452,165,4174,132
776453,179,4166,133
776454,202,4164,169
776455,208,4160,241
776456,209,4159,299
776457,207,4162,294
776458,220,4165,255
776459,219,4168,253
776460,198,4172,275
776461,185,4177,294
776462,205,4186,338
776463,209,4191,329
776464,213,4200,281
776465,208,4212,252
776466,193,4211,262
776467,187,4207,293
776468,199,4212,321
776469,222,4221,341
776470,234,4219,358
776471,231,4216,370
776472,222,4219,360
776473,210,4209,326
776474,202,4187,311
776475,182,4170,347
776476,154,4158,406
776477,145,4152,451
776478,155,4156,477
776479,178,4146,457
776480,207,4136,426
776481,218,4134,423
776482,230,4123,415
776483,244,4124,417
776484,242,4120,406
776485,225,4119,377
776486,208,4136,367
776487,206,4147,378
776488,210,4152,401
776489,219,4152,419
776490,236,4154,426
776491,246,4154,419
776492,253,4149,384
776493,247,4145,355
776494,223,4143,350
776495,209,4141,347
776496,203,4138,349
776497,200,4127,408
776498,209,4123,448
776499,218,4116,459
776500,208,4111,446
776501,201,4111,417
776502,204,4115,389
776503,202,4117,383
776504,193,4119,386
776505,180,4118,391
776506,186,4123,414
776507,188,4125,446
776508,181,4119,442
776509,186,4121,402
776510,190,4123,356
776511,198,4119,331
776512,209,4121,352
776513,224,4125,419
776514,240,4122,487
776515,254,4120,531
776516,265,4118,562
776517,265,4114,583
776518,261,4116,584
776519,250,4123,576
776520,242,4123,579
776521,237,4113,599
776522,242,4100,602
776523,262,4099,582
776524,266,4104,575
776525,264,4104,573
776526,273,4108,575
776527,272,4105,589
776528,261,4097,593
776529,258,4099,601
776530,262,4107,640
776531,260,4105,669
776532,279,4098,677
776533,293,4104,709
776534,289,4100,691
776535,277,4099,670
776536,270,4089,636
776537,284,4087,607
776538,301,4093,627
776539,304,4083,668
776540,307,4073,702
776541,309,4073,719
776542,306,4070,702
776543,298,4068,681
776544,292,4067,653
776545,304,4074,626
776546,325,4084,635
776547,319,4085,660
776548,299,4090,657
776549,300,4108,639
776550,296,4115,627
776551,282,4104,612
776552,275,4103,587
776553,283,4109,553
776554,287,4119,536
776555,272,4120,525
776556,272,4121,510
776557,276,4124,481
776558,266,4130,443
776559,247,4136,393
776560,250,4140,354
776561,242,4153,359
776562,210,4155,353
776563,210,4161,354
776564,202,4160,369
776565,190,4152,374
776566,187,4150,394
776567,192,4151,402
776568,218,4164,379
776569,227,4167,351
776570,233,4175,310
776571,231,4186,299
776572,213,4189,293
776573,203,4181,290
776574,202,4174,310
776575,188,4171,338
776576,178,4172,359
776577,204,4176,354
776578,230,4180,324
776579,234,4173,288
776580,235,4163,278
776581,231,4152,305
776582,227,4143,329
776583,227,4145,342
776584,224,4142,356
776585,220,4128,355
776586,226,4128,381
776587,226,4136,458
776588,228,4120,506
776589,265,4111,511
776590,301,4126,511
776591,312,4125,502
776592,301,4119,500
776593,286,4124,523
776594,282,4128,571
776595,278,4122,649
776596,285,4113,723
776597,319,4118,739
776598,353,4131,705
776599,351,4133,679
776600,311,4122,684
776601,270,4107,691
776602,266,4096,677
776603,352,4101,580
776604,358,4105,571
776605,353,4114,587
776606,353,4125,560
776607,349,4130,495
776608,328,4127,438
776609,293,4114,406
776610,266,4110,378
776611,255,4122,354
776612,266,4131,362
776613,274,4131,411
776614,260,4126,439
776615,262,4124,401
776616,282,4130,372
776617,284,4127,375
776618,279,4126,389
776619,276,4132,409
776620,273,4135,410
776621,271,4137,396
776622,270,4143,418
776623,265,4144,466
776624,266,4145,501
776625,281,4149,511
776626,313,4156,502
776627,342,4163,522
776628,349,4156,552
776629,357,4152,573
776630,354,4151,578
776631,355,4148,543
776632,365,4155,520
776633,369,4157,537
776634,361,4152,546
776635,343,4157,522
776636,316,4160,488
776637,287,4144,458
776638,280,4132,440
776639,285,4130,439
776640,299,4135,461
776641,312,4140,496
776642,317,4147,558
776643,303,4134,605
776644,296,4123,614
776645,288,4119,587
776646,286,4111,555
776647,293,4106,541
776648,301,4104,513
776649,318,4120,495
776650,321,4128,502
776651,319,4119,533
776652,314,4113,576
776653,291,4107,577
776654,278,4104,539
776655,275,4107,492
776656,287,4114,465
776657,300,4121,455
776658,290,4114,431
776659,279,4103,397
776660,281,4101,402
776661,273,4096,442
776662,251,4084,452
776663,245,4090,428
776664,244,4104,388
776665,236,4111,351
776666,222,4115,321
776667,220,4117,305
776668,231,4123,320
776669,238,4132,359
776671,237,4144,386
776672,243,4158,394
776673,247,4165,423
776674,243,4154,451
776675,244,4159,394
776676,249,4169,360
776677,248,4179,384
776678,217,4180,425
776679,198,4173,425
776680,208,4169,397
776681,215,4167,372
776682,227,4160,355
776683,239,4154,334
776684,241,4151,317
776685,228,4142,322
776686,211,4138,351
776687,197,4138,384
776688,186,4135,396
776689,186,4125,393
776690,184,4109,361
776691,179,4116,319
776692,172,4133,294
776693,175,4135,270
776694,198,4141,248
776695,225,4148,241
776696,236,4133,252
776697,247,4116,302
776698,262,4115,405
776699,293,4113,536
776700,320,4117,667
776701,305,4117,754
776702,267,4115,786
776703,238,4115,793
776704,252,4113,812
776705,289,4114,848
776706,319,4109,826
776707,355,4109,748
776708,375,4125,704
776709,351,4125,695
776710,302,4129,682
776711,315,4142,658
776712,330,4145,623
776713,350,4149,612
776714,372,4147,610
776715,385,4140,612
776716,366,4134,618
776717,351,4132,618
776718,367,4129,644
776719,373,4108,666
776720,370,4096,657
776721,371,4108,631
776722,358,4114,603
776723,342,4111,608
776724,316,4113,614
776725,311,4123,609
776726,332,4131,647
776727,327,4115,680
776728,319,4103,650
776729,333,4117,587
776730,342,4126,505
776731,343,4128,419
776732,349,4144,362
776733,330,4146,300
776734,326,4149,227
776735,334,4169,188
