1117159,46,4227,339
1117160,53,4225,319
1117161,62,4218,300
1117162,68,4216,291
1117163,62,4219,300
1117164,49,4213,322
1117165,28,4202,337
1117166,10,4192,340
1117167,8,4188,325
1117168,11,4184,305
1117169,7,4186,285
1117170,7,4187,267
1117171,11,4185,251
1117172,7,4189,236
1117173,3,4187,206
1117174,3,4185,161
1117175,-6,4188,134
1117176,-21,4197,109
1117177,-22,4206,74
1117178,-19,4210,42
1117179,-30,4213,33
1117180,-41,4209,24
1117181,-45,4202,8
1117182,-52,4198,19
1117183,-55,4194,3
1117184,-57,4191,0
1117185,-62,4183,23
1117186,-57,4174,33
1117187,-54,4166,37
1117188,-62,4160,52
1117189,-82,4159,61
1117190,-86,4161,39
1117191,-67,4156,21
1117192,-60,4151,54
1117193,-66,4151,87
1117194,-68,4141,92
1117195,-67,4132,117
1117196,-84,4138,170
1117197,-97,4142,203
1117198,-77,4139,174
1117199,-38,4140,100
1117200,0,4153,36
1117201,23,4163,14
1117202,27,4172,39
1117203,13,4184,64
1117204,12,4181,57
1117205,22,4172,49
1117206,14,4173,54
1117207,1,4175,56
1117208,-8,4168,83
1117209,-26,4168,145
1117210,-43,4170,169
1117211,-19,4166,143
1117212,-12,4167,180
1117213,-5,4169,218
1117214,-3,4174,216
1117215,-4,4171,198
1117216,-8,4164,220
1117217,-12,4166,264
1117218,-20,4170,290
1117219,-16,4166,305
1117220,-6,4155,322
1117221,-6,4153,320
1117222,2,4153,290
1117223,16,4154,281
1117224,22,4160,286
1117225,39,4165,240
1117226,65,4168,173
1117227,62,4169,162
1117228,36,4173,188
1117229,33,4176,182
1117230,54,4172,141
1117231,61,4178,120
1117232,44,4188,127
1117233,25,4183,144
1117234,16,4169,168
1117235,-5,4165,196
1117236,-29,4166,229
1117237,-35,4164,255
1117238,-36,4163,272
1117239,-32,4155,280
1117240,-28,4152,281
1117241,-33,4156,267
1117242,-21,4154,243
1117243,-1,4150,241
1117244,6,4156,267
1117245,14,4170,263
1117246,55,4168,196
1117247,94,4163,149
1117248,70,4168,184
1117249,25,4170,237
1117250,10,4161,253
1117251,25,4137,213
1117252,30,4135,208
1117253,27,4127,233
1117254,2,4124,283
1117255,-21,4125,313
1117256,-32,4131,334
1117257,-36,4141,352
1117258,-29,4144,323
1117259,-8,4143,263
1117260,10,4140,244
1117261,-2,4157,278
1117262,-15,4162,282
1117263,12,4142,246
1117264,54,4128,232
1117265,70,4124,257
1117266,70,4130,275
1117267,77,4133,246
1117268,80,4127,216
1117269,65,4121,210
1117270,48,4118,210
1117271,37,4115,208
1117272,32,4107,213
1117273,27,4103,237
1117274,27,4109,233
1117275,33,4109,183
1117276,41,4098,142
1117277,30,4094,145
1117278,-1,4105,170
1117279,-19,4106,180
1117280,-34,4099,176
1117281,-57,4099,193
1117282,-70,4098,210
1117283,-78,4099,204
1117284,-81,4109,174
1117285,-73,4117,127
1117286,-72,4127,119
1117287,-74,4135,141
1117288,-61,4129,146
1117289,-59,4125,151
1117290,-66,4135,205
1117291,-62,4138,232
1117292,-59,4130,244
1117293,-50,4118,245
1117294,-52,4123,252
1117295,-45,4137,253
1117296,-18,4142,236
1117297,-3,4140,255
1117298,-12,4146,308
1117299,-17,4152,335
1117300,-4,4151,324
1117301,8,4158,308
1117302,29,4166,290
1117303,60,4170,275
1117304,74,4173,283
1117305,71,4177,302
1117306,67,4172,315
1117307,58,4164,321
1117308,39,4166,332
1117309,20,4169,342
1117310,13,4170,342
1117311,8,4176,342
1117312,5,4181,346
1117313,5,4183,357
1117314,-6,4188,394
1117315,-20,4192,434
1117316,-20,4192,434
1117317,-10,4189,407
1117318,6,4195,389
1117319,28,4200,379
1117320,51,4197,359
1117321,71,4195,329
1117322,84,4189,302
1117323,91,4187,311
1117324,85,4191,331
1117325,80,4172,283
1117326,77,4170,288
1117327,68,4167,298
1117328,74,4158,294
1117329,81,4154,281
1117330,82,4152,265
1117331,73,4155,258
1117332,37,4160,274
1117333,6,4155,276
1117334,3,4148,254
1117335,0,4145,253
1117336,-22,4149,256
1117337,-35,4151,222
1117338,-33,4143,192
1117339,-38,4144,202
1117340,-50,4150,230
1117341,-56,4147,251
1117342,-54,4145,259
1117343,-52,4145,247
1117344,-41,4144,227
1117345,-20,4144,226
1117346,-8,4148,255
1117347,-11,4155,279
1117348,-9,4159,274
1117349,-1,4157,270
1117350,1,4157,281
1117351,-4,4165,288
1117352,1,4168,260
1117353,19,4169,214
1117354,31,4168,195
1117355,40,4166,179
1117356,49,4170,160
1117357,51,4169,167
1117358,46,4166,168
1117359,47,4170,145
1117360,48,4171,131
1117361,36,4163,128
1117362,9,4155,135
1117363,-41,4135,149
1117364,-55,4125,166
1117365,-78,4122,193
1117366,-94,4119,182
1117367,-75,4113,131
1117368,-61,4118,105
1117369,-79,4129,105
1117370,-85,4134,99
1117371,-76,4142,93
1117372,-83,4149,99
1117373,-80,4146,80
1117374,-48,4140,25
1117375,-24,4144,-12
1117376,-21,4157,1
1117377,-28,4169,44
1117378,-37,4174,82
1117379,-43,4171,110
1117380,-59,4165,157
1117381,-78,4165,199
1117382,-74,4166,177
1117383,-45,4166,133
1117384,-29,4179,130
1117385,-28,4193,146
1117386,-22,4200,173
1117387,-17,4209,207
1117388,-10,4207,217
1117389,14,4202,221
1117390,30,4204,246
1117391,24,4197,260
1117392,18,4188,279
1117393,-1,4192,328
1117394,-40,4170,326
1117395,-31,4159,356
1117396,-26,4161,381
1117397,-12,4160,360
1117398,6,4163,349
1117399,9,4171,361
1117400,14,4176,363
1117401,29,4181,355
1117402,35,4181,336
1117403,49,4184,297
1117404,78,4190,261
1117405,102,4187,247
1117406,108,4180,251
1117407,95,4178,257
1117408,81,4176,256
1117409,79,4173,240
1117410,80,4172,228
1117411,71,4170,242
1117412,53,4163,265
1117413,34,4152,282
1117414,7,4140,298
1117415,-19,4136,314
1117416,-18,4139,302
1117417,-2,4146,270
1117418,-6,4156,269
1117419,-25,4162,283
1117420,-34,4164,283
1117421,-36,4164,284
1117422,-34,4165,283
1117423,-23,4156,259
1117424,-11,4140,235
1117425,-5,4136,253
1117426,-6,4138,305
1117427,-2,4142,338
1117428,11,4135,323
1117429,23,4123,293
1117430,42,4123,244
1117431,50,4122,218
1117432,58,4124,191
1117433,58,4127,171
1117434,70,4121,153
1117435,82,4113,149
1117436,71,4107,170
1117437,52,4097,181
1117438,37,4090,183
1117439,21,4083,198
1117440,-4,4072,218
1117441,-27,4064,230
1117442,-35,4057,246
1117443,-43,4054,251
1117444,-45,4051,232
1117445,-31,4054,211
1117446,-28,4067,206
1117447,-35,4085,207
1117448,-30,4100,188
1117449,-24,4112,167
1117450,-30,4113,179
1117451,-36,4103,188
1117452,-32,4098,152
1117453,-29,4103,104
1117454,-35,4111,84
1117455,-38,4121,82
1117456,-31,4131,85
1117457,-24,4138,98
1117458,-20,4135,92
1117460,-10,4125,61
1117461,-6,4119,46
1117462,-15,4121,54
1117463,-23,4122,67
1117464,-34,4134,83
1117465,-48,4143,84
1117466,-58,4143,78
1117467,-62,4138,89
1117468,-70,4128,111
1117469,-87,4123,133
1117470,-101,4131,156
1117471,-112,4138,174
1117472,-115,4138,178
1117473,-113,4142,183
1117474,-115,4153,196
1117475,-101,4165,207
1117476,-85,4176,219
1117477,-80,4184,218
1117478,-65,4188,209
1117479,-38,4195,211
1117480,-23,4210,226
1117481,-21,4220,254
1117482,-16,4219,277
1117483,-17,4217,300
1117484,-9,4217,320
1117485,13,4215,333
1117486,26,4210,358
1117487,33,4206,358
1117488,46,4203,314
1117489,52,4204,271
1117490,58,4196,244
1117491,68,4186,242
1117492,65,4188,258
1117493,59,4181,254
1117494,61,4166,239
1117495,41,4175,254
1117496,31,4175,247
1117497,34,4163,224
1117498,33,4156,218
1117499,24,4145,211
1117500,20,4135,201
1117501,12,4137,225
1117502,-16,4143,254
1117503,-41,4144,254
1117504,-48,4143,240
1117505,-51,4139,248
1117506,-54,4139,280
1117507,-48,4140,297
1117508,-40,4145,285
1117509,-29,4154,265
1117510,-21,4161,247
1117511,-22,4171,235
1117512,-14,4176,236
1117513,-7,4179,250
1117514,-17,4179,264
1117515,-25,4179,256
1117516,-27,4182,244
1117517,-33,4191,261
1117518,-35,4197,286
1117519,-29,4190,291
1117520,-22,4173,278
1117521,-19,4164,265
1117522,-11,4167,267
1117523,-1,4162,283
1117524,-2,4154,303
1117525,-5,4152,309
1117526,2,4147,299
1117527,8,4142,284
1117528,4,4136,271
1117529,11,4135,255
1117530,28,4137,238
1117531,27,4136,224
1117532,15,4134,202
1117533,-3,4144,139
1117534,-14,4151,108
1117535,-36,4159,94
1117536,-54,4167,87
1117537,-54,4170,61
1117538,-42,4172,48
1117539,-34,4169,52
1117540,-39,4166,69
1117541,-59,4169,103
1117542,-84,4171,137
1117543,-91,4168,175
1117544,-89,4167,191
1117545,-94,4169,175
1117546,-93,4178,145
1117547,-78,4186,108
1117548,-62,4186,96
1117549,-55,4194,125
1117550,-52,4202,137
1117551,-34,4203,133
1117552,-20,4205,160
1117553,-18,4204,198
1117554,-11,4207,197
1117555,9,4206,179
1117556,25,4200,178
1117557,34,4201,175
1117558,44,4201,181
1117559,42,4203,217
1117560,33,4205,266
1117561,38,4199,290
1117562,51,4187,305
1117563,52,4182,322
1117564,56,4183,320
1117565,98,4161,296
1117566,103,4159,306
1117567,106,4158,290
1117568,99,4159,257
1117569,92,4158,252
1117570,75,4150,274
1117571,39,4146,311
1117572,2,4145,336
1117573,-29,4144,338
1117574,-60,4142,355
1117575,-82,4135,365
1117576,-89,4133,338
1117577,-84,4138,307
1117578,-72,4147,284
1117579,-52,4157,264
1117580,-27,4169,251
1117581,-8,4174,234
1117582,16,4171,210
1117583,37,4172,204
1117584,45,4174,225
1117585,63,4161,243
1117586,82,4139,268
1117587,82,4132,300
1117588,83,4131,310
1117589,97,4128,299
1117590,107,4129,286
1117591,101,4126,285
1117592,95,4123,294
1117593,78,4120,321
1117594,51,4116,361
1117595,31,4109,390
1117596,21,4100,390
1117597,27,4093,370
1117598,26,4093,371
1117599,6,4098,388
1117600,-3,4095,386
1117601,4,4091,320
1117602,12,4083,266
1117603,17,4083,218
1117604,10,4088,194
1117605,3,4088,194
1117606,-4,4090,199
1117607,-7,4086,199
1117608,-3,4074,192
1117609,-6,4071,198
1117610,-14,4077,214
1117611,-3,4072,197
1117612,25,4059,180
1117613,30,4061,204
1117614,17,4061,234
1117615,11,4062,269
1117616,3,4073,299
1117617,7,4076,298
1117618,31,4079,287
1117619,42,4090,289
1117620,43,4090,291
1117621,52,4084,278
1117622,52,4087,267
1117623,46,4093,262
1117624,46,4100,247
1117625,52,4103,212
1117626,56,4104,204
1117627,46,4104,238
1117628,13,4103,277
1117629,-15,4100,304
1117630,-21,4092,319
1117631,-30,4084,331
1117632,-45,4083,333
1117633,-45,4086,314
1117634,-30,4086,300
1117635,-26,4086,302
1117636,-30,4088,293
1117637,-21,4085,252
1117638,-11,4078,198
1117639,-23,4077,174
1117640,-56,4079,193
1117641,-50,4074,185
1117642,-47,4072,179
1117643,-48,4073,160
1117644,-41,4074,144
1117645,-37,4084,138
1117646,-39,4091,130
1117647,-31,4098,123
1117648,-21,4107,126
1117649,-28,4113,145
1117650,-52,4121,163
1117651,-74,4137,164
1117652,-72,4148,147
1117653,-66,4153,151
1117654,-65,4161,177
1117655,-56,4170,186
1117656,-44,4184,190
1117657,-34,4204,209
1117658,-31,4210,238
1117659,-41,4206,273
1117660,-60,4214,311
1117661,-72,4224,322
1117662,-68,4227,308
1117663,-62,4221,295
1117664,-68,4215,292
1117665,-64,4215,284
1117666,-51,4206,263
1117667,-47,4189,255
1117668,-41,4179,273
1117669,-31,4173,289
1117670,-29,4169,297
1117671,-26,4164,298
1117672,-19,4158,293
1117673,-18,4160,287
1117674,-13,4173,283
1117675,-9,4184,284
1117676,-5,4192,276
1117677,9,4190,251
1117678,13,4193,242
1117679,2,4223,279
1117680,13,4214,257
1117681,16,4213,264
1117682,8,4218,293
1117683,12,4217,322
1117684,18,4207,344
1117685,16,4203,375
1117686,6,4208,399
1117687,1,4209,383
1117688,5,4205,355
1117689,5,4200,333
1117690,3,4201,313
1117691,13,4201,295
1117692,30,4200,283
1117693,29,4202,280
1117694,27,4202,281
1117695,32,4197,274
1117696,17,4197,278
1117697,1,4204,287
1117698,10,4200,276
1117699,27,4187,256
1117700,29,4176,233
1117701,27,4175,204
1117702,27,4175,188
1117703,24,4173,200
1117704,16,4171,219
1117705,0,4170,236
1117706,-11,4174,250
1117707,-5,4175,239
1117708,10,4166,216
1117709,14,4160,216
1117710,10,4160,226
1117711,12,4158,227
1117712,13,4158,241
1117713,3,4165,275
1117714,-9,4170,316
1117715,-13,4164,330
1117716,-13,4156,306
1117717,-10,4165,280
1117718,-11,4181,256
1117719,2,4189,216
1117720,27,4192,172
1117721,45,4197,147
1117722,39,4193,162
1117723,24,4188,176
1117724,22,4190,165
1117725,24,4192,171
1117726,17,4180,190
1117727,10,4163,210
1117728,13,4161,234
1117729,13,4165,239
1117730,17,4163,230
1117731,22,4161,233
1117732,9,4166,245
1117733,-5,4172,248
1117734,4,4170,247
1117735,13,4163,243
1117736,15,4162,247
1117737,14,4171,263
1117738,4,4180,286
1117739,-3,4187,309
1117740,2,4186,318
1117741,3,4174,320
1117742,0,4163,333
1117743,-1,4160,345
1117744,-4,4164,343
1117745,-1,4166,335
1117746,13,4169,331
1117747,22,4171,329
1117748,39,4170,307
1117749,56,4175,278
1117750,58,4181,274
1117751,60,4177,276
1117752,70,4167,262
1117753,79,4163,237
1117754,92,4165,199
1117755,111,4166,171
1117756,103,4169,190
1117757,74,4160,232
1117758,47,4151,278
1117759,25,4149,309
1117760,17,4145,325
1117761,25,4140,351
1117762,26,4142,402
1117763,23,4148,432
1117764,28,4150,417
1117765,37,4156,389
1117766,58,4159,363
1117767,84,4160,349
1117768,89,4166,353
1117769,82,4165,340
1117770,86,4153,311
1117771,90,4147,311
1117772,73,4147,344
1117773,50,4134,375
1117774,39,4118,373
1117775,40,4115,353
1117776,39,4111,342
1117777,29,4106,346
1117778,21,4099,350
1117779,16,4092,344
1117780,6,4097,344
1117781,7,4095,324
1117782,23,4083,283
1117783,30,4077,266
1117784,13,4077,276
1117785,-6,4078,288
1117786,-9,4082,297
1117787,-3,4079,294
1117788,3,4074,275
1117789,12,4082,249
1117790,33,4088,223
1117791,49,4098,215
1117792,35,4118,194
1117793,42,4122,118
1117794,74,4122,51
1117795,66,4139,99
1117796,50,4132,130
1117797,25,4133,151
1117798,10,4133,162
1117799,12,4127,160
1117800,3,4127,178
1117801,-17,4128,225
1117802,-25,4124,260
1117803,-29,4120,277
1117804,-30,4117,288
1117805,-22,4109,278
1117806,-19,4103,280
1117807,-25,4108,285
1117808,-17,4110,266
1117809,-3,4117,250
1117810,-9,4131,227
1117811,-9,4138,183
1117812,0,4148,156
1117813,-4,4159,163
1117814,-9,4159,168
1117815,-7,4155,160
1117816,-10,4158,183
1117817,-24,4165,229
1117818,-33,4168,247
1117819,-29,4167,237
1117820,-16,4157,230
1117821,-10,4155,261
1117822,-22,4163,313
1117823,-32,4167,327
1117824,-25,4169,309
1117825,-15,4178,291
1117826,-1,4182,229
1117827,33,4180,136
1117828,43,4196,118
1117829,16,4219,145
1117830,8,4227,124
1117831,9,4226,118
1117832,-21,4224,179
1117833,-36,4217,220
1117834,-40,4215,255
1117835,-50,4208,263
1117836,-35,4203,272
1117837,-31,4199,315
1117838,-30,4188,341
1117839,0,4181,330
1117840,29,4185,333
1117841,36,4189,366
1117842,21,4191,387
1117843,3,4189,389
1117844,-9,4191,402
1117845,-13,4196,401
1117846,-1,4199,363
1117847,19,4199,331
1117848,17,4206,337
1117849,3,4215,340
1117850,17,4211,304
1117851,26,4203,279
1117852,9,4200,289
1117853,1,4188,279
1117854,7,4165,251
1117855,2,4157,251
1117856,-14,4153,263
1117857,-33,4137,269
1117858,-48,4124,296
1117859,-46,4117,317
1117860,-33,4114,317
1117861,-25,4112,315
1117862,-21,4105,303
1117863,-20,4099,284
1117864,-17,4101,275
1117865,-19,4120,269
1117866,-19,4131,220
1117867,-8,4126,159
1117868,-8,4134,153
1117869,-19,4143,165
1117870,-26,4138,160
1117871,-34,4137,180
1117872,-53,4143,211
1117873,-53,4140,231
1117874,-48,4147,246
1117875,-58,4151,277
1117876,-56,4145,285
1117877,-37,4139,280
1117878,-19,4137,270
1117879,-5,4136,248
1117880,11,4134,243
1117881,16,4135,273
1117882,9,4137,300
1117883,6,4138,316
1117884,5,4144,327
1117885,9,4145,320
1117886,22,4139,302
1117887,36,4135,296
1117888,43,4135,300
1117889,48,4132,295
1117890,41,4126,292
1117891,26,4119,298
1117892,18,4107,306
1117893,8,4101,333
1117894,-6,4100,371
1117895,-4,4099,367
1117896,6,4099,345
1117897,4,4099,345
1117898,0,4103,342
1117899,3,4106,324
1117900,6,4105,302
1117901,1,4099,296
1117902,-6,4094,295
1117903,2,4094,265
1117904,21,4093,227
1117905,26,4094,220
1117906,14,4099,216
1117907,21,4096,182
1117908,35,4086,153
1117909,29,4081,163
1117910,17,4079,185
1117911,18,4072,182
1117912,24,4068,195
1117913,9,4072,261
1117914,1,4067,277
1117915,-7,4066,288
1117916,-12,4076,279
1117917,-13,4084,263
1117918,-16,4087,271
1117919,-21,4087,267
1117920,-14,4087,230
1117921,-4,4099,215
1117922,-4,4111,227
1117923,-12,4118,222
1117924,-5,4122,195
1117925,8,4130,187
1117926,1,4142,206
1117927,-17,4138,217
1117928,-18,4126,227
1117929,-19,4121,265
1117930,-34,4126,316
1117931,-40,4129,343
1117932,-44,4127,340
1117933,-47,4129,330
1117934,-38,4130,317
1117935,-19,4133,297
1117936,-14,4141,292
1117937,-28,4144,301
1117938,-43,4144,300
1117939,-51,4150,304
1117940,-58,4155,305
1117941,-60,4154,291
1117942,-53,4155,268
1117943,-50,4167,239
1117944,-50,4175,238
1117945,-45,4180,270
1117946,-37,4182,290
1117947,-15,4192,247
1117948,-4,4207,264
1117949,-12,4215,307
1117950,-25,4211,310
1117951,-27,4203,282
1117952,-27,4203,267
1117953,-29,4204,264
1117954,-22,4193,266
1117955,-14,4189,273
1117956,-11,4199,265
1117957,-13,4207,244
1117958,-26,4215,236
1117959,-43,4218,246
1117960,-54,4211,254
1117961,-57,4212,249
1117962,-63,4208,241
1117963,-72,4198,246
1117964,-72,4198,263
1117965,-53,4201,271
1117966,-29,4206,253
1117967,-15,4211,229
1117968,-6,4215,204
1117969,4,4215,176
1117970,8,4207,173
1117971,2,4202,183
1117972,5,4200,186
1117973,10,4199,191
1117974,3,4194,214
1117975,-17,4184,248
1117976,-40,4168,283
1117977,-51,4150,295
1117978,-49,4139,300
1117979,-53,4133,324
1117980,-50,4129,329
1117981,-33,4124,303
1117982,-17,4121,286
1117983,-10,4134,287
1117984,-19,4152,288
1117985,-21,4159,265
1117986,-15,4162,230
1117987,-45,4183,187
1117988,-50,4184,165
1117989,-45,4185,136
1117990,-33,4182,101
1117991,-18,4183,79
1117992,-20,4197,88
1117993,-37,4201,107
1117994,-35,4188,102
1117995,-21,4179,90
1117996,-22,4176,103
1117997,-31,4172,140
1117998,-29,4159,181
1117999,-19,4139,202
1118000,-17,4123,209
1118001,-18,4116,230
1118002,-10,4111,249
1118003,5,4110,258
1118004,19,4117,278
1118005,18,4125,298
1118006,7,4128,307
1118007,10,4129,313
1118008,23,4131,324
1118009,36,4139,322
1118010,55,4153,312
1118011,72,4161,308
1118012,81,4163,311
1118013,86,4174,329
1118014,88,4188,355
1118015,91,4189,364
1118016,88,4191,377
1118017,79,4200,407
1118018,71,4208,432
1118019,67,4209,437
1118020,57,4213,429
1118021,44,4212,413
1118022,39,4199,379
1118023,33,4188,369
1118024,27,4189,364
1118025,31,4184,342
1118026,40,4183,328
1118027,38,4194,327
1118028,26,4199,308
1118029,23,4199,267
1118030,27,4202,236
1118031,25,4199,238
1118032,15,4199,268
1118033,6,4203,295
1118034,2,4206,281
1118035,11,4202,236
1118036,15,4193,229
1118037,-8,4196,268
1118038,-31,4199,298
1118039,-23,4195,277
1118040,0,4186,239
1118041,1,4177,236
1118042,-21,4175,249
1118043,-33,4172,239
1118044,-23,4167,205
1118045,-15,4163,197
1118046,-24,4153,207
1118047,-33,4145,204
1118048,-39,4146,198
1118049,-44,4144,184
1118050,-34,4135,165
1118051,-23,4135,168
1118052,-24,4133,170
1118053,-18,4122,164
1118054,-7,4113,182
1118055,-10,4112,229
1118056,-14,4110,266
1118057,-4,4104,267
1118058,16,4103,271
1118059,28,4108,305
1118060,33,4112,337
1118061,113,4117,294
1118062,193,4106,253
1118063,246,4094,237
1118064,243,4106,230
1118065,194,4123,232
1118066,152,4118,234
1118067,124,4102,232
1118068,83,4088,242
1118069,29,4080,264
1118070,-28,4069,281
1118071,-71,4061,305
1118072,-109,4063,342
1118073,-136,4063,355
1118074,-144,4063,337
1118075,-138,4061,297
1118076,-123,4054,249
1118077,-95,4049,227
1118078,-74,4059,254
1118079,-74,4068,279
1118080,-54,4059,258
1118081,-22,4048,223
1118082,-6,4043,211
1118083,-1,4044,220
1118084,20,4050,225
1118085,51,4060,213
1118086,66,4079,215
1118087,74,4091,222
1118088,91,4089,219
1118089,98,4085,215
1118090,99,4080,214
1118091,101,4079,232
1118092,100,4076,249
1118093,100,4068,255
1118094,80,4059,275
1118095,38,4049,293
1118096,10,4049,285
1118097,3,4053,279
1118098,-3,4060,295
1118099,-15,4070,310
1118100,-27,4079,318
1118101,-44,4111,321
1118102,-28,4129,297
1118103,-23,4160,298
1118104,-28,4185,307
1118105,-8,4184,287
1118106,5,4180,271
1118107,-12,4184,286
1118108,-32,4194,316
1118109,-41,4206,331
1118110,-51,4209,341
1118111,-64,4206,355
1118112,-70,4198,361
1118113,-77,4185,370
1118114,-79,4170,363
1118115,-70,4169,356
1118116,-56,4174,370
1118117,-33,4144,357
1118118,-7,4080,329
1118119,5,4049,296
1118120,9,4067,238
1118121,-5,4090,168
1118122,-51,4119,87
1118123,-102,4159,-17
1118124,-154,4196,-130
1118125,-227,4234,-208
1118126,-301,4247,-243
1118127,-350,4217,-241
1118128,-372,4193,-218
1118129,-382,4198,-196
1118130,-383,4214,-175
1118131,-370,4243,-161
1118132,-367,4255,-161
1118133,-366,4268,-144
1118134,-364,4276,-87
1118135,-341,4272,-30
1118136,-299,4263,46
1118137,-251,4245,157
1118138,-189,4221,265
1118139,-103,4199,341
1118140,-7,4193,408
1118141,84,4202,487
1118142,175,4204,566
1118143,250,4204,635
1118144,300,4208,694
1118145,336,4210,744
1118146,353,4208,787
1118147,363,4202,812
1118148,384,4184,812
1118149,400,4166,818
1118150,387,4162,837
1118151,356,4158,851
1118152,319,4150,873
1118153,279,4150,877
1118154,243,4145,823
1118155,196,4136,752
1118156,133,4132,718
1118157,76,4123,685
1118158,37,4117,620
1118159,-6,4131,560
1118160,-47,4158,496
1118161,-68,4173,399
1118162,-110,4158,234
1118163,-130,4143,206
1118164,-137,4114,178
1118165,-123,4092,126
1118166,-103,4071,74
1118167,-86,4062,48
1118168,-71,4076,35
1118170,-47,4087,12
1118171,-14,4079,-12
1118172,0,4073,9
1118173,-6,4077,53
1118174,-5,4080,58
1118175,-6,4077,56
1118176,-35,4077,93
1118177,-86,4087,144
1118178,-125,4099,161
1118179,-141,4107,161
1118180,-155,4114,184
1118181,-168,4121,217
1118182,-159,4128,243
1118183,-144,4136,260
1118184,-127,4143,270
1118185,-97,4147,277
1118186,-68,4151,296
1118187,-45,4157,333
1118188,-25,4149,356
1118189,-17,4133,350
1118190,-30,4123,356
1118191,-66,4125,375
1118192,-106,4141,380
1118193,-87,4157,418
1118194,-21,4148,450
1118195,75,4118,457
1118196,161,4091,458
1118197,225,4082,466
1118198,262,4081,480
1118199,277,4074,494
1118200,274,4067,508
1118201,255,4058,510
1118202,234,4053,498
1118203,214,4056,481
1118204,188,4065,468
1118205,163,4079,464
1118206,154,4088,430
1118207,146,4089,385
1118208,122,4091,356
1118209,96,4089,324
1118210,79,4083,290
1118211,51,4087,265
1118212,23,4090,259
1118213,2,4084,270
1118214,-25,4079,282
1118215,-50,4072,276
1118216,-68,4063,249
1118217,-92,4066,235
1118218,-128,4080,270
1118219,-147,4095,297
1118220,-141,4104,292
1118221,-130,4117,309
1118222,-123,4130,331
1118223,-104,4128,313
1118224,-71,4130,286
1118225,-47,4149,294
1118226,-27,4160,281
1118227,1,4159,244
1118228,7,4163,263
1118229,-16,4169,305
1118230,4,4149,277
1118231,-1,4147,306
1118232,-18,4159,348
1118233,-10,4165,360
1118234,13,4160,353
1118235,35,4153,347
1118236,46,4149,355
1118237,42,4146,379
1118238,35,4146,397
1118239,34,4149,379
1118240,50,4150,354
1118241,61,4157,374
1118242,48,4162,404
1118243,42,4162,402
1118244,50,4169,390
1118245,52,4177,394
1118246,55,4177,394
1118247,64,4173,391
1118248,60,4172,392
1118249,40,4179,381
1118250,30,4189,353
1118251,33,4195,343
1118252,28,4202,365
1118253,27,4207,371
1118254,32,4209,352
1118255,21,4218,341
1118256,7,4220,344
1118257,5,4214,350
1118258,1,4208,347
1118259,-6,4197,353
1118260,-16,4202,373
1118261,-22,4215,391
1118262,-7,4201,387
1118263,14,4178,373
1118264,17,4176,388
1118265,11,4181,402
1118266,16,4175,386
1118267,26,4167,386
1118268,29,4166,395
1118269,51,4156,341
1118270,47,4156,343
1118271,27,4163,349
1118272,24,4168,331
1118273,18,4174,316
1118274,0,4185,315
1118275,-3,4183,297
1118276,-5,4174,289
1118277,-23,4175,324
1118278,-39,4174,336
1118279,-32,4167,298
1118280,-23,4164,265
1118281,-32,4170,249
1118282,-41,4174,239
1118283,-56,4170,236
1118284,-65,4161,252
1118285,-63,4152,287
1118286,-70,4150,314
1118287,-80,4137,299
1118288,-77,4116,266
1118289,-80,4109,280
1118290,-94,4111,316
1118291,-85,4107,316
1118292,-71,4098,310
1118293,-67,4097,324
1118294,-58,4091,336
1118295,-51,4086,350
1118296,-57,4089,364
1118297,-52,4085,347
1118298,-29,4087,322
1118299,-20,4095,325
1118300,-31,4093,332
1118301,-32,4088,315
1118302,-25,4092,298
1118303,-32,4096,287
1118304,-40,4094,274
1118305,-47,4091,266
1118306,-58,4078,250
1118307,-55,4078,250
1118308,-55,4082,267
1118309,-57,4084,300
1118310,-63,4082,334
1118311,-61,4076,328
1118312,-46,4070,298
1118313,-39,4073,300
1118314,-37,4076,318
1118315,-23,4082,321
1118316,-18,4095,323
1118317,-18,4100,345
1118318,-3,4094,355
1118319,9,4092,346
1118320,14,4098,341
1118321,16,4101,333
1118322,16,4102,321
1118323,21,4103,312
1118324,24,4109,313
1118325,18,4119,321
1118326,16,4126,324
1118327,16,4133,329
1118328,13,4138,348
1118329,12,4132,350
1118330,16,4119,330
1118331,16,4112,329
1118332,1,4110,369
1118333,-19,4107,412
1118334,-25,4103,419
1118335,-3,4101,381
1118336,27,4101,333
1118337,37,4107,303
1118338,30,4113,280
1118339,21,4114,275
1118340,6,4116,307
1118341,-13,4117,337
1118342,-22,4111,331
1118343,-20,4105,291
1118344,-23,4100,284
1118345,-34,4105,289
1118346,-42,4121,313
1118347,-34,4131,346
1118348,-18,4131,373
1118349,-3,4130,373
1118350,21,4142,341
1118351,54,4156,304
1118352,69,4161,298
1118353,67,4166,315
1118354,62,4172,322
1118355,59,4173,343
1118356,55,4175,386
1118357,47,4170,426
1118358,39,4166,450
1118359,31,4176,456
1118360,34,4176,447
1118361,45,4177,444
1118362,45,4190,454
1118363,48,4196,453
1118364,64,4194,438
1118365,70,4197,434
1118366,62,4198,451
1118367,58,4193,462
1118368,52,4190,462
1118369,42,4188,478
1118370,38,4174,482
1118371,39,4164,470
1118372,32,4173,471
1118373,28,4173,454
1118374,47,4165,416
1118375,54,4164,406
1118376,40,4173,415
1118377,36,4176,412
1118378,38,4171,397
1118379,36,4171,373
1118380,37,4169,341
1118381,37,4173,326
1118382,31,4177,325
1118383,24,4189,330
1118384,30,4192,318
1118385,39,4189,306
1118386,32,4185,317
1118387,23,4188,344
1118388,23,4190,370
1118389,33,4177,376
1118390,40,4161,390
1118391,30,4158,419
1118392,25,4156,426
1118393,45,4153,408
1118394,65,4154,394
1118395,64,4163,397
1118396,56,4169,398
1118397,56,4159,399
1118398,50,4150,432
1118399,35,4148,468
1118400,29,4145,462
1118401,47,4141,428
1118402,69,4145,409
1118403,71,4150,416
1118404,67,4159,428
1118405,56,4170,450
1118406,42,4179,461
1118407,43,4184,441
1118408,46,4185,423
1118409,35,4187,428
1118410,22,4191,410
1118411,21,4187,390
1118412,17,4177,415
1118413,5,4167,437
1118414,1,4163,433
1118415,8,4164,426
1118416,10,4158,427
1118417,-2,4152,442
1118418,-10,4146,459
1118419,-3,4140,465
1118420,-3,4140,468
1118421,-7,4138,445
1118422,18,4130,385
1118423,31,4136,385
1118424,46,4137,376
1118425,59,4134,377
1118426,64,4135,389
1118427,60,4134,387
1118428,65,4127,369
1118429,80,4127,343
1118430,80,4131,322
1118431,61,4130,329
1118432,49,4124,355
1118433,49,4115,374
1118434,46,4108,394
1118435,31,4109,409
1118436,15,4117,402
1118437,7,4114,388
1118438,-7,4108,403
1118439,-32,4110,430
1118440,-47,4111,431
1118441,-49,4117,407
1118442,-43,4125,363
1118443,-32,4124,318
1118444,-24,4124,299
1118445,-34,4129,308
1118446,-41,4127,308
1118447,-26,4124,297
1118448,-11,4124,286
1118449,-6,4119,269
1118450,-7,4123,271
1118451,-11,4130,294
1118452,-20,4130,324
1118453,-30,4134,362
1118454,-30,4141,376
1118455,-13,4147,353
1118456,3,4156,327
1118457,2,4169,323
1118458,3,4174,327
1118459,17,4174,329
1118460,23,4172,347
1118461,20,4168,360
1118462,30,4168,377
1118463,24,4172,385
1118464,26,4178,382
1118465,23,4177,397
1118466,14,4171,419
1118467,18,4166,430
1118468,29,4170,443
1118469,42,4181,444
1118470,58,4180,427
1118471,59,4173,432
1118472,40,4181,454
1118473,41,4190,457
1118474,58,4183,444
1118475,60,4181,433
1118476,51,4197,421
1118477,48,4211,408
1118478,49,4211,409
1118479,47,4203,410
1118480,47,4197,397
1118481,51,4188,386
1118482,50,4182,402
1118483,44,4181,420
1118484,44,4177,415
1118485,41,4173,415
1118486,27,4179,419
1118487,17,4181,408
1118488,18,4173,393
1118489,12,4177,394
1118490,7,4184,387
1118491,14,4186,372
1118492,14,4186,361
1118493,-5,4188,338
1118494,-22,4190,309
1118495,-27,4190,293
1118496,-37,4194,292
1118497,-44,4196,298
1118498,-44,4197,308
1118499,-53,4201,317
1118500,-52,4196,323
1118501,-47,4190,321
1118502,-76,4193,328
1118503,-79,4189,329
1118504,-74,4188,338
1118505,-72,4184,364
1118506,-72,4181,398
1118507,-84,4185,420
1118508,-97,4191,432
1118509,-94,4188,414
1118510,-79,4176,368
1118511,-64,4171,343
1118512,-53,4175,342
1118513,-41,4175,330
1118514,-26,4167,316
1118515,-8,4165,315
1118516,7,4163,318
1118517,9,4154,309
1118518,-2,4142,297
1118519,-6,4128,295
1118520,-6,4114,289
1118521,-13,4112,302
1118522,-27,4113,320
1118523,-39,4102,303
1118524,-37,4091,285
1118525,-31,4087,286
1118526,-26,4082,291
1118527,-19,4083,295
1118528,-19,4085,291
1118529,-19,4078,283
1118530,-19,4073,280
1118531,-20,4073,272
1118532,-14,4069,253
1118533,-14,4064,244
1118534,-18,4056,258
1118535,-21,4047,275
1118536,-23,4043,269
1118537,-19,4048,248
1118538,-8,4055,249
1118539,-7,4058,276
1118540,-26,4063,307
1118541,-28,4064,318
1118542,-14,4067,345
1118543,-12,4069,372
1118544,-14,4072,383
1118545,-18,4079,383
1118546,-17,4082,377
1118547,-15,4087,388
1118548,-21,4101,415
1118549,-29,4114,421
1118550,-32,4115,409
1118551,-34,4115,402
1118552,-40,4121,399
1118553,-45,4124,399
1118554,-45,4121,407
1118555,-34,4109,417
1118556,-5,4094,427
1118557,12,4088,457
1118558,15,4088,478
1118559,28,4090,464
1118560,48,4092,427
1118561,69,4087,394
1118562,79,4087,394
1118563,76,4093,411
1118564,74,4098,397
1118565,82,4098,363
1118566,84,4096,362
1118567,61,4094,381
1118568,46,4079,390
1118569,54,4074,401
1118570,50,4087,415
1118571,38,4091,408
1118572,41,4087,381
1118573,39,4083,358
1118574,25,4084,357
1118575,15,4085,378
1118576,0,4090,433
1118577,-24,4093,502
1118578,-36,4097,539
1118579,-34,4103,524
1118580,-15,4099,458
1118581,6,4114,391
1118582,-10,4129,405
1118583,-7,4126,415
1118584,-6,4118,430
1118585,-7,4111,425
1118586,5,4112,403
1118587,7,4120,400
1118588,-5,4118,401
1118589,-7,4109,389
1118590,-6,4105,385
1118591,-12,4111,390
1118592,-16,4115,379
1118593,-11,4111,376
1118594,-7,4106,380
1118595,-2,4095,351
1118596,7,4084,332
1118597,0,4085,351
1118598,-20,4088,372
1118599,-28,4079,374
1118600,-34,4074,375
1118601,-55,4077,380
1118602,-60,4082,377
1118603,-52,4089,387
1118604,-50,4097,397
1118605,-34,4103,347
1118606,-8,4105,274
1118607,-4,4100,251
1118608,-15,4105,260
1118609,-21,4123,257
1118610,-24,4131,235
1118611,-32,4129,224
1118612,-36,4128,244
1118613,-37,4130,269
1118614,-40,4123,292
1118615,-43,4116,323
1118616,-42,4123,357
1118617,-36,4128,370
1118618,-36,4121,371
1118619,-33,4115,373
1118620,-12,4109,362
1118621,10,4097,354
1118622,18,4085,351
1118623,18,4076,351
1118624,19,4072,329
1118625,13,4085,319
1118626,0,4098,328
1118627,-11,4098,334
1118628,-21,4092,329
1118629,-31,4086,324
1118630,-36,4082,309
1118631,-40,4081,271
1118632,-51,4087,242
1118633,-75,4094,233
1118634,-100,4097,227
1118635,-114,4101,215
1118636,-119,4101,201
1118637,-127,4098,190
1118638,-126,4102,191
1118639,-120,4112,202
1118640,-119,4121,200
1118641,-119,4128,187
1118642,-116,4134,182
1118643,-113,4136,187
1118644,-109,4146,186
1118645,-99,4148,176
1118646,-86,4143,173
1118647,-80,4146,188
1118648,-81,4155,211
1118649,-81,4160,219
1118650,-68,4159,218
1118651,-49,4149,233
1118652,-42,4143,274
1118653,-47,4147,319
1118654,-50,4147,339
1118655,-48,4150,336
1118656,-42,4158,342
1118657,-41,4168,355
1118658,-41,4175,360
1118659,-37,4185,359
1118660,-34,4202,367
1118661,-44,4202,371
1118662,-52,4204,386
1118663,-54,4211,390
1118664,-43,4213,382
1118665,-30,4216,377
1118666,-33,4219,371
1118667,-37,4217,368
1118668,-37,4212,375
1118669,-39,4205,379
1118670,-32,4195,375
1118671,-24,4183,370
1118672,-20,4182,363
1118673,-27,4188,351
1118674,-28,4184,323
1118675,-16,4172,306
1118676,-17,4165,317
1118677,-23,4168,324
1118678,-22,4175,330
1118679,-26,4180,338
1118680,-36,4187,333
1118681,-31,4183,307
1118682,-19,4176,296
1118683,-23,4185,328
1118684,-36,4193,369
1118685,-43,4199,383
1118686,-35,4211,373
1118687,-23,4221,348
1118688,-13,4221,327
1118689,-8,4214,346
1118690,-7,4209,374
1118691,-3,4211,382
1118692,-2,4218,384
1118693,-23,4224,399
1118694,-46,4216,424
1118695,-51,4199,450
1118696,-45,4191,463
1118697,-36,4189,471
1118698,-37,4182,490
1118699,-43,4176,516
1118700,-56,4164,540
1118701,-47,4153,529
1118702,-38,4148,503
1118703,-28,4152,476
1118704,-27,4156,467
1118705,-35,4156,444
1118706,-30,4151,407
1118707,-38,4147,394
1118708,-53,4153,394
1118709,-45,4157,397
1118710,-39,4161,425
1118711,-46,4168,452
1118712,-39,4171,420
1118713,-18,4175,357
1118714,-12,4189,336
1118715,-14,4199,346
1118716,-1,4194,329
1118717,25,4189,307
1118718,38,4191,322
1118719,34,4194,334
1118720,32,4188,328
1118721,27,4180,344
1118722,15,4179,380
1118723,10,4175,415
1118724,6,4173,439
1118725,3,4174,444
1118726,23,4172,435
1118727,43,4176,423
1118728,47,4179,420
1118729,53,4174,427
1118730,46,4175,447
1118731,35,4175,442
1118732,59,4163,392
1118733,75,4162,379
1118734,43,4165,421
1118735,14,4149,437
1118736,13,4137,432
1118737,5,4137,446
1118738,-5,4132,448
1118739,2,4132,436
1118740,13,4154,425
1118741,27,4156,392
1118742,28,4158,379
1118743,20,4162,375
1118744,28,4164,368
1118745,41,4162,378
1118746,51,4156,380
1118747,54,4149,383
1118748,42,4140,410
1118749,27,4139,430
1118750,27,4143,429
1118751,31,4144,436
1118752,26,4153,453
1118753,39,4158,456
1118754,56,4160,478
1118755,59,4163,532
1118756,61,4161,567
1118757,68,4161,570
1118758,77,4157,555
1118759,89,4155,543
1118760,104,4151,523
1118761,114,4142,504
1118762,110,4147,503
1118763,94,4163,505
1118764,87,4173,484
1118765,82,4173,458
1118766,62,4166,460
1118767,45,4153,447
1118768,39,4145,426
1118769,20,4147,442
1118770,-14,4149,455
1118771,-31,4139,438
1118772,-31,4132,422
1118773,-33,4138,410
1118774,-38,4141,391
1118775,-30,4141,386
1118776,-26,4144,413
1118777,-30,4142,423
1118778,-22,4141,396
1118779,-7,4146,369
1118780,5,4157,372
1118781,18,4164,369
1118782,24,4166,389
1118783,18,4168,405
1118784,13,4168,397
1118785,16,4168,392
1118786,16,4174,397
1118787,20,4179,403
1118788,34,4183,413
1118789,40,4189,430
1118790,47,4190,436
1118791,53,4184,434
1118792,41,4175,458
1118793,26,4171,494
1118794,14,4179,508
1118795,3,4193,488
1118796,4,4204,446
1118797,7,4209,408
1118798,7,4202,375
1118799,7,4198,362
1118800,-4,4200,366
1118801,-22,4197,381
1118802,-39,4190,400
1118803,-48,4175,397
1118804,-49,4160,393
1118805,-63,4153,410
1118806,-83,4150,415
1118807,-80,4146,384
1118808,-64,4142,355
1118809,-68,4143,344
1118810,-58,4134,297
1118811,-17,4115,226
1118812,1,4115,198
1118813,-13,4124,196
1118814,-15,4119,179
1118815,-11,4110,181
1118816,-32,4103,213
1118817,-54,4105,217
1118818,-61,4100,195
1118819,-74,4093,205
1118820,-73,4092,229
1118821,-66,4094,224
1118822,-64,4090,246
1118823,-63,4093,287
1118824,-53,4094,283
1118825,-31,4088,256
1118826,-15,4085,259
1118827,-22,4091,286
1118828,-35,4094,305
1118829,-36,4090,317
1118830,-42,4082,346
1118831,-54,4076,365
1118832,-51,4078,348
1118833,-41,4081,327
1118834,-44,4089,320
1118835,-54,4095,328
1118836,-63,4096,331
1118837,-60,4097,313
1118838,-54,4100,297
1118839,-55,4109,303
1118840,-57,4110,307
1118841,-55,4105,299
1118842,-63,4110,296
1118843,-69,4119,297
1118844,-67,4126,296
1118845,-71,4128,305
1118846,-79,4140,333
1118847,-89,4153,347
1118848,-90,4147,335
1118849,-81,4134,326
1118850,-81,4131,335
1118851,-95,4136,355
1118852,-111,4136,367
1118853,-106,4130,363
1118854,-96,4126,357
1118855,-91,4126,362
1118856,-92,4130,369
1118857,-88,4133,356
1118858,-75,4136,348
1118859,-73,4137,360
1118860,-70,4126,346
1118861,-75,4125,343
1118862,-87,4121,339
1118863,-88,4115,338
1118864,-85,4118,356
1118865,-91,4115,370
1118866,-91,4115,367
1118867,-80,4124,346
1118868,-71,4129,324
1118869,-63,4123,309
1118870,-49,4113,294
1118871,-36,4103,293
1118872,-28,4099,309
1118873,-21,4110,323
1118874,-18,4120,325
1118875,-17,4125,333
1118876,-20,4133,362
1118877,-22,4137,388
1118878,-11,4134,403
1118879,1,4126,420
1118880,9,4126,448
1118881,8,4132,473
1118882,12,4135,473
1118883,34,4135,473
1118884,45,4138,486
1118885,42,4138,493
1118886,49,4135,485
1118887,64,4135,483
1118888,78,4130,480
1118889,102,4119,456
1118890,122,4113,449
1118891,112,4113,468
1118892,98,4107,464
1118893,101,4105,448
1118894,99,4111,468
1118895,86,4116,489
1118896,94,4106,455
1118897,110,4094,411
1118898,110,4098,412
1118899,103,4123,413
1118900,93,4122,404
1118901,83,4113,414
1118902,72,4103,425
1118903,49,4100,434
1118904,35,4095,443
1118905,27,4098,443
1118906,23,4111,421
1118907,22,4116,385
1118908,15,4116,356
1118909,16,4114,344
1118910,22,4110,348
1118911,23,4111,369
1118912,23,4106,389
1118913,22,4094,386
1118914,23,4090,381
1118915,26,4095,378
1118916,29,4097,367
1118917,29,4098,367
1118918,26,4098,378
1118919,17,4095,387
1118920,3,4094,387
1118921,-8,4089,378
1118922,-10,4080,354
1118923,-8,4083,333
1118924,-17,4099,322
1118925,-37,4114,317
1118926,-51,4118,324
1118927,-53,4116,329
1118928,-52,4113,321
1118929,-54,4117,325
1118930,-63,4132,350
1118931,-59,4142,351
1118932,-50,4145,331
1118933,-52,4151,347
1118934,-60,4165,379
1118935,-60,4177,400
1118936,-51,4183,416
1118937,-37,4184,433
1118938,-18,4189,439
1118939,-16,4189,456
1118940,-22,4186,484
1118941,-14,4185,501
1118942,-12,4184,517
1118943,-22,4190,533
1118944,-14,4197,537
1118945,11,4197,536
1118946,23,4193,534
1118947,29,4190,538
1118948,42,4189,534
1118949,56,4187,525
1118950,61,4186,536
1118951,57,4188,543
1118952,66,4187,526
1118953,80,4192,515
1118954,78,4194,511
1118955,64,4197,501
1118956,54,4197,473
1118957,61,4177,419
1118958,65,4167,398
1118959,43,4165,408
1118960,21,4157,407
1118961,18,4156,393
1118962,28,4147,368
1118963,42,4132,358
1118964,32,4131,368
1118965,3,4128,372
1118966,-4,4114,368
1118967,3,4104,374
1118968,1,4099,391
1118969,0,4088,393
1118970,4,4073,400
1118971,2,4063,417
1118972,3,4055,411
1118973,8,4051,404
1118974,10,4058,421
1118975,13,4066,435
1118976,19,4067,431
1118977,25,4071,426
1118978,34,4078,413
1118979,55,4085,392
1118980,48,4088,387
1118981,52,4084,369
1118982,68,4076,358
1118983,70,4078,354
1118984,65,4077,334
1118985,64,4073,308
1118986,64,4075,310
1118987,59,4076,310
1118988,51,4067,281
1118989,44,4061,266
1118990,22,4060,275
1118991,-3,4056,285
1118992,-14,4055,298
1118993,-27,4059,320
1118994,-38,4065,337
1118995,-49,4073,353
1118996,-66,4076,374
1118997,-74,4071,379
1118998,-63,4068,354
1118999,-37,4066,340
1119000,-21,4071,360
1119001,-23,4084,384
1119002,-18,4095,405
1119003,-15,4100,420
1119004,-16,4101,417
1119005,-3,4107,404
1119006,5,4113,399
1119007,7,4111,403
1119008,19,4108,412
1119009,29,4108,433
1119010,28,4109,446
1119011,36,4110,437
1119012,44,4119,427
1119013,41,4119,420
1119014,31,4107,419
1119015,13,4106,440
1119016,1,4114,465
1119017,-6,4116,456
1119018,-41,4117,454
1119019,-63,4131,472
1119020,-73,4147,482
1119021,-84,4157,481
1119022,-87,4164,468
1119023,-80,4181,452
1119024,-73,4196,446
1119025,-62,4201,440
1119026,-37,4205,435
1119027,-26,4215,449
1119028,-23,4231,466
1119029,-16,4234,473
1119030,-6,4231,485
1119031,11,4233,502
1119032,22,4228,501
1119033,29,4217,488
1119034,35,4211,483
1119035,43,4209,492
1119036,60,4210,503
1119037,72,4206,515
1119038,61,4200,537
1119039,39,4190,554
1119040,28,4172,563
1119041,28,4163,574
1119042,19,4155,576
1119043,12,4141,557
1119044,16,4131,540
1119045,24,4122,530
1119046,19,4115,514
1119047,8,4107,496
1119048,9,4103,481
1119049,4,4115,470
1119050,-4,4117,440
1119051,1,4110,408
1119052,-6,4117,404
1119053,-20,4115,401
1119054,-17,4112,385
1119055,-11,4120,369
1119056,-5,4118,351
1119057,9,4109,339
1119058,-8,4130,355
1119059,-4,4125,350
1119060,-7,4124,356
1119061,-24,4121,370
1119062,-33,4119,371
1119063,-34,4121,382
1119064,-33,4119,388
1119065,-25,4112,367
1119066,-17,4111,359
1119067,-9,4116,373
1119068,8,4122,379
1119069,24,4123,373
1119070,34,4115,371
1119071,40,4109,373
1119072,34,4108,365
1119073,24,4102,360
1119074,18,4090,362
1119075,0,4087,378
1119076,-19,4092,392
1119077,-17,4092,364
1119078,-8,4089,336
1119079,-9,4084,352
1119080,-20,4076,378
1119081,-29,4069,375
1119082,-31,4068,352
1119083,-29,4071,341
1119084,-26,4078,332
1119085,-22,4085,324
1119086,-16,4084,329
1119087,-16,4083,343
1119088,-18,4096,356
1119089,-4,4112,367
1119090,18,4124,364
1119091,31,4132,369
1119092,26,4139,407
1119093,19,4143,444
1119094,21,4143,453
1119095,26,4145,441
1119096,29,4147,436
1119097,26,4143,442
1119098,34,4130,463
1119099,39,4120,500
1119100,39,4116,543
1119101,36,4113,558
1119102,50,4101,546
1119103,52,4092,537
1119104,46,4086,527
1119105,62,4075,512
1119106,74,4071,512
1119107,62,4071,525
1119108,62,4068,513
1119109,78,4067,472
1119110,81,4070,449
1119111,83,4075,431
1119112,86,4071,408
1119113,70,4072,424
1119114,46,4086,449
1119115,40,4098,433
1119116,39,4102,422
1119117,21,4101,451
1119118,13,4103,457
1119119,23,4106,415
1119120,31,4112,388
1119121,25,4128,397
1119122,9,4140,405
1119123,4,4138,421
1119124,8,4140,449
1119125,13,4150,480
1119126,11,4164,509
1119127,9,4169,497
1119128,20,4165,475
1119129,18,4168,492
1119130,1,4170,530
1119131,3,4166,563
1119132,16,4164,584
1119133,15,4174,593
1119134,23,4182,576
1119135,48,4181,541
1119136,62,4183,519
1119137,84,4195,540
1119138,75,4199,539
1119139,69,4194,538
1119140,63,4195,548
1119141,52,4196,543
1119142,52,4193,517
1119143,52,4197,500
1119144,39,4210,506
1119145,32,4218,502
1119146,32,4220,488
1119147,14,4226,492
1119148,-4,4230,488
1119149,-7,4237,478
1119150,-25,4250,499
1119151,-50,4253,512
1119152,-57,4244,493
1119153,-50,4241,474
1119154,-40,4250,460
1119155,-13,4258,421
1119156,16,4255,364
1119157,26,4243,352
1119158,14,4233,383
1119159,-3,4220,391
1119160,1,4208,378
1119161,7,4206,388
1119162,-5,4201,413
1119163,-8,4189,418
1119164,4,4173,415
1119165,3,4158,433
1119166,-6,4149,464
1119167,-1,4140,489
1119168,1,4133,525
1119169,-15,4134,562
1119170,-22,4124,556
1119171,0,4112,522
1119172,20,4116,498
1119173,15,4125,489
1119174,19,4133,478
1119175,38,4134,451
1119176,49,4132,427
1119177,41,4154,445
1119178,43,4151,455
1119179,36,4149,484
1119180,13,4151,497
1119181,2,4151,490
1119182,-20,4160,495
1119183,-53,4169,502
1119184,-50,4174,487
1119185,-32,4179,478
1119186,-18,4191,475
1119187,7,4192,429
1119188,31,4188,388
1119189,30,4190,386
1119190,32,4182,367
1119191,52,4164,327
1119192,52,4154,329
1119193,25,4154,378
1119194,12,4140,409
1119195,19,4120,424
1119196,8,4118,457
1119197,-8,4116,477
1119198,-3,4107,479
1119199,8,4099,489
1119200,17,4095,495
1119201,23,4092,477
1119202,33,4101,456
1119203,35,4109,444
1119204,33,4110,429
1119205,39,4109,420
1119206,44,4105,406
1119207,34,4110,370
1119208,20,4110,339
1119209,2,4104,340
1119210,-10,4103,337
1119211,-5,4109,315
1119212,1,4121,298
1119213,-5,4125,297
1119214,-7,4129,303
1119215,1,4142,306
1119216,1,4150,318
1119217,-2,4145,344
1119218,0,4139,339
1119219,-13,4137,347
1119220,-24,4142,344
1119221,-14,4147,328
1119222,-7,4152,316
1119223,-12,4152,312
1119224,-13,4140,307
1119225,-22,4130,311
1119226,-47,4127,331
1119227,-79,4124,335
1119228,-109,4126,328
1119229,-108,4132,327
1119230,-84,4138,347
1119231,-64,4132,373
1119232,-37,4116,375
1119233,-5,4113,397
1119234,15,4114,439
1119235,42,4104,456
1119236,82,4095,449
1119237,117,4093,443
1119238,144,4096,439
1119239,165,4102,424
1119240,173,4110,409
1119241,167,4112,398
1119242,157,4123,396
1119243,153,4138,398
1119244,155,4141,394
1119245,146,4147,397
1119246,129,4158,408
1119247,106,4160,425
1119248,71,4162,456
1119249,39,4167,491
1119250,25,4172,525
1119251,9,4173,558
1119252,-8,4178,576
1119253,-13,4181,576
1119254,-18,4178,561
1119255,-9,4176,546
1119256,12,4184,530
1119257,-1,4184,536
1119258,-11,4176,535
1119259,-20,4166,519
1119260,-17,4155,498
1119261,-2,4143,489
1119262,-2,4141,498
1119263,-11,4150,512
1119264,-5,4150,494
1119265,15,4141,460
1119266,38,4133,448
1119267,52,4129,439
1119268,56,4126,419
1119269,58,4130,399
1119270,42,4138,393
1119271,18,4140,384
1119272,3,4140,364
1119273,-15,4138,362
1119274,-40,4133,389
1119275,-66,4139,414
1119276,-88,4145,421
1119277,-101,4144,426
1119278,-101,4139,409
1119279,-94,4130,379
1119280,-85,4127,363
1119281,-69,4138,351
1119282,-51,4151,342
1119283,-36,4154,341
1119284,-25,4153,344
1119285,-19,4149,353
1119286,-5,4148,362
1119287,21,4155,360
1119288,44,4159,368
1119289,54,4159,398
1119290,60,4161,433
1119291,74,4156,466
1119292,95,4157,500
1119293,111,4167,536
1119294,122,4166,548
1119295,147,4155,568
1119296,149,4161,602
1119297,149,4160,615
1119298,147,4151,604
1119299,140,4145,590
1119300,131,4140,584
1119301,113,4136,577
1119302,87,4135,559
1119303,69,4137,534
1119304,64,4139,505
1119305,58,4134,488
1119306,51,4124,480
1119307,52,4113,464
1119308,46,4110,434
1119309,34,4107,399
1119310,39,4098,378
1119311,34,4092,388
1119312,20,4096,399
1119313,31,4100,389
1119314,43,4101,397
1119315,39,4105,424
1119316,36,4109,422
1119317,47,4101,399
1119318,54,4091,397
1119319,52,4095,389
1119320,53,4101,361
1119321,66,4098,333
1119322,72,4099,332
1119323,59,4101,345
1119324,50,4094,342
1119325,52,4096,343
1119326,47,4104,349
1119327,44,4102,351
1119328,44,4096,363
1119329,32,4096,382
1119330,22,4101,406
1119331,20,4099,427
1119332,14,4094,445
1119333,5,4089,455
1119334,40,4071,447
1119335,53,4071,441
1119336,47,4078,433
1119337,38,4077,433
1119338,37,4064,437
1119339,34,4062,446
1119340,30,4070,466
1119341,33,4077,478
1119342,37,4090,478
1119343,46,4095,478
1119344,66,4092,476
1119345,83,4103,485
1119346,95,4114,493
1119347,115,4117,490
1119348,134,4124,504
1119349,143,4134,522
1119350,151,4137,515
1119351,160,4130,510
1119352,165,4125,528
1119353,171,4105,552
1119354,166,4089,572
1119355,135,4108,569
1119356,111,4126,536
1119357,102,4126,511
1119358,89,4109,493
1119359,78,4085,482
1119360,60,4073,488
1119361,33,4065,479
1119362,12,4056,447
1119363,-10,4062,413
1119364,-32,4075,394
1119365,-39,4073,380
1119366,-36,4068,365
1119367,-42,4076,392
1119368,-46,4090,442
1119369,-29,4098,456
1119370,8,4101,455
1119371,41,4106,482
1119372,60,4122,526
1119373,134,4114,566
1119374,139,4103,594
1119375,129,4095,601
1119376,127,4070,585
1119377,112,4042,589
1119378,86,4019,613
1119379,72,3990,617
1119380,70,3960,606
1119381,61,3947,619
1119382,42,3954,617
1119383,36,3968,567
1119384,47,3989,527
1119385,36,4017,526
1119386,11,4042,527
1119387,0,4061,512
1119388,-11,4076,511
1119389,-19,4085,522
1119390,-15,4096,529
1119391,-21,4114,534
1119392,-29,4131,526
1119393,-24,4138,499
1119394,-15,4147,481
1119395,-16,4170,479
1119396,-14,4182,460
1119397,9,4176,425
1119398,20,4176,408
1119399,16,4177,414
1119400,21,4167,421
1119401,25,4146,426
1119402,18,4121,432
1119403,6,4106,442
1119404,-12,4094,457
1119405,-40,4088,463
1119406,-65,4086,456
1119407,-78,4081,439
1119408,-100,4084,417
1119409,-124,4096,389
1119410,-124,4121,364
1119411,-110,4154,366
1119412,-99,4182,374
1119413,-67,4212,350
1119414,-52,4229,376
1119415,-46,4244,393
1119416,-44,4246,375
1119417,-35,4244,358
1119418,-25,4257,379
1119419,-24,4269,410
1119420,-18,4268,439
1119421,-10,4262,462
1119422,5,4256,479
1119423,19,4257,495
1119424,16,4263,511
1119425,13,4260,519
1119426,13,4245,527
1119427,3,4225,544
1119428,2,4207,566
1119429,15,4199,577
1119430,15,4193,582
1119431,11,4181,589
1119432,12,4171,584
1119433,12,4171,582
1119434,6,4173,573
1119435,5,4177,530
1119436,14,4174,486
1119437,9,4169,483
1119438,-12,4177,493
1119439,-19,4186,476
1119440,-5,4197,447
1119441,2,4212,429
1119442,-5,4215,424
1119443,-11,4208,425
1119444,-16,4202,428
1119445,-13,4198,418
1119446,-12,4196,402
1119447,-21,4193,395
1119448,-22,4199,385
1119449,-12,4204,378
1119450,-9,4197,397
1119451,-6,4187,438
1119452,2,4175,476
1119453,-3,4165,504
1119454,10,4159,511
1119455,18,4156,547
1119456,23,4153,566
1119457,52,4144,558
1119458,80,4135,552
1119459,84,4130,552
1119460,91,4127,541
1119461,108,4125,527
1119462,113,4125,523
1119463,118,4125,528
1119464,126,4124,539
1119465,118,4128,547
1119466,112,4128,534
1119467,116,4124,514
1119468,113,4112,513
1119469,105,4088,517
1119470,91,4065,520
1119471,75,4054,532
1119472,62,4047,541
1119473,50,4034,534
1119474,26,4034,530
1119475,-4,4048,527
1119476,-17,4058,505
1119477,-23,4066,485
1119478,-31,4073,476
1119479,-33,4079,466
1119480,-34,4083,455
1119481,-48,4079,431
1119482,-56,4069,388
1119483,-54,4067,359
1119484,-65,4074,353
1119485,-71,4071,339
1119486,-62,4067,315
1119487,-56,4072,295
1119488,-47,4085,292
1119489,-36,4096,313
1119490,-30,4102,341
1119491,-26,4107,355
1119492,-16,4109,363
1119493,-10,4112,423
1119494,0,4111,431
1119495,17,4117,426
1119496,23,4126,431
1119497,26,4130,448
1119498,38,4125,464
1119499,51,4125,478
1119500,48,4130,495
1119501,45,4115,500
1119502,47,4092,504
1119503,46,4084,532
1119504,41,4086,559
1119505,35,4090,556
1119506,27,4095,528
1119507,16,4105,497
1119508,9,4127,490
1119509,0,4140,497
1119510,-5,4139,479
1119511,6,4142,453
1119512,8,4150,451
1119513,-2,4158,444
1119514,-4,4159,414
1119515,-11,4159,394
1119516,-24,4157,392
1119517,-22,4149,402
1119518,-22,4149,434
1119519,-30,4156,460
1119520,-23,4153,451
1119521,-10,4144,437
1119522,-7,4136,449
1119523,-3,4128,460
1119524,9,4122,448
1119525,10,4126,417
1119526,12,4124,382
1119527,25,4124,365
1119528,12,4132,377
1119529,-12,4134,384
1119530,-17,4130,396
1119531,-40,4125,433
1119532,-65,4124,445
1119533,-45,4149,411
1119534,-41,4160,412
1119535,-27,4156,408
1119536,-21,4149,422
1119537,-19,4142,425
1119538,-5,4135,405
1119539,-2,4138,408
1119540,-12,4146,442
1119541,-17,4154,458
1119542,-22,4159,456
1119543,-33,4161,471
1119544,-42,4161,491
1119545,-33,4162,505
1119546,-18,4165,520
1119547,-15,4173,525
1119548,-3,4182,516
1119549,9,4188,500
1119550,9,4186,484
1119551,9,4179,477
1119552,2,4176,483
1119553,-4,4177,492
1119554,-6,4178,493
1119555,-15,4166,502
1119556,-20,4153,525
1119557,-20,4152,536
1119558,-24,4150,528
1119559,-21,4148,514
1119560,-13,4150,502
1119561,-3,4157,476
1119562,12,4161,430
1119563,23,4159,382
1119564,28,4151,360
1119565,28,4154,366
1119566,17,4161,377
1119567,6,4157,380
1119568,2,4154,377
1119569,0,4154,376
1119570,-11,4153,400
1119571,-29,4145,426
1119572,-37,4128,430
1119573,-21,4114,443
1119574,-12,4115,466
1119575,-9,4114,479
1119576,0,4116,497
1119577,4,4114,526
1119578,-2,4111,535
1119579,-4,4116,525
1119580,-4,4120,517
1119581,-7,4124,509
1119582,-3,4129,497
1119583,9,4127,493
1119584,15,4119,499
1119585,16,4117,503
1119586,21,4122,496
1119587,33,4127,485
1119588,43,4129,473
1119589,42,4129,459
1119590,36,4129,454
1119591,36,4124,469
1119592,40,4115,490
1119593,44,4108,497
1119594,47,4097,486
1119595,48,4081,469
1119596,39,4069,470
1119597,22,4062,473
1119598,21,4068,458
1119599,25,4085,458
1119600,8,4092,468
1119601,-4,4080,465
1119602,-1,4061,456
1119603,-5,4052,432
1119604,1,4044,407
1119605,11,4041,399
1119606,2,4048,386
1119607,5,4046,362
1119608,27,4037,356
1119609,25,4042,379
1119610,14,4046,403
1119611,11,4041,414
1119612,5,4045,455
1119613,-4,4050,526
1119614,11,4052,539
1119615,18,4055,574
1119616,27,4048,591
1119617,40,4046,593
1119618,42,4050,594
1119619,38,4054,597
1119620,44,4060,602
1119621,52,4071,618
1119622,57,4077,632
1119623,63,4068,620
1119624,73,4065,613
1119625,77,4073,627
1119626,83,4071,633
1119627,100,4064,629
1119628,107,4061,625
1119629,105,4057,627
1119630,106,4053,634
1119631,102,4048,648
1119632,98,4047,664
1119633,107,4042,658
1119634,115,4029,628
1119635,108,4020,609
1119636,91,4016,602
1119637,80,4005,589
1119638,70,3995,581
1119639,57,3995,568
1119640,50,3995,544
1119641,52,3992,518
1119642,55,3987,497
1119643,60,3981,490
1119644,59,3985,500
1119645,49,3992,526
1119646,52,3993,570
1119647,55,3991,608
1119648,61,3992,627
1119649,83,3993,626
1119650,98,3995,608
1119651,104,4000,613
1119652,113,3995,637
1119653,143,3991,632
1119654,160,3984,628
1119654,171,3990,647
1119655,172,3998,655
1119656,179,3996,635
1119657,181,3998,627
1119658,157,3998,643
1119659,134,3995,657
1119660,123,3998,675
1119661,108,4006,710
1119662,102,4015,731
1119663,103,4027,714
1119664,102,4045,692
1119665,98,4074,693
1119666,79,4100,693
1119667,65,4105,653
1119668,76,4096,596
1119669,84,4102,569
1119670,89,4108,537
1119671,113,4087,458
1119672,120,4062,386
1119673,94,4067,361
1119674,55,4094,355
1119675,13,4119,343
1119676,-27,4137,303
1119677,-56,4145,234
1119678,-78,4159,185
1119679,-115,4180,194
1119680,-153,4187,219
1119681,-168,4186,246
1119682,-180,4204,336
1119683,-191,4224,452
1119684,-165,4225,502
1119685,-109,4217,517
1119686,-51,4211,566
1119687,-7,4218,637
1119688,25,4232,696
1119689,55,4242,750
1119690,100,4243,807
1119691,151,4231,852
1119692,212,4198,915
1119693,231,4184,964
1119694,244,4173,993
1119695,257,4164,979
1119696,267,4159,959
1119697,265,4163,941
1119698,258,4169,905
1119699,247,4168,859
1119700,221,4173,819
1119701,182,4190,762
1119702,151,4193,673
1119703,119,4193,614
1119704,76,4213,588
1119705,35,4219,516
1119706,5,4215,438
1119707,-40,4217,423
1119708,-102,4219,426
1119709,-144,4216,399
1119710,-184,4226,373
1119711,-224,4248,356
1119712,-230,4262,304
1119713,-219,4268,260
1119714,-227,4282,265
1119715,-241,4300,283
1119716,-234,4310,279
1119717,-204,4307,265
1119718,-174,4308,272
1119719,-153,4320,278
1119720,-130,4327,265
1119721,-92,4327,252
1119722,-58,4322,272
1119723,-47,4309,306
1119724,-41,4296,340
1119725,-40,4294,384
1119726,-39,4296,417
1119727,-19,4297,428
1119728,4,4292,466
1119729,-1,4285,539
1119730,-13,4272,598
1119731,-23,4270,732
1119732,-41,4283,764
1119733,-28,4286,730
1119734,-5,4296,710
1119735,-10,4311,708
1119736,-12,4320,671
1119737,-7,4324,633
1119738,-22,4323,605
1119739,-30,4322,547
1119740,-15,4324,467
1119741,-7,4334,420
1119742,-10,4340,404
1119743,-13,4333,397
1119744,-25,4319,401
1119745,-31,4301,397
1119746,-23,4287,384
1119747,-23,4277,390
1119748,-31,4260,405
1119749,-29,4235,397
1119750,-22,4224,390
1119751,-20,4218,397
1119752,-17,4209,383
1119753,-13,4201,350
1119754,-17,4187,324
1119755,-19,4173,322
1119756,-19,4166,347
1119757,-25,4160,394
1119758,-30,4155,457
1119759,-43,4152,507
1119761,-41,4131,490
1119762,-20,4112,447
1119763,-12,4119,446
1119764,-5,4130,442
1119765,21,4130,414
1119766,43,4130,406
1119767,41,4138,407
1119768,47,4141,390
1119769,57,4133,387
1119770,53,4131,396
1119771,47,4130,362
1119772,39,4134,369
1119773,45,4129,408
1119774,50,4120,440
1119775,47,4115,468
1119776,39,4113,512
1119777,23,4109,560
1119778,14,4104,571
1119779,15,4095,560
1119780,15,4091,564
1119781,17,4088,572
1119782,23,4079,581
1119783,18,4082,583
1119784,16,4086,566
1119785,27,4083,524
1119786,43,4082,491
1119787,56,4080,489
1119788,60,4070,487
1119789,58,4057,470
1119790,53,4053,443
1119791,48,4050,422
1119792,37,4041,429
1119793,30,4049,439
1119794,32,4057,433
1119795,38,4047,425
1119796,40,4033,429
1119797,30,4026,431
1119798,22,4027,422
1119799,18,4034,432
1119800,16,4046,457
1119801,20,4053,459
1119802,20,4063,452
1119803,9,4073,467
1119804,4,4073,491
1119805,1,4083,505
1119806,-8,4094,518
1119807,-6,4092,514
1119808,11,4093,492
1119809,30,4101,480
1119810,31,4097,510
1119811,35,4092,532
1119812,42,4089,540
1119813,40,4089,538
1119814,37,4092,530
1119815,43,4091,520
1119816,41,4092,524
1119817,30,4096,536
1119818,22,4089,535
1119819,22,4078,536
1119820,30,4076,543
1119821,34,4082,535
1119822,38,4085,512
1119822,46,4085,499
1119823,46,4099,501
1119824,37,4116,496
1119825,31,4120,490
1119826,23,4126,493
1119827,3,4133,496
1119828,-9,4136,499
1119829,-12,4141,502
1119830,-17,4146,504
1119832,-25,4145,509
1119833,-33,4148,502
1119834,-26,4149,469
1119835,-5,4157,449
1119836,5,4173,439
1119837,23,4179,418
1119838,40,4184,420
1119839,35,4189,446
1119840,31,4180,458
1119841,37,4168,453
1119842,39,4168,460
1119843,38,4175,490
1119844,45,4173,501
1119845,50,4168,497
1119846,42,4167,514
1119847,27,4163,506
1119848,27,4174,512
1119849,8,4188,527
1119850,-12,4189,535
1119851,-11,4184,549
1119852,-11,4186,574
1119853,-17,4193,582
1119854,-11,4198,569
1119855,-9,4190,552
1119856,-25,4186,531
1119857,-22,4188,500
1119858,-8,4190,487
1119859,-21,4201,520
1119860,-46,4206,533
1119861,-44,4191,495
1119862,-28,4183,484
1119863,-40,4186,515
1119864,-52,4178,504
1119865,-47,4172,466
1119866,-59,4179,480
1119867,-79,4193,494
1119868,-74,4195,435
1119869,-43,4181,374
1119870,-27,4171,393
1119871,-28,4162,441
1119872,-26,4155,453
1119873,-31,4161,462
1119874,-44,4179,495
1119875,-51,4182,500
1119876,-43,4177,483
1119877,-42,4179,475
1119878,-47,4178,466
1119879,-39,4167,447
1119880,-30,4153,451
1119881,-32,4146,500
1119882,-37,4144,547
1119883,-33,4138,559
1119884,-27,4129,554
1119885,-22,4125,532
1119886,-16,4124,541
1119887,-8,4117,568
1119888,-10,4114,598
1119889,-12,4113,611
1119890,-1,4103,590
1119891,26,4099,563
1119892,55,4096,539
1119893,76,4095,508
1119894,79,4105,482
1119895,62,4115,461
1119896,48,4111,438
1119897,49,4095,424
1119898,45,4084,437
1119899,31,4078,464
1119900,13,4073,470
1119901,0,4067,481
1119902,-9,4057,500
1119903,-17,4048,508
1119904,-11,4040,511
1119905,2,4033,517
1119906,13,4030,532
1119907,19,4034,541
1119908,23,4037,541
1119909,25,4043,550
1119910,33,4046,565
1119911,51,4045,561
1119912,65,4052,539
1119913,63,4058,523
1119914,65,4061,536
1119915,68,4063,557
1119916,57,4062,557
1119917,49,4059,535
1119918,44,4058,522
1119919,38,4071,535
1119920,45,4083,545
1119921,52,4085,542
1119922,53,4083,539
1119923,59,4084,535
1119924,58,4090,540
1119925,41,4106,565
1119926,40,4114,558
1119927,30,4117,566
1119928,19,4120,579
1119929,19,4118,579
1119930,18,4121,571
1119931,12,4142,579
1119932,9,4151,592
1119933,7,4141,587
1119934,-1,4138,593
1119935,-14,4142,603
1119936,-19,4139,583
1119937,-14,4133,556
1119938,-18,4136,550
1119939,-20,4136,528
1119940,-9,4133,503
1119941,-5,4133,515
1119942,-7,4132,521
1119943,9,4131,529
1119944,20,4134,555
1119945,7,4136,566
1119946,4,4134,540
1119947,14,4137,501
1119948,-2,4142,498
1119949,-22,4133,509
1119950,-23,4128,507
1119951,-28,4141,504
1119952,-33,4152,501
1119953,-29,4154,496
1119954,-28,4157,482
1119955,-35,4157,474
1119956,-41,4152,489
1119957,-37,4153,504
1119958,-30,4158,514
1119959,-18,4160,510
1119960,-1,4160,503
1119961,18,4154,508
1119962,35,4144,525
1119963,47,4137,551
1119964,50,4126,612
1119965,57,4121,612
1119966,70,4117,597
1119967,71,4118,606
1119968,57,4119,616
1119969,54,4115,605
1119970,59,4120,599
1119971,51,4122,604
1119972,37,4113,612
1119973,23,4104,636
1119974,10,4100,639
1119975,4,4093,594
1119976,-2,4089,557
1119977,-15,4092,568
1119978,-24,4092,608
1119979,-30,4097,641
1119980,-43,4097,626
1119981,-31,4087,567
1119982,-8,4090,527
1119983,7,4093,513
1119984,37,4095,510
1119985,54,4100,530
1119986,39,4098,537
1119987,45,4091,503
1119988,71,4091,491
1119989,69,4097,538
1119990,57,4098,574
1119991,53,4091,569
1119992,58,4082,562
1119993,62,4079,557
1119994,61,4076,545
1119995,63,4072,542
1119996,65,4074,554
1119997,54,4072,578
1119998,47,4071,592
1119999,44,4074,590
1120000,30,4074,594
1120001,21,4076,604
1120002,14,4078,605
1120003,-1,4084,580
1120004,0,4082,577
1120005,4,4079,577
1120006,3,4081,577
1120007,-5,4085,583
1120008,1,4083,584
1120009,10,4086,576
1120010,-4,4095,577
1120011,-9,4098,584
1120012,-4,4103,586
1120013,-3,4113,569
1120014,8,4114,521
1120015,25,4116,495
1120016,23,4125,519
1120017,14,4127,534
1120018,17,4124,518
1120019,8,4122,497
1120020,-4,4124,506
1120021,-10,4136,532
1120022,-14,4143,552
1120023,-17,4140,574
1120024,-14,4141,589
1120025,-11,4141,572
1120026,1,4138,546
1120027,15,4142,533
1120028,11,4144,521
1120029,13,4143,510
1120030,21,4142,510
1120031,10,4141,511
1120032,0,4141,502
1120033,6,4138,497
1120034,6,4139,521
1120035,-4,4145,543
1120036,-10,4143,536
1120037,-13,4134,549
1120038,-26,4131,589
1120039,-36,4128,598
1120040,-26,4127,571
1120041,-20,4129,547
1120042,-23,4126,537
1120043,-22,4130,526
1120044,-18,4145,508
1120045,-1,4159,485
1120046,10,4167,463
1120047,10,4178,457
1120048,11,4183,463
1120049,5,4184,482
1120050,-13,4181,508
1120051,-25,4176,515
1120052,-26,4168,510
1120053,-23,4159,530
1120054,-29,4160,579
1120055,-44,4162,606
1120056,-52,4152,589
1120057,-44,4153,564
1120058,-37,4158,555
1120059,-24,4153,535
1120060,-1,4149,517
1120061,16,4146,518
1120062,22,4144,501
1120063,30,4137,473
1120064,39,4126,484
1120065,41,4125,509
1120066,48,4124,519
1120067,43,4121,531
1120068,26,4122,532
1120069,21,4122,527
1120070,13,4121,532
1120071,5,4114,522
1120072,12,4108,506
1120073,13,4111,506
1120074,3,4117,514
1120075,-5,4113,511
1120076,-18,4114,493
1120077,-35,4119,480
1120078,-42,4113,483
1120079,-43,4108,508
1120080,-38,4105,535
1120081,-29,4099,545
1120082,-19,4080,548
1120083,-8,4081,534
1120084,2,4083,519
1120085,10,4077,506
1120086,21,4075,496
1120087,36,4081,477
1120088,43,4088,464
1120089,39,4090,467
1120090,29,4081,459
1120091,32,4075,459
1120092,36,4077,489
1120093,29,4077,529
1120094,36,4074,536
1120095,55,4070,516
1120096,61,4064,507
1120097,51,4055,529
1120098,37,4045,552
1120099,40,4039,544
1120100,59,4034,539
1120101,73,4028,554
1120102,74,4021,568
1120103,73,4015,575
1120104,71,4014,573
1120105,64,4024,574
1120106,60,4038,592
1120107,52,4040,603
1120108,49,4040,604
1120109,56,4049,606
1120110,64,4059,616
1120111,70,4062,616
1120112,69,4064,600
1120113,68,4066,604
1120114,68,4075,632
1120115,56,4086,653
1120116,47,4087,666
1120117,44,4084,676
1120118,38,4080,680
1120119,29,4074,689
1120120,18,4080,701
1120121,25,4110,714
1120122,43,4111,713
1120123,60,4120,727
1120124,72,4125,718
1120125,97,4118,665
1120126,106,4126,630
1120127,76,4142,636
1120128,65,4143,632
1120129,84,4137,625
1120130,80,4141,642
1120131,66,4146,635
1120131,71,4143,600
1120132,72,4140,592
1120133,62,4134,593
1120134,60,4123,571
1120135,69,4119,544
1120136,77,4111,532
1120137,86,4103,533
1120138,85,4111,558
1120139,71,4119,582
1120140,66,4115,580
1120141,77,4109,565
1120142,82,4121,553
1120143,74,4142,554
1120144,74,4156,551
1120145,82,4162,536
1120146,84,4171,530
1120147,79,4175,526
1120148,83,4178,523
1120149,88,4187,538
1120150,78,4192,561
1120151,75,4197,569
1120152,76,4204,566
1120153,64,4206,581
1120154,43,4203,625
1120155,32,4199,651
1120156,46,4192,613
1120157,65,4193,589
1120158,71,4203,614
1120159,70,4206,628
1120160,74,4198,645
1120161,60,4196,634
1120162,55,4194,612
1120163,47,4196,599
1120164,32,4193,597
1120165,26,4179,589
1120166,18,4172,575
1120167,4,4170,561
1120168,5,4170,544
1120169,15,4170,533
1120170,10,4164,523
1120171,0,4156,504
1120172,-12,4150,488
1120173,-30,4148,476
1120174,-39,4140,459
1120175,-33,4130,423
1120176,-26,4128,385
1120177,-25,4129,372
1120178,-26,4129,359
1120179,-24,4130,345
1120180,-29,4134,357
1120181,-37,4136,378
1120182,-36,4137,392
1120183,-50,4139,409
1120184,-60,4141,414
1120185,-55,4152,414
1120186,-58,4163,434
1120187,-55,4162,468
1120188,-44,4159,502
1120189,-50,4164,523
1120190,-47,4166,519
1120191,-26,4164,502
1120192,-16,4170,510
1120193,-13,4175,518
1120194,-2,4177,494
1120195,12,4179,493
1120196,21,4176,528
1120197,32,4168,529
1120198,42,4172,532
1120199,33,4184,587
1120200,33,4179,635
1120201,41,4179,635
1120202,23,4175,647
1120203,19,4170,638
1120204,35,4166,613
1120205,40,4165,595
1120206,28,4163,570
1120207,21,4159,517
1120208,25,4153,485
1120209,17,4150,496
1120210,-10,4145,489
1120211,-21,4140,449
1120212,-21,4135,426
1120213,-38,4133,456
1120214,-52,4130,487
1120215,-56,4123,476
1120216,-63,4118,459
1120217,-71,4123,479
1120218,-80,4126,511
1120219,-85,4118,519
1120220,-74,4111,508
1120221,-57,4113,488
1120222,-38,4119,466
1120223,-19,4115,447
1120224,-7,4109,453
1120225,-1,4110,464
1120226,17,4109,456
1120227,38,4108,450
1120228,50,4106,459
1120229,57,4097,475
1120230,64,4085,481
1120231,64,4081,485
1120232,50,4085,493
1120233,34,4094,504
1120234,29,4090,499
1120235,40,4071,483
1120236,59,4062,493
1120237,60,4066,525
1120238,51,4066,539
1120239,42,4075,550
1120240,5,4089,575
1120241,-5,4087,564
1120242,4,4077,545
1120243,-3,4073,555
1120244,-9,4077,561
1120245,-1,4079,539
1120246,15,4077,517
1120247,23,4077,513
1120248,16,4080,506
1120249,13,4076,482
1120250,19,4066,462
1120251,12,4062,465
1120252,5,4064,477
1120253,5,4058,472
1120254,8,4053,453
1120255,12,4055,450
1120256,-3,4059,456
1120257,-25,4062,438
1120258,-32,4062,418
1120259,-43,4063,410
1120260,-42,4063,397
1120261,-27,4066,388
1120262,-26,4081,427
1120263,-31,4091,473
1120264,-26,4092,481
1120265,-29,4104,505
1120266,-38,4106,543
1120267,-29,4099,549
1120268,-13,4103,548
1120269,-1,4113,583
1120270,10,4121,633
1120271,21,4128,658
1120272,39,4138,656
1120273,59,4149,652
1120274,75,4154,638
1120275,82,4161,618
1120276,73,4162,614
1120277,68,4157,608
1120278,76,4158,614
1120279,71,4164,656
1120280,54,4162,677
1120281,70,4155,649
1120282,71,4158,643
1120283,71,4160,643
1120284,76,4162,641
1120285,76,4172,637
1120286,71,4181,628
1120287,64,4187,624
1120288,49,4192,634
1120289,29,4188,642
1120290,8,4185,632
1120291,-5,4191,635
1120292,-9,4187,655
1120293,-11,4176,670
1120294,-6,4169,677
1120295,16,4164,656
1120296,47,4155,624
1120297,51,4157,610
1120298,42,4162,595
1120299,46,4164,567
1120300,50,4173,552
1120301,57,4172,540
1120302,63,4158,531
1120303,54,4152,558
1120304,45,4151,584
1120305,52,4140,578
1120306,51,4126,591
1120307,27,4113,618
1120308,18,4106,620
1120309,21,4107,618
1120310,4,4106,621
1120311,-9,4095,602
1120312,-10,4084,586
1120313,-12,4082,604
1120314,-19,4083,635
1120316,-30,4082,647
1120317,-39,4074,641
1120318,-41,4068,635
1120319,-45,4069,619
1120320,-38,4078,582
1120321,-10,4078,541
1120322,6,4085,534
1120323,-1,4100,530
1120324,7,4103,514
1120325,36,4096,513
1120326,45,4093,535
1120327,41,4093,563
1120328,50,4089,572
1120329,58,4093,583
1120330,58,4103,615
1120331,55,4103,654
1120332,57,4103,672
1120333,69,4110,673
1120334,82,4119,685
1120335,89,4129,694
1120336,93,4131,687
1120337,84,4126,692
1120338,65,4113,711
1120339,63,4092,718
1120340,64,4083,721
1120341,42,4090,731
1120342,30,4098,717
1120343,47,4101,689
1120344,54,4104,683
1120345,56,4100,676
1120346,72,4095,651
1120347,73,4092,652
1120348,59,4089,677
1120349,59,4082,672
1120350,68,4078,652
1120351,66,4074,663
1120352,59,4067,682
1120353,62,4054,691
1120354,52,4034,725
1120355,45,4036,733
1120356,47,4041,708
1120357,59,4050,653
1120358,75,4065,591
1120359,80,4085,546
1120360,74,4096,512
1120361,75,4093,478
1120362,74,4088,454
1120363,52,4097,460
1120364,28,4105,484
1120365,19,4100,483
1120366,26,4093,475
1120367,25,4088,498
1120368,8,4082,542
1120369,2,4063,560
1120370,17,4044,552
1120371,24,4048,572
1120372,19,4057,606
1120373,17,4056,613
1120374,13,4049,606
1120375,-1,4043,602
1120376,-12,4038,605
1120377,-11,4036,614
1120378,-19,4042,635
1120379,-37,4050,643
1120380,-19,4064,595
1120381,14,4081,537
1120382,20,4090,532
1120383,11,4088,554
1120384,-1,4088,570
1120385,-9,4096,578
1120386,-8,4103,568
1120387,-4,4115,570
1120388,-24,4127,597
1120389,-49,4134,602
1120390,-62,4141,585
1120391,-68,4152,565
1120392,-62,4163,543
1120393,-68,4171,515
1120394,-61,4169,526
1120395,-60,4176,554
1120396,-63,4183,565
1120397,-51,4188,543
1120398,-42,4199,551
1120399,-51,4197,586
1120400,-45,4185,585
1120401,-25,4178,574
1120402,-22,4179,595
1120403,-22,4176,620
1120404,-10,4170,631
1120405,-4,4164,630
1120406,-5,4163,615
1120407,3,4167,599
1120408,10,4166,584
1120409,6,4165,571
1120410,-6,4177,563
1120411,-15,4180,533
1120412,-10,4169,497
1120413,-12,4169,489
1120414,-40,4176,513
1120415,-58,4170,533
1120416,-51,4161,534
1120417,-48,4170,545
1120418,-50,4179,560
1120419,-46,4182,546
1120420,-43,4186,515
1120421,-38,4189,505
1120422,-31,4192,519
1120423,-28,4194,546
1120424,-21,4191,568
1120425,10,4186,557
1120426,12,4192,560
1120427,4,4190,566
1120428,10,4182,558
1120429,19,4183,561
1120430,18,4191,572
1120431,21,4189,556
1120432,31,4179,535
1120433,30,4167,540
1120434,26,4149,541
1120435,34,4133,539
1120436,36,4132,574
1120437,26,4130,616
1120438,31,4122,602
1120439,41,4117,566
1120440,39,4120,552
1120441,36,4126,550
1120442,52,4120,546
1120443,76,4112,523
1120444,78,4107,495
1120445,61,4108,464
1120446,48,4117,437
1120447,35,4126,436
1120448,18,4131,457
1120449,7,4129,460
1120450,-1,4127,456
1120451,-17,4126,461
1120452,-35,4128,460
1120453,-37,4134,448
1120454,-18,4138,439
1120455,-2,4142,464
1120456,-10,4142,504
1120457,-13,4134,528
1120458,-8,4123,527
1120459,-9,4114,519
1120460,-2,4118,524
1120461,16,4126,525
1120462,48,4124,510
1120463,42,4125,518
1120464,30,4119,520
1120465,35,4107,497
1120466,33,4103,483
1120467,18,4104,491
1120468,15,4098,491
1120469,29,4093,490
1120470,38,4097,505
1120471,37,4099,519
1120472,26,4095,533
1120473,8,4092,545
1120474,4,4087,547
1120475,2,4091,567
1120476,-11,4095,582
1120477,-18,4088,550
1120478,-9,4081,512
1120479,1,4081,523
1120480,2,4075,558
1120481,8,4067,562
1120482,17,4076,530
1120483,19,4083,492
1120484,29,4073,470
1120485,38,4065,477
1120486,41,4065,481
1120487,61,4060,464
1120488,71,4057,466
1120489,57,4059,491
1120490,55,4061,515
1120491,56,4063,543
1120492,47,4063,574
1120493,47,4061,589
1120494,51,4064,607
1120495,41,4074,635
1120496,38,4078,650
1120497,45,4082,644
1120498,48,4100,633
1120499,54,4107,618
1120500,56,4109,602
1120501,69,4125,589
1120502,74,4121,562
1120503,72,4117,543
1120504,59,4121,541
1120505,44,4123,550
1120506,43,4119,550
1120507,42,4124,549
1120508,23,4134,577
1120509,-1,4132,604
1120510,-5,4125,608
1120511,9,4119,614
1120512,21,4114,631
1120513,29,4113,627
1120514,40,4122,602
1120515,57,4133,585
1120516,76,4144,564
1120517,99,4150,505
1120518,117,4154,441
1120519,103,4167,439
1120520,77,4175,451
1120521,71,4184,438
1120522,63,4198,443
1120523,46,4196,455
1120524,34,4185,471
1120525,15,4182,519
1120526,-5,4187,582
1120527,-7,4198,632
1120528,-6,4203,677
1120529,-5,4202,714
1120530,-1,4203,749
1120531,3,4210,785
1120532,31,4209,765
1120533,97,4197,689
1120534,146,4198,657
1120535,152,4211,678
1120536,154,4222,695
1120537,165,4221,682
1120538,168,4197,669
1120539,163,4171,681
1120540,141,4156,716
1120541,112,4151,745
1120542,99,4146,743
1120543,90,4137,710
1120544,71,4138,685
1120545,56,4141,665
1120546,44,4137,637
1120547,24,4137,627
1120548,-1,4132,618
1120549,-11,4119,579
1120550,2,4114,528
1120551,8,4116,500
1120552,-8,4119,494
1120553,-32,4119,485
1120554,-41,4114,465
1120555,-27,4105,442
1120556,-14,4104,441
1120557,-12,4111,445
1120558,-8,4110,439
1120559,-4,4106,449
1120560,-16,4102,475
1120561,-18,4098,490
1120562,-9,4096,512
1120563,-10,4101,541
1120564,5,4097,529
1120565,32,4088,523
1120566,35,4097,561
1120567,29,4099,566
1120568,50,4086,531
1120569,62,4084,538
1120570,18,4093,574
1120571,38,4079,558
1120572,43,4072,581
1120573,19,4073,604
1120574,14,4074,593
1120575,28,4078,601
1120576,23,4078,631
1120577,18,4068,630
1120578,38,4061,593
1120579,45,4058,563
1120580,34,4059,544
1120581,35,4064,533
1120582,30,4073,550
1120583,12,4073,560
1120584,16,4061,529
1120585,24,4055,496
1120586,7,4058,491
1120587,-11,4059,500
1120588,-18,4060,502
1120589,-30,4067,503
1120590,-39,4076,502
1120591,-38,4083,493
1120592,-38,4083,502
1120593,-39,4080,521
1120594,-24,4080,523
1120595,-11,4079,538
1120596,-21,4082,584
1120597,-21,4090,613
1120598,4,4096,611
1120599,27,4100,611
1120600,34,4103,619
1120601,40,4101,607
1120602,53,4102,589
1120603,65,4106,598
1120604,72,4104,606
1120605,80,4101,600
1120606,84,4101,604
1120607,82,4103,617
1120608,88,4095,605
1120609,90,4095,580
1120610,67,4095,621
1120611,60,4088,653
1120612,67,4080,674
1120613,62,4079,696
1120614,56,4079,696
1120615,51,4081,700
1120616,34,4087,723
1120617,20,4091,724
1120618,16,4098,705
1120619,16,4099,691
1120620,19,4103,681
1120621,17,4112,676
1120622,8,4116,677
1120623,3,4114,664
1120624,1,4116,651
1120625,2,4123,637
1120626,14,4121,601
1120627,27,4121,573
1120628,32,4122,580
1120629,33,4115,595
1120630,41,4102,597
1120631,55,4091,612
1120632,54,4100,657
1120633,34,4106,674
1120634,33,4094,641
1120635,44,4095,634
1120636,32,4101,653
1120637,30,4094,633
1120638,43,4093,606
1120639,44,4103,618
1120640,38,4106,637
1120641,34,4097,639
1120642,35,4086,623
1120643,39,4087,589
1120644,40,4095,572
1120645,27,4103,594
1120646,2,4108,617
1120647,-5,4112,605
1120648,17,4113,572
1120649,45,4118,527
1120650,54,4109,536
1120651,59,4104,556
1120652,60,4099,563
1120653,65,4090,556
1120654,75,4086,550
1120655,73,4097,555
1120656,57,4112,575
1120657,42,4115,603
1120658,37,4109,640
1120659,41,4100,663
1120660,56,4093,658
1120661,71,4093,652
1120662,75,4101,644
1120663,76,4115,617
1120664,69,4129,608
1120665,55,4140,625
1120666,49,4144,621
1120667,45,4147,609
1120668,28,4148,642
1120669,13,4142,679
1120670,25,4133,679
1120671,37,4135,681
1120672,19,4144,690
1120673,-1,4147,672
1120674,-7,4156,657
1120675,-16,4173,667
1120676,-15,4175,668
1120677,-15,4172,663
1120678,-32,4172,664
1120679,-26,4164,656
1120680,-5,4162,655
1120681,4,4159,667
1120682,14,4148,670
1120683,31,4140,667
1120684,39,4136,685
1120685,43,4128,709
1120686,58,4121,712
1120687,78,4119,702
1120688,107,4120,675
1120689,108,4118,686
1120690,110,4107,660
1120691,106,4099,622
1120692,95,4093,602
1120693,91,4093,596
1120694,89,4092,598
1120695,74,4083,601
1120696,49,4075,609
1120697,27,4073,626
1120698,14,4072,641
1120699,7,4069,652
1120700,8,4071,684
1120701,-1,4082,708
1120702,-8,4091,677
1120703,13,4093,618
1120704,34,4099,593
1120705,37,4099,585
1120706,40,4098,560
1120707,42,4098,543
1120708,36,4101,537
1120709,40,4106,511
1120710,46,4106,483
1120711,50,4107,491
1120712,47,4108,502
1120713,38,4105,492
1120714,31,4105,496
1120715,20,4101,534
1120716,12,4090,572
1120717,22,4088,587
1120718,36,4093,586
1120719,40,4100,591
1120720,32,4107,596
1120721,21,4117,602
1120722,28,4128,598
1120723,46,4137,583
1120724,56,4140,566
1120725,56,4138,547
1120726,44,4146,556
1120727,36,4175,557
1120728,40,4175,549
1120729,21,4183,577
1120730,17,4193,588
1120731,36,4188,564
1120732,39,4187,571
1120733,17,4190,602
1120734,9,4194,598
1120735,17,4197,577
1120736,17,4192,582
1120737,13,4189,601
1120738,17,4182,600
1120739,22,4177,599
1120740,21,4183,609
1120741,17,4186,612
1120742,15,4185,593
1120743,15,4183,569
1120744,19,4185,554
1120745,20,4192,541
1120746,18,4195,544
1120747,16,4191,556
1120748,10,4189,569
1120749,-6,4194,596
1120750,-20,4197,610
1120751,-13,4188,572
1120752,8,4183,512
1120753,19,4187,471
1120754,26,4184,441
1120755,40,4178,417
1120756,40,4184,433
1120757,26,4188,467
1120758,16,4180,474
1120759,9,4169,473
1120760,-12,4158,478
1120761,-25,4147,493
1120762,-30,4141,508
1120763,-38,4148,516
1120764,-36,4146,523
1120765,-24,4134,501
1120766,-12,4134,484
1120767,-7,4140,474
1120768,-8,4139,461
1120769,-10,4132,459
1120770,-22,4130,459
1120771,-29,4126,431
1120772,-25,4125,397
1120773,-17,4127,384
1120774,-14,4123,379
1120775,-14,4121,358
1120776,-17,4121,340
1120777,-23,4120,335
1120778,-30,4121,333
1120779,-46,4121,333
1120780,-63,4117,333
1120781,-79,4108,342
1120782,-98,4100,379
1120783,-119,4097,392
1120784,-120,4077,349
1120785,-97,4061,329
1120786,-90,4068,375
1120787,-102,4064,411
1120788,-98,4051,400
1120789,-75,4047,392
1120790,-69,4042,409
1120791,-69,4035,413
1120792,-61,4031,415
1120793,-62,4038,439
1120794,-56,4051,455
1120795,-36,4058,449
1120796,-14,4065,429
1120797,6,4076,412
1120798,19,4095,425
1120799,11,4109,458
1120800,3,4102,468
1120801,3,4085,441
1120802,2,4092,453
1120803,-8,4100,479
1120804,-18,4112,503
1120805,-7,4123,517
1120806,14,4123,513
1120807,24,4125,511
1120808,21,4133,522
1120809,13,4136,523
1120810,14,4136,512
1120811,12,4137,524
1120812,-3,4143,543
1120813,-4,4149,535
1120814,-6,4153,550
1120815,-24,4153,588
1120816,-31,4151,608
1120817,-30,4155,625
1120818,-34,4166,639
1120819,-27,4174,627
1120820,-14,4175,610
1120821,-4,4178,598
1120822,13,4191,582
1120823,30,4203,568
1120824,43,4209,550
1120825,59,4207,526
1120826,59,4208,516
1120827,47,4212,504
1120828,53,4199,477
1120829,67,4189,479
1120830,49,4188,525
1120831,27,4173,548
1120832,45,4163,536
1120833,68,4163,538
1120834,62,4154,565
1120835,49,4142,586
1120836,46,4129,591
1120837,46,4119,610
1120838,48,4114,630
1120839,49,4112,629
1120840,44,4110,618
1120841,47,4084,567
1120842,32,4087,548
1120843,20,4090,537
1120844,21,4089,533
1120845,8,4094,542
1120846,-5,4095,545
1120847,-4,4087,524
1120848,-6,4079,513
1120849,-11,4081,527
1120850,-8,4087,543
1120851,-6,4091,549
1120852,-9,4092,555
1120853,2,4085,559
1120854,15,4080,557
1120855,17,4081,562
1120856,11,4085,582
1120857,9,4092,587
1120858,23,4089,565
1120859,38,4084,555
1120860,36,4090,567
1120861,32,4096,577
1120862,31,4094,582
1120863,30,4089,586
1120864,37,4082,584
1120865,40,4080,574
1120866,45,4086,561
1120867,62,4086,562
1120868,62,4084,585
1120869,46,4088,594
1120870,49,4089,575
1120871,58,4098,580
1120872,56,4114,603
1120873,61,4116,599
1120874,75,4112,577
1120875,80,4112,565
1120876,71,4110,562
1120877,69,4103,537
1120878,74,4097,521
1120879,63,4099,553
1120880,50,4092,602
1120881,57,4097,604
1120882,51,4100,604
1120883,49,4099,599
1120884,55,4104,602
1120885,58,4112,621
1120886,69,4112,629
1120887,79,4115,633
1120888,73,4125,646
1120889,70,4125,643
1120890,74,4128,642
1120891,68,4140,660
1120892,73,4145,650
1120893,93,4145,616
1120894,98,4143,601
1120895,94,4145,594
1120896,98,4150,595
1120897,105,4146,610
1120898,104,4142,612
1120899,93,4147,598
1120900,83,4143,577
1120901,89,4134,549
1120902,87,4139,551
1120903,61,4144,594
1120904,40,4137,607
1120905,38,4131,589
1120906,36,4135,607
1120907,23,4142,635
1120908,17,4146,619
1120909,25,4149,595
1120910,24,4161,609
1120911,6,4171,621
1120912,0,4168,594
1120913,7,4170,577
1120914,5,4180,585
1120915,15,4179,568
1120916,39,4171,549
1120917,31,4175,590
1120918,0,4183,640
1120919,-3,4177,628
1120920,-5,4153,593
1120921,-11,4151,579
1120922,-6,4151,565
1120923,-1,4146,578
1120924,-3,4138,603
1120925,-11,4127,613
1120926,-10,4109,595
1120927,-6,4097,583
1120928,-11,4096,584
1120929,-9,4093,557
1120930,2,4085,507
1120931,1,4083,494
1120932,-15,4085,502
1120933,-27,4073,485
1120934,-31,4061,463
1120935,-40,4057,464
1120936,-66,4056,479
1120937,-92,4058,482
1120938,-94,4053,469
1120939,-85,4052,460
1120940,-85,4064,461
1120941,-91,4067,464
1120942,-92,4070,490
1120943,-102,4075,523
1120944,-92,4069,511
1120945,-63,4069,484
1120946,-63,4075,502
1120947,-65,4080,525
1120948,-43,4087,500
1120949,-25,4088,476
1120950,-9,4085,470
1120951,12,4088,452
1120952,21,4093,438
1120953,23,4091,447
1120954,10,4093,486
1120955,-26,4095,534
1120956,-40,4086,555
1120957,-35,4075,556
1120958,-45,4073,569
1120959,-54,4075,593
1120960,-25,4066,593
1120961,-10,4074,589
1120962,-4,4077,589
1120963,-9,4075,588
1120964,-8,4068,579
1120965,-5,4058,570
1120966,-10,4053,562
1120967,-14,4052,545
1120968,-19,4049,524
1120969,-25,4047,506
1120970,-21,4051,496
1120972,-5,4053,486
1120973,0,4054,478
1120974,-15,4057,476
1120975,-29,4059,479
1120976,-34,4076,448
1120977,-20,4080,416
1120978,-14,4084,425
1120979,-37,4097,458
1120980,-51,4102,429
1120981,-36,4096,358
1120982,-30,4093,358
1120983,-56,4095,419
1120984,-79,4093,453
1120985,-80,4087,460
1120986,-79,4089,478
1120987,-79,4099,488
1120988,-85,4105,498
1120989,-97,4100,526
1120990,-100,4093,538
1120991,-84,4092,523
1120992,-72,4090,504
1120993,-64,4091,486
1120994,-39,4102,461
1120995,-12,4113,448
1120996,-15,4122,472
1120997,-27,4121,499
1120998,-29,4116,505
1120999,-33,4117,521
1121000,-26,4115,540
1121001,-17,4107,552
1121002,-18,4093,568
1121003,-14,4088,580
1121004,-2,4089,577
1121005,13,4084,578
1121006,24,4081,596
1121007,27,4081,611
1121008,35,4076,601
1121009,46,4071,581
1121010,31,4053,598
1121011,20,4049,633
1121012,18,4054,661
1121013,10,4057,683
1121014,-1,4065,712
1121015,-5,4070,730
1121016,15,4069,711
1121017,43,4073,668
1121018,74,4084,625
1121019,108,4091,595
1121020,127,4094,600
1121021,131,4107,622
1121022,134,4121,644
1121023,134,4123,667
1121024,136,4120,687
1121025,149,4121,704
1121026,153,4122,731
1121027,149,4120,756
1121028,149,4118,767
1121029,148,4122,772
1121030,142,4132,773
1121031,141,4139,790
1121032,148,4148,819
1121033,147,4154,843
1121034,130,4151,869
1121035,109,4150,885
1121036,92,4151,860
1121037,89,4150,824
1121038,92,4155,832
1121039,80,4162,867
1121040,79,4161,883
1121041,95,4162,877
1121042,101,4164,853
1121043,120,4161,793
1121044,149,4166,724
1121045,149,4176,695
1121046,130,4175,705
1121047,110,4170,720
1121048,93,4174,732
1121049,100,4181,723
1121050,135,4182,667
1121051,129,4188,654
1121052,122,4182,634
1121053,114,4177,646
1121054,105,4177,710
1121055,98,4174,737
1121056,116,4164,700
1121057,135,4166,704
1121058,116,4171,742
1121059,113,4156,711
1121060,133,4151,650
1121061,122,4162,646
1121062,110,4163,658
1121063,113,4159,659
1121064,101,4152,650
1121065,99,4144,620
1121066,112,4150,607
1121067,105,4164,622
1121068,98,4162,621
1121069,100,4161,605
1121070,98,4163,594
1121071,88,4160,595
1121072,68,4165,595
1121073,55,4171,568
1121074,58,4175,525
1121075,54,4181,496
1121076,41,4181,488
1121077,32,4176,482
1121078,12,4181,488
1121079,-17,4187,515
1121080,-22,4183,521
1121081,-11,4181,519
1121082,-17,4189,538
1121083,-28,4194,554
1121084,-25,4189,576
1121085,-16,4190,617
1121086,-5,4195,638
1121087,27,4190,604
1121088,67,4184,561
1121089,84,4189,539
1121090,100,4176,504
1121091,114,4172,485
1121092,99,4174,511
1121093,69,4166,526
1121094,49,4156,529
1121095,29,4164,556
1121096,13,4171,558
1121097,17,4169,524
1121098,19,4174,524
1121099,7,4175,551
1121100,11,4174,554
1121101,16,4175,537
1121102,5,4167,522
1121103,-9,4161,516
1121104,-33,4168,526
1121105,-49,4170,528
1121106,-29,4163,492
1121107,-9,4159,462
1121108,-22,4158,468
1121109,-34,4155,459
1121110,-21,4155,425
1121111,-3,4164,404
1121112,2,4171,401
1121113,-4,4175,401
1121114,-12,4169,390
1121115,-3,4160,370
1121116,4,4167,365
1121117,-8,4174,401
1121118,-27,4167,459
1121119,-45,4159,495
1121120,-52,4154,501
1121121,-56,4155,498
1121122,-62,4164,513
1121123,-64,4169,526
1121124,-60,4164,522
1121125,-57,4161,531
1121126,-58,4155,546
1121127,-54,4151,563
1121128,-40,4154,586
1121129,-9,4166,588
1121130,2,4172,587
1121131,5,4178,614
1121132,3,4188,644
1121133,14,4186,635
1121134,42,4178,604
1121135,59,4185,600
1121136,45,4190,624
1121137,30,4178,613
1121138,31,4164,583
1121139,18,4157,597
1121140,-6,4149,620
1121141,-13,4132,625
1121142,-8,4117,617
1121143,1,4118,598
1121144,20,4116,572
1121145,26,4113,575
1121146,23,4119,598
1121147,34,4110,592
1121148,49,4097,578
1121149,40,4102,603
1121150,23,4108,619
1121151,32,4105,562
1121152,55,4107,506
1121153,49,4119,510
1121154,32,4120,503
1121155,38,4118,461
1121156,47,4122,458
1121157,42,4122,484
1121158,36,4120,490
1121159,24,4120,503
1121160,0,4121,533
1121161,-20,4122,537
1121162,-16,4117,512
1121163,-10,4107,516
1121164,-14,4100,546
1121165,-17,4098,559
1121166,-10,4103,558
1121167,5,4117,556
1121168,11,4115,575
1121169,9,4121,599
