716917,234,4151,500
716918,247,4157,452
716919,264,4151,370
716920,249,4130,313
716921,203,4133,343
716922,141,4155,415
716923,112,4168,425
716924,153,4154,357
716925,185,4127,290
716926,167,4121,308
716927,132,4129,367
716928,113,4130,377
716929,131,4137,337
716930,159,4140,282
716931,172,4138,231
716932,168,4142,232
716933,139,4141,276
716934,116,4147,285
716935,122,4158,248
716936,151,4122,176
716937,115,4124,236
716938,59,4138,315
716939,48,4134,321
716940,89,4140,256
716941,128,4143,194
716942,129,4123,167
716943,106,4117,190
716944,64,4138,239
716945,37,4146,245
716946,61,4148,175
716947,104,4161,95
716948,129,4165,31
716949,142,4165,-18
716950,123,4159,-17
716951,56,4154,35
716952,4,4168,82
716953,9,4170,58
716954,30,4146,8
716955,30,4141,23
716956,4,4157,73
716957,-8,4168,85
716958,23,4166,45
716959,64,4147,-4
716960,67,4133,24
716961,38,4143,129
716962,17,4156,240
716963,43,4158,261
716964,113,4143,212
716965,164,4129,192
716966,160,4144,246
716967,134,4160,306
716968,145,4151,290
716969,178,4131,258
716970,133,4135,366
716971,94,4167,447
716972,107,4175,443
716973,162,4161,370
716974,196,4155,318
716975,179,4169,348
716976,151,4184,411
716977,154,4174,419
716978,184,4160,378
716979,203,4151,357
716980,179,4146,390
716981,145,4164,424
716982,148,4177,404
716983,194,4145,325
716984,225,4123,278
716985,187,4148,334
716986,123,4163,409
716987,112,4150,419
716988,141,4144,374
716989,156,4138,313
716990,160,4133,277
716991,149,4143,275
716992,130,4151,302
716993,128,4145,288
716994,158,4134,224
716995,189,4125,204
716996,170,4126,241
716997,141,4140,295
716998,139,4127,291
716999,151,4083,247
717000,151,4068,274
717001,113,4088,372
717002,101,4097,412
717003,159,4084,352
717004,204,4064,286
717005,174,4064,302
717006,110,4100,386
717007,134,4079,338
717008,153,4063,314
717009,134,4070,349
717010,116,4075,385
717011,123,4072,374
717012,146,4083,337
717013,165,4090,290
717014,165,4081,255
717015,135,4093,279
717016,97,4133,328
717017,110,4154,284
717018,168,4150,172
717019,197,4149,104
717020,167,4147,118
717021,115,4144,187
717022,76,4160,249
717023,72,4177,259
717024,100,4160,210
717025,119,4140,157
717026,101,4146,162
717027,81,4157,186
717028,99,4159,165
717029,129,4153,109
717030,129,4146,89
717031,94,4157,140
717032,50,4189,209
717033,40,4209,242
717034,83,4200,216
717035,136,4195,181
717036,145,4206,185
717037,126,4205,223
717038,117,4208,261
717039,122,4227,265
717040,152,4221,247
717041,168,4222,295
717042,146,4261,337
717043,176,4246,290
717044,237,4220,215
717045,239,4233,232
717046,181,4254,315
717047,145,4257,347
717048,151,4249,334
717049,161,4238,338
717050,157,4224,360
717051,150,4229,373
717052,154,4242,356
717053,182,4237,294
717054,217,4231,229
717055,213,4234,228
717056,164,4239,283
717057,116,4249,319
717058,110,4243,318
717059,131,4224,301
717060,140,4224,306
717061,139,4243,315
717062,153,4244,281
717063,189,4214,218
717064,185,4178,192
717065,120,4182,279
717066,58,4211,369
717067,72,4204,349
717068,141,4159,270
717069,175,4139,220
717070,169,4156,257
717071,144,4163,291
717072,144,4148,265
717073,200,4125,217
717074,214,4117,227
717075,151,4148,290
717076,7,4130,107
717077,12,4102,-39
717078,22,4103,-78
717079,21,4107,-34
717080,46,4125,25
717081,99,4137,58
717082,143,4113,35
717083,155,4073,-4
717084,133,4071,5
717085,100,4082,16
717086,131,4075,0
717087,183,4059,18
717088,154,4060,123
717089,72,4090,250
717090,18,4091,302
717091,13,4054,264
717092,14,4037,227
717093,3,4055,236
717094,19,4074,235
717095,76,4064,220
717096,101,4046,230
717097,66,4067,310
717098,41,4104,357
717099,79,4105,277
717100,150,4097,143
717101,169,4108,76
717102,127,4114,105
717103,86,4111,146
717104,72,4112,171
717105,80,4096,164
717106,83,4077,140
717107,56,4102,172
717108,32,4145,223
717109,76,4161,169
717110,149,4143,94
717111,85,4171,222
717112,89,4182,240
717113,131,4143,186
717114,149,4151,210
717115,119,4204,305
717116,122,4222,326
717117,196,4200,282
717118,219,4175,278
717119,156,4164,388
717120,81,4179,523
717121,65,4196,553
717122,127,4185,498
717123,187,4167,434
717124,206,4186,421
717125,194,4213,428
717126,197,4203,402
717127,216,4184,385
717128,191,4186,430
717129,153,4203,494
717130,156,4207,493
717131,192,4204,440
717132,224,4201,387
717133,237,4198,364
717134,224,4194,362
717135,196,4191,382
717136,189,4187,390
717137,201,4159,359
717138,191,4142,337
717139,159,4157,359
717140,142,4164,355
717141,167,4158,277
717142,211,4147,207
717143,200,4124,193
717144,142,4121,231
717145,82,4140,277
717146,66,4137,268
717147,111,4124,214
717148,140,4121,167
717149,125,4123,162
717150,109,4126,190
717151,134,4122,135
717152,161,4095,81
717153,154,4089,98
717154,106,4114,177
717155,88,4125,216
717156,136,4096,182
717157,173,4066,150
717158,142,4073,216
717159,94,4079,330
717160,91,4070,348
717161,130,4068,292
717162,163,4064,235
717163,161,4061,229
717164,135,4078,270
717165,114,4102,281
717166,130,4095,228
717167,160,4070,170
717168,137,4067,201
717169,76,4091,299
717170,52,4108,345
717171,85,4109,296
717172,131,4111,208
717173,158,4110,145
717174,142,4110,146
717175,111,4116,195
717176,105,4120,221
717177,124,4112,180
717178,158,4107,129
717179,166,4113,138
717180,139,4126,197
717181,100,4125,278
717182,84,4131,328
717183,105,4141,312
717184,150,4124,251
717185,173,4119,211
717186,131,4177,259
717187,148,4166,224
717188,175,4153,188
717189,147,4145,227
717190,90,4153,343
717191,61,4170,426
717192,87,4173,389
717193,158,4163,306
717194,206,4163,264
717195,204,4194,295
717196,197,4224,308
717197,225,4207,266
717198,243,4177,266
717199,189,4200,361
717200,123,4245,463
717201,147,4247,463
717202,235,4229,410
717203,271,4235,404
717204,228,4249,451
717205,154,4248,462
717206,103,4242,404
717207,100,4225,353
717208,108,4219,376
717209,139,4267,443
717210,208,4289,458
717211,297,4242,383
717212,341,4219,347
717213,274,4225,419
717214,194,4240,474
717215,218,4248,440
717216,286,4222,361
717217,305,4212,337
717218,271,4236,413
717219,223,4234,463
717220,204,4187,451
717221,174,4149,459
717222,58,4169,578
717223,102,4146,525
717224,165,4121,427
717225,176,4145,397
717226,150,4166,390
717227,149,4149,323
717228,165,4111,247
717229,129,4096,254
717230,46,4117,340
717231,19,4124,347
717232,76,4090,236
717233,132,4058,126
717234,130,4071,109
717235,98,4107,138
717236,94,4102,112
717237,105,4071,65
717238,64,4078,108
717239,7,4121,206
717240,18,4125,214
717241,83,4087,132
717242,119,4086,92
717243,102,4114,134
717244,86,4108,138
717245,112,4082,109
717246,120,4077,120
717247,81,4097,160
717248,77,4108,176
717249,113,4088,138
717250,124,4066,137
717251,82,4063,219
717252,33,4073,279
717253,37,4070,254
717254,68,4049,218
717255,72,4057,244
717256,71,4108,293
717257,171,4121,163
717258,184,4123,168
717259,127,4140,252
717260,83,4169,315
717261,104,4175,286
717262,161,4154,224
717263,182,4141,219
717264,153,4158,283
717265,126,4174,334
717266,151,4154,298
717267,209,4118,230
717268,204,4098,236
717269,145,4114,317
717270,126,4143,349
717271,169,4135,295
717272,220,4116,225
717273,209,4127,243
717274,159,4140,325
717275,135,4136,356
717276,164,4131,345
717277,192,4113,333
717278,175,4094,367
717279,132,4107,450
717280,109,4134,493
717281,140,4137,423
717282,198,4134,292
717283,216,4147,216
717284,183,4173,223
717285,152,4193,245
717286,157,4194,221
717287,177,4180,181
717288,173,4170,175
717289,132,4187,220
717290,87,4215,257
717291,100,4213,220
717292,178,4202,149
717293,161,4229,209
717294,166,4229,248
717295,188,4211,258
717296,188,4185,293
717297,151,4152,373
717298,118,4147,452
717299,132,4180,452
717300,185,4200,377
717301,227,4214,292
717302,206,4244,242
717303,119,4259,233
717304,49,4264,215
717305,64,4269,181
717306,122,4259,153
717307,169,4253,175
717308,185,4276,235
717309,181,4295,225
717310,217,4281,117
717311,259,4259,17
717312,234,4266,60
717313,191,4294,166
717314,198,4281,215
717315,212,4246,236
717316,178,4245,296
717317,138,4246,354
717318,138,4211,329
717319,140,4186,310
717320,109,4190,347
717321,74,4206,391
717322,79,4215,399
717323,108,4201,349
717324,131,4182,295
717325,137,4184,282
717326,113,4203,264
717327,125,4179,198
717328,101,4190,240
717329,84,4210,278
717330,117,4182,233
717331,166,4151,184
717332,165,4169,192
717333,146,4187,197
717334,168,4162,166
717335,189,4140,168
717336,166,4156,229
717337,153,4163,273
717338,178,4129,259
717339,177,4121,274
717340,126,4155,334
717341,109,4163,348
717342,147,4134,316
717343,167,4135,323
717344,157,4152,346
717345,171,4139,342
717346,187,4136,347
717347,163,4155,388
717348,133,4151,407
717349,153,4133,392
717350,180,4129,396
717351,168,4142,408
717352,155,4147,375
717353,156,4124,300
717354,138,4103,272
717355,102,4116,318
717356,96,4146,353
717357,144,4136,321
717358,196,4103,261
717359,189,4105,282
717360,139,4140,339
717361,133,4159,302
717362,226,4111,157
717363,200,4124,213
717364,155,4144,279
717365,142,4134,275
717366,154,4108,237
717367,134,4090,256
717368,71,4100,340
717369,29,4132,404
717370,51,4131,359
717371,110,4105,269
717372,128,4114,246
717373,105,4154,277
717374,97,4164,266
717375,116,4161,189
717376,141,4164,132
717377,127,4141,129
717378,78,4138,186
717379,32,4171,262
717380,27,4188,247
717381,89,4170,146
717382,150,4154,78
717383,139,4174,93
717384,108,4196,132
717385,108,4193,110
717386,121,4177,71
717387,106,4164,94
717388,61,4165,156
717389,32,4177,206
717390,41,4172,188
717391,81,4145,132
717392,107,4128,98
717393,87,4133,133
717394,53,4147,220
717395,51,4166,258
717396,90,4173,237
717397,121,4166,164
717398,68,4183,197
717399,34,4187,192
717400,47,4168,133
717401,75,4162,122
717402,69,4184,201
717403,56,4212,284
717404,83,4205,273
717405,131,4169,202
717406,152,4163,175
717407,139,4187,226
717408,128,4193,277
717409,143,4174,296
717410,168,4147,327
717411,153,4132,395
717412,111,4146,471
717413,95,4151,489
717414,106,4124,452
717415,116,4105,430
717416,93,4109,463
717417,70,4125,480
717418,91,4122,422
717419,129,4096,344
717420,135,4085,314
717422,125,4129,312
717423,156,4107,232
717424,164,4085,187
717425,110,4094,223
717426,52,4112,286
717427,43,4121,258
717428,88,4109,192
717429,108,4082,169
717430,78,4095,209
717431,53,4128,249
717432,73,4112,205
717433,110,4064,154
717434,95,4041,204
717435,41,4054,330
717436,112,4056,324
717437,155,4015,258
717438,133,4025,290
717439,94,4058,354
717440,84,4047,309
717441,115,4019,212
717442,125,4007,173
717443,82,4009,214
717444,30,4020,284
717445,13,4039,311
717446,46,4046,275
717447,87,4026,200
717448,95,4021,172
717449,65,4040,238
717450,29,4044,312
717451,32,4048,324
717452,74,4051,293
717453,108,4042,270
717454,109,4057,280
717455,95,4087,320
717456,94,4097,304
717457,121,4098,245
717458,127,4103,218
717459,83,4117,234
717460,63,4127,265
717461,84,4122,229
717462,108,4132,172
717463,123,4136,160
717464,110,4125,183
717465,76,4137,233
717466,53,4166,278
717467,62,4177,269
717468,97,4166,224
717469,118,4161,222
717470,65,4158,333
717471,52,4161,358
717472,63,4176,359
717473,99,4180,342
717474,132,4176,330
717475,134,4191,367
717476,123,4212,414
717477,141,4203,391
717478,173,4171,349
717479,163,4166,364
717480,125,4184,438
717481,112,4184,483
717482,145,4180,447
717483,204,4171,391
717484,224,4152,364
717485,188,4151,401
717486,131,4153,475
717487,88,4151,493
717488,99,4150,424
717489,144,4141,316
717490,169,4122,242
717491,159,4108,271
717492,101,4103,395
717493,42,4118,476
717494,60,4130,436
717495,132,4098,324
717496,162,4085,275
717497,142,4130,305
717498,141,4143,286
717499,186,4104,203
717500,198,4087,194
717501,122,4087,303
717502,36,4081,427
717503,8,4085,477
717504,25,4073,442
717505,60,4048,390
717506,74,4064,366
717507,116,4099,263
717508,182,4073,192
717509,200,4064,211
717510,149,4072,286
717511,97,4080,370
717512,87,4091,392
717513,120,4106,357
717514,174,4110,300
717515,213,4117,252
717516,205,4130,249
717517,174,4147,279
717518,162,4163,280
717519,161,4157,261
717520,136,4136,273
717521,85,4138,348
717522,27,4162,434
717523,5,4192,456
717524,52,4207,382
717525,128,4192,272
717526,161,4175,240
717527,143,4200,284
717528,133,4231,317
717529,168,4227,279
717530,203,4218,248
717531,180,4219,316
717532,111,4230,439
717533,68,4243,501
717534,85,4252,463
717535,141,4245,369
717536,191,4231,293
717537,189,4235,298
717538,153,4257,355
717539,147,4264,378
717540,175,4242,364
717541,185,4218,357
717542,93,4223,457
717543,104,4225,429
717544,154,4212,363
717545,183,4194,335
717546,165,4194,383
717547,128,4200,440
717548,117,4197,443
717549,139,4193,409
717550,164,4178,366
717551,171,4159,360
717552,138,4160,408
717553,93,4166,449
717554,103,4157,421
717555,153,4143,360
717556,168,4140,326
717557,145,4146,349
717558,118,4143,373
717559,114,4141,348
717560,132,4133,309
717561,140,4109,274
717562,123,4100,280
717563,85,4108,309
717564,72,4113,273
717565,105,4110,198
717566,127,4101,163
717567,91,4096,218
717568,30,4109,307
717569,-2,4137,322
717570,26,4140,249
717571,74,4122,172
717572,69,4137,186
717573,25,4167,238
717574,30,4167,203
717575,97,4154,118
717576,129,4155,89
717577,43,4176,229
717578,28,4185,260
717579,52,4185,217
717580,99,4165,133
717581,120,4167,99
717582,89,4189,135
717583,62,4199,161
717584,75,4190,151
717585,82,4173,164
717586,48,4162,228
717587,3,4167,296
717588,-12,4178,301
717589,18,4175,234
717591,62,4168,148
717592,57,4179,172
717593,40,4187,227
717594,57,4191,219
717595,81,4181,191
717596,79,4171,205
717597,55,4180,257
717598,35,4199,295
717599,51,4201,284
717600,90,4184,253
717601,95,4179,256
717602,74,4199,301
717603,76,4219,315
717604,118,4220,269
717605,158,4209,249
717606,135,4202,291
717607,82,4205,387
717608,50,4212,473
717609,47,4219,500
717610,71,4216,497
717611,100,4208,482
717612,126,4216,475
717613,141,4223,461
717614,157,4230,414
717615,195,4241,368
717616,213,4234,339
717617,176,4223,367
717618,112,4228,440
717619,76,4242,475
717620,101,4230,417
717621,154,4204,304
717622,164,4205,265
717623,128,4222,305
717624,96,4228,330
717625,105,4216,301
717626,117,4202,272
717627,91,4199,305
717628,55,4211,369
717629,62,4182,331
717630,87,4164,302
717631,83,4171,313
717632,69,4176,340
717633,72,4174,333
717634,92,4162,309
717635,105,4150,288
717636,99,4158,295
717637,92,4164,296
717638,106,4148,256
717639,126,4130,222
717640,127,4119,229
717641,97,4097,278
717642,59,4078,323
717643,46,4080,328
717644,68,4069,283
717645,105,4044,237
717646,111,4059,247
717647,95,4101,278
717648,103,4107,222
717649,146,4091,113
717650,165,4085,62
717651,122,4087,111
717652,63,4103,189
717653,33,4118,212
717654,40,4113,194
717655,58,4098,191
717656,55,4101,224
717657,48,4113,261
717658,68,4110,252
717659,111,4089,222
717660,125,4074,246
717661,98,4098,314
717662,82,4123,356
717663,103,4120,323
717664,121,4115,280
717665,110,4144,349
717666,135,4137,333
717667,166,4113,311
717668,151,4110,367
717669,120,4135,449
717670,118,4140,443
717671,151,4125,376
717672,180,4117,341
717673,173,4129,352
717674,159,4151,362
717675,162,4161,338
717676,162,4141,303
717677,143,4119,311
717678,95,4120,401
717679,44,4138,487
717680,49,4153,489
717681,112,4137,408
717682,166,4121,344
717683,173,4140,370
717684,163,4165,403
717685,168,4168,385
717686,184,4158,362
717687,176,4149,394
717688,139,4145,487
717689,109,4149,560
717690,114,4151,554
717691,156,4129,482
717692,180,4111,429
717693,165,4134,462
717694,145,4150,500
717695,157,4144,485
717696,189,4143,443
717697,187,4136,435
717698,149,4120,468
717699,111,4121,504
717700,110,4135,451
717701,153,4118,380
717702,159,4122,357
717703,127,4139,377
717704,121,4149,350
717705,144,4148,277
717706,163,4137,242
717707,141,4128,270
717708,96,4140,318
717709,71,4146,330
717710,83,4120,301
717711,102,4103,293
717712,84,4114,325
717713,65,4125,356
717714,83,4128,336
717715,116,4126,299
717716,119,4122,301
717717,90,4132,335
717718,77,4154,367
717719,95,4151,359
717720,130,4133,346
717721,156,4142,350
717722,163,4167,348
717723,170,4174,302
717724,179,4157,262
717725,151,4148,269
717726,94,4167,305
717727,75,4173,315
717728,98,4152,281
717729,103,4150,273
717730,73,4169,303
717731,50,4176,329
717732,65,4179,300
717733,102,4174,248
717734,118,4162,242
717735,96,4218,316
717736,121,4206,248
717737,152,4173,201
717738,134,4173,252
717739,73,4193,350
717740,47,4197,391
717741,75,4181,355
717742,97,4172,332
717743,98,4186,342
717744,107,4196,332
717745,146,4176,280
717746,178,4149,261
717747,155,4151,322
717748,96,4172,400
717749,79,4173,410
717750,105,4149,356
717751,111,4134,352
717752,88,4148,418
717753,87,4167,429
717754,125,4161,367
717755,160,4148,331
717756,152,4157,385
717757,118,4183,459
717758,108,4194,457
717759,136,4173,407
717760,163,4155,385
717761,157,4168,405
717762,143,4176,403
717763,154,4151,344
717764,159,4129,311
717765,117,4133,361
717766,73,4149,419
717767,68,4151,416
717768,85,4134,370
717769,90,4139,363
717770,93,4191,354
717771,117,4160,298
717772,116,4148,316
717773,66,4188,401
717774,31,4216,430
717775,73,4200,349
717776,131,4170,249
717777,139,4171,241
717778,116,4210,283
717779,115,4221,282
717780,124,4189,264
717781,101,4192,301
717782,73,4227,349
717783,86,4217,317
717784,118,4169,254
717785,112,4153,287
717786,63,4177,368
717787,59,4182,373
717788,102,4145,324
717789,104,4132,328
717790,76,4172,378
717791,99,4180,350
717792,155,4129,247
717793,145,4112,227
717794,65,4148,303
717795,13,4150,350
717796,25,4130,338
717797,50,4137,316
717798,80,4142,282
717799,121,4127,231
717800,138,4122,241
717801,107,4142,315
717802,76,4152,365
717803,83,4139,371
717804,91,4151,388
717805,137,4181,332
717806,177,4157,285
717807,169,4167,331
717808,132,4202,394
717809,147,4204,380
717810,189,4183,318
717811,185,4190,332
717812,143,4215,386
717813,131,4199,398
717814,140,4162,417
717815,109,4169,480
717816,76,4190,524
717817,96,4175,484
717818,135,4152,453
717819,147,4160,461
717820,151,4159,459
717821,174,4124,461
717822,168,4121,505
717823,132,4156,540
717824,143,4167,480
717825,202,4139,372
717826,226,4120,341
717827,191,4133,383
717828,155,4126,394
717829,138,4090,387
717830,115,4088,419
717831,96,4109,452
717832,112,4089,414
717833,144,4060,374
717834,135,4065,404
717835,101,4074,457
717836,97,4066,458
717837,115,4049,426
717838,123,4048,400
717839,130,4056,377
717840,149,4043,345
717841,125,4034,359
717842,94,4054,381
717843,97,4045,358
717844,112,4019,336
717845,100,4024,362
717846,73,4052,364
717847,79,4047,294
717848,103,4029,249
717849,83,4056,307
717850,38,4093,367
717851,39,4085,337
717852,74,4067,283
717853,86,4084,301
717854,81,4121,318
717855,103,4129,262
717856,127,4105,209
717857,86,4100,256
717858,22,4139,348
717859,17,4155,332
717860,80,4120,242
717861,125,4105,206
717862,101,4130,238
717863,78,4133,260
717864,76,4106,250
717865,51,4111,289
717866,21,4139,339
717867,41,4139,320
717868,90,4128,294
717869,109,4141,315
717870,106,4144,350
717871,125,4121,361
717872,137,4115,376
717873,105,4137,406
717874,80,4150,412
717875,108,4134,404
717876,141,4126,401
717877,126,4142,434
717878,116,4141,426
717879,117,4164,418
717880,124,4179,425
717881,128,4165,423
717882,125,4167,448
717883,116,4187,475
717884,121,4186,453
717885,139,4169,425
717886,131,4181,434
717887,114,4202,454
717888,124,4182,426
717889,131,4164,429
717890,114,4183,490
717891,98,4182,533
717892,115,4166,533
717893,142,4182,514
717894,151,4184,486
717895,157,4156,462
717896,159,4157,492
717897,140,4167,541
717898,129,4143,538
717899,151,4134,510
717900,166,4146,491
717901,159,4128,473
717902,152,4108,478
717903,129,4119,506
717904,106,4126,515
717905,119,4114,484
717906,141,4109,451
717907,146,4111,438
717908,131,4107,437
717909,107,4120,459
717910,95,4139,480
717911,111,4131,455
717912,135,4133,442
717913,109,4147,478
717914,101,4139,474
717915,118,4140,461
717916,139,4145,449
717917,162,4132,412
717918,165,4125,406
717919,126,4146,438
717920,95,4151,473
717921,108,4136,479
717922,131,4144,471
717923,152,4171,477
717924,177,4169,455
717925,187,4161,466
717926,168,4179,527
717927,155,4169,559
717928,173,4141,541
717929,183,4155,538
717930,171,4168,537
717931,164,4138,522
717932,162,4121,564
717933,144,4144,628
717934,144,4158,620
717935,185,4136,546
717936,202,4120,520
717937,168,4141,551
717938,147,4151,573
717939,166,4128,565
717940,169,4131,568
717941,156,4168,584
717942,170,4177,541
717943,205,4157,494
717944,205,4160,514
717945,176,4179,552
717946,186,4173,559
717947,226,4164,529
717948,209,4176,532
717949,213,4168,491
717950,219,4162,461
717951,194,4177,484
717952,166,4183,509
717953,156,4160,498
717954,143,4149,495
717955,130,4154,516
717956,139,4127,512
717957,152,4099,495
717958,137,4119,498
717959,123,4134,479
717960,136,4116,422
717961,148,4119,385
717962,141,4137,381
717963,145,4124,358
717964,160,4096,334
717965,143,4102,351
717966,107,4117,349
717967,105,4105,280
717968,128,4087,192
717969,133,4092,153
717970,112,4099,146
717971,89,4091,141
717972,74,4090,151
717973,53,4092,157
717974,46,4084,144
717975,49,4077,123
717976,45,4090,113
717977,50,4100,95
717978,70,4084,68
717979,67,4082,96
717980,35,4105,167
717981,28,4111,200
717982,56,4095,179
717983,77,4110,175
717984,85,4131,198
717985,101,4123,210
717986,108,4135,253
717987,97,4135,275
717988,101,4135,259
717989,109,4151,232
717990,122,4145,206
717991,120,4130,202
717992,94,4151,236
717993,69,4168,261
717994,80,4152,235
717995,99,4147,212
717996,87,4174,238
717997,79,4188,250
717998,107,4171,226
717999,127,4160,231
718000,109,4178,270
718001,97,4195,285
718002,118,4187,253
718003,138,4177,229
718004,131,4183,240
718005,122,4187,263
718006,110,4179,312
718007,73,4185,377
718008,46,4201,401
718009,65,4199,368
718010,111,4193,329
718011,154,4198,342
718012,176,4179,354
718013,179,4152,304
718014,168,4156,248
718015,138,4193,269
718016,103,4234,348
718017,109,4245,367
718018,167,4216,324
718019,196,4181,321
718020,172,4188,385
718021,193,4177,358
718022,211,4163,352
718023,186,4188,410
718024,165,4201,445
718025,188,4178,417
718026,214,4156,384
718027,203,4159,405
718028,186,4177,428
718029,200,4171,376
718030,228,4150,330
718031,223,4145,348
718032,190,4159,406
718033,166,4165,426
718034,173,4152,403
718035,182,4154,389
718036,171,4176,384
718037,167,4185,373
718038,179,4175,343
718039,185,4175,338
718040,172,4177,351
718041,169,4167,354
718042,176,4156,357
718043,161,4161,356
718044,135,4182,363
718045,140,4181,348
718046,165,4162,312
718047,168,4169,332
718048,140,4186,358
718049,131,4177,334
718050,163,4156,300
718051,168,4158,312
718052,140,4178,365
718053,140,4170,360
718054,174,4140,313
718055,184,4133,319
718056,162,4154,363
718057,157,4155,363
718058,197,4128,319
718059,169,4144,352
718060,155,4153,339
718061,170,4136,289
718062,173,4116,267
718063,152,4122,297
718064,128,4137,330
718065,121,4125,330
718066,123,4112,326
718067,109,4120,342
718068,104,4125,339
718069,131,4114,286
718070,152,4112,246
718071,137,4131,258
718072,118,4156,269
718073,134,4163,246
718074,151,4150,219
718075,128,4144,236
718076,79,4157,281
718077,50,4163,298
718078,57,4148,296
718079,73,4139,293
718080,69,4147,313
718081,60,4155,321
718082,74,4146,291
718083,103,4132,238
718084,114,4128,208
718085,93,4127,252
718086,62,4131,322
718087,55,4142,340
718088,83,4138,301
718089,109,4127,267
718090,120,4138,293
718091,125,4148,326
718092,142,4137,314
718093,157,4121,343
718094,120,4137,398
718095,103,4146,436
718096,115,4143,420
718097,130,4139,384
718098,128,4144,375
718099,123,4158,377
718100,127,4178,356
718101,135,4188,301
718102,123,4181,277
718103,88,4179,331
718104,60,4185,410
718105,55,4191,435
718106,83,4188,399
718107,121,4182,378
718108,134,4193,388
718109,141,4209,392
718110,162,4209,372
718111,188,4201,347
718112,192,4197,369
718113,172,4205,430
718114,153,4215,479
718115,164,4204,479
718116,191,4179,444
718117,188,4171,457
718118,158,4191,495
718119,152,4204,495
718120,181,4184,456
718121,188,4167,439
718122,153,4173,476
718123,122,4175,493
718124,127,4149,470
718125,132,4126,444
718126,111,4144,452
718127,96,4163,442
718128,140,4124,352
718129,122,4135,392
718130,89,4151,408
718131,97,4138,357
718132,124,4121,297
718133,114,4132,294
718134,94,4146,311
718135,98,4131,299
718136,109,4105,312
718137,90,4106,341
718138,59,4119,376
718139,67,4107,381
718140,101,4086,353
718141,113,4091,379
718142,91,4106,408
718143,73,4104,396
718144,79,4100,405
718145,86,4112,430
718146,88,4116,463
718147,102,4099,472
718148,115,4096,494
718149,122,4109,517
718150,143,4098,494
718151,171,4080,477
718152,163,4088,485
718153,132,4105,480
718154,129,4097,445
718155,141,4083,428
718156,134,4093,436
718157,117,4105,433
718158,120,4100,410
718159,126,4104,427
718160,108,4122,484
718161,92,4137,493
718162,108,4131,438
718163,116,4118,411
718164,85,4128,462
718165,78,4134,463
718166,100,4119,420
718167,124,4100,396
718168,122,4109,439
718169,106,4134,482
718170,111,4137,466
718171,134,4125,436
718172,137,4123,446
718173,118,4130,506
718174,106,4142,575
718175,119,4149,606
718176,146,4128,586
718177,160,4107,555
718178,166,4115,544
718179,170,4120,518
718180,179,4109,477
718181,187,4112,475
718182,171,4137,512
718183,163,4157,526
718184,184,4160,519
718185,196,4160,551
718186,183,4177,606
718187,194,4190,618
718188,246,4165,582
718189,274,4135,559
718190,243,4145,594
718191,187,4174,628
718192,159,4181,627
718193,158,4185,634
718194,139,4205,669
718195,131,4210,666
718196,142,4178,607
718197,141,4166,596
718198,113,4196,643
718199,109,4157,670
718200,129,4144,668
718201,143,4149,659
718202,169,4127,630
718203,195,4104,634
718204,181,4121,652
718205,155,4145,643
718206,161,4128,575
718207,163,4104,538
718208,124,4109,561
718209,89,4108,553
718210,97,4072,524
718211,101,4060,527
718212,76,4091,546
718213,76,4108,507
718214,97,4102,442
718215,92,4115,419
718216,72,4142,421
718217,69,4142,398
718218,76,4141,376
718219,62,4173,379
718220,51,4200,356
718221,67,4194,302
718222,81,4193,283
718223,65,4208,301
718224,41,4209,326
718225,30,4196,343
718226,29,4194,353
718227,35,4187,380
718228,47,4170,410
718229,56,4167,446
718230,68,4174,467
718231,94,4170,437
718232,125,4153,419
718233,120,4143,447
718234,84,4154,496
718235,92,4144,460
718236,99,4142,439
718237,95,4155,428
718238,85,4157,392
718239,88,4140,348
718240,88,4124,345
718241,67,4136,380
718242,56,4151,399
718243,70,4135,355
718244,83,4113,326
718245,83,4110,348
718246,80,4113,372
718247,86,4093,396
718248,75,4071,414
718249,48,4080,445
718250,44,4087,467
718251,72,4072,458
718252,102,4079,470
718253,112,4100,446
718254,125,4091,400
718255,143,4070,394
718256,137,4074,425
718257,123,4074,443
718258,126,4055,419
718259,118,4050,439
718260,90,4066,495
718261,77,4070,509
718262,98,4059,494
718263,118,4056,496
718264,106,4074,505
718265,105,4088,489
718266,129,4069,437
718267,131,4045,439
718268,96,4066,492
718269,81,4098,479
718270,112,4098,434
718271,92,4123,444
718272,73,4126,428
718273,92,4108,393
718274,91,4119,419
718275,63,4141,479
718276,60,4135,518
718277,89,4120,504
718278,106,4117,479
718279,110,4115,459
718280,110,4108,455
718281,92,4118,500
718282,64,4129,526
718283,64,4111,542
718284,79,4103,544
718285,82,4128,531
718286,86,4137,507
718287,99,4120,458
718288,110,4121,455
718289,90,4138,483
718290,79,4134,508
718291,88,4121,514
718292,83,4135,524
718293,86,4143,519
718294,103,4123,487
718295,107,4123,497
718296,86,4139,528
718297,78,4131,535
718298,94,4122,521
718299,100,4142,516
718300,104,4158,496
718301,118,4143,451
718302,103,4114,482
718303,43,4115,605
718304,33,4143,598
718305,104,4124,488
718306,135,4142,453
718307,122,4165,439
718308,110,4148,395
718309,111,4126,417
718310,72,4138,502
718311,25,4159,559
718312,41,4152,535
718313,76,4133,474
718314,81,4148,470
718315,75,4171,470
718316,88,4155,418
718317,111,4127,393
718318,97,4124,447
718319,53,4151,526
718320,48,4164,536
718321,94,4136,469
718322,117,4120,436
718323,106,4142,445
718324,107,4154,409
718325,119,4138,375
718326,109,4127,401
718327,74,4135,473
718328,64,4149,521
718329,93,4139,488
718330,113,4123,450
718331,108,4138,470
718332,100,4151,475
718333,109,4140,438
718334,118,4134,426
718335,105,4134,444
718336,88,4125,481
718337,82,4121,502
718338,69,4143,513
718339,62,4163,513
718340,103,4124,450
718341,93,4130,492
718342,69,4155,537
718343,75,4155,529
718344,111,4143,457
718345,131,4158,401
718346,125,4173,354
718347,107,4161,331
718348,75,4161,378
718349,29,4175,429
718350,8,4176,455
718351,24,4174,443
718352,60,4172,405
718353,88,4163,371
718354,98,4161,384
718355,92,4176,418
718356,91,4183,442
718357,108,4173,440
718358,124,4180,429
718359,131,4197,428
718360,140,4188,387
718361,145,4169,375
718362,118,4173,410
718363,69,4185,440
718364,52,4167,437
718365,56,4145,427
718366,46,4159,451
718367,48,4164,423
718368,78,4149,368
718369,99,4151,358
718370,115,4164,365
718371,151,4152,353
718372,193,4132,331
718373,216,4146,330
718374,198,4167,303
718375,103,4170,298
718376,27,4188,344
718377,-24,4184,343
718378,-34,4157,284
718379,-39,4144,234
718380,-51,4142,213
718381,-49,4131,198
718382,-28,4128,197
718383,-8,4135,198
718384,20,4138,206
718385,66,4145,241
718386,117,4168,274
718387,177,4197,261
718388,230,4212,216
718389,209,4213,247
718390,121,4204,358
718391,55,4156,419
718392,42,4091,400
718393,32,4072,370
718394,-2,4090,353
718395,-38,4090,353
718396,-62,4077,381
718397,-78,4088,425
718398,-61,4110,434
718399,5,4103,391
718400,71,4086,349
718401,110,4088,357
718402,139,4093,370
718403,164,4090,385
718404,168,4092,445
718405,154,4115,513
718406,149,4141,545
718407,168,4143,510
718408,177,4137,493
718409,149,4138,515
718410,102,4130,549
718411,96,4124,542
718412,96,4134,548
718413,116,4141,523
718414,142,4135,457
718415,151,4126,450
718416,131,4119,481
718417,122,4109,496
718418,138,4091,502
718419,151,4085,516
718420,153,4102,530
718421,161,4113,497
718422,183,4105,429
718423,191,4103,399
718424,162,4111,421
718425,121,4118,468
718426,105,4115,500
718427,99,4114,510
718428,83,4130,519
718429,88,4149,511
718430,110,4159,472
718431,122,4153,438
718432,111,4138,438
718433,90,4142,471
718434,86,4159,491
718435,107,4158,459
718436,130,4144,428
718437,134,4147,426
718438,125,4155,424
718439,116,4147,382
718440,105,4143,328
718441,73,4144,332
718442,36,4161,373
718443,15,4184,375
718444,23,4186,332
718445,45,4197,296
718446,43,4230,330
718447,47,4232,346
718448,59,4192,331
718449,47,4154,311
718450,13,4148,306
718451,7,4159,303
718452,30,4174,295
718453,46,4200,304
718454,44,4225,314
718455,43,4236,308
718456,61,4233,294
718457,87,4214,290
718458,78,4195,322
718459,55,4198,360
718460,67,4204,340
718461,91,4190,297
718462,91,4188,286
718463,61,4206,303
718464,32,4212,304
718465,30,4207,284
718466,33,4194,272
718467,15,4177,305
718468,-17,4178,385
718469,-25,4196,407
718470,13,4183,355
718471,60,4150,318
718472,64,4149,345
718473,34,4166,392
718474,30,4166,365
718475,69,4145,295
718476,87,4131,267
718477,56,4148,307
718478,30,4175,353
718479,43,4178,322
718480,92,4183,268
718481,85,4192,273
718482,77,4199,291
718483,76,4201,324
718484,64,4193,380
718485,42,4186,425
718486,39,4191,430
718487,59,4191,405
718488,82,4176,392
718489,77,4170,438
718490,52,4176,493
718491,60,4180,495
718492,112,4174,439
718493,150,4156,389
718494,143,4149,397
718495,117,4162,438
718496,105,4162,444
718497,121,4145,414
718498,140,4143,373
718499,128,4150,380
718500,102,4149,419
718501,86,4156,433
718502,100,4155,412
718503,129,4124,381
718504,132,4114,395
718505,114,4138,409
718506,115,4143,367
718507,143,4113,291
718508,158,4088,259
718509,119,4076,289
718510,58,4069,341
718511,22,4078,375
718512,7,4081,349
718513,24,4065,290
718514,54,4052,285
718515,56,4107,295
718516,103,4102,217
718517,140,4080,149
718518,132,4075,156
718519,86,4079,226
718520,42,4082,276
718521,32,4093,274
718522,53,4091,248
718523,77,4081,227
718524,75,4093,219
718525,71,4104,222
718526,79,4094,218
718527,76,4082,225
718528,57,4076,256
718529,39,4058,321
718530,29,4059,391
718531,34,4076,443
718532,60,4080,466
718533,97,4084,466
718534,123,4113,467
718535,138,4138,448
718536,162,4124,413
718537,183,4097,392
718538,167,4089,413
718539,128,4100,453
718540,108,4121,463
718541,115,4138,447
718542,129,4138,424
718543,134,4143,432
718544,125,4157,461
718545,118,4164,465
718546,131,4163,449
718547,154,4167,443
718548,164,4168,475
718549,153,4155,542
718550,137,4155,618
718551,152,4135,593
718552,167,4111,575
718553,165,4117,588
718554,152,4134,581
718555,151,4136,546
718556,162,4137,524
718557,164,4140,523
718558,155,4138,545
718559,148,4122,557
718560,129,4113,574
718561,102,4124,605
718562,95,4142,572
718563,115,4139,502
718564,151,4114,437
718565,162,4119,444
718566,130,4144,497
718567,104,4145,491
718568,108,4132,453
718569,111,4129,422
718570,102,4130,404
718571,95,4122,397
718572,89,4102,404
718573,57,4090,440
718574,16,4112,474
718575,16,4124,448
718576,62,4104,357
718577,104,4094,278
718578,107,4096,269
718579,69,4086,328
718580,25,4079,416
718581,19,4077,436
718582,43,4083,379
718583,66,4098,301
718584,90,4105,237
718585,85,4110,201
718586,62,4115,218
718587,50,4116,244
718588,32,4116,281
718589,-2,4116,314
718590,-23,4125,331
718591,-11,4145,298
718592,20,4150,238
718593,40,4137,215
718594,31,4145,246
718595,16,4172,295
718596,27,4191,300
718597,70,4195,274
718598,106,4196,252
718599,90,4196,251
718600,50,4185,290
718601,17,4176,342
718602,1,4182,398
718603,8,4195,439
718604,26,4209,460
718605,52,4228,460
718606,88,4235,440
718607,111,4223,436
718608,101,4221,476
718609,75,4241,526
718610,85,4252,525
718611,134,4241,490
718612,166,4230,489
718613,156,4239,536
718614,147,4238,552
718615,165,4211,534
718616,159,4214,573
718617,133,4236,610
718618,148,4220,568
718619,178,4181,527
718620,109,4184,626
718621,82,4188,640
718622,104,4184,588
718623,139,4170,532
718624,152,4160,534
718625,139,4157,573
718626,120,4147,605
718627,104,4143,615
718628,105,4153,593
718629,128,4143,548
718630,142,4111,523
718631,118,4092,553
718632,73,4090,607
718633,44,4097,639
718634,54,4105,601
718635,86,4109,539
718636,101,4113,499
718637,98,4117,486
718638,87,4124,502
718639,79,4119,479
718640,95,4115,413
718641,115,4119,355
718642,121,4114,332
718643,108,4097,344
718644,77,4086,378
718645,47,4097,400
718646,38,4101,374
718647,66,4080,305
718648,90,4071,288
718649,72,4080,321
718650,43,4082,335
718651,24,4079,361
718652,13,4086,377
718653,20,4092,359
718654,48,4079,335
718655,55,4075,427
718656,45,4103,452
718657,75,4109,402
718658,117,4100,357
718659,126,4107,366
718660,105,4123,443
718661,90,4129,508
718662,94,4127,535
718663,103,4130,540
718664,115,4139,518
718665,124,4136,516
718666,109,4131,531
718667,84,4145,585
718668,80,4162,604
718669,101,4171,575
718671,126,4172,548
718672,138,4164,504
718673,142,4160,497
718674,139,4171,527
718675,138,4179,550
718676,139,4179,544
718677,137,4179,522
718678,137,4172,498
718679,139,4159,503
718680,126,4148,568
718681,89,4145,626
718682,67,4150,675
718683,72,4153,701
718684,94,4153,672
718685,125,4149,626
718686,151,4139,570
718687,160,4135,545
718688,148,4143,564
718689,132,4152,569
718690,123,4162,562
718691,121,4165,534
718692,124,4147,497
718693,100,4139,529
718694,59,4154,582
718695,37,4171,610
718696,47,4176,572
718697,71,4182,505
718698,92,4189,455
718699,96,4196,444
718700,77,4189,463
718701,44,4174,479
718702,24,4172,485
718703,19,4180,462
718704,24,4182,404
718705,38,4168,359
718706,32,4150,355
718707,-3,4150,398
718708,-24,4160,429
718709,-4,4160,380
718710,41,4158,319
718711,73,4161,291
718712,74,4157,285
718713,64,4144,305
718714,55,4130,343
718715,38,4133,386
718716,31,4151,403
718717,54,4140,375
718718,74,4113,362
718719,71,4119,402
718720,68,4138,443
718721,92,4134,427
718722,127,4121,409
718723,121,4125,436
718724,92,4123,472
718725,84,4118,475
718726,83,4126,460
718727,59,4133,468
718728,32,4122,495
718729,5,4125,539
718730,12,4140,549
718731,62,4138,506
718732,129,4124,444
718733,163,4118,407
718734,155,4125,468
718735,136,4127,542
718736,131,4131,563
718737,145,4135,524
718738,167,4110,454
718739,167,4088,459
718740,128,4095,528
718741,92,4102,557
718742,91,4097,520
718743,104,4086,460
718744,108,4073,425
718745,92,4078,468
718746,60,4098,537
718747,57,4106,539
718748,93,4091,491
718749,132,4071,456
718750,136,4076,475
718751,109,4094,511
718752,102,4102,493
718753,130,4103,432
718754,158,4104,396
718755,154,4100,401
718756,121,4093,444
718757,74,4095,504
718758,31,4117,538
718759,26,4130,522
718760,56,4106,465
718761,78,4080,449
718762,67,4104,520
718763,95,4094,469
718764,136,4080,413
718765,144,4084,414
718766,120,4102,463
718767,95,4111,506
718768,96,4119,517
718769,114,4125,496
718770,132,4119,475
718771,132,4117,495
718772,115,4130,541
718773,106,4145,543
718774,127,4141,495
718775,151,4124,457
718776,141,4118,485
718777,104,4122,553
718778,78,4137,589
718779,76,4142,586
718780,83,4123,569
718781,84,4112,572
718782,70,4125,601
718783,75,4144,593
718784,113,4148,524
718785,151,4149,476
718786,164,4158,512
718787,141,4167,582
718788,112,4168,604
718789,109,4151,568
718790,119,4136,545
718791,110,4159,584
718792,89,4193,620
718793,101,4205,600
718794,132,4198,554
718795,157,4193,542
718796,162,4187,591
718797,123,4160,735
718798,116,4153,751
718799,128,4145,714
718800,151,4137,657
718801,158,4138,627
718802,149,4156,630
718803,144,4171,602
718804,145,4163,553
718805,148,4151,508
718806,140,4144,504
718807,111,4144,536
718808,90,4149,566
718809,96,4146,564
718810,102,4133,537
718811,95,4127,541
718812,80,4133,565
718813,80,4135,547
718814,114,4133,492
718815,136,4134,469
718816,121,4128,506
718817,83,4123,582
718818,53,4137,652
718819,64,4143,661
718820,104,4132,606
718821,133,4136,559
718822,141,4154,546
718823,150,4171,523
718824,174,4179,494
718825,183,4168,475
718826,163,4163,521
718827,128,4187,593
718828,113,4194,607
718829,120,4159,584
718830,117,4149,580
718831,98,4185,604
718832,95,4202,587
718833,152,4178,497
718834,126,4188,513
718835,105,4198,529
718836,116,4176,507
718837,126,4156,516
718838,107,4166,565
718839,88,4176,574
718840,108,4173,539
718841,139,4157,519
718842,144,4153,557
718843,124,4172,617
718844,119,4177,620
718845,143,4152,581
718846,157,4140,596
718847,135,4165,653
718848,118,4186,648
718849,136,4163,567
718850,149,4134,531
718851,131,4139,577
718852,111,4141,605
718853,114,4116,608
718854,116,4115,647
718855,97,4138,679
718856,99,4145,662
718857,130,4128,613
718858,143,4113,602
718859,131,4127,629
718860,125,4131,631
718861,136,4120,587
718862,146,4123,568
718863,137,4132,557
718864,133,4132,514
718865,132,4120,496
718866,92,4113,521
718867,47,4140,568
718868,63,4147,510
718869,68,4153,499
718870,59,4183,514
718871,71,4187,452
718872,107,4158,382
718873,103,4144,388
718874,56,4161,437
718875,30,4165,437
718876,47,4129,375
718877,67,4102,350
718878,55,4111,369
718879,37,4121,354
718880,56,4104,307
718881,81,4081,278
718882,70,4091,303
718883,56,4102,333
718884,73,4093,322
718885,96,4083,316
718886,99,4099,346
718887,97,4129,371
718888,114,4140,356
718889,134,4134,349
718890,120,4125,390
718891,78,4130,470
718892,55,4148,528
718893,71,4148,541
718894,95,4138,538
718895,103,4150,574
718896,93,4167,592
718897,113,4168,534
718898,155,4154,496
718899,150,4154,518
718900,115,4173,562
718901,107,4170,559
718902,131,4140,515
718903,137,4134,549
718904,147,4146,582
718905,183,4143,595
718906,201,4144,622
718907,198,4169,675
718908,192,4187,684
718909,208,4182,654
718910,227,4163,624
718911,220,4154,654
718912,192,4167,720
718913,181,4172,742
718914,194,4152,728
718915,188,4145,746
718916,167,4173,764
718917,175,4174,695
718918,213,4136,604
718919,216,4118,605
718920,165,4137,664
718921,132,4162,658
718922,158,4164,593
718923,181,4147,543
718924,168,4135,561
718925,137,4149,597
718926,119,4158,574
718927,130,4137,529
718928,128,4122,509
718929,103,4123,532
718930,82,4133,541
718931,81,4146,508
718932,100,4139,486
718933,103,4120,483
718934,83,4122,516
718935,60,4130,490
718936,72,4113,402
718937,103,4091,355
718938,61,4118,396
718939,61,4114,376
718940,87,4093,361
718941,84,4092,384
718942,56,4116,392
718943,69,4115,363
718944,101,4084,329
718945,100,4082,376
718946,69,4109,459
718947,70,4119,477
718948,112,4101,477
718949,121,4096,485
718950,107,4123,497
718951,119,4127,490
718952,145,4096,460
718953,152,4092,501
718954,135,4111,552
718955,150,4106,548
718956,178,4092,537
718957,162,4101,558
718958,138,4106,576
718959,138,4096,544
718960,143,4107,543
718961,136,4123,568
718962,156,4112,564
718963,170,4107,580
718964,139,4122,626
718965,120,4123,649
718966,133,4113,622
718967,150,4131,604
718968,151,4152,582
718969,172,4140,550
718970,189,4127,564
718971,164,4148,621
718972,142,4156,642
718973,177,4130,561
718974,165,4142,568
718975,157,4135,549
718976,154,4114,538
718977,112,4119,562
718978,69,4133,589
718979,89,4116,576
718980,120,4108,576
718981,121,4136,606
718982,128,4147,573
718983,174,4138,498
718984,212,4139,470
718985,207,4139,471
718986,199,4130,452
718987,194,4115,457
718988,162,4114,486
718989,129,4118,486
718990,118,4105,453
718991,106,4097,429
718992,83,4113,450
718993,62,4129,436
718994,81,4126,370
718995,109,4113,336
718996,101,4106,360
718997,91,4122,418
718998,101,4128,434
718999,127,4111,406
719000,128,4112,393
719001,112,4139,389
719002,117,4152,361
719003,149,4126,305
719004,159,4100,305
719005,112,4117,388
719006,78,4149,441
719007,88,4144,414
719008,103,4119,381
719009,76,4162,397
719010,96,4161,324
719011,131,4136,304
719012,116,4141,395
719013,84,4167,477
719014,94,4166,481
719015,122,4155,459
719016,133,4171,475
719017,132,4186,485
719018,145,4173,462
719019,156,4159,479
719020,133,4171,517
719021,124,4181,522
719022,138,4161,523
719023,139,4149,559
719024,127,4171,595
719025,129,4170,587
719026,164,4137,557
719027,189,4130,536
719028,184,4151,514
719029,195,4151,463
719030,222,4141,422
719031,213,4152,445
719032,181,4161,481
719033,169,4151,478
719034,148,4144,505
719035,107,4153,531
719036,106,4149,489
719037,137,4122,411
719038,148,4121,392
719039,128,4162,417
719040,114,4190,406
719041,134,4183,389
719042,148,4177,399
719043,145,4181,418
719044,171,4146,385
719045,159,4142,401
719046,129,4163,413
719047,114,4169,401
719048,116,4152,365
719049,105,4148,383
719050,80,4155,414
719051,94,4138,383
719052,121,4111,346
719053,107,4115,360
719054,74,4135,386
719055,63,4148,356
719056,81,4154,298
719057,95,4148,265
719058,86,4141,278
719059,71,4145,325
719060,67,4136,350
719061,76,4119,346
719062,76,4122,384
719063,60,4134,425
719064,60,4140,415
719065,84,4129,364
719066,110,4103,337
719067,107,4096,388
719068,75,4117,449
719069,65,4120,443
719070,97,4097,384
719071,118,4087,362
719072,102,4091,387
719073,81,4086,389
719074,79,4068,377
719075,86,4042,388
719076,69,4034,432
719077,38,4070,490
719078,40,4100,496
719079,116,4082,386
719080,108,4111,427
719081,103,4117,401
719082,135,4098,343
719083,144,4086,379
719084,105,4089,463
719085,86,4102,525
719086,107,4090,521
719087,129,4069,498
719088,124,4084,516
719089,112,4106,513
719090,128,4101,456
719091,160,4079,394
719092,162,4065,387
719093,128,4087,438
719094,96,4134,474
719095,102,4146,448
719096,133,4128,387
719097,146,4135,365
719098,129,4160,368
719099,115,4166,332
719100,121,4160,315
719101,114,4156,334
719102,103,4152,374
719103,110,4160,397
719104,123,4162,391
719105,132,4144,375
719106,121,4143,372
719107,90,4166,387
719108,78,4175,370
719109,96,4150,338
719110,108,4131,357
719111,94,4145,420
719112,85,4166,440
719113,111,4169,378
719114,137,4153,344
719115,110,4155,404
719116,93,4171,455
719117,102,4173,431
719118,136,4153,366
719119,153,4144,339
719120,136,4154,382
719121,117,4157,432
719122,123,4156,429
719123,147,4164,395
719124,159,4156,334
719125,159,4134,311
719126,140,4137,353
719127,100,4146,399
719128,83,4132,383
719129,105,4114,355
719130,107,4112,375
719131,86,4118,400
719132,78,4124,410
719133,81,4130,398
719134,84,4137,381
719135,91,4140,372
719136,107,4133,383
719137,107,4138,426
719138,95,4166,451
719139,107,4177,419
719140,136,4149,386
719141,152,4130,415
719142,139,4151,483
719143,130,4168,493
719144,162,4166,427
719145,195,4169,377
719146,188,4173,389
719147,162,4170,452
719148,135,4177,534
719149,123,4193,556
719150,164,4167,481
719151,161,4168,493
719152,133,4184,532
719153,126,4186,498
719154,152,4180,423
719155,169,4173,376
719156,156,4164,385
719157,124,4163,451
719158,87,4180,512
719159,72,4197,503
719160,96,4181,453
719161,121,4158,419
719162,117,4169,445
719163,95,4186,475
719164,103,4181,425
719165,147,4170,368
719166,172,4151,332
719167,168,4134,344
719168,140,4139,409
719169,104,4156,440
719170,100,4154,397
719171,128,4127,338
719172,139,4104,332
719173,118,4109,381
719174,101,4108,420
719175,116,4088,424
719176,137,4091,435
719177,129,4102,441
719178,122,4073,423
719179,119,4053,451
719180,98,4088,493
719181,100,4113,444
719182,146,4084,358
719183,168,4059,340
719184,122,4069,399
719185,96,4082,367
719186,132,4074,277
719187,148,4074,207
719188,138,4084,212
719189,105,4083,262
719190,65,4063,328
719191,38,4052,404
719192,20,4071,448
719193,21,4087,436
719194,57,4084,354
719195,102,4085,300
719196,119,4093,308
719197,114,4103,349
719198,103,4111,394
719199,98,4115,430
719200,102,4132,440
719201,113,4144,409
719202,127,4129,359
719203,128,4122,337
719204,116,4127,381
719205,115,4125,416
719206,129,4121,437
719207,126,4132,446
719208,126,4141,423
719209,158,4119,389
719210,184,4091,384
719211,158,4087,457
719212,115,4098,553
719213,104,4103,590
719214,114,4105,588
719215,123,4110,562
719216,133,4121,509
719217,143,4124,460
719218,146,4121,433
719219,132,4136,435
719220,116,4128,439
719221,120,4122,454
719222,104,4135,474
719223,100,4124,463
719224,127,4101,441
719225,131,4108,460
719226,103,4139,480
719227,110,4158,462
719228,147,4155,427
719229,161,4143,416
719230,153,4134,454
719231,144,4137,522
719232,144,4158,576
719233,159,4164,578
719234,174,4165,536
719235,179,4192,500
719236,182,4207,469
719237,182,4188,433
719238,166,4176,476
719239,113,4193,578
719240,71,4207,628
719241,91,4205,596
719242,128,4208,512
719243,140,4212,453
719244,138,4209,425
719245,131,4204,409
719246,113,4194,398
719247,113,4180,373
719248,127,4181,384
719249,123,4192,392
719250,127,4190,371
719251,130,4172,383
719252,98,4170,443
719253,49,4178,524
719254,39,4169,556
719255,82,4176,498
719256,191,4187,326
719257,199,4182,329
719258,161,4203,386
719259,127,4220,373
719260,136,4219,320
719261,145,4209,290
719262,129,4188,313
719263,95,4182,379
719264,60,4189,447
719265,47,4183,492
719266,67,4173,498
719267,96,4170,466
719268,118,4163,449
719269,132,4158,471
719270,131,4165,514
719271,128,4166,530
719272,138,4159,504
719273,149,4167,502
719274,141,4179,506
719275,146,4167,464
719276,160,4144,431
719277,132,4136,466
719278,85,4142,527
719279,74,4151,559
719280,104,4165,525
719281,149,4168,445
719282,182,4156,384
719283,183,4155,396
719284,155,4185,427
719285,144,4205,378
719286,162,4198,293
719287,170,4198,265
719288,145,4193,305
719289,110,4180,363
719290,85,4164,419
719291,69,4138,519
719292,86,4150,531
719293,118,4152,499
719294,161,4135,452
719295,185,4121,438
719296,176,4119,493
719297,158,4122,538
719298,166,4129,500
719299,194,4126,417
719300,205,4108,359
719301,182,4103,388
719302,141,4107,449
719303,108,4099,479
719304,98,4104,481
719305,95,4133,469
719306,114,4148,412
719307,163,4125,331
719308,192,4110,345
719309,172,4130,444
719310,144,4151,489
719311,149,4164,442
719312,174,4175,360
719313,184,4164,311
719314,167,4149,319
719315,134,4161,362
719316,102,4177,392
719317,93,4183,390
719318,102,4191,397
719319,110,4198,386
719320,121,4191,353
719321,139,4171,338
719322,138,4168,383
719323,115,4187,452
719324,113,4190,464
719325,143,4171,450
719326,123,4185,504
719327,117,4185,501
719328,139,4163,463
719329,144,4157,443
719330,142,4166,433
719331,170,4160,404
719332,183,4159,410
719333,184,4171,385
719334,217,4165,302
719335,241,4142,264
719336,222,4127,306
719337,176,4131,391
719338,130,4137,451
719339,101,4136,463
719340,96,4128,444
719341,98,4110,427
719342,92,4089,447
719343,84,4075,513
719344,73,4073,561
719345,79,4075,556
719346,114,4081,514
719347,150,4100,460
719348,178,4111,406
719349,211,4103,370
719350,225,4094,396
719351,203,4100,475
719352,168,4115,548
719353,145,4124,565
719354,151,4134,514
719355,165,4133,460
719356,169,4123,449
719357,155,4134,473
719358,137,4143,512
719359,141,4124,511
719360,154,4106,523
719361,141,4152,505
719362,163,4138,443
719363,191,4096,428
719364,166,4091,525
719365,115,4126,629
719366,113,4149,612
719367,164,4144,515
719368,211,4125,430
719369,224,4110,399
719370,212,4107,411
719371,189,4107,457
719372,159,4112,487
719373,138,4124,475
719374,144,4133,423
719375,161,4121,353
719376,156,4102,324
719377,127,4095,359
719378,90,4094,429
719379,62,4094,486
719380,51,4105,506
719381,63,4115,481
719382,94,4107,434
719383,126,4087,391
719384,129,4084,408
719385,109,4104,445
719386,99,4122,443
719387,108,4130,413
719388,124,4131,380
719389,128,4140,356
719390,125,4157,310
719391,127,4163,254
719392,137,4152,214
719393,135,4151,224
719394,113,4169,279
719395,88,4181,326
719396,73,4194,341
719397,72,4196,315
719398,82,4173,286
719399,93,4160,308
719400,83,4165,382
719401,68,4173,434
719402,82,4174,446
719403,120,4155,440
719404,150,4139,460
719405,164,4163,497
719406,182,4180,479
719407,210,4157,434
719408,227,4143,462
719409,206,4154,537
719410,178,4156,584
719411,181,4142,600
719412,188,4146,593
719413,186,4164,572
719414,190,4157,539
719415,195,4133,516
719416,187,4130,545
719417,167,4139,583
719418,159,4142,586
719419,184,4159,546
719420,197,4177,503
719421,209,4175,445
719422,208,4165,411
719423,201,4163,415
719424,190,4158,419
719425,186,4160,443
719426,174,4160,465
719427,164,4134,423
719428,205,4168,342
719429,289,4315,230
719430,331,4419,134
719431,278,4377,117
719432,169,4251,188
719433,60,4124,316
719434,-21,4046,435
719435,-63,4040,493
719436,-54,4052,490
719437,-13,4036,465
719438,23,4035,492
719439,40,4072,556
719440,63,4108,566
719441,111,4126,522
719442,162,4138,466
719443,199,4145,448
719444,218,4151,449
719445,238,4159,455
719446,259,4164,458
719447,272,4156,463
719448,274,4153,475
719449,261,4161,475
719450,244,4170,442
719451,231,4168,408
719452,214,4153,427
719453,177,4147,479
719454,129,4152,531
719455,108,4162,540
719456,121,4168,504
719457,157,4153,428
719458,149,4147,457
719459,136,4160,509
719460,132,4175,520
719461,149,4183,484
719462,166,4187,427
719463,166,4196,393
719464,166,4204,380
719465,172,4203,368
719466,158,4200,391
719467,128,4204,437
719468,110,4206,491
719469,99,4209,525
719470,97,4219,497
719471,114,4216,442
719472,133,4195,410
719473,130,4182,444
719474,116,4187,521
719475,109,4200,569
719476,120,4221,552
719477,146,4226,499
719478,162,4213,457
719479,164,4222,435
719480,157,4219,403
719481,153,4189,360
719482,153,4176,368
719483,130,4179,412
719484,97,4175,438
719485,95,4173,443
719486,105,4177,431
719487,114,4170,391
719488,130,4150,355
719489,130,4125,349
719490,125,4120,378
719491,127,4138,397
719492,135,4161,368
719493,161,4145,281
719494,155,4138,288
719495,139,4146,316
719496,124,4139,329
719497,109,4119,369
719498,81,4114,427
719499,61,4127,448
719500,79,4140,415
719501,118,4135,362
719502,150,4111,334
719503,156,4085,364
719504,141,4083,455
719505,124,4101,526
719506,121,4112,532
719507,140,4109,495
719508,155,4103,469
719509,150,4119,477
719510,142,4143,463
719511,152,4139,407
719512,172,4124,356
719513,180,4114,376
719514,161,4106,434
719515,130,4097,480
719516,104,4091,529
719517,87,4092,544
719518,93,4111,508
719519,125,4128,420
719520,160,4112,305
719521,184,4087,256
719522,182,4084,310
719523,154,4090,394
719524,129,4092,453
719525,114,4100,486
719526,102,4100,506
719527,95,4091,494
719528,123,4101,439
719529,147,4104,405
719530,181,4095,376
719531,199,4083,376
719532,188,4067,414
719533,164,4056,469
719534,133,4057,551
719535,102,4061,605
719536,95,4065,614
719537,111,4086,570
719538,146,4105,473
719539,192,4088,381
719540,218,4063,356
719541,206,4067,427
719542,177,4090,510
719543,164,4102,525
719544,166,4108,492
719545,164,4108,460
719546,160,4114,441
719547,162,4129,406
719548,159,4131,346
719549,159,4127,293
719550,154,4127,301
719551,120,4136,345
719552,85,4153,384
719553,76,4152,399
719554,70,4136,401
719555,45,4146,438
719556,21,4163,471
719557,28,4161,463
719558,74,4162,438
719559,124,4175,409
719560,165,4180,364
719561,198,4172,326
719562,207,4168,332
719563,151,4182,429
719564,127,4181,454
719565,115,4178,464
719566,112,4172,453
719567,124,4157,443
719568,136,4160,420
719569,150,4181,387
719570,182,4178,346
719571,210,4151,327
719572,200,4137,390
719573,152,4134,500
719574,114,4131,559
719575,111,4117,571
719576,119,4106,569
719577,127,4117,554
719578,146,4123,519
719579,169,4124,488
719580,192,4144,473
719581,219,4158,440
719582,239,4139,406
719583,232,4111,435
719584,187,4099,541
719585,134,4111,635
719586,125,4133,637
719587,151,4138,555
719588,186,4124,466
719589,212,4113,452
719590,211,4127,471
719591,211,4139,474
719592,224,4119,450
719593,222,4098,445
719594,190,4097,502
719595,146,4102,547
719596,120,4099,565
719597,118,4088,586
719598,122,4079,587
719599,134,4074,590
719600,169,4079,600
719601,187,4110,584
719602,223,4126,512
719603,267,4116,433
719604,278,4106,408
719605,245,4108,444
719606,207,4110,486
719607,184,4101,526
719608,162,4102,558
719609,140,4115,546
719610,145,4110,485
719611,176,4092,418
719612,196,4090,396
719613,191,4095,395
719614,182,4092,369
719615,183,4087,332
719616,178,4080,302
719617,154,4080,297
719618,122,4090,304
719619,89,4093,309
719620,65,4090,320
719621,60,4095,338
719622,61,4094,354
719623,75,4081,363
719624,95,4082,397
719625,106,4096,420
719626,126,4101,400
719627,164,4101,348
719628,188,4104,321
719629,186,4106,336
719630,174,4100,365
719631,157,4103,430
719632,135,4114,496
719633,133,4126,531
719634,147,4138,536
719635,172,4159,516
719636,189,4168,492
719637,210,4161,459
719638,216,4153,463
719639,197,4153,512
719640,171,4161,570
719641,159,4174,612
719642,153,4178,620
719643,147,4168,612
719644,146,4169,612
719645,143,4173,619
719646,146,4174,607
719647,171,4189,568
719648,204,4197,515
719649,232,4177,477
719650,244,4159,472
719651,224,4159,535
719652,182,4155,611
719653,158,4149,624
719654,162,4148,591
719655,169,4147,541
719656,180,4145,493
719657,189,4141,476
719658,189,4140,491
719659,195,4151,502
719660,206,4160,481
719661,217,4147,439
719662,211,4123,410
719663,184,4122,440
719664,147,4137,503
719665,116,4131,532
719666,114,4116,530
719667,128,4114,513
719668,145,4114,496
719669,171,4127,458
719670,188,4142,406
719671,198,4133,373
719672,215,4128,357
719673,200,4131,333
719674,191,4116,296
719675,189,4111,282
719676,171,4108,285
719677,154,4090,296
719678,134,4076,333
719679,94,4078,390
719680,72,4083,449
719681,84,4084,452
719682,106,4086,428
719683,121,4100,411
719684,133,4127,360
719685,168,4134,298
719686,215,4110,234
719687,237,4098,221
719688,214,4110,278
719689,168,4120,335
719690,138,4123,386
719691,123,4122,424
719692,120,4118,448
719693,134,4132,472
719694,157,4158,462
719695,181,4159,421
719696,210,4142,403
719697,213,4152,439
719698,196,4179,463
719699,200,4177,425
719700,221,4154,386
719701,218,4139,398
719702,179,4131,459
719703,142,4135,525
719704,129,4149,577
719705,130,4146,608
719706,144,4135,613
719707,170,4155,608
719708,201,4184,563
719709,239,4178,463
719710,251,4163,441
719711,206,4177,535
719712,181,4191,585
719713,184,4195,552
719714,196,4182,477
719715,210,4175,442
719716,208,4188,464
719717,187,4202,470
719718,184,4198,445
719719,203,4186,430
719720,200,4177,453
719721,168,4172,499
719722,138,4162,540
719723,127,4150,584
719724,136,4147,606
719725,156,4158,602
719726,185,4168,549
719727,217,4160,468
719728,250,4159,397
719729,273,4159,354
719730,276,4149,342
719731,259,4146,352
719732,221,4149,401
719733,180,4147,431
719734,158,4143,442
719735,152,4162,441
719736,154,4181,406
719737,171,4176,338
719738,188,4168,281
719739,193,4173,282
719740,198,4169,302
719741,199,4159,340
719742,177,4166,405
719743,146,4174,457
719744,144,4163,464
719745,162,4149,467
719746,171,4153,483
719747,181,4167,487
719748,201,4174,478
719749,222,4176,469
719750,245,4176,441
719751,271,4172,393
719752,274,4159,362
719753,212,4116,351
719754,179,4114,356
719755,152,4122,355
719756,142,4137,356
719757,139,4130,357
719758,141,4099,364
719759,139,4081,386
719760,134,4072,407
719761,146,4055,395
719762,161,4048,386
719763,157,4060,428
719764,141,4070,478
719765,137,4066,496
719766,141,4070,509
719767,149,4084,525
719768,163,4090,532
719769,179,4096,545
719770,196,4116,572
719771,215,4138,595
719772,238,4150,576
719773,263,4155,517
719774,277,4146,477
719775,274,4143,469
719776,250,4152,458
719777,226,4139,443
719778,209,4120,455
719779,186,4115,496
719780,157,4113,523
719781,151,4099,496
719782,164,4085,463
719783,159,4090,463
719784,149,4098,461
719785,159,4106,424
719786,170,4113,379
719787,173,4115,372
719788,170,4115,405
719789,159,4160,389
719790,188,4160,300
719791,220,4157,236
719792,224,4174,244
719793,195,4180,276
719794,169,4167,315
719795,155,4155,385
719796,130,4157,454
719797,118,4171,473
719798,138,4174,444
719799,155,4172,416
719800,174,4180,402
719801,196,4176,392
719802,208,4166,412
719803,202,4168,472
719804,181,4175,513
719805,177,4175,504
719806,188,4175,479
719807,189,4176,451
719808,192,4177,411
719809,200,4175,370
719810,196,4169,337
719811,188,4176,349
719812,178,4190,387
719813,157,4191,395
719814,152,4180,407
719815,156,4172,434
719816,148,4184,461
719817,155,4205,455
719818,178,4197,404
719819,195,4167,356
719820,199,4150,383
719821,176,4151,460
719822,147,4153,517
719823,136,4161,534
719824,137,4162,529
719825,153,4150,509
719826,174,4156,468
719827,196,4171,421
719828,254,4147,308
719829,239,4140,342
719830,185,4140,410
719831,150,4135,476
719832,133,4122,512
719833,112,4125,503
719834,119,4129,479
719835,147,4120,431
719836,166,4120,402
719837,174,4125,401
719838,175,4114,404
719839,178,4112,453
719840,174,4123,525
719841,162,4128,577
719842,164,4129,589
719843,170,4132,575
719844,189,4141,532
719845,226,4150,451
719846,259,4149,379
719847,270,4148,358
719848,253,4157,385
719849,222,4165,422
719850,194,4168,456
719851,180,4169,487
719852,167,4160,498
719853,150,4157,516
719854,152,4168,509
719855,175,4164,466
719856,210,4160,410
719857,236,4177,375
719858,232,4190,358
719859,218,4182,335
719860,205,4166,365
719861,173,4159,437
719862,136,4153,508
719863,118,4133,547
719864,138,4129,521
719865,167,4130,498
719866,189,4133,472
719867,203,4148,460
719868,207,4173,433
719869,210,4179,380
719870,228,4167,319
719871,225,4156,295
719872,189,4156,315
719873,154,4155,329
719874,133,4146,339
719875,115,4148,353
719876,105,4152,371
719877,115,4154,373
719878,130,4163,353
719879,142,4164,303
719880,157,4151,258
719881,160,4138,265
719882,130,4139,321
719883,106,4138,380
719884,111,4130,409
719885,122,4139,413
719886,135,4155,388
719887,161,4151,346
719888,194,4133,308
719889,208,4129,326
719890,192,4135,383
719891,171,4137,416
719892,171,4129,431
719893,167,4127,453
719894,152,4131,480
719895,144,4129,486
719896,151,4143,445
719897,176,4156,369
719898,225,4126,248
719899,221,4121,307
719900,186,4117,392
719901,151,4119,471
719902,134,4127,505
719903,135,4129,490
719904,156,4127,454
719905,183,4149,404
719906,209,4175,344
719907,241,4178,300
719908,258,4178,301
719909,245,4176,355
719910,216,4151,431
719911,185,4126,478
719912,163,4122,495
719913,157,4121,494
719914,163,4116,485
719915,165,4123,501
719916,165,4141,533
719917,184,4151,522
719918,221,4150,477
719919,239,4146,451
719920,232,4147,463
719921,225,4147,493
719922,215,4136,526
719923,201,4129,560
719924,191,4135,587
719925,182,4130,582
719926,180,4117,554
719927,181,4112,524
719928,191,4125,502
719929,220,4137,482
719930,242,4106,451
719931,221,4052,431
719932,169,4025,424
719933,112,4029,445
719934,75,4047,479
719935,70,4064,490
719936,96,4081,472
719937,184,4078,421
719938,216,4082,437
719939,239,4099,422
719940,259,4103,368
719941,272,4081,304
719942,252,4069,274
719943,212,4068,303
719944,168,4069,351
719945,132,4079,412
719946,100,4090,468
719947,76,4087,499
719948,76,4080,506
719949,87,4093,488
719950,111,4112,430
719951,153,4112,357
719952,185,4101,327
719953,193,4100,360
719954,184,4120,410
719955,174,4144,444
719956,163,4157,456
719957,165,4165,463
719958,177,4174,480
719959,184,4187,478
719960,203,4190,444
719961,234,4176,377
719962,263,4167,346
719963,264,4167,385
719964,237,4161,440
719965,215,4154,487
719966,198,4153,520
719967,171,4148,542
719968,155,4146,555
719969,163,4145,546
719970,187,4138,519
719971,210,4128,494
719972,224,4111,503
719973,230,4091,600
719974,224,4087,657
719975,212,4099,703
719976,213,4126,682
719977,243,4130,580
719978,295,4113,452
719979,322,4114,392
719980,303,4127,409
719981,268,4122,422
719982,245,4110,413
719983,225,4108,412
719984,191,4105,445
719985,164,4102,493
719986,139,4103,526
719987,121,4104,537
719988,130,4099,522
719989,157,4104,464
719990,190,4115,398
719991,218,4116,347
719992,235,4115,330
719993,237,4117,346
719994,214,4115,371
719995,188,4110,408
719996,162,4110,452
719997,134,4112,479
719998,128,4112,477
719999,139,4113,468
720000,164,4114,452
720001,195,4121,416
720002,223,4134,375
720003,247,4143,341
720004,254,4147,306
720005,245,4155,317
720006,218,4156,357
720007,181,4150,367
720008,156,4154,363
720009,133,4152,362
720010,139,4130,423
720011,142,4129,473
720012,144,4126,499
720013,166,4123,511
720014,191,4128,516
720015,211,4135,499
720016,234,4135,469
720017,245,4141,447
720018,247,4155,437
720019,255,4151,388
720020,271,4130,349
720021,261,4120,387
720022,221,4121,449
720023,194,4114,486
720024,178,4119,492
720025,163,4135,481
720026,161,4126,456
720027,169,4115,423
720028,169,4130,420
720029,170,4135,404
720030,189,4126,362
720031,207,4126,363
720032,192,4130,405
720033,177,4133,438
720034,175,4134,468
720035,174,4140,487
720036,190,4157,477
720037,217,4171,444
720038,241,4169,400
720039,261,4161,391
720040,246,4160,436
720041,213,4167,481
720042,201,4174,493
720043,200,4177,496
720044,195,4179,511
720045,188,4188,479
720046,196,4180,445
720047,214,4178,425
720048,226,4184,435
720049,235,4182,446
720050,239,4171,459
720051,237,4163,492
720052,223,4159,534
720053,208,4168,554
720054,200,4187,528
720055,204,4182,475
720056,216,4159,442
720057,214,4159,448
720058,197,4169,468
720059,196,4152,454
720060,214,4132,449
720061,206,4139,482
720062,183,4154,471
720063,188,4152,420
720064,203,4143,360
720065,200,4137,337
720066,189,4139,381
720067,178,4141,437
720068,171,4142,468
720069,177,4134,468
720070,174,4126,456
720071,169,4127,431
720072,178,4122,417
720073,193,4112,403
720074,212,4105,393
720075,219,4104,406
720076,211,4106,422
720077,210,4111,448
720078,199,4116,468
720079,178,4116,477
720080,167,4102,486
720081,168,4099,495
720082,167,4099,515
720083,174,4101,518
720084,184,4113,512
720085,201,4125,469
720086,232,4128,409
720087,255,4123,375
720088,239,4115,381
720089,193,4110,427
720090,157,4107,461
720091,142,4105,492
720092,139,4106,494
720093,142,4120,478
720094,155,4138,448
720095,174,4138,402
720096,198,4141,373
720097,204,4147,366
720098,194,4138,391
720099,186,4137,440
720100,172,4160,487
720101,157,4178,500
720102,162,4169,478
720103,183,4158,454
720104,192,4157,474
720105,192,4165,499
720106,200,4174,496
720107,219,4172,472
720108,240,4159,449
720109,242,4159,462
720110,216,4160,501
720111,192,4160,528
720112,185,4172,531
720113,186,4176,508
720114,204,4164,473
720115,223,4161,455
720116,241,4158,429
720117,247,4142,434
720118,226,4143,495
720119,195,4151,562
720120,181,4148,584
720121,191,4146,555
720122,212,4155,497
720123,239,4152,442
720124,255,4138,410
720125,250,4139,439
720126,235,4146,471
720127,226,4135,472
720128,215,4129,470
720129,192,4131,480
720130,176,4135,476
720131,176,4140,452
720132,175,4141,445
720133,175,4145,449
720134,192,4161,434
720135,211,4165,381
720136,225,4157,329
720137,223,4162,325
720138,199,4170,369
720139,184,4163,410
720140,174,4158,430
720141,162,4165,451
720142,168,4170,444
720143,190,4179,411
720144,208,4190,391
720145,212,4192,393
720146,218,4182,383
720147,222,4180,367
720148,205,4186,368
720149,182,4188,383
720150,164,4187,421
720151,121,4215,473
720152,116,4210,460
720153,143,4194,451
720154,168,4190,460
720155,168,4188,482
720156,181,4179,492
720157,207,4173,480
720158,225,4168,467
720159,228,4154,477
720160,216,4139,509
720161,191,4128,562
720162,172,4128,607
720163,171,4137,620
720164,179,4154,593
720165,205,4162,528
720166,229,4149,467
720167,235,4138,457
720168,221,4144,488
720169,201,4146,516
720170,201,4134,535
720171,208,4126,573
720172,196,4128,619
720173,184,4143,618
720174,206,4154,582
720175,236,4133,540
720176,244,4110,554
720177,237,4115,622
720178,225,4135,660
720179,233,4146,642
720180,267,4152,566
720181,293,4151,480
720182,304,4137,420
720183,289,4128,404
720184,249,4117,438
720185,208,4100,498
720186,158,4113,579
720187,158,4119,533
720188,183,4115,474
720189,201,4099,454
720190,206,4096,478
720191,206,4109,524
720192,204,4114,545
720193,215,4110,532
720194,231,4116,521
720195,231,4130,511
720196,236,4149,492
720197,251,4155,465
720198,253,4149,427
720199,250,4140,424
720200,239,4137,466
720201,214,4139,519
720202,201,4132,550
720203,198,4131,560
720204,198,4143,563
720205,210,4143,538
720206,228,4126,505
720207,240,4113,524
720208,238,4111,586
720209,235,4107,635
720210,228,4094,657
720211,207,4095,657
720212,208,4105,622
720213,236,4103,539
720214,263,4094,472
720215,267,4107,442
720216,248,4126,417
720217,243,4123,387
720218,245,4113,381
720219,214,4106,416
720220,168,4105,464
720221,137,4112,498
720222,150,4145,435
720223,180,4155,370
720224,202,4154,323
720225,212,4147,315
720226,204,4136,344
720227,173,4123,415
720228,122,4128,492
720229,79,4154,528
720230,85,4187,475
720231,139,4188,355
720232,200,4166,248
720233,220,4156,222
720234,208,4155,255
720235,194,4151,275
720236,184,4154,306
720237,173,4160,319
720238,164,4136,310
720239,161,4103,312
720240,138,4088,356
720241,111,4072,421
720242,104,4052,460
720243,119,4049,498
720244,143,4061,518
720245,170,4068,502
720246,202,4072,465
720247,224,4087,425
720248,239,4086,401
720249,246,4071,390
720250,225,4070,441
720251,192,4094,487
720252,188,4116,484
720253,201,4128,454
720254,204,4124,423
720255,205,4110,438
720256,200,4106,466
720257,231,4132,448
720258,258,4122,389
720259,267,4099,374
720260,246,4091,410
720261,201,4085,476
720262,172,4073,509
720263,159,4072,529
720264,145,4080,555
720265,147,4089,563
720266,172,4095,559
720267,205,4109,533
720268,241,4117,514
720269,277,4099,491
720270,290,4085,479
720271,273,4091,521
720272,239,4090,554
720273,212,4082,565
720274,194,4088,568
720275,183,4100,568
720276,193,4096,559
720277,206,4097,531
720278,206,4116,516
720279,207,4125,484
720280,214,4123,442
720281,217,4130,428
720282,208,4149,410
720283,203,4159,376
720284,210,4154,339
720285,206,4148,322
720286,179,4151,351
720287,152,4153,399
720288,140,4146,426
720289,135,4145,454
720290,134,4159,489
720291,149,4180,467
720292,237,4149,321
720293,248,4127,319
720294,218,4128,400
720295,183,4125,482
720296,174,4117,529
720297,180,4117,536
720298,182,4113,536
720299,197,4103,519
720300,210,4100,502
720301,218,4107,491
720302,236,4114,461
720303,256,4121,435
720304,253,4130,423
720305,235,4130,432
720306,222,4114,456
720307,206,4099,501
720308,180,4100,577
720309,155,4112,635
720310,151,4121,642
720311,174,4126,628
720312,203,4146,593
720313,244,4174,523
720314,300,4173,433
720315,336,4154,371
720316,316,4154,417
720317,261,4165,488
720318,223,4163,502
720319,208,4151,490
720320,191,4147,482
720321,181,4151,476
720322,194,4145,457
720323,214,4126,441
720324,223,4120,450
720325,218,4141,448
720326,227,4148,403
720327,258,4096,360
720328,214,4096,438
720329,175,4102,469
720330,180,4095,447
720331,199,4087,425
720332,197,4091,446
720336,213,4078,472
720337,216,4072,470
720338,218,4071,459
720339,225,4077,437
720340,216,4099,409
720341,199,4114,389
720342,234,4108,352
720343,354,4131,278
720344,372,4144,231
720345,245,4117,251
720346,135,4113,314
720347,80,4123,395
720348,65,4116,434
720349,83,4103,444
720350,124,4112,440
720351,154,4130,420
720352,195,4139,389
720353,248,4151,334
720354,254,4168,305
720355,232,4180,312
720356,232,4183,294
720357,236,4164,260
720358,203,4164,297
720359,175,4189,317
720360,180,4192,290
720361,218,4157,253
720362,240,4144,270
720363,224,4154,334
720364,212,4152,344
720365,224,4140,325
720366,220,4130,334
720367,198,4130,358
720368,185,4138,397
720369,176,4148,425
720370,176,4157,437
720371,192,4167,455
720372,211,4168,484
720373,219,4166,519
720374,236,4190,510
720375,275,4208,471
720376,310,4191,428
720377,312,4186,442
720378,281,4211,495
720379,254,4224,490
720380,261,4217,449
720381,267,4217,429
720382,248,4231,428
720383,243,4237,400
720384,253,4213,337
720385,256,4181,297
720386,233,4167,331
720387,187,4152,390
720388,158,4132,439
720389,150,4131,461
720390,149,4145,455
720390,165,4147,427
720391,199,4131,384
720392,221,4126,400
720393,239,4150,439
720394,257,4136,435
720395,261,4135,424
720396,241,4148,423
720397,226,4146,400
720398,242,4133,372
720399,254,4135,365
720400,229,4154,391
720401,222,4182,399
720402,240,4186,364
720403,247,4165,310
720404,248,4163,274
720405,236,4175,279
720406,224,4164,284
720407,220,4138,312
720408,196,4134,380
720409,162,4142,443
720410,164,4144,470
720411,191,4138,467
720412,221,4135,448
720413,249,4129,421
720414,255,4111,421
720415,249,4110,442
720416,249,4126,438
720417,256,4126,403
720418,260,4108,374
720419,247,4109,387
720420,224,4124,418
720421,221,4120,406
720422,236,4118,382
720423,242,4123,384
720424,236,4115,378
720425,224,4122,368
720426,216,4145,369
720427,210,4145,367
720428,203,4142,360
720429,191,4153,379
720430,183,4171,399
720431,196,4196,353
720432,221,4209,273
720433,226,4190,189
720434,194,4198,234
720435,166,4213,245
720436,164,4222,225
720437,166,4218,200
720438,149,4211,185
720439,124,4206,209
720440,114,4197,229
720441,124,4185,236
720442,137,4167,263
720443,136,4157,308
720444,133,4162,345
720445,135,4166,355
720446,146,4167,346
720447,175,4168,348
720448,195,4171,357
720449,191,4165,371
720450,189,4166,399
720451,193,4186,425
720452,202,4192,428
720453,220,4177,409
720454,233,4184,393
720455,239,4201,381
720456,250,4186,362
720457,258,4171,362
720458,236,4180,407
720459,200,4177,451
720460,190,4158,472
720461,184,4150,494
720462,170,4170,489
720463,198,4195,430
720464,258,4187,342
720465,299,4156,295
720466,295,4146,334
720467,252,4150,407
720468,211,4168,486
720469,207,4164,515
720470,193,4146,549
720471,174,4136,590
720472,156,4129,618
720473,163,4113,623
720474,194,4110,625
720475,231,4127,632
720476,264,4139,615
720477,296,4145,564
720478,322,4159,503
720479,334,4156,458
720480,332,4140,442
720481,300,4145,471
720482,238,4153,523
720483,190,4149,536
720484,179,4153,509
720485,180,4153,477
720486,180,4133,459
720487,184,4123,461
720488,188,4130,455
720489,195,4132,424
720490,214,4133,391
720491,217,4135,365
720492,214,4127,327
720493,212,4112,297
720494,184,4102,306
720495,136,4103,338
720496,111,4101,356
720497,107,4087,362
720498,103,4084,377
720499,107,4100,394
720500,120,4099,415
720501,140,4097,427
720502,163,4116,422
720503,214,4097,373
720504,223,4100,385
720505,210,4108,426
720506,207,4096,432
720507,219,4088,429
720508,211,4095,448
720509,194,4107,489
720510,188,4108,521
720511,188,4097,538
720512,199,4089,541
720513,209,4085,558
720514,213,4088,575
720515,222,4097,572
720516,237,4102,572
720517,244,4104,568
720518,244,4108,573
720519,247,4114,583
720520,250,4114,578
720521,252,4111,563
720522,256,4119,553
720523,251,4130,544
720524,249,4117,546
720525,256,4095,564
720526,251,4099,584
720527,240,4116,599
720528,245,4126,583
720529,262,4118,565
720530,264,4105,575
720531,256,4118,586
720532,265,4152,543
720533,294,4150,436
720534,323,4116,354
720535,309,4112,361
720536,252,4128,442
720537,205,4126,494
720538,156,4102,548
720539,136,4109,589
720540,150,4109,589
720541,173,4101,566
720542,190,4088,565
720543,207,4086,572
720544,218,4093,595
720545,221,4101,615
720546,224,4106,603
720547,236,4107,587
720548,242,4114,579
720549,240,4121,572
720550,244,4122,544
720551,250,4130,504
720552,268,4146,471
720553,285,4164,428
720554,298,4163,373
720555,296,4144,355
720556,259,4145,387
720557,214,4156,432
720558,179,4155,449
720559,155,4168,430
720561,167,4216,412
720561,229,4211,383
720562,293,4122,364
720563,281,4051,389
720564,198,4041,417
720565,117,4070,431
720566,65,4103,446
720568,54,4119,460
720569,91,4125,471
720570,154,4125,459
720571,225,4112,421
720572,287,4101,394
720573,313,4093,408
720574,283,4085,463
720575,242,4097,506
720576,200,4108,538
720577,187,4112,536
720578,186,4109,519
720579,186,4100,498
720580,200,4100,475
720581,216,4110,452
720582,231,4117,426
720583,245,4114,406
720584,249,4126,392
720585,242,4139,406
720586,227,4137,405
720587,220,4140,384
720588,217,4155,388
720589,206,4172,393
720590,205,4181,384
720591,213,4180,371
720592,212,4172,388
720593,206,4169,417
720594,205,4173,433
720595,206,4172,433
720596,206,4173,433
720597,205,4180,454
720598,205,4185,471
720599,217,4195,442
720600,240,4205,387
720601,261,4203,348
720602,261,4195,362
720603,234,4189,435
720604,200,4191,518
720605,184,4197,545
720606,186,4194,541
720607,198,4180,541
720608,216,4184,548
720609,226,4199,548
720610,259,4171,482
720611,264,4160,487
720612,242,4170,516
720613,234,4195,517
720614,243,4209,489
720615,247,4195,460
720616,243,4180,445
720617,220,4180,462
720618,188,4180,495
720619,181,4177,510
720620,178,4188,516
720621,168,4195,531
720622,171,4190,530
720623,186,4194,521
720624,198,4211,495
720625,215,4216,450
720626,233,4201,404
720627,234,4179,368
720628,218,4177,379
720629,198,4188,414
720630,189,4182,422
720631,195,4169,408
720632,185,4169,401
720633,157,4179,395
720634,156,4183,379
720635,176,4168,353
720636,192,4145,340
720637,192,4149,354
720638,191,4166,343
720639,209,4155,297
720640,223,4139,261
720641,213,4134,287
720642,192,4121,339
720643,177,4111,375
720644,150,4116,449
720645,153,4095,470
720646,167,4087,486
720647,173,4095,493
720648,190,4097,473
720649,223,4092,441
720650,249,4105,420
720651,268,4126,406
720652,278,4125,380
720653,281,4122,362
720654,266,4139,381
720655,240,4170,389
720656,239,4187,351
720657,253,4173,295
720658,249,4153,287
720659,222,4154,345
720660,188,4163,417
720661,169,4162,480
720662,161,4157,526
720663,161,4163,529
720664,180,4166,518
720665,205,4161,494
720666,213,4166,475
720667,219,4174,479
720668,235,4169,475
720669,254,4161,497
720670,255,4167,531
720671,242,4178,532
720672,246,4169,495
720673,260,4149,462
720674,263,4141,470
720675,260,4133,462
720676,269,4114,450
720677,272,4109,468
720678,255,4116,498
720679,248,4111,445
720680,238,4097,418
720681,225,4081,413
720682,216,4064,426
720683,207,4051,439
720684,202,4041,449
720685,198,4035,459
720686,188,4032,463
720687,185,4033,458
720688,190,4038,455
720689,201,4040,442
720690,217,4031,432
720691,224,4031,416
720692,222,4033,384
720693,221,4024,372
720694,221,4021,370
720695,218,4027,376
720696,208,4023,364
720697,209,4016,336
720698,219,4018,338
720699,216,4035,331
720700,225,4061,272
720701,250,4053,196
720702,261,4015,149
720703,242,4006,174
720704,191,4011,251
720705,145,3994,308
720706,125,3987,351
720707,97,4003,389
720708,83,4009,397
720709,112,4003,389
720710,146,4004,407
720711,173,4013,434
720712,207,4026,425
720713,264,4030,423
720714,265,4038,469
720715,248,4045,532
720716,230,4042,567
720717,214,4043,582
720718,200,4055,587
720719,201,4067,571
720720,231,4078,534
720721,267,4096,498
720722,284,4105,484
720723,284,4105,470
720724,265,4111,448
720725,247,4115,434
720726,233,4124,438
720727,211,4142,468
720728,192,4159,492
720729,178,4173,502
720730,170,4178,516
720731,169,4174,527
720732,177,4172,537
720733,190,4176,544
720734,201,4187,544
720735,211,4198,536
720736,220,4195,535
720737,228,4187,549
720738,240,4183,574
720739,247,4175,594
720740,249,4168,600
720741,252,4168,588
720742,258,4168,566
720743,262,4165,552
720744,256,4161,544
720745,247,4160,537
720746,251,4165,514
720747,276,4195,444
720748,381,4201,150
720749,392,4167,62
720750,334,4167,116
720751,240,4170,204
720752,173,4147,249
720753,126,4135,284
720754,73,4144,329
720755,46,4140,369
720756,56,4125,394
720757,71,4121,430
720758,87,4125,467
720759,122,4131,493
720760,168,4139,519
720761,204,4145,541
720762,228,4151,549
720763,243,4162,542
720764,251,4163,542
720765,254,4168,548
720766,260,4183,559
720767,270,4184,551
720768,271,4179,522
720769,264,4188,512
720770,255,4202,509
720771,263,4215,477
720772,284,4233,393
720773,299,4225,313
720774,307,4199,270
720775,293,4196,274
720776,248,4205,301
720777,216,4197,295
720778,207,4188,277
720779,194,4188,279
720780,179,4185,264
720781,174,4179,223
720782,175,4152,259
720783,165,4159,340
720788,194,4140,582
720789,236,4147,574
720790,276,4165,568
720791,322,4172,553
720792,367,4172,556
720793,378,4177,591
720794,369,4169,634
720795,358,4155,673
720796,340,4167,678
720797,332,4188,635
720798,336,4172,559
720799,340,4144,514
720800,326,4149,540
720801,290,4163,573
720802,279,4157,546
720803,279,4148,516
720804,248,4152,511
720805,232,4149,501
720806,241,4137,488
720807,233,4140,503
720808,209,4158,540
720809,200,4161,561
720810,225,4148,575
720811,244,4153,582
720812,240,4158,593
720813,243,4146,594
720814,261,4142,593
720815,272,4163,585
720816,287,4177,548
720817,300,4183,511
720818,305,4183,489
720819,311,4199,445
720820,309,4202,399
720821,298,4187,375
720822,284,4186,364
720823,263,4187,368
720824,243,4175,361
720825,224,4164,367
720826,184,4166,395
720827,148,4170,419
720828,146,4161,434
720829,146,4144,444
720830,142,4151,436
720831,158,4160,415
720832,191,4150,406
720833,208,4147,419
720834,193,4156,435
720835,189,4160,419
720836,204,4158,408
720837,212,4157,400
720838,217,4150,366
720839,226,4138,347
720840,225,4132,369
720841,210,4136,407
720842,199,4147,417
720843,209,4161,364
720844,250,4151,288
720845,283,4127,240
720846,279,4121,244
720847,247,4125,280
720848,217,4120,292
720849,157,4126,326
720850,116,4138,348
720851,104,4138,333
720852,111,4129,304
720853,111,4121,323
720854,98,4123,375
720855,85,4134,425
720856,88,4148,467
720857,108,4160,478
720858,140,4167,459
720859,171,4163,425
720860,195,4151,416
720861,206,4170,443
720862,218,4197,450
720863,242,4182,412
720864,265,4168,389
720865,257,4175,423
720866,226,4174,458
720867,216,4173,475
720868,208,4180,493
720869,195,4178,507
720870,200,4157,527
720871,205,4153,548
720872,215,4167,548
720873,231,4161,527
720874,232,4139,503
720875,216,4133,525
720876,190,4133,577
720877,174,4118,604
720878,174,4123,630
720879,169,4142,640
720880,172,4139,620
720881,189,4124,608
720882,194,4122,658
720883,200,4140,690
720884,267,4165,584
720885,290,4164,544
720886,307,4172,527
720887,318,4169,497
720888,317,4152,469
720889,287,4152,495
720890,241,4165,553
720891,223,4165,558
720892,228,4149,535
720893,218,4139,531
720894,201,4143,547
720895,195,4139,553
720896,199,4123,530
720897,213,4113,519
720898,213,4115,538
720899,199,4117,561
720900,201,4105,553
720901,208,4087,537
720902,206,4077,561
720903,195,4076,612
720904,190,4088,631
720905,220,4099,603
720906,267,4116,552
720907,299,4131,484
720908,320,4107,406
720909,327,4077,355
720910,304,4077,377
720911,255,4083,424
720912,222,4071,443
720913,201,4056,457
720914,166,4049,469
720915,153,4046,467
720916,176,4045,435
720917,190,4042,413
720918,179,4042,426
720919,168,4089,458
720920,188,4120,426
720921,221,4113,367
720922,244,4106,312
720923,235,4123,320
720924,208,4124,335
720925,194,4102,331
720926,174,4101,370
