3271628,-19,4151,323
3271629,-37,4147,358
3271630,-77,4133,424
3271631,-89,4141,423
3271632,-72,4151,405
3271633,-66,4160,394
3271634,-70,4168,395
3271635,-63,4160,392
3271636,-54,4152,378
3271637,-47,4156,331
3271638,-41,4154,286
3271639,-48,4154,293
3271640,-65,4158,311
3271641,-72,4150,321
3271642,-81,4148,347
3271643,-89,4162,351
3271644,-73,4171,319
3271645,-40,4170,297
3271646,-15,4166,316
3271647,-8,4167,373
3271648,-18,4161,423
3271649,-22,4134,433
3271650,-33,4113,438
3271651,-61,4105,445
3271652,-78,4094,433
3271653,-89,4079,434
3271654,-110,4069,457
3271655,-122,4066,463
3271656,-102,4067,423
3271657,-58,4065,383
3271658,-10,4060,363
3271659,17,4055,369
3271660,21,4064,383
3271661,13,4074,387
3271662,4,4079,379
3271663,4,4079,358
3271664,10,4073,345
3271665,-1,4072,352
3271666,-21,4073,345
3271667,-37,4064,337
3271668,-64,4062,371
3271669,-96,4067,411
3271670,-106,4062,426
3271671,-115,4064,434
3271672,-129,4069,440
3271673,-133,4071,443
3271674,-127,4066,441
3271675,-117,4063,425
3271676,-94,4058,371
3271677,-64,4050,321
3271678,-49,4048,326
3271679,-64,4056,369
3271680,-89,4055,375
3271681,-100,4037,352
3271682,-138,4014,425
3271683,-162,4012,450
3271684,-161,4005,445
3271685,-138,3996,428
3271686,-118,3996,426
3271687,-112,4012,460
3271688,-105,4022,470
3271689,-70,4019,449
3271690,-31,4014,477
3271691,-19,4009,549
3271692,-16,4005,625
3271693,-1,3999,674
3271694,30,3997,699
3271695,54,4009,739
3271696,50,4023,788
3271697,39,4033,836
3271698,41,4036,888
3271699,42,4038,971
3271700,30,4050,1069
3271701,28,4059,1131
3271702,45,4060,1167
3271703,69,4070,1205
3271704,67,4089,1241
3271705,47,4106,1261
3271706,42,4121,1265
3271707,44,4138,1302
3271708,29,4160,1371
3271709,21,4176,1398
3271710,43,4176,1384
3271711,65,4180,1385
3271712,73,4191,1413
3271713,75,4196,1449
3271714,71,4196,1444
3271715,74,4176,1342
3271716,81,4168,1302
3271717,87,4161,1257
3271718,82,4163,1222
3271719,76,4177,1180
3271720,90,4177,1095
3271721,107,4163,1021
3271722,104,4149,972
3271723,84,4140,939
3271724,61,4138,889
3271725,55,4124,793
3271726,31,4110,730
3271727,-1,4096,691
3271728,-32,4074,665
3271729,-70,4059,666
3271730,-91,4047,659
3271731,-90,4047,647
3271732,-57,4054,594
3271733,-17,4050,518
3271734,0,4039,472
3271735,-6,4029,472
3271736,-30,4033,500
3271737,-36,4037,473
3271738,-34,4042,423
3271739,-49,4058,415
3271740,-44,4077,408
3271741,-18,4099,386
3271742,-5,4120,385
3271743,-23,4132,415
3271744,-39,4146,460
3271745,-9,4185,466
3271746,-7,4192,454
3271747,-15,4198,458
3271748,-26,4194,488
3271749,-66,4194,555
3271750,-99,4194,610
3271751,-100,4193,637
3271752,-84,4193,626
3271753,-75,4198,604
3271755,-68,4201,571
3271756,-36,4212,514
3271757,12,4231,456
3271758,41,4234,421
3271759,29,4237,424
3271760,3,4249,438
3271761,-13,4260,437
3271762,-33,4279,421
3271763,-57,4289,389
3271764,-102,4283,384
3271765,-163,4281,425
3271766,-194,4282,453
3271767,-206,4284,462
3271768,-217,4282,466
3271769,-220,4277,455
3271770,-204,4266,434
3271771,-175,4258,401
3271772,-146,4261,357
3271773,-123,4265,324
3271774,-94,4265,284
3271775,-54,4256,172
3271776,-72,4240,158
3271777,-107,4222,163
3271778,-146,4211,175
3271779,-175,4202,176
3271780,-193,4193,155
3271781,-205,4179,137
3271782,-210,4167,146
3271783,-194,4164,158
3271784,-166,4166,156
3271785,-150,4178,166
3271786,-142,4189,189
3271787,-135,4192,217
3271788,-130,4190,235
3271789,-119,4191,252
3271790,-105,4194,284
3271791,-107,4195,326
3271792,-110,4195,368
3271793,-106,4184,409
3271794,-109,4178,444
3271795,-111,4179,458
3271796,-102,4181,464
3271797,-97,4182,473
3271798,-92,4173,485
3271799,-77,4157,491
3271800,-60,4142,485
3271801,-47,4135,485
3271802,-47,4134,489
3271803,-54,4127,506
3271804,-58,4123,528
3271805,-44,4124,527
3271806,-36,4128,536
3271807,-48,4133,557
3271808,-53,4126,567
3271809,-58,4122,568
3271810,-69,4115,578
3271811,-84,4105,597
3271812,-78,4108,589
3271813,-69,4105,587
3271814,-63,4097,567
3271815,-53,4092,534
3271816,-32,4104,521
3271817,-25,4123,533
3271818,-37,4128,550
3271819,-57,4132,561
3271820,-71,4143,569
3271821,-66,4153,562
3271822,-43,4148,533
3271823,-20,4148,507
3271824,4,4157,488
3271825,30,4163,476
3271826,47,4164,470
3271827,50,4163,464
3271828,51,4160,451
3271829,54,4154,449
3271830,43,4150,475
3271831,29,4151,502
3271832,33,4147,492
3271833,49,4139,477
3271834,55,4134,480
3271835,43,4134,498
3271836,22,4141,521
3271837,19,4146,503
3271838,28,4162,458
3271839,26,4181,419
3271840,24,4186,396
3271841,16,4191,403
3271842,6,4192,390
3271843,9,4193,369
3271844,10,4201,377
3271845,11,4210,387
3271846,21,4215,393
3271847,32,4218,382
3271848,41,4213,299
3271849,22,4205,292
3271850,-2,4203,318
3271851,-27,4205,334
3271852,-56,4205,327
3271853,-73,4201,328
3271854,-72,4195,354
3271855,-51,4187,359
3271856,-11,4182,338
3271857,23,4174,322
3271858,18,4159,321
3271859,-11,4141,339
3271860,-29,4137,373
3271861,-30,4137,402
3271862,-33,4126,416
3271863,-52,4127,432
3271864,-67,4125,452
3271865,-68,4125,477
3271866,-70,4139,489
3271867,-68,4143,466
3271868,-63,4143,448
3271869,-65,4148,467
3271870,-73,4149,485
3271871,-72,4155,471
3271872,-57,4163,467
3271873,-43,4159,503
3271874,-29,4147,568
3271875,-9,4138,629
3271876,3,4121,671
3271877,-4,4108,725
3271878,7,4109,773
3271879,42,4106,803
3271880,63,4098,854
3271881,63,4090,920
3271882,68,4081,976
3271883,90,4064,1017
3271884,103,4046,1030
3271885,98,4036,984
3271886,108,4038,912
3271887,136,4043,833
3271888,169,4046,749
3271889,186,4053,681
3271890,197,4056,630
3271891,217,4063,584
3271892,236,4076,534
3271893,247,4085,469
3271894,251,4087,403
3271895,257,4082,361
3271896,253,4071,351
3271897,227,4066,348
3271898,192,4077,321
3271899,142,4083,289
3271900,70,4088,289
3271901,1,4096,292
3271902,-48,4103,281
3271903,-76,4106,266
3271904,-94,4116,259
3271905,-107,4132,264
3271906,-105,4139,268
3271907,-85,4139,268
3271908,-41,4135,261
3271909,6,4129,260
3271910,22,4127,286
3271911,23,4130,330
3271912,36,4129,352
3271913,43,4130,350
3271914,35,4141,347
3271915,17,4150,358
3271916,4,4154,379
3271917,-12,4160,408
3271918,-34,4170,433
3271919,-42,4177,452
3271920,-69,4184,457
3271921,-60,4181,412
3271922,-52,4183,389
3271923,-48,4196,370
3271924,-41,4208,348
3271925,-41,4218,358
3271926,-47,4231,386
3271927,-39,4247,388
3271928,-28,4253,370
3271929,-35,4247,362
3271930,-50,4239,370
3271931,-56,4232,376
3271932,-60,4230,370
3271933,-63,4232,359
3271934,-71,4226,355
3271935,-78,4215,363
3271936,-81,4213,382
3271937,-69,4214,385
3271938,-39,4212,351
3271939,-21,4207,301
3271940,-21,4202,255
3271941,-27,4199,234
3271942,-52,4190,256
3271943,-91,4171,309
3271944,-111,4150,361
3271945,-101,4143,393
3271946,-84,4143,402
3271947,-88,4137,398
3271948,-111,4132,402
3271949,-133,4128,418
3271950,-140,4128,428
3271951,-132,4131,408
3271952,-121,4132,374
3271953,-114,4130,355
3271954,-120,4134,338
3271955,-128,4140,330
3271956,-160,4135,322
3271957,-184,4129,345
3271958,-197,4123,362
3271959,-195,4122,346
3271960,-196,4129,315
3271961,-211,4133,281
3271962,-233,4140,262
3271963,-245,4149,253
3271964,-231,4149,236
3271965,-209,4156,225
3271966,-204,4169,219
3271967,-212,4177,204
3271968,-235,4180,198
3271969,-273,4180,204
3271970,-298,4188,206
3271971,-290,4204,212
3271972,-257,4216,216
3271973,-220,4221,189
3271974,-205,4227,160
3271975,-206,4227,157
3271976,-209,4227,163
3271977,-219,4227,161
3271978,-234,4211,154
3271979,-252,4203,159
3271980,-267,4202,178
3271981,-280,4203,212
3271982,-296,4203,237
3271983,-300,4195,236
3271984,-296,4196,233
3271985,-287,4199,238
3271986,-269,4197,245
3271987,-250,4198,230
3271988,-232,4197,216
3271989,-219,4192,231
3271990,-206,4188,251
3271991,-191,4189,261
3271992,-177,4186,245
3271993,-166,4178,252
3271994,-168,4163,276
3271995,-174,4152,302
3271996,-162,4147,320
3271997,-147,4143,323
3271998,-129,4140,325
3271999,-111,4138,329
3272000,-103,4133,335
3272001,-101,4124,346
3272002,-101,4119,353
3272003,-102,4116,374
3272004,-110,4112,413
3272005,-103,4098,434
3272006,-87,4084,426
3272007,-91,4081,428
3272008,-97,4078,438
3272009,-95,4068,435
3272010,-83,4063,429
3272011,-65,4054,428
3272012,-55,4045,431
3272013,-52,4040,426
3272014,-55,4034,416
3272015,-61,4032,409
3272016,-61,4034,416
3272017,-63,4038,431
3272018,-68,4046,429
3272019,-69,4054,414
3272020,-78,4058,411
3272021,-97,4061,419
3272022,-101,4061,426
3272023,-90,4061,435
3272024,-96,4065,462
3272025,-101,4067,489
3272026,-90,4069,506
3272027,-84,4080,517
3272028,-103,4094,523
3272029,-139,4104,551
3272030,-120,4100,536
3272031,-95,4103,510
3272032,-62,4120,495
3272033,-35,4135,485
3272034,-31,4141,474
3272035,-50,4144,458
3272036,-82,4148,441
3272037,-120,4143,436
3272038,-141,4137,442
3272039,-145,4132,453
3272040,-143,4121,475
3272041,-144,4119,500
3272042,-155,4129,511
3272043,-148,4132,490
3272044,-125,4129,432
3272045,-106,4116,370
3272046,-108,4096,353
3272047,-115,4086,373
3272048,-119,4075,396
3272049,-140,4072,428
3272050,-167,4065,464
3272051,-188,4057,497
3272052,-187,4063,513
3272053,-157,4070,499
3272054,-133,4076,479
3272055,-124,4083,457
3272056,-114,4089,431
3272057,-100,4099,424
3272058,-82,4106,407
3272059,-77,4104,395
3272060,-83,4105,426
3272061,-76,4112,454
3272062,-74,4123,484
3272063,-67,4131,504
3272064,-58,4126,490
3272065,-73,4106,478
3272066,-68,4104,492
3272067,-67,4109,491
3272068,-51,4109,456
3272069,-35,4104,417
3272070,-49,4108,427
3272071,-71,4109,466
3272072,-76,4104,490
3272073,-73,4106,502
3272074,-63,4111,519
3272075,-49,4116,540
3272076,-32,4123,546
3272077,-24,4130,536
3272078,-34,4141,532
3272079,-48,4145,525
3272080,-63,4149,532
3272081,-62,4167,548
3272082,-43,4173,555
3272083,-20,4174,538
3272084,-4,4181,498
3272085,-6,4179,475
3272086,-21,4173,471
3272087,-44,4172,467
3272088,-63,4174,482
3272089,-80,4181,528
3272090,-86,4186,553
3272091,-72,4191,544
3272092,-61,4197,536
3272093,-65,4200,535
3272094,-71,4196,555
3272095,-63,4192,577
3272096,-37,4195,573
3272097,-9,4199,551
3272098,6,4200,535
3272099,5,4197,543
3272100,7,4195,534
3272101,-16,4195,462
3272102,-64,4195,455
3272103,-89,4194,445
3272104,-89,4195,435
3272105,-86,4205,422
3272106,-78,4200,372
3272107,-78,4185,343
3272108,-92,4181,374
3272109,-98,4173,409
3272110,-103,4167,424
3272111,-115,4165,423
3272112,-137,4157,435
3272113,-155,4146,467
3272114,-155,4137,485
3272115,-146,4132,486
3272116,-140,4133,499
3272117,-131,4139,502
3272118,-118,4143,467
3272119,-128,4143,421
3272120,-155,4137,412
3272121,-185,4130,441
3272122,-206,4123,456
3272123,-210,4120,465
3272124,-217,4124,474
3272125,-237,4123,455
3272126,-255,4118,466
3272127,-240,4117,495
3272128,-201,4119,483
3272129,-160,4114,467
3272130,-132,4104,477
3272131,-130,4097,492
3272132,-131,4088,482
3272133,-121,4079,458
3272134,-120,4080,443
3272135,-127,4085,427
3272136,-122,4083,407
3272137,-109,4082,422
3272138,-107,4076,423
3272139,-105,4072,386
3272140,-108,4078,381
3272141,-114,4092,398
3272142,-107,4101,384
3272143,-104,4106,372
3272144,-108,4108,350
3272145,-110,4105,298
3272146,-115,4110,284
3272147,-119,4118,318
3272148,-120,4121,353
3272149,-114,4124,367
3272150,-90,4127,358
3272151,-75,4129,358
3272152,-83,4126,384
3272153,-74,4122,408
3272154,-30,4116,397
3272155,-7,4120,379
3272156,-26,4129,362
3272157,-51,4127,340
3272158,-77,4121,338
3272159,-112,4120,350
3272160,-126,4129,337
3272161,-114,4141,324
3272162,-107,4153,337
3272163,-102,4163,356
3272164,-90,4167,376
3272165,-61,4163,386
3272166,-24,4160,381
3272167,-8,4159,376
3272168,-14,4165,375
3272169,-13,4166,388
3272170,-20,4161,417
3272171,-48,4160,413
3272172,-76,4150,384
3272173,-101,4136,377
3272174,-120,4136,406
3272175,-141,4134,411
3272176,-168,4125,396
3272177,-193,4116,399
3272178,-196,4092,407
3272179,-198,4086,443
3272180,-184,4100,465
3272181,-141,4100,431
3272182,-111,4099,405
3272183,-85,4103,380
3272184,-65,4112,326
3272185,-74,4114,268
3272186,-103,4111,256
3272187,-139,4110,287
3272188,-158,4110,335
3272189,-153,4117,390
3272191,-93,4136,417
3272192,-86,4134,423
3272193,-73,4130,445
3272194,-57,4128,464
3272195,-43,4130,488
3272196,-37,4135,513
3272197,-39,4144,511
3272198,-45,4143,463
3272199,-62,4136,425
3272200,-82,4124,418
3272201,-98,4114,411
3272202,-118,4113,416
3272203,-141,4107,433
3272204,-154,4102,461
3272205,-153,4100,476
3272206,-134,4092,460
3272207,-108,4085,457
3272208,-95,4090,483
3272209,-81,4094,497
3272210,-65,4103,499
3272211,-51,4115,499
3272212,-28,4116,477
3272214,-17,4116,434
3272215,-31,4116,402
3272216,-56,4113,408
3272217,-78,4108,441
3272218,-89,4126,477
3272219,-84,4127,484
3272220,-79,4128,492
3272221,-76,4126,501
3272222,-70,4121,516
3272223,-69,4118,522
3272224,-60,4115,532
3272225,-36,4120,532
3272226,-1,4121,496
3272227,6,4126,481
3272228,-6,4131,494
3272229,-5,4129,500
3272230,6,4131,470
3272231,11,4132,434
3272232,-1,4128,441
3272233,-14,4123,470
3272234,-21,4126,494
3272235,-21,4129,495
3272236,-22,4136,478
3272237,-13,4144,442
3272238,4,4146,407
3272239,12,4152,389
3272240,11,4165,367
3272241,12,4175,319
3272242,11,4178,280
3272243,-13,4181,281
3272244,-51,4189,286
3272245,-69,4194,274
3272246,-69,4193,270
3272247,-83,4201,283
3272248,-90,4204,301
3272249,-92,4199,340
3272250,-94,4194,382
3272251,-91,4197,400
3272252,-84,4195,409
3272253,-66,4197,409
3272254,-41,4203,398
3272255,-23,4212,384
3272256,-16,4223,354
3272257,-5,4226,296
3272258,1,4222,258
3272259,-3,4216,254
3272260,-10,4210,243
3272261,-12,4201,223
3272262,-18,4195,225
3272263,-22,4201,229
3272264,-20,4201,222
3272265,-39,4203,240
3272266,-60,4206,276
3272267,-60,4195,310
3272268,-56,4199,336
3272269,-52,4204,333
3272270,-49,4192,306
3272271,-69,4178,296
3272272,-103,4171,326
3272273,-109,4165,359
3272274,-92,4165,366
3272275,-89,4170,359
3272276,-105,4168,350
3272277,-126,4152,348
3272278,-139,4142,352
3272279,-143,4142,363
3272280,-141,4138,381
3272281,-127,4134,388
3272282,-110,4130,371
3272283,-93,4128,349
3272284,-53,4140,341
3272285,-66,4139,337
3272286,-97,4129,340
3272287,-150,4118,354
3272288,-210,4109,371
3272289,-234,4104,379
3272290,-224,4101,389
3272291,-206,4099,418
3272292,-198,4114,482
3272293,-184,4126,535
3272294,-153,4119,530
3272295,-131,4111,518
3272296,-119,4106,541
3272297,-112,4100,569
3272298,-103,4098,574
3272299,-82,4102,552
3272300,-48,4112,512
3272301,-19,4130,490
3272302,-14,4145,471
3272303,-18,4149,450
3272304,-21,4155,444
3272305,-28,4158,435
3272306,-40,4152,432
3272307,-58,4143,434
3272308,-60,4139,419
3272309,-41,4139,407
3272310,-17,4138,402
3272311,-1,4137,394
3272312,-6,4142,404
3272313,-22,4149,410
3272314,-16,4147,385
3272315,-13,4150,361
3272316,-26,4151,351
3272317,-31,4156,349
3272318,-27,4163,356
3272319,-24,4173,359
3272320,-28,4182,345
3272321,-37,4173,306
3272322,-38,4162,279
3272323,-42,4160,274
3272324,-60,4157,285
3272325,-85,4155,312
3272326,-101,4151,335
3272327,-108,4142,342
3272328,-109,4141,340
3272329,-105,4145,330
3272330,-94,4140,316
3272331,-78,4137,320
3272332,-72,4140,341
3272333,-75,4138,364
3272334,-79,4138,395
3272335,-80,4145,407
3272336,-77,4148,376
3272337,-77,4149,339
3272338,-72,4144,327
3272339,-67,4136,347
3272340,-75,4145,374
3272341,-85,4155,374
3272342,-93,4154,368
3272343,-111,4152,383
3272344,-130,4150,386
3272345,-130,4142,373
3272346,-125,4146,391
3272347,-128,4157,400
3272348,-121,4154,381
3272349,-110,4148,379
3272350,-113,4145,394
3272351,-124,4138,413
3272352,-142,4130,427
3272353,-154,4135,450
3272354,-128,4125,490
3272355,-118,4115,498
3272356,-114,4114,504
3272357,-114,4112,501
3272358,-97,4111,491
3272359,-71,4117,479
3272360,-60,4123,470
3272361,-65,4129,468
3272362,-67,4128,442
3272363,-45,4134,418
3272364,-27,4150,430
3272365,-29,4157,433
3272366,-36,4154,402
3272367,-49,4149,360
3272368,-70,4149,332
3272369,-86,4149,338
3272370,-95,4148,383
3272371,-95,4146,424
3272372,-85,4140,464
3272373,-77,4137,507
3272374,-77,4137,526
3272375,-81,4133,514
3272376,-81,4131,501
3272377,-84,4130,515
3272378,-92,4128,539
3272379,-101,4123,542
3272380,-95,4123,513
3272381,-77,4131,493
3272382,-73,4143,505
3272383,-71,4148,507
3272384,-55,4145,491
3272385,-55,4146,467
3272386,-73,4145,464
3272387,-99,4138,485
3272388,-128,4124,506
3272389,-132,4113,529
3272390,-96,4113,562
3272391,-92,4116,584
3272392,-81,4117,581
3272393,-56,4121,558
3272394,-42,4130,535
3272395,-58,4131,516
3272396,-88,4133,492
3272397,-105,4138,471
3272398,-91,4139,453
3272399,-66,4139,445
3272400,-65,4142,462
3272401,-67,4138,451
3272402,-55,4139,396
3272403,-47,4137,352
3272404,-60,4133,356
3272405,-99,4133,382
3272406,-130,4132,381
3272407,-113,4134,357
3272408,-76,4142,369
3272409,-64,4145,395
3272410,-68,4129,375
3272411,-72,4117,326
3272412,-84,4123,309
3272413,-104,4125,344
3272414,-117,4111,404
3272415,-116,4108,462
3272416,-99,4108,496
3272417,-75,4099,505
3272418,-59,4094,501
3272419,-51,4101,501
3272420,-45,4115,488
3272421,-33,4123,462
3272422,-24,4129,456
3272423,-29,4137,452
3272424,-39,4140,419
3272425,-25,4138,397
3272426,-43,4145,456
3272427,-81,4133,455
3272428,-90,4131,444
3272429,-88,4135,447
3272430,-99,4138,454
3272431,-96,4147,454
3272432,-71,4155,452
3272433,-44,4155,439
3272434,-32,4153,420
3272435,-41,4150,407
3272436,-60,4149,382
3272437,-73,4148,363
3272438,-79,4145,379
3272439,-83,4141,418
3272440,-94,4141,441
3272441,-95,4146,436
3272442,-72,4159,422
3272443,-39,4164,413
3272444,-35,4165,438
3272445,-39,4166,468
3272446,-27,4164,476
3272447,-13,4163,469
3272448,2,4153,457
3272449,-4,4151,464
3272450,-30,4160,462
3272451,-58,4153,435
3272452,-77,4145,442
3272453,-89,4145,488
3272454,-88,4140,520
3272455,-83,4138,522
3272456,-87,4141,507
3272457,-98,4150,514
3272458,-118,4162,524
3272459,-130,4160,499
3272460,-132,4147,487
3272461,-116,4142,486
3272462,-60,4136,465
3272463,-92,4133,448
3272464,-144,4128,434
3272465,-171,4129,463
3272466,-150,4134,498
3272467,-89,4133,500
3272468,-35,4124,485
3272469,-22,4123,483
3272470,-36,4129,488
3272471,-50,4128,483
3272472,-59,4123,492
3272473,-75,4123,500
3272474,-105,4123,485
3272475,-118,4127,447
3272476,-100,4135,422
3272477,-101,4137,437
3272478,-122,4131,469
3272479,-125,4122,499
3272480,-119,4113,521
3272481,-118,4103,538
3272482,-118,4107,542
3272483,-118,4116,510
3272484,-113,4115,464
3272485,-110,4114,454
3272486,-126,4116,455
3272487,-140,4119,438
3272488,-150,4123,434
3272489,-163,4130,439
3272490,-178,4135,450
3272491,-192,4134,468
3272492,-186,4130,470
3272493,-173,4128,474
3272494,-162,4131,492
3272495,-140,4131,508
3272496,-111,4134,525
3272497,-87,4133,538
3272498,-41,4134,533
3272499,-20,4141,519
3272500,-20,4138,493
3272501,-26,4125,476
3272502,-24,4117,476
3272503,-21,4110,490
3272504,-27,4105,505
3272505,-34,4101,512
3272506,-29,4102,502
3272507,-2,4107,478
3272508,15,4113,437
3272509,11,4122,372
3272510,8,4120,303
3272511,1,4114,285
3272512,-12,4122,320
3272513,-30,4131,348
3272514,-37,4134,363
3272515,-29,4135,375
3272516,-17,4133,375
3272517,-1,4134,372
3272518,12,4133,380
3272519,18,4132,385
3272520,25,4132,373
3272521,35,4129,345
3272522,39,4126,341
3272523,23,4129,382
3272524,0,4132,412
3272525,-18,4131,422
3272526,-31,4132,427
3272527,-37,4130,422
3272528,-34,4129,404
3272529,-20,4135,386
3272530,-4,4142,383
3272531,-2,4146,366
3272532,9,4143,355
3272533,9,4144,356
3272534,-2,4142,372
3272535,-4,4139,383
3272536,1,4142,390
3272537,5,4150,397
3272538,5,4158,409
3272539,-2,4162,427
3272540,-12,4169,419
3272541,-9,4173,405
3272542,-5,4170,419
3272543,-7,4162,440
3272544,-1,4156,449
3272545,9,4157,447
3272546,20,4160,425
3272547,23,4164,392
3272548,22,4170,374
3272549,12,4174,362
3272550,-11,4175,331
3272551,-28,4181,284
3272552,-32,4187,263
3272553,-30,4185,252
3272554,-26,4185,229
3272555,-29,4188,226
3272556,-44,4188,227
3272557,-60,4180,225
3272558,-76,4173,253
3272559,-91,4170,292
3272560,-99,4167,316
3272561,-108,4163,333
3272562,-115,4159,369
3272563,-125,4153,431
3272564,-120,4143,480
3272565,-92,4138,502
3272566,-61,4128,509
3272567,-50,4122,472
3272568,-57,4125,421
3272569,-72,4126,401
3272570,-72,4127,418
3272571,-62,4135,445
3272572,-55,4142,463
3272573,-48,4143,462
3272574,-52,4139,458
3272575,-59,4137,444
3272576,-52,4135,433
3272577,-39,4131,458
3272578,-27,4124,488
3272579,-22,4115,516
3272580,-18,4115,541
3272581,-18,4116,564
3272582,-29,4113,587
3272583,-27,4108,588
3272584,-15,4110,571
3272585,-6,4115,540
3272586,3,4117,505
3272587,10,4123,491
3272588,9,4124,479
3272589,-8,4121,471
3272590,-34,4130,463
3272591,-52,4140,434
3272592,-52,4141,393
3272593,-43,4139,349
3272594,-34,4138,331
3272595,-21,4138,340
3272596,-9,4130,342
3272597,0,4120,352
3272598,7,4118,389
3272599,7,4122,435
3272600,-5,4123,453
3272601,-16,4117,430
3272602,-43,4111,405
3272603,-61,4109,416
3272604,-62,4115,416
3272605,-59,4125,415
3272606,-57,4133,393
3272607,-57,4139,350
3272608,-63,4148,341
3272609,-63,4157,350
3272610,-38,4163,347
3272611,-10,4163,341
3272612,5,4161,326
3272613,13,4158,303
3272614,16,4154,297
3272615,14,4155,319
3272616,0,4159,350
3272617,-25,4162,358
3272618,-46,4160,354
3272619,-57,4156,349
3272620,-56,4148,372
3272621,-53,4135,439
3272622,-53,4127,486
3272623,-34,4131,499
3272624,-14,4143,501
3272625,-15,4156,503
3272626,-25,4162,519
3272627,-27,4157,517
3272628,-21,4155,498
3272629,-29,4162,479
3272630,-45,4164,455
3272631,-66,4162,439
3272632,-87,4156,410
3272633,-90,4144,347
3272634,-84,4138,294
3272635,-84,4137,276
3272636,-79,4134,291
3272637,-69,4135,320
3272638,-50,4134,348
3272639,-45,4131,373
3272640,-60,4129,424
3272641,-84,4124,477
3272642,-87,4120,493
3272643,-67,4124,492
3272644,-47,4138,498
3272645,-30,4144,502
3272646,-14,4144,487
3272647,1,4143,431
3272648,7,4148,376
3272649,-8,4156,358
3272650,-31,4150,345
3272651,-38,4140,324
3272652,-35,4138,308
3272653,-33,4136,296
3272654,-34,4125,280
3272655,-41,4115,286
3272656,-54,4113,318
3272657,-73,4114,347
3272658,-83,4115,386
3272659,-87,4115,411
3272660,-85,4121,404
3272661,-75,4133,398
3272662,-68,4143,390
3272663,-57,4142,351
3272664,-47,4136,310
3272665,-58,4141,309
3272666,-81,4147,322
3272667,-89,4146,345
3272668,-85,4141,387
3272669,-69,4139,412
3272670,-34,4140,398
3272671,-9,4146,371
3272672,-18,4153,345
3272673,-29,4148,300
3272674,-30,4149,279
3272675,-44,4141,259
3272676,-56,4133,230
3272677,-52,4137,238
3272678,-51,4149,268
3272679,-53,4158,302
3272680,-60,4163,333
3272681,-65,4164,347
3272682,-64,4164,354
3272683,-70,4161,382
3272684,-83,4155,426
3272685,-81,4147,444
3272686,-68,4145,446
3272687,-61,4148,463
3272688,-55,4153,470
3272689,-56,4165,469
3272690,-55,4169,441
3272691,-41,4165,384
3272692,-38,4167,344
3272693,-50,4162,317
3272694,-63,4162,308
3272695,-74,4168,325
3272696,-68,4167,325
3272697,-36,4169,296
3272698,2,4173,280
3272699,25,4172,288
3272700,31,4167,300
3272701,19,4160,321
3272702,-4,4148,371
3272703,-27,4129,403
3272704,-42,4115,414
3272705,-58,4115,439
3272706,-66,4111,453
3272707,-69,4112,457
3272708,-61,4118,461
3272709,-35,4116,456
3272710,-1,4144,413
3272711,6,4154,376
3272712,3,4152,360
3272713,1,4149,358
3272714,-6,4159,376
3272715,-24,4163,380
3272716,-28,4158,345
3272717,-21,4166,324
3272718,-18,4164,314
3272719,-17,4152,296
3272720,-22,4145,282
3272721,-25,4138,303
3272722,-20,4139,335
3272723,-15,4151,354
3272724,-29,4160,376
3272725,-52,4161,373
3272726,-68,4160,327
3272727,-60,4157,278
3272728,-27,4150,256
3272729,5,4143,274
3272730,27,4141,301
3272731,29,4140,304
3272732,3,4146,298
3272733,-39,4156,304
3272734,-81,4159,308
3272735,-95,4159,279
3272736,-80,4157,228
3272737,-54,4152,196
3272738,-20,4145,194
3272739,14,4148,219
3272740,31,4163,267
3272741,33,4172,320
3272742,26,4177,344
3272743,9,4184,330
3272744,-7,4187,321
3272745,-18,4173,322
3272746,-50,4162,326
3272747,-55,4160,319
3272748,-39,4155,319
3272749,-26,4157,301
3272750,-25,4155,265
3272751,-32,4154,257
3272752,-42,4157,271
3272753,-39,4156,276
3272754,-24,4148,300
3272755,-18,4134,342
3272756,-25,4127,368
3272757,-34,4127,381
3272758,-46,4127,385
3272759,-72,4120,384
3272760,-103,4116,391
3272761,-115,4118,401
3272762,-105,4120,431
3272763,-92,4122,472
3272764,-68,4122,479
3272765,-38,4128,470
3272766,-27,4133,481
3272767,-31,4128,496
3272768,-51,4129,505
3272769,-80,4133,498
3272770,-99,4128,489
3272771,-101,4127,510
3272772,-84,4132,542
3272773,-62,4140,551
3272774,-45,4143,533
3272775,-30,4136,517
3272776,-10,4127,498
3272777,7,4117,468
3272778,-1,4118,468
3272779,-42,4125,510
3272780,-83,4133,555
3272781,-81,4137,547
3272782,-14,4131,443
3272783,4,4126,409
3272784,5,4127,395
3272785,-7,4132,417
3272786,-27,4125,446
3272787,-48,4124,478
3272788,-58,4125,490
3272789,-54,4122,469
3272790,-39,4122,448
3272791,-24,4118,439
3272792,-17,4122,456
3272793,-12,4128,482
3272794,1,4128,495
3272795,14,4136,504
3272796,27,4145,490
3272797,30,4146,467
3272798,33,4138,441
3272799,36,4128,414
3272800,20,4126,407
3272801,3,4128,420
3272802,-7,4129,448
3272803,-21,4130,480
3272804,-28,4128,496
3272805,-15,4123,475
3272806,10,4131,442
3272807,34,4137,423
3272808,43,4134,426
3272809,31,4133,453
3272810,13,4124,486
3272811,1,4117,514
3272812,-4,4113,540
3272813,-9,4112,537
3272814,-8,4114,499
3272815,7,4113,460
3272816,19,4115,438
3272817,26,4115,440
3272818,36,4124,461
3272819,45,4130,431
3272820,52,4135,381
3272821,58,4135,360
3272822,51,4128,373
3272823,30,4123,384
3272824,7,4116,408
3272825,-24,4111,459
3272826,-55,4114,475
3272827,-60,4119,430
3272828,-42,4126,374
3272829,-4,4124,339
3272830,17,4123,323
3272831,9,4130,317
3272832,-10,4145,313
3272833,-21,4156,315
3272834,-14,4164,329
3272835,-5,4175,328
3272836,3,4176,305
3272837,-4,4171,292
3272838,-26,4168,300
3272839,-43,4164,326
3272840,-52,4161,376
3272841,-55,4159,416
3272842,-44,4150,391
3272843,-32,4144,328
3272844,-29,4141,284
3272845,-37,4140,287
3272846,-58,4146,315
3272847,-72,4147,324
3272848,-73,4144,309
3272849,-73,4143,295
3272850,-77,4147,288
3272851,-77,4152,300
3272852,-87,4165,341
3272853,-112,4178,391
3272854,-141,4166,440
3272855,-128,4162,410
3272856,-103,4155,387
3272857,-83,4145,399
3272858,-68,4141,414
3272859,-57,4143,437
3272860,-62,4153,448
3272861,-58,4156,430
3272862,-62,4149,435
3272863,-81,4139,462
3272864,-103,4125,473
3272865,-135,4112,488
3272866,-165,4107,512
3272867,-171,4108,498
3272868,-155,4118,455
3272869,-125,4128,419
3272870,-81,4138,395
3272871,-37,4146,387
3272872,-19,4152,408
3272873,-19,4153,443
3272874,-16,4146,468
3272875,-20,4142,506
3272876,-29,4141,574
3272877,-35,4137,624
3272878,-27,4131,643
3272879,-12,4124,645
3272880,8,4115,636
3272881,22,4107,625
3272882,27,4105,602
3272883,31,4101,577
3272884,15,4103,557
3272885,-5,4108,559
3272886,-24,4114,575
3272887,-30,4118,576
3272888,-13,4114,574
3272889,4,4115,584
3272890,1,4133,562
3272891,-11,4134,507
3272892,-20,4130,473
3272893,-22,4124,453
3272894,-7,4121,433
3272895,28,4126,426
3272896,56,4138,442
3272897,58,4142,456
3272898,42,4140,460
3272899,20,4137,476
3272900,4,4133,479
3272901,-7,4125,458
3272902,-18,4125,455
3272903,-23,4132,482
3272904,-28,4134,507
3272905,-26,4127,523
3272906,-28,4122,549
3272907,-33,4120,566
3272908,-19,4122,575
3272909,-7,4130,573
3272910,-4,4139,547
3272911,3,4145,515
3272912,15,4150,473
3272913,19,4154,428
3272914,18,4154,407
3272915,16,4155,405
3272916,6,4145,392
3272917,-18,4126,369
3272918,-47,4119,378
3272919,-69,4118,415
3272920,-87,4104,461
3272921,-111,4089,514
3272922,-131,4092,551
3272923,-134,4094,564
3272924,-69,4095,545
3272925,-59,4091,553
3272926,-72,4092,561
3272927,-79,4092,558
3272928,-89,4097,548
3272929,-95,4106,529
3272930,-82,4110,509
3272931,-62,4115,500
3272932,-51,4118,495
3272933,-52,4124,492
3272934,-60,4136,514
3272935,-49,4141,528
3272937,-23,4141,502
3272938,-12,4144,474
3272939,-22,4149,489
3272940,-23,4148,507
3272941,-17,4148,480
3272942,-16,4149,437
3272943,-7,4143,406
3272944,-2,4143,398
3272945,-1,4145,405
3272946,14,4144,410
3272947,30,4159,411
3272948,9,4154,410
3272949,-7,4146,395
3272950,0,4144,368
3272951,19,4144,345
3272952,22,4149,334
3272953,20,4153,329
3272954,30,4145,326
3272955,42,4139,311
3272956,54,4142,295
3272957,54,4147,281
3272958,32,4150,279
3272959,9,4154,295
3272960,1,4155,304
3272961,-5,4152,337
3272962,-8,4154,372
3272963,1,4160,375
3272964,13,4162,386
3272965,29,4155,396
3272966,38,4156,387
3272967,41,4164,358
3272968,55,4165,342
3272969,67,4162,354
3272970,70,4163,379
3272971,68,4166,414
3272972,62,4161,444
3272973,52,4156,451
3272974,46,4153,426
3272975,48,4154,399
3272976,56,4152,411
3272977,62,4145,419
3272978,71,4143,382
3272979,83,4144,321
3272980,82,4145,275
3272981,54,4144,307
3272982,36,4143,353
3272983,19,4146,399
3272984,8,4146,454
3272985,20,4143,491
3272986,50,4139,509
3272987,68,4134,544
3272988,71,4136,576
3272989,58,4147,565
3272990,39,4150,518
3272991,38,4153,472
3272992,52,4152,451
3272993,66,4151,439
3272994,68,4159,416
3272995,54,4161,391
3272996,24,4155,372
3272997,4,4139,375
3272998,-8,4129,384
3272999,-19,4129,373
3273000,-18,4126,368
3273001,-21,4119,391
3273002,-26,4118,418
3273003,-25,4121,433
3273004,-26,4126,442
3273005,-8,4127,446
3273006,20,4134,457
3273007,43,4143,466
3273008,60,4148,458
3273009,57,4144,447
3273010,46,4138,447
3273011,35,4143,440
3273012,29,4143,415
3273013,20,4140,384
3273014,-29,4139,338
3273015,-71,4143,367
3273016,-88,4153,407
3273017,-68,4148,400
3273018,-18,4143,349
3273019,24,4157,323
3273020,22,4168,337
3273021,10,4168,354
3273022,6,4170,352
3273023,5,4173,337
3273024,10,4168,317
3273025,16,4161,328
3273026,17,4162,374
3273027,19,4169,416
3273028,23,4171,441
3273029,30,4168,442
3273030,43,4167,412
3273031,61,4160,368
3273032,64,4151,354
3273033,49,4150,365
3273034,42,4154,358
3273035,44,4157,342
3273036,49,4151,326
3273037,50,4144,312
3273038,49,4150,315
3273039,35,4161,346
3273040,14,4164,379
3273041,12,4155,386
3273042,38,4148,391
3273043,69,4159,411
3273044,85,4162,431
3273045,85,4148,442
3273046,63,4147,440
3273047,38,4153,414
3273048,32,4152,386
3273049,26,4148,387
3273050,18,4151,389
3273051,2,4154,403
3273052,-13,4156,428
3273053,-4,4157,442
3273054,33,4154,426
3273055,70,4151,406
3273056,81,4140,405
3273057,71,4126,415
3273058,31,4120,438
3273059,-11,4117,453
3273060,-25,4121,463
3273061,-15,4119,460
3273062,10,4116,454
3273063,15,4123,483
3273064,14,4132,506
3273065,26,4140,493
3273066,38,4145,476
3273067,39,4149,476
3273068,37,4149,476
3273069,39,4140,466
3273070,39,4136,464
3273071,29,4136,472
3273072,13,4135,460
3273073,1,4138,424
3273074,-1,4137,375
3273075,-4,4130,360
3273076,-11,4127,381
3273077,-12,4123,391
3273078,-3,4120,391
3273079,1,4117,394
3273080,-14,4122,420
3273081,-41,4134,458
3273082,-52,4138,486
3273083,-39,4134,495
3273084,9,4141,465
3273085,26,4137,449
3273086,37,4131,456
3273087,34,4132,473
3273088,30,4137,478
3273089,32,4148,468
3273090,40,4150,428
3273091,36,4145,379
3273092,17,4138,346
3273093,-14,4136,344
3273094,-51,4140,357
3273095,-58,4141,354
3273096,-36,4136,330
3273097,-14,4126,316
3273098,-3,4125,335
3273099,-2,4128,361
3273100,5,4128,378
3273101,33,4133,395
3273102,69,4138,413
3273103,90,4137,421
3273104,96,4132,430
3273105,94,4130,432
3273106,72,4131,432
3273107,32,4138,434
3273108,1,4142,402
3273109,-12,4141,368
3273110,-13,4143,361
3273111,0,4155,333
3273112,26,4172,276
3273113,52,4176,244
3273114,63,4167,235
3273115,62,4161,229
3273116,46,4167,231
3273117,34,4172,239
3273118,34,4165,249
3273119,26,4152,267
3273120,6,4144,350
3273121,2,4138,386
3273122,7,4136,418
3273123,12,4144,428
3273124,29,4150,410
3273125,45,4160,415
3273126,59,4170,438
3273127,63,4171,444
3273128,56,4174,428
3273129,48,4172,400
3273130,37,4170,372
3273131,26,4168,338
3273132,14,4172,307
3273133,5,4170,309
3273134,-8,4165,353
3273135,-30,4168,403
3273136,-33,4161,394
3273137,5,4151,334
3273138,35,4153,294
3273139,25,4161,294
3273140,0,4162,311
3273141,-27,4155,335
3273142,-52,4154,369
3273143,-65,4150,403
3273144,-63,4139,434
3273145,-56,4131,458
3273146,-47,4131,477
3273147,-46,4138,489
3273148,-39,4144,480
3273149,-12,4144,460
3273150,4,4147,456
3273151,31,4133,479
3273152,27,4129,491
3273153,6,4120,494
3273154,-13,4109,490
3273155,-38,4102,488
3273156,-61,4102,511
3273157,-65,4098,550
3273158,-55,4092,573
3273159,-42,4097,570
3273160,-26,4101,535
3273161,-11,4108,508
3273162,11,4120,500
3273163,33,4119,500
3273164,33,4120,511
3273165,20,4118,509
3273166,2,4119,496
3273167,-17,4124,486
3273168,-15,4123,480
3273169,-6,4119,480
3273170,-8,4112,498
3273171,-10,4114,526
3273172,0,4124,525
3273173,26,4126,500
3273174,52,4123,485
3273175,59,4133,488
3273176,47,4139,479
3273177,32,4137,456
3273178,18,4127,445
3273179,3,4129,461
3273180,0,4133,473
3273181,11,4125,464
3273182,17,4123,448
3273183,34,4115,422
3273184,56,4108,410
3273185,64,4111,411
3273186,73,4111,398
3273187,70,4110,371
3273188,19,4120,388
3273189,11,4126,414
3273190,14,4126,425
3273191,24,4130,436
3273192,38,4134,450
3273193,56,4138,457
3273194,71,4141,443
3273195,77,4143,416
3273196,66,4141,408
3273197,42,4140,414
3273198,21,4140,403
3273199,16,4142,385
3273200,14,4151,381
3273201,13,4146,371
3273202,29,4137,366
3273203,36,4141,374
3273204,43,4135,346
3273205,53,4131,319
3273206,43,4141,319
3273207,38,4148,305
3273208,32,4154,284
3273209,6,4157,282
3273210,-21,4158,309
3273211,-36,4161,337
3273212,-40,4160,343
3273213,-37,4162,332
3273214,-25,4172,326
3273215,-11,4174,329
3273216,7,4169,320
3273217,15,4167,296
3273218,19,4165,263
3273219,16,4161,243
3273220,-4,4164,241
3273221,-28,4170,246
3273222,-45,4169,256
3273223,-46,4167,248
3273224,-37,4175,270
3273225,-44,4168,278
3273226,-51,4167,292
3273227,-56,4173,304
3273228,-42,4176,298
3273229,-18,4181,296
3273230,-5,4186,312
3273231,-2,4180,322
3273232,2,4172,303
3273233,1,4164,277
3273234,-16,4152,292
3273235,-40,4147,321
3273236,-56,4142,320
3273237,-58,4143,327
3273238,-51,4157,367
3273239,-39,4161,414
3273240,-18,4153,449
3273241,8,4145,477
3273242,26,4144,500
3273243,38,4141,489
3273244,40,4138,468
3273245,31,4140,470
3273246,17,4139,492
3273247,-6,4127,526
3273248,-26,4116,546
3273249,-29,4120,552
3273250,-23,4124,545
3273251,-8,4121,528
3273252,16,4122,501
3273253,49,4131,435
3273254,70,4136,392
3273255,43,4127,429
3273256,11,4111,490
3273257,12,4102,535
3273258,28,4105,560
3273259,42,4108,567
3273260,11,4098,535
3273261,2,4090,550
3273262,14,4091,571
3273263,26,4102,578
3273264,30,4115,553
3273265,46,4127,503
3273266,55,4135,477
3273267,39,4141,461
3273268,20,4138,435
3273269,12,4134,443
3273270,19,4139,493
3273271,45,4144,523
3273272,71,4149,489
3273273,79,4151,407
3273274,79,4147,353
3273275,78,4146,383
3273276,92,4151,436
3273277,109,4152,474
3273278,98,4150,504
3273279,76,4153,492
3273280,57,4151,453
3273281,47,4149,465
3273282,57,4147,501
3273283,80,4139,503
3273284,80,4147,506
3273285,41,4158,500
3273286,15,4151,466
3273287,16,4151,445
3273288,25,4154,437
3273289,36,4153,431
3273290,45,4155,450
3273291,52,4152,487
3273292,56,4150,501
3273293,65,4155,508
3273294,80,4156,514
3273295,79,4161,516
3273296,37,4164,502
3273297,2,4166,485
3273298,-24,4168,469
3273299,-32,4167,454
3273300,-28,4173,430
3273301,-18,4177,399
3273302,-20,4178,368
3273303,-41,4172,348
3273304,-50,4159,370
3273305,-50,4147,418
3273306,-47,4136,447
3273307,-31,4130,456
3273308,-24,4131,458
3273309,-36,4133,440
3273310,-63,4125,400
3273311,-88,4113,399
3273312,-106,4107,432
3273313,-124,4107,449
3273314,-141,4109,463
3273315,-152,4110,479
3273316,-139,4113,477
3273317,-115,4110,452
3273318,-90,4104,431
3273319,-65,4107,431
3273320,-37,4112,424
3273321,-2,4118,408
3273322,22,4120,396
3273323,7,4120,383
3273324,-25,4117,374
3273325,-49,4118,380
3273326,-73,4127,392
3273327,-99,4134,387
3273328,-116,4135,375
3273329,-109,4124,375
3273330,-89,4117,414
3273331,-69,4127,477
3273332,-12,4113,499
3273333,-1,4116,517
3273334,-3,4124,548
3273335,-5,4117,571
3273336,3,4110,580
3273337,15,4109,560
3273338,24,4107,500
3273339,23,4108,446
3273340,17,4110,434
3273341,7,4119,436
3273342,-15,4131,437
3273343,-33,4137,432
3273344,-33,4139,398
3273345,-22,4142,374
3273346,-4,4152,387
3273347,15,4150,391
3273348,29,4141,392
3273349,38,4138,403
3273350,44,4144,427
3273351,47,4146,450
3273352,53,4132,451
3273353,52,4120,469
3273354,35,4120,511
3273355,27,4124,544
3273356,28,4127,526
3273357,24,4140,476
3273358,23,4154,445
3273359,25,4159,432
3273360,25,4168,418
3273361,39,4175,361
3273362,68,4177,296
3273363,77,4186,286
3273364,62,4189,308
3273365,42,4194,344
3273366,34,4198,367
3273367,38,4188,365
3273368,35,4184,339
3273369,46,4184,358
3273370,52,4188,384
3273371,40,4177,370
3273372,25,4161,367
3273373,28,4148,387
3273374,32,4147,397
3273375,28,4160,428
3273376,21,4170,479
3273377,16,4175,505
3273378,17,4173,492
3273379,9,4164,476
3273380,-6,4157,478
3273381,-7,4155,483
3273382,-2,4155,480
3273383,-2,4157,478
3273384,-3,4158,491
3273385,-2,4149,477
3273386,-3,4148,437
3273387,-11,4152,429
3273388,-26,4143,450
3273389,-36,4134,459
3273390,-33,4133,472
3273391,-37,4134,494
3273392,-31,4128,483
3273393,-12,4121,455
3273394,5,4111,440
3273395,17,4103,458
3273396,15,4111,476
3273397,8,4126,483
3273398,4,4135,494
3273399,-6,4129,499
3273400,-8,4123,517
3273401,4,4120,554
3273402,13,4112,585
3273403,26,4110,590
3273404,34,4104,586
3273405,22,4097,560
3273406,5,4095,509
3273407,0,4096,488
3273408,-3,4099,509
3273409,-14,4102,532
3273410,-22,4102,516
3273411,-30,4102,482
3273412,-33,4102,465
3273413,-15,4099,475
3273414,3,4096,506
3273415,3,4104,526
3273416,-3,4112,524
3273417,-8,4121,489
3273418,-1,4140,435
3273419,25,4158,390
3273420,56,4164,363
3273421,89,4166,361
3273422,111,4164,376
3273423,97,4155,433
3273424,48,4142,503
3273425,-17,4128,515
3273426,-72,4119,474
3273427,-102,4123,438
3273428,-104,4126,421
3273429,-81,4126,387
3273430,-43,4134,329
3273431,-1,4146,285
3273432,31,4156,275
3273433,33,4165,272
3273434,14,4168,257
3273435,1,4162,265
3273436,-16,4159,324
3273437,-31,4155,387
3273438,-25,4150,400
3273439,-18,4146,379
3273440,-37,4122,385
3273441,-33,4121,409
3273442,-27,4131,417
3273443,-24,4139,427
3273444,-25,4143,425
3273445,-27,4148,389
3273446,-41,4155,365
3273447,-64,4159,367
3273448,-81,4162,365
3273449,-85,4164,359
3273450,-86,4161,367
3273451,-84,4167,384
3273452,-76,4175,387
3273453,-68,4174,352
3273454,-53,4170,284
3273455,-40,4169,243
3273456,-45,4174,248
3273457,-49,4173,264
3273458,-35,4175,276
3273459,-22,4177,300
3273460,-25,4166,341
3273461,-37,4160,373
3273462,-44,4156,383
3273463,-31,4154,387
3273464,-9,4159,389
3273465,8,4168,374
3273466,32,4175,357
3273467,61,4161,359
3273468,67,4135,361
3273469,54,4138,376
3273470,27,4154,429
3273471,-45,4141,481
3273472,-54,4139,455
3273473,-53,4136,437
3273474,-57,4132,433
3273475,-62,4131,451
3273476,-68,4123,480
3273477,-78,4110,493
3273478,-81,4111,493
3273479,-68,4115,490
3273480,-51,4114,488
3273481,-39,4111,470
3273482,-16,4113,442
3273483,13,4129,426
3273484,30,4141,426
3273485,40,4139,441
3273486,39,4139,483
3273487,26,4130,523
3273488,8,4112,538
3273489,-14,4104,548
3273490,-33,4100,544
3273491,-38,4090,514
3273492,-29,4084,496
3273493,-15,4090,505
3273494,-1,4106,521
3273495,18,4115,525
3273496,47,4119,520
3273497,62,4125,507
3273498,53,4126,496
3273499,36,4127,495
3273500,27,4129,490
3273501,20,4133,476
3273502,18,4135,449
3273503,35,4127,446
3273504,47,4125,464
3273505,46,4127,471
3273506,51,4129,470
3273507,62,4128,465
3273508,63,4119,470
3273509,52,4120,483
3273510,54,4115,490
3273511,53,4112,518
3273512,41,4110,552
3273513,36,4104,564
3273514,36,4102,543
3273515,18,4106,519
3273516,-2,4109,505
3273517,-8,4107,492
3273518,-16,4108,503
3273519,-26,4117,548
3273520,-30,4124,589
3273521,-28,4122,585
3273522,-15,4121,558
3273523,-7,4128,544
3273524,1,4133,527
3273525,29,4135,501
3273526,58,4137,490
3273527,53,4140,485
3273528,36,4143,473
3273529,30,4148,448
3273530,31,4148,432
3273531,32,4144,445
3273532,37,4148,455
3273533,54,4149,442
3273534,73,4147,432
3273535,74,4143,456
3273536,59,4128,497
3273537,45,4122,567
3273538,62,4120,605
3273539,186,4143,515
3273540,40,4133,636
3273541,121,4123,517
3273542,329,4129,305
3273543,350,4095,341
3273544,274,4069,424
3273545,273,4133,381
3273546,287,4225,357
3273547,210,4258,385
3273548,23,4237,432
3273549,-169,4235,472
3273550,-284,4272,491
3273551,-347,4306,466
3273552,-408,4303,401
3273553,-461,4267,316
3273554,-458,4209,204
3273555,-366,4154,74
3273556,-209,4111,-17
3273557,-37,4079,-32
3273558,117,4064,-13
3273559,207,4062,48
3273560,220,4081,169
3273561,195,4112,293
3273562,126,4145,409
3273563,19,4167,507
3273564,-87,4176,575
3273565,-148,4182,603
3273566,-178,4180,569
3273567,-203,4167,525
3273568,-203,4153,506
3273569,-167,4152,475
3273570,-98,4153,416
3273571,-23,4148,376
3273572,21,4142,355
3273573,20,4137,355
3273574,-20,4131,393
3273575,-82,4123,416
3273576,-122,4119,422
3273577,-118,4119,433
3273578,-93,4119,460
3273579,-72,4122,482
3273580,-52,4123,497
3273582,-42,4122,522
3273583,-51,4130,561
3273584,-54,4147,616
3273585,-50,4157,662
3273586,-62,4153,682
3273587,-72,4133,679
3273588,-58,4114,678
3273589,-43,4104,690
3273590,-39,4098,688
3273591,-24,4097,660
3273592,6,4095,627
3273593,24,4090,614
3273594,26,4083,599
3273595,26,4079,552
3273596,12,4078,509
3273597,-35,4091,534
3273598,-46,4094,577
3273599,-45,4089,600
3273600,-44,4091,595
3273601,-34,4100,588
3273602,-9,4099,596
3273603,20,4094,595
3273604,46,4091,587
3273605,63,4088,588
3273606,64,4089,608
3273607,63,4094,635
3273608,79,4103,621
3273609,92,4116,570
3273610,95,4126,510
3273611,99,4120,463
3273612,90,4118,447
3273613,69,4132,443
3273614,45,4143,443
3273615,26,4145,439
3273616,12,4141,426
3273617,1,4136,419
3273618,-1,4136,415
3273619,2,4146,413
3273620,7,4160,414
3273621,6,4168,418
3273622,6,4162,414
3273623,12,4150,418
3273624,20,4148,442
3273625,25,4151,462
3273626,15,4155,468
3273627,1,4160,461
3273628,-11,4167,461
3273629,-25,4175,494
3273630,-25,4177,476
3273631,-29,4185,436
3273632,-45,4180,396
3273633,-54,4169,382
3273634,-53,4163,399
3273635,-42,4157,430
3273636,-29,4154,448
3273637,-23,4157,425
3273638,-28,4164,387
3273639,-57,4167,358
3273640,-89,4162,338
3273641,-81,4156,330
3273642,-51,4155,330
3273643,-22,4159,329
3273644,-6,4163,335
3273645,-12,4171,354
3273646,-25,4175,370
3273647,-22,4173,391
3273648,-10,4171,412
3273649,-16,4167,427
3273650,-24,4161,433
3273651,-22,4155,434
3273652,-17,4148,463
3273653,-6,4137,482
3273654,10,4129,452
3273655,17,4123,414
3273656,-5,4119,403
3273657,-38,4112,344
3273658,-45,4112,313
3273659,-45,4115,320
3273660,-41,4115,361
3273661,-37,4119,407
3273662,-22,4128,433
3273663,-1,4131,427
3273664,17,4132,419
3273665,27,4137,422
3273666,33,4132,412
3273667,37,4121,396
3273668,35,4116,383
3273669,40,4113,376
3273670,33,4112,407
3273671,3,4116,470
3273672,-8,4115,502
3273673,-5,4114,514
3273674,-1,4117,532
3273675,14,4114,538
3273676,25,4108,528
3273677,21,4104,517
3273678,10,4108,514
3273679,19,4108,497
3273680,51,4106,473
3273681,65,4106,461
3273682,61,4102,465
3273683,64,4105,480
3273684,64,4121,483
3273685,55,4141,490
3273686,39,4153,511
3273687,12,4157,538
3273688,-20,4156,557
3273689,-41,4153,562
3273690,-42,4155,559
3273691,-31,4154,541
3273692,-11,4159,506
3273693,11,4165,493
3273694,26,4170,490
3273695,17,4162,503
3273696,2,4152,505
3273697,8,4147,485
3273698,19,4143,478
3273699,12,4139,477
3273700,13,4138,448
3273701,30,4142,420
3273702,33,4144,419
3273703,15,4147,436
3273704,-16,4145,464
3273705,-36,4141,453
3273706,-31,4147,393
3273707,-11,4157,347
3273708,1,4172,354
3273709,-1,4176,401
3273710,1,4171,431
3273711,13,4172,405
3273712,25,4169,368
3273713,26,4168,377
3273714,3,4173,441
3273715,-30,4174,497
3273716,-36,4167,505
3273717,-10,4170,480
3273718,20,4176,466
3273719,28,4181,486
3273720,42,4186,487
3273721,59,4189,475
3273722,-23,4164,583
3273723,-42,4134,674
3273724,184,4149,533
3273725,291,4150,446
3273726,58,4121,610
3273727,-56,4127,633
3273728,151,4136,449
3273729,189,4139,430
3273730,221,4156,349
3273731,100,4174,394
3273732,-19,4219,472
3273733,1,4277,464
3273734,-15,4300,499
3273735,-108,4286,583
3273736,-171,4277,619
3273737,-192,4271,585
3273738,-172,4252,512
3273739,-131,4214,431
3273740,-85,4159,355
3273741,-26,4115,284
3273742,43,4089,214
3273743,86,4067,210
3273744,103,4057,265
3273745,109,4057,292
3273746,92,4054,296
3273747,47,4056,323
3273748,-24,4075,379
3273749,-97,4097,439
3273750,-157,4108,488
3273751,-198,4110,528
3273752,-213,4109,542
3273753,-221,4106,534
3273754,-203,4095,514
3273755,-136,4075,466
3273756,-83,4068,430
3273757,-75,4092,462
3273758,-47,4113,479
3273759,14,4108,458
3273760,56,4098,445
3273761,66,4088,454
3273762,47,4079,476
3273763,11,4077,489
3273764,-57,4082,517
3273765,-95,4078,542
3273766,-86,4074,524
3273767,-60,4074,504
3273768,-75,4079,537
3273769,-88,4083,572
3273770,-61,4082,566
3273771,-34,4089,547
3273772,-34,4104,540
3273773,-52,4117,535
3273774,-63,4122,513
3273775,-51,4118,453
3273776,-31,4112,397
3273777,-16,4106,366
3273778,3,4105,336
3273779,8,4116,338
3273780,-21,4132,370
3273781,-44,4139,380
3273782,-50,4140,381
3273783,-64,4153,413
3273784,-66,4169,451
3273785,-47,4175,449
3273786,-31,4178,439
3273787,-29,4175,440
3273788,-31,4169,448
3273789,-33,4174,477
3273790,-22,4184,494
3273791,13,4186,472
3273792,48,4194,439
3273793,31,4197,444
3273794,-18,4180,491
3273795,39,4172,472
3273796,172,4170,392
3273797,157,4146,403
3273798,24,4125,486
3273799,-9,4135,459
3273800,-38,4139,399
3273801,-116,4149,468
3273802,-71,4172,479
3273803,42,4198,459
3273804,79,4196,480
3273805,38,4169,544
3273806,36,4154,553
3273807,54,4150,529
3273808,15,4137,550
3273809,-31,4125,553
3273810,-43,4114,518
3273811,-63,4095,513
3273812,-51,4087,475
3273813,11,4085,402
3273814,-10,4077,409
3273815,-73,4073,453
3273816,-61,4079,455
3273817,-27,4083,457
3273818,-27,4082,466
3273819,-46,4092,469
3273820,-53,4112,474
3273821,-28,4121,459
3273822,10,4123,454
3273823,35,4122,463
3273824,26,4117,473
3273825,10,4113,476
3273826,42,4116,437
3273827,0,4101,478
3273828,-92,4076,600
3273829,17,4085,569
3273830,141,4091,487
3273831,52,4069,527
3273832,-47,4062,535
3273833,-21,4075,435
3273834,-1,4082,350
3273835,-55,4090,344
3273836,-134,4119,390
3273837,-75,4140,408
3273838,-20,4166,458
3273839,-10,4173,546
3273840,14,4169,588
3273841,82,4167,554
3273842,99,4155,521
3273843,45,4142,511
3273844,-10,4130,505
3273845,-40,4127,492
3273846,-47,4135,475
3273847,-25,4140,471
3273848,3,4141,488
3273849,9,4148,503
3273850,8,4155,483
3273851,9,4157,440
3273852,12,4155,412
3273853,17,4156,418
3273854,19,4157,452
3273855,26,4155,476
3273856,38,4148,498
3273857,44,4145,531
3273858,40,4145,554
3273859,22,4140,572
3273860,4,4140,588
3273861,0,4148,579
3273862,3,4151,553
3273863,9,4150,534
3273864,24,4150,523
3273865,45,4147,498
3273866,57,4144,484
3273867,62,4143,504
3273868,53,4146,546
3273869,45,4147,589
3273870,46,4149,599
3273871,21,4148,596
3273872,-57,4146,649
3273873,-50,4149,612
3273874,-18,4145,519
3273875,-6,4149,448
3273876,-17,4151,418
3273877,-32,4144,384
3273878,-50,4136,371
3273879,-72,4129,401
3273880,-82,4123,422
3273881,-70,4120,463
3273882,-59,4118,531
3273883,-35,4117,548
3273884,10,4115,516
3273885,47,4121,511
3273886,63,4127,532
3273887,60,4122,536
3273888,36,4114,524
3273889,4,4115,510
3273890,-2,4113,488
3273891,-4,4110,497
3273892,-24,4116,519
3273893,-24,4120,483
3273894,-6,4122,434
3273895,-13,4127,435
3273896,-35,4132,461
3273897,-38,4146,491
3273898,-35,4153,496
3273899,-36,4146,487
3273900,-30,4154,490
3273901,-32,4158,454
3273902,-51,4148,396
3273903,-74,4141,382
3273904,-92,4141,407
3273905,-82,4141,422
3273906,-56,4137,442
3273907,-42,4138,468
3273908,-40,4142,534
3273909,-48,4146,543
3273910,-47,4138,503
3273911,-41,4135,487
3273912,-35,4145,488
3273913,-24,4149,489
3273914,-7,4147,502
3273915,1,4151,518
3273916,17,4149,537
3273917,19,4147,567
3273918,2,4149,562
3273919,-3,4145,538
3273920,-6,4143,529
3273921,-15,4138,511
3273922,-24,4136,493
3273923,-36,4139,492
3273924,-41,4137,498
3273925,-28,4136,530
3273926,-5,4132,548
3273927,22,4118,505
3273928,22,4117,473
3273929,-1,4128,465
3273930,-5,4135,446
3273931,-1,4134,453
3273932,-14,4139,502
3273933,-24,4153,535
3273934,-22,4160,519
3273935,-18,4163,488
3273936,-4,4169,462
3273937,14,4174,449
3273938,22,4173,443
3273939,32,4175,426
3273940,49,4177,392
3273941,71,4168,375
3273942,68,4154,394
3273943,44,4136,414
3273944,26,4124,422
3273945,-20,4122,406
3273946,-27,4112,388
3273947,-22,4104,391
3273948,-44,4097,428
3273949,-53,4095,477
3273950,-2,4109,491
3273951,28,4105,493
3273952,2,4089,521
3273953,-4,4088,497
3273954,16,4096,445
3273955,6,4109,456
3273956,-24,4115,496
3273957,-35,4124,506
3273958,-28,4135,480
3273959,2,4134,457
3273960,25,4140,452
3273961,14,4147,452
3273962,3,4149,458
3273963,2,4154,463
3273964,-10,4156,467
3273965,-28,4151,464
3273966,-26,4141,450
3273967,-3,4135,439
3273968,6,4127,474
3273969,-15,4118,513
3273970,-40,4104,506
3273971,-38,4094,498
3273972,-23,4098,511
3273973,-27,4098,534
3273974,-40,4106,537
3273975,-45,4113,513
3273976,-59,4114,490
3273977,-65,4118,467
3273978,-58,4124,460
3273979,-47,4136,466
3273980,-40,4141,459
3273981,-51,4130,466
3273982,-57,4137,492
3273983,-65,4128,525
3273984,-54,4109,548
3273985,-33,4115,574
3273986,-28,4130,583
3273987,-38,4130,582
3273988,-47,4123,591
3273989,-41,4111,596
3273990,-32,4100,587
3273991,-42,4097,561
3273992,-74,4096,535
3273993,-116,4090,545
3273994,-130,4080,583
3273995,-97,4076,614
3273996,-56,4087,627
3273997,-35,4100,621
3273998,-17,4104,609
3273999,8,4110,584
3274000,21,4121,554
3274001,-4,4128,556
3274002,-25,4132,571
3274003,-10,4138,558
3274004,-8,4148,561
3274005,-22,4152,579
3274006,-13,4144,566
3274007,21,4143,555
3274008,44,4145,571
3274009,39,4141,596
3274010,40,4145,602
3274011,47,4162,581
3274012,39,4164,541
3274013,18,4154,513
3274014,-15,4147,516
3274015,-40,4143,537
3274016,-40,4143,542
3274017,-14,4134,497
3274018,8,4137,490
3274019,20,4137,494
3274020,28,4139,496
3274021,30,4145,484
3274022,21,4147,458
3274023,11,4150,428
3274024,8,4150,410
3274025,-2,4149,419
3274026,-11,4150,439
3274027,0,4149,426
3274028,24,4143,381
3274029,43,4147,351
3274030,43,4165,350
3274031,34,4176,348
3274032,19,4174,352
3274033,-4,4163,375
3274034,-18,4154,394
3274035,-12,4148,420
3274036,5,4149,446
3274037,25,4153,457
3274038,33,4153,472
3274039,25,4155,493
3274040,30,4152,495
3274041,54,4141,474
3274042,58,4140,463
3274043,29,4144,494
3274044,-1,4140,552
3274045,-13,4136,585
3274046,-11,4131,565
3274047,-7,4125,532
3274048,-8,4129,514
3274049,-11,4131,494
3274050,-5,4125,478
3274051,-5,4124,499
3274052,-14,4123,560
3274053,-3,4104,641
3274054,21,4097,641
3274055,31,4092,619
3274056,23,4084,578
3274057,11,4081,545
3274058,7,4080,541
3274059,-9,4073,565
3274060,-22,4075,594
3274061,-26,4083,609
3274062,-38,4088,607
3274063,-35,4086,576
3274064,-16,4077,549
3274065,-9,4081,558
3274066,-2,4090,575
3274067,10,4093,575
3274068,9,4097,548
3274069,-4,4101,480
3274070,-26,4105,419
3274071,-42,4105,390
3274072,-32,4101,373
3274073,-8,4104,368
3274074,7,4105,360
3274075,-6,4104,375
3274076,-26,4110,415
3274077,-41,4114,423
3274078,-47,4119,419
3274079,-41,4131,440
3274080,-38,4137,452
3274081,-34,4135,452
3274082,-23,4133,459
3274083,-14,4138,470
3274084,-13,4147,490
3274085,-13,4163,501
3274086,-6,4184,486
3274087,5,4196,466
3274088,11,4198,476
3274089,-16,4184,488
3274090,-13,4182,463
3274091,5,4184,436
3274092,7,4182,412
3274093,-3,4187,412
3274094,-6,4192,430
3274095,1,4190,415
3274096,16,4188,400
3274097,17,4194,428
3274098,1,4199,445
3274099,-10,4195,417
3274100,-13,4192,379
3274101,-19,4193,381
3274102,-22,4196,420
3274103,-6,4191,438
3274104,24,4182,425
3274105,57,4170,398
3274106,79,4167,375
3274107,63,4172,375
3274108,32,4166,388
3274109,18,4160,409
3274110,20,4158,436
3274111,35,4153,461
3274112,48,4156,471
3274113,48,4165,435
3274114,39,4166,381
3274115,35,4166,361
3274116,19,4171,383
3274117,-8,4161,402
3274118,-31,4144,408
3274119,-51,4142,435
3274120,-52,4144,454
3274121,-39,4149,466
3274122,-17,4163,478
3274123,7,4168,463
3274124,16,4159,445
3274125,18,4151,490
3274126,40,4139,509
3274127,56,4132,533
3274128,37,4131,543
3274129,4,4128,555
3274130,-10,4122,570
3274131,-14,4115,578
3274132,-16,4105,600
3274133,-15,4096,621
3274134,-9,4090,605
3274135,5,4086,567
3274136,20,4079,557
3274137,25,4067,577
3274138,29,4060,587
3274139,46,4062,580
3274140,50,4065,574
3274141,25,4071,572
3274142,-7,4072,564
3274143,-32,4064,554
3274144,-38,4063,545
3274145,-33,4072,548
3274146,-32,4085,561
3274147,-31,4097,564
3274148,-20,4101,567
3274149,-7,4091,581
3274150,8,4085,609
3274151,32,4096,637
3274152,42,4103,650
3274153,28,4103,657
3274154,6,4100,636
3274155,-21,4092,593
3274156,-45,4098,578
3274157,-50,4104,579
3274158,-7,4105,595
3274159,16,4105,601
3274160,29,4111,588
3274161,48,4120,535
3274162,73,4122,481
3274163,82,4126,461
3274164,72,4133,453
3274165,59,4142,453
3274166,55,4151,452
3274167,55,4158,442
3274168,37,4156,446
3274169,8,4153,467
3274170,1,4154,486
3274171,19,4150,496
3274172,37,4150,506
3274173,44,4155,518
3274174,48,4158,518
3274175,54,4169,509
3274176,58,4175,498
3274177,61,4168,488
3274178,58,4167,508
3274179,43,4169,541
3274180,17,4161,542
3274181,3,4153,514
3274182,10,4156,484
3274183,21,4155,459
3274184,36,4153,456
3274185,46,4157,492
3274186,37,4162,508
3274187,32,4162,476
3274188,32,4157,463
3274189,28,4149,484
3274190,25,4140,504
3274191,16,4138,502
3274192,12,4139,488
3274193,15,4133,466
3274194,20,4125,446
3274195,3,4127,442
3274196,12,4126,425
3274197,34,4119,424
3274198,31,4120,443
3274199,9,4125,453
3274200,11,4128,459
3274201,22,4126,468
3274202,17,4122,456
3274203,10,4108,451
3274204,-1,4107,489
3274205,-4,4118,524
3274206,33,4119,525
3274207,92,4133,536
3274208,156,4155,581
3274209,199,4154,620
3274210,169,4132,638
3274211,79,4109,636
3274212,-21,4091,624
3274213,-98,4079,610
3274214,-128,4072,567
3274215,-124,4087,519
3274216,-107,4112,478
3274217,-68,4126,447
3274218,-17,4144,449
3274219,17,4159,462
3274220,44,4162,441
3274221,63,4162,389
3274222,61,4164,358
3274223,44,4166,350
3274224,26,4157,352
3274225,12,4147,372
3274226,-2,4142,381
3274228,-23,4140,366
3274229,-41,4146,375
3274230,-38,4132,500
3274231,-12,4123,521
3274232,28,4121,505
3274233,55,4123,480
3274234,56,4126,461
3274235,33,4133,460
3274236,3,4133,470
3274237,-19,4129,460
3274238,-23,4127,437
3274239,-21,4133,458
3274240,-15,4141,493
3274241,16,4146,492
3274242,57,4155,488
3274243,85,4160,503
3274244,83,4159,514
3274245,56,4156,515
3274246,25,4155,530
3274247,1,4152,558
3274248,-9,4144,547
3274249,5,4147,504
3274250,22,4157,476
3274251,36,4151,453
3274252,52,4142,447
3274253,64,4140,469
3274254,70,4144,506
3274255,63,4146,532
3274256,49,4143,548
3274257,39,4139,564
3274258,36,4135,550
3274259,51,4134,530
3274260,74,4135,539
3274261,69,4141,578
3274262,61,4148,585
3274263,65,4151,579
3274264,70,4156,566
3274265,63,4158,557
3274266,46,4161,548
3274267,32,4162,540
3274268,26,4160,534
3274269,30,4161,540
3274270,42,4165,554
3274271,40,4164,561
3274272,34,4160,551
3274273,48,4156,552
3274274,49,4150,560
3274275,26,4147,539
3274276,7,4137,515
3274277,-9,4127,532
3274278,-25,4128,570
3274279,-29,4120,593
3274280,-11,4105,601
3274281,16,4086,583
3274282,35,4072,535
3274283,39,4072,510
3274284,25,4077,511
3274285,8,4078,490
3274286,-2,4075,466
3274287,-20,4068,454
3274288,-48,4071,451
3274289,-75,4079,463
3274290,-74,4073,478
3274291,-45,4065,489
3274292,-23,4072,494
3274293,0,4082,497
3274294,26,4086,498
3274295,32,4095,481
3274296,35,4107,465
3274297,33,4112,482
3274298,18,4112,490
3274299,2,4116,507
3274300,-15,4129,503
3274301,-20,4137,462
3274302,-15,4138,420
3274303,-23,4144,412
3274304,-44,4150,414
3274305,-53,4154,402
3274306,-44,4152,371
3274307,-26,4151,359
3274308,-12,4156,382
3274309,-10,4156,426
3274310,-17,4149,445
3274311,-15,4140,427
3274312,-1,4135,420
3274313,12,4135,419
3274314,23,4134,408
3274315,27,4129,406
3274316,22,4131,418
3274317,21,4134,427
3274318,27,4134,437
3274319,30,4135,436
3274320,28,4143,439
3274321,20,4157,450
3274322,18,4164,448
3274323,25,4163,433
3274324,37,4163,403
3274325,55,4166,385
3274326,57,4169,410
3274327,46,4173,445
3274328,53,4174,458
3274329,67,4170,457
3274330,70,4165,441
3274331,67,4171,430
3274332,63,4181,441
3274333,68,4179,464
3274334,70,4177,449
3274335,63,4179,433
3274336,56,4185,445
3274337,46,4186,492
3274338,38,4174,509
3274339,49,4168,498
3274340,77,4173,495
3274341,86,4171,497
3274342,77,4166,516
3274343,70,4158,518
3274344,72,4154,495
3274345,75,4152,470
3274346,77,4142,447
3274347,79,4136,420
3274348,80,4130,396
3274349,77,4120,395
3274350,59,4126,416
3274351,36,4129,418
3274352,12,4126,395
3274353,-6,4126,384
3274354,-14,4125,406
3274355,-17,4124,436
3274356,-3,4125,441
3274357,22,4122,431
3274358,37,4121,422
3274359,40,4124,438
3274360,39,4122,477
3274361,43,4128,507
3274362,39,4130,518
3274363,21,4118,524
3274364,5,4116,524
3274365,-2,4118,526
3274366,-4,4120,541
3274367,6,4117,562
3274368,28,4117,575
3274369,34,4136,571
3274370,20,4133,581
3274371,19,4122,573
3274372,27,4110,562
3274373,29,4097,577
3274374,19,4085,616
3274375,9,4085,642
3274376,12,4089,638
3274377,18,4095,623
3274378,20,4090,610
3274379,18,4078,610
3274380,13,4074,628
3274381,11,4074,634
3274382,26,4073,630
3274383,41,4069,641
3274384,53,4069,664
3274385,67,4073,682
3274386,75,4077,695
3274387,79,4085,700
3274388,76,4094,689
3274389,64,4099,668
3274390,58,4103,655
3274391,59,4109,654
3274392,61,4111,645
3274393,66,4116,634
3274394,80,4127,629
3274395,88,4132,617
3274396,96,4134,605
3274397,112,4140,598
3274398,116,4142,598
3274399,103,4145,606
3274400,92,4150,598
3274401,90,4150,560
3274402,94,4152,528
3274403,101,4159,514
3274404,110,4164,489
3274405,113,4163,487
3274406,95,4161,518
3274407,93,4159,491
3274408,95,4157,470
3274409,91,4149,477
3274410,95,4144,495
3274411,106,4145,523
3274412,104,4146,535
3274413,106,4154,527
3274414,115,4162,521
3274415,122,4169,513
3274416,133,4170,502
3274417,142,4167,476
3274418,132,4166,473
3274419,108,4170,510
3274420,82,4175,540
3274421,66,4168,544
3274422,67,4167,561
3274423,64,4166,598
3274424,62,4159,629
3274425,69,4155,645
3274426,88,4154,621
3274427,117,4151,555
3274428,103,4145,512
3274429,73,4144,507
3274430,92,4157,487
3274431,82,4160,481
3274432,24,4143,492
3274433,2,4132,482
3274434,2,4128,460
3274435,-10,4122,462
3274436,-9,4116,476
3274437,15,4116,480
3274438,34,4123,477
3274439,39,4130,449
3274440,40,4139,397
3274441,24,4150,392
3274442,-11,4142,432
3274443,-31,4136,460
3274444,-24,4132,493
3274445,-23,4131,529
3274446,-23,4128,543
3274447,-8,4115,553
3274448,4,4106,575
3274449,7,4105,577
3274450,19,4109,565
3274451,27,4120,567
3274452,26,4131,556
3274453,17,4136,537
3274454,-7,4141,522
3274455,-34,4135,500
3274456,-44,4125,506
3274457,-28,4127,538
3274458,-13,4133,559
3274459,-12,4140,562
3274460,0,4144,554
3274461,21,4144,551
3274462,33,4143,542
3274463,36,4140,527
3274464,29,4131,525
3274465,13,4118,585
3274466,8,4111,614
3274467,11,4097,618
3274468,27,4086,605
3274469,46,4081,586
3274470,56,4083,587
3274471,51,4083,601
3274472,46,4080,604
3274473,47,4083,602
3274474,49,4092,607
3274475,43,4098,602
3274476,45,4098,596
3274477,52,4109,602
3274478,48,4124,614
3274479,44,4135,621
3274480,47,4138,615
3274481,40,4134,590
3274482,27,4134,559
3274483,16,4140,566
3274484,-9,4140,591
3274485,-31,4131,602
3274486,-39,4120,600
3274487,-46,4105,595
3274488,-52,4096,586
3274489,-42,4096,558
3274490,-18,4100,534
3274491,-3,4106,530
3274492,-3,4100,532
3274493,-1,4092,545
3274494,8,4089,568
3274495,21,4086,577
3274496,43,4091,587
3274497,29,4096,592
3274498,3,4105,579
3274499,-11,4111,559
3274500,-2,4106,548
3274501,14,4104,557
3274502,25,4109,581
3274503,31,4115,582
3274504,38,4113,560
3274505,48,4112,536
3274506,40,4115,509
3274507,9,4119,492
3274508,-11,4131,490
3274509,-3,4147,468
3274510,25,4157,421
3274511,43,4169,389
3274512,30,4171,378
3274513,-1,4165,388
3274514,-24,4162,405
3274515,-17,4160,406
3274516,4,4161,421
3274517,14,4160,448
3274518,21,4159,456
3274519,32,4156,448
3274520,36,4156,437
3274521,39,4155,430
3274522,44,4154,440
3274523,49,4162,465
3274524,52,4171,498
3274525,40,4165,500
3274526,21,4145,471
3274527,6,4143,475
3274528,5,4149,509
3274529,20,4146,515
3274530,35,4146,481
3274531,46,4157,456
3274532,58,4172,469
3274533,42,4172,474
3274534,24,4173,492
3274535,17,4169,502
3274536,13,4167,509
3274537,11,4162,522
3274538,19,4153,536
3274539,19,4148,539
3274540,10,4141,536
3274541,4,4137,562
3274542,-1,4130,594
3274543,-5,4128,605
3274544,2,4128,592
3274545,18,4127,589
3274546,38,4124,605
3274547,43,4121,608
3274548,24,4121,593
3274549,4,4110,580
3274550,-12,4096,601
3274551,-29,4085,635
3274552,-32,4081,658
3274553,-7,4085,671
3274554,23,4091,673
3274555,23,4097,684
3274556,15,4093,694
3274557,15,4088,678
3274558,22,4089,670
3274559,26,4096,683
3274560,18,4097,678
3274561,15,4091,653
3274562,20,4090,625
3274563,10,4096,600
3274564,-7,4104,574
3274565,-10,4110,553
3274566,-4,4112,552
3274567,10,4114,574
3274568,39,4118,571
3274569,35,4120,510
3274570,-1,4127,489
3274571,-55,4128,528
3274572,-88,4124,571
3274573,-76,4121,596
3274574,-34,4126,598
3274575,2,4131,604
3274576,11,4131,609
3274577,14,4124,588
3274578,31,4106,584
3274579,38,4093,613
3274580,41,4090,628
3274581,45,4090,624
3274582,32,4093,633
3274583,17,4091,648
3274584,10,4094,672
3274585,15,4105,694
3274586,25,4102,677
3274587,30,4091,659
3274588,30,4088,669
3274589,23,4094,675
3274590,15,4097,668
3274591,8,4096,658
3274592,-3,4101,661
3274593,-17,4111,689
3274594,-8,4121,700
3274595,27,4131,674
3274596,60,4135,637
3274597,73,4131,611
3274598,74,4127,597
3274599,80,4121,587
3274600,87,4114,591
3274601,88,4112,601
3274602,69,4113,617
3274603,36,4101,602
3274604,68,4101,606
3274605,81,4109,618
3274606,75,4111,584
3274607,69,4107,514
3274608,65,4110,463
3274609,56,4117,462
3274610,29,4125,480
3274611,11,4132,485
3274612,14,4134,476
3274613,24,4132,466
3274614,39,4129,459
3274615,61,4121,437
3274616,84,4116,419
3274617,92,4122,426
3274618,96,4124,444
3274619,96,4124,449
3274620,83,4128,438
3274621,71,4128,436
3274622,51,4126,469
3274623,29,4126,504
3274624,23,4129,507
3274625,27,4132,497
3274626,20,4134,500
3274627,8,4131,509
3274628,14,4133,506
3274629,34,4142,500
3274630,44,4141,514
3274631,32,4139,524
3274632,26,4136,510
3274633,30,4130,477
3274634,29,4128,438
3274635,18,4130,410
3274636,2,4141,403
3274637,2,4150,391
3274638,30,4148,391
3274639,70,4124,430
3274640,70,4114,468
3274641,47,4104,518
3274642,21,4104,567
3274643,-1,4106,618
3274644,-12,4106,648
3274645,2,4107,654
3274646,25,4106,648
3274647,43,4109,647
3274648,57,4108,663
3274649,62,4100,659
3274650,70,4099,625
3274651,75,4100,632
3274652,67,4103,691
3274653,57,4109,738
3274654,59,4115,751
3274655,80,4127,767
3274656,107,4141,798
3274657,131,4149,810
3274658,152,4153,786
3274659,165,4164,739
3274660,166,4169,692
3274661,155,4168,675
3274662,146,4173,661
3274663,147,4180,617
3274664,136,4179,594
3274665,116,4176,607
3274666,98,4174,614
3274667,88,4165,601
3274668,82,4157,586
3274669,72,4159,569
3274670,68,4154,555
3274671,73,4145,559
3274672,86,4136,536
3274673,102,4133,503
3274674,98,4139,488
3274675,104,4134,485
3274676,110,4142,494
3274677,107,4155,486
3274678,99,4164,476
3274679,77,4172,471
3274680,46,4168,434
3274681,34,4161,387
3274682,39,4168,389
3274683,40,4182,409
3274684,36,4188,410
3274685,36,4189,409
3274686,45,4191,400
3274687,54,4193,392
3274688,49,4192,395
3274689,37,4178,391
3274690,26,4160,371
3274691,21,4151,364
3274692,17,4144,381
3274693,15,4132,416
3274694,14,4120,462
3274695,25,4116,496
3274696,47,4116,490
3274697,50,4115,464
3274698,34,4120,456
3274699,34,4122,451
3274700,51,4126,454
3274701,48,4137,449
3274702,37,4136,430
3274703,28,4135,454
3274704,26,4141,499
3274705,44,4140,511
3274706,64,4141,519
3274707,74,4150,539
3274708,87,4145,546
3274709,105,4130,542
3274710,119,4111,572
3274711,85,4085,708
3274712,61,4074,728
3274713,54,4064,719
3274714,63,4055,717
3274715,75,4053,740
3274716,89,4054,738
3274717,114,4055,708
3274718,144,4061,681
3274719,159,4062,654
3274720,133,4064,658
3274721,91,4070,694
3274722,74,4072,729
3274723,75,4072,736
3274724,71,4069,712
3274725,68,4066,694
3274726,75,4065,697
3274727,86,4066,692
3274728,94,4066,663
3274729,94,4074,633
3274730,82,4084,624
3274731,60,4081,633
3274732,44,4074,655
3274733,41,4072,682
3274734,38,4071,690
3274735,33,4069,680
3274736,34,4069,656
3274737,42,4067,623
3274738,37,4070,615
3274739,35,4073,600
3274740,45,4074,559
3274741,50,4080,520
3274742,47,4089,498
3274743,39,4092,486
3274744,29,4090,491
3274745,12,4099,478
3274746,9,4116,418
3274747,18,4133,368
3274748,3,4130,384
3274749,-12,4124,408
3274750,-17,4117,422
3274751,-22,4118,411
3274752,-26,4122,374
3274753,-28,4129,350
3274754,-39,4141,370
3274755,-46,4148,401
3274756,-29,4148,400
3274757,7,4148,390
3274758,39,4154,419
3274759,48,4167,471
3274760,43,4174,487
3274761,48,4169,462
3274762,58,4175,454
3274763,58,4180,480
3274764,59,4170,522
3274765,55,4172,574
3274766,51,4176,588
3274767,70,4169,539
3274768,98,4169,499
3274769,106,4179,502
3274770,100,4184,506
3274771,107,4186,512
3274772,123,4185,526
3274773,134,4184,527
3274774,146,4189,519
3274775,152,4190,503
3274776,143,4184,489
3274777,122,4182,492
3274778,97,4186,483
3274779,84,4186,444
3274780,109,4198,425
3274781,114,4201,444
3274782,103,4203,468
3274783,102,4199,434
3274784,125,4201,361
3274785,137,4210,335
3274786,121,4203,333
3274787,100,4189,302
3274788,91,4182,273
3274789,82,4183,246
3274790,68,4184,199
3274791,59,4185,169
3274792,53,4187,180
3274793,57,4176,179
3274794,68,4166,149
3274795,68,4165,146
3274796,63,4160,184
3274797,58,4150,219
3274798,65,4132,221
3274799,66,4120,230
3274800,49,4124,260
3274801,42,4127,271
3274802,53,4124,264
3274803,72,4119,277
3274804,84,4114,327
3274805,83,4116,383
3274806,84,4115,396
3274807,80,4118,369
3274808,62,4128,339
3274809,56,4127,302
3274810,73,4127,280
3274811,80,4135,286
3274812,69,4144,288
3274813,52,4156,309
3274814,37,4166,351
3274815,45,4175,420
3274816,67,4179,418
3274817,86,4182,413
3274818,84,4182,402
3274819,78,4182,398
3274820,69,4180,424
3274821,72,4173,449
3274822,81,4174,446
3274823,88,4180,446
3274824,88,4167,438
3274825,89,4145,427
3274826,72,4135,450
3274827,44,4131,480
3274828,48,4133,500
3274829,66,4136,525
3274830,77,4136,552
3274831,90,4138,581
3274832,101,4142,611
3274833,96,4144,636
3274834,83,4145,643
3274835,84,4148,618
3274836,99,4156,569
3274837,118,4161,526
3274838,114,4166,509
3274839,93,4166,490
3274840,66,4161,477
3274841,41,4156,465
3274842,41,4152,445
3274843,47,4158,432
3274844,62,4166,423
3274845,85,4169,407
3274846,95,4162,381
3274847,92,4154,390
3274848,80,4154,442
3274849,68,4141,473
3274850,59,4124,468
3274851,59,4108,476
3274852,76,4108,509
3274853,102,4111,528
3274854,119,4122,535
3274855,108,4132,538
3274856,90,4138,520
3274857,73,4135,484
3274858,49,4121,446
3274859,41,4106,452
3274860,46,4104,502
3274861,52,4107,534
3274862,71,4107,534
3274863,84,4108,520
3274864,87,4101,515
3274865,86,4093,531
3274866,86,4091,558
3274867,99,4091,594
3274868,98,4105,623
3274869,93,4116,628
3274870,99,4108,624
3274871,103,4105,618
3274872,106,4114,595
3274873,116,4116,583
3274874,125,4116,597
3274875,138,4121,617
3274876,152,4124,629
3274877,152,4122,628
3274878,141,4126,626
3274879,129,4134,626
3274880,112,4136,626
3274881,96,4136,608
3274882,102,4127,579
3274883,109,4122,576
3274884,103,4121,568
3274885,102,4125,551
3274886,102,4130,529
3274887,109,4125,500
3274888,118,4128,480
3274889,113,4143,483
3274890,103,4148,442
3274891,99,4139,398
3274892,86,4137,389
3274893,77,4138,392
3274894,88,4146,389
3274895,98,4153,365
3274896,103,4152,352
3274897,93,4159,366
3274898,79,4159,390
3274899,72,4148,424
3274900,61,4145,449
3274901,52,4136,436
3274902,53,4127,428
3274903,52,4120,459
3274904,46,4115,486
3274905,55,4117,493
3274906,66,4123,518
3274907,61,4127,532
3274908,53,4127,512
3274909,52,4128,476
3274910,44,4121,449
3274911,19,4119,456
3274912,3,4124,459
3274913,0,4124,447
3274914,1,4120,454
3274915,3,4118,450
3274916,4,4119,404
3274917,8,4112,366
3274918,7,4100,366
3274919,7,4090,397
3274920,4,4090,447
3274921,18,4087,497
3274922,50,4097,576
3274923,79,4119,653
3274924,143,4134,702
3274925,227,4150,759
3274926,105,4124,784
3274927,-58,4103,782
3274928,-145,4088,736
3274929,-148,4080,680
3274930,-106,4090,619
3274931,-60,4114,557
3274932,-10,4143,507
3274933,48,4173,488
3274934,92,4184,504
3274935,106,4177,520
3274936,94,4171,517
3274937,57,4161,517
3274938,12,4141,538
3274939,-6,4122,578
3274941,-5,4110,609
3274942,5,4100,613
3274943,33,4092,627
3274944,53,4092,653
3274945,59,4096,655
3274946,81,4096,663
3274947,106,4097,712
3274948,122,4100,763
3274949,133,4099,762
3274950,150,4106,742
3274951,144,4122,733
3274952,127,4131,727
3274953,137,4140,740
3274954,158,4148,752
3274955,172,4150,742
3274956,165,4152,710
3274957,144,4149,673
3274958,133,4144,644
3274959,146,4131,617
3274960,152,4127,628
3274961,162,4130,636
3274962,168,4135,629
3274963,173,4130,619
3274964,177,4128,630
3274965,168,4131,637
3274966,157,4131,635
3274967,148,4119,623
3274968,139,4106,612
3274969,145,4104,605
3274970,149,4098,599
3274971,150,4096,625
3274972,154,4102,651
3274973,166,4108,640
3274974,174,4111,627
3274975,166,4111,622
3274976,159,4110,598
3274977,148,4107,566
3274978,125,4112,541
3274979,92,4109,490
3274980,76,4104,450
3274981,67,4106,436
3274982,58,4096,420
3274983,48,4093,446
3274984,37,4096,491
3274985,41,4090,489
3274986,58,4091,457
3274987,78,4095,432
3274988,89,4099,413
3274989,88,4102,398
3274990,80,4104,399
3274991,66,4110,407
3274992,55,4118,400
3274993,66,4128,386
3274994,73,4139,393
3274995,67,4155,426
3274996,83,4148,424
3274997,86,4144,443
3274998,73,4153,456
3274999,74,4165,457
3275000,77,4172,462
3275001,80,4168,447
3275002,93,4154,450
3275003,95,4154,494
3275004,90,4160,523
3275005,95,4154,516
3275006,97,4155,498
3275007,81,4159,462
3275008,65,4162,438
3275009,49,4162,455
3275010,43,4154,466
3275011,64,4159,444
3275012,75,4165,425
3275013,55,4160,441
3275014,27,4159,493
3275015,11,4152,524
3275016,10,4144,501
3275017,32,4150,465
3275018,61,4152,472
3275019,86,4144,499
3275020,108,4141,494
3275021,121,4152,477
3275022,109,4157,467
3275023,87,4155,482
3275024,96,4155,518
3275025,129,4146,543
3275026,144,4136,557
3275027,131,4143,561
3275028,109,4144,533
3275029,84,4131,501
3275030,71,4129,501
3275031,80,4141,479
3275032,85,4132,481
3275033,86,4121,499
3275034,95,4122,505
3275035,113,4127,517
3275036,124,4127,535
3275037,129,4116,560
3275038,140,4112,613
3275039,157,4116,634
3275040,164,4116,604
3275041,155,4118,596
3275042,154,4115,609
3275043,148,4115,594
3275044,137,4122,583
3275045,126,4124,607
3275046,102,4111,624
3275047,95,4096,642
3275048,102,4098,667
3275049,117,4104,680
3275050,148,4105,692
3275051,170,4111,707
3275052,179,4108,714
3275053,177,4098,711
3275054,158,4099,703
3275055,145,4104,696
3275056,151,4109,684
3275057,162,4116,666
3275058,157,4121,653
3275059,153,4119,649
3275059,156,4124,657
3275061,165,4126,662
3275061,171,4123,664
3275062,173,4127,690
3275063,171,4131,709
3275064,167,4131,688
3275065,164,4134,643
3275066,150,4133,585
3275067,140,4127,547
3275068,131,4139,543
3275069,119,4154,534
3275070,120,4164,515
3275071,110,4171,519
3275072,103,4178,508
3275073,108,4176,470
3275074,114,4177,444
3275075,108,4177,438
3275076,105,4170,455
3275077,111,4160,508
3275078,124,4149,550
3275079,148,4141,552
3275081,167,4134,557
3275081,171,4133,573
3275082,155,4129,594
3275084,132,4117,622
3275085,123,4107,625
3275086,129,4099,621
3275087,125,4094,611
3275088,119,4097,588
3275089,137,4107,559
3275090,155,4116,534
3275091,145,4114,553
3275092,125,4109,593
3275093,119,4102,613
3275094,124,4105,629
3275095,135,4112,640
3275096,141,4117,629
3275097,128,4128,624
3275098,96,4133,642
3275099,93,4136,652
3275100,119,4136,638
3275101,126,4130,648
3275101,129,4126,678
3275103,130,4122,676
3275104,136,4118,635
3275105,140,4122,607
3275106,132,4120,606
3275107,128,4117,590
3275108,127,4120,588
3275109,110,4115,571
3275110,99,4119,550
3275111,107,4127,535
3275112,114,4137,526
3275113,123,4144,530
3275114,133,4134,534
3275115,133,4125,542
3275116,120,4130,551
3275117,101,4133,530
3275118,88,4131,483
3275119,75,4126,445
3275120,49,4119,443
3275121,29,4113,474
3275122,29,4110,499
3275123,50,4112,491
3275124,82,4119,488
3275125,98,4122,502
3275126,79,4121,511
3275127,62,4120,498
3275128,71,4120,489
3275129,73,4129,500
3275130,76,4134,509
3275131,99,4131,533
3275132,119,4129,570
3275133,134,4129,579
3275134,138,4138,566
3275135,121,4144,561
3275136,107,4139,580
3275137,105,4137,613
3275138,108,4138,636
3275139,116,4140,633
3275140,131,4138,610
3275141,137,4126,572
3275142,132,4115,537
3275143,109,4113,533
3275144,88,4116,555
3275145,91,4117,572
3275146,111,4122,563
3275147,129,4121,540
3275148,129,4116,527
3275149,129,4113,545
3275150,141,4113,576
3275151,165,4115,588
3275152,191,4122,589
3275153,194,4129,595
3275154,176,4131,610
3275155,157,4129,626
3275156,144,4127,631
3275157,135,4126,624
3275158,134,4129,618
3275159,137,4127,595
3275160,134,4123,565
3275161,127,4123,562
3275162,115,4117,565
3275163,92,4116,562
3275164,71,4129,543
3275165,73,4132,505
3275166,95,4129,475
3275167,115,4128,455
3275168,133,4123,428
3275169,146,4122,425
3275170,136,4124,466
3275171,119,4124,496
3275172,110,4125,502
3275173,105,4134,507
3275174,111,4137,502
3275175,123,4132,483
3275176,143,4133,485
3275177,152,4131,498
3275178,145,4123,509
3275179,123,4122,555
3275180,129,4133,557
3275181,133,4140,556
3275182,135,4141,566
3275183,137,4137,577
3275184,133,4130,564
3275185,129,4130,553
3275186,131,4129,543
3275187,145,4130,522
3275188,167,4143,519
3275189,177,4149,536
3275190,155,4145,556
3275191,126,4144,570
3275192,105,4134,561
3275193,98,4122,551
3275194,85,4120,555
3275195,87,4111,583
3275196,110,4117,629
3275197,132,4130,646
3275198,156,4136,627
3275199,172,4138,601
3275200,168,4132,605
3275201,147,4130,604
3275202,123,4131,594
3275203,100,4131,616
3275204,87,4127,651
3275205,101,4121,658
3275206,135,4117,637
3275207,147,4113,625
3275208,139,4109,635
3275209,118,4117,640
3275210,89,4123,622
3275211,71,4116,625
3275212,64,4104,638
3275213,76,4097,630
3275214,101,4106,638
3275215,122,4112,658
3275216,145,4113,699
3275217,143,4113,707
3275218,153,4119,712
3275219,179,4127,719
3275220,189,4129,705
3275221,170,4120,681
3275222,141,4113,688
3275223,114,4115,692
3275224,106,4113,672
3275225,113,4106,649
3275226,120,4100,627
3275227,134,4103,613
3275228,148,4104,586
3275229,159,4104,565
3275230,171,4110,561
3275231,180,4112,565
3275232,182,4117,578
3275233,181,4123,571
3275234,163,4129,544
3275235,135,4134,510
3275236,123,4129,475
3275237,120,4127,441
3275238,118,4126,438
3275239,112,4125,450
3275240,113,4128,465
3275241,115,4128,469
3275242,119,4124,455
3275243,116,4121,437
3275244,99,4118,424
3275245,78,4112,418
3275246,65,4109,424
3275247,66,4115,446
3275248,86,4119,471
3275249,109,4119,500
3275250,119,4120,527
3275251,135,4123,568
3275252,136,4122,611
3275253,140,4126,618
3275254,148,4139,629
3275255,150,4144,624
3275256,150,4143,594
3275257,154,4141,549
3275258,152,4142,520
3275259,143,4145,526
3275260,148,4150,556
3275261,160,4151,575
3275262,174,4142,547
3275263,190,4137,504
3275264,176,4137,460
3275265,139,4138,409
3275266,124,4135,384
3275267,115,4130,378
3275268,104,4130,371
3275269,97,4133,394
3275270,99,4138,442
3275271,116,4140,484
3275272,133,4131,527
3275273,147,4118,554
3275274,157,4113,545
3275275,155,4115,523
3275276,151,4115,515
3275277,156,4115,521
3275278,177,4124,542
3275279,192,4137,584
3275280,175,4144,630
3275281,154,4139,638
3275282,161,4127,606
3275283,176,4123,586
3275284,181,4124,582
3275285,181,4122,560
3275286,193,4124,516
3275287,212,4125,485
3275288,176,4111,506
3275289,165,4109,491
3275290,163,4111,484
3275291,149,4103,485
3275292,138,4096,513
3275293,131,4087,554
3275294,123,4082,566
3275295,124,4081,558
3275296,117,4078,531
3275297,112,4077,498
3275298,96,4075,466
3275299,78,4061,463
3275300,61,4053,509
3275301,46,4054,551
3275302,43,4062,524
3275303,41,4072,429
3275304,37,4075,348
3275305,25,4074,333
3275306,9,4080,356
3275307,7,4084,364
3275308,22,4095,341
3275309,33,4118,304
3275310,35,4127,237
3275311,40,4137,172
3275312,42,4138,164
3275313,22,4132,209
3275314,-3,4132,280
3275315,-5,4130,322
3275316,20,4132,324
3275317,42,4138,350
3275318,40,4137,386
3275319,44,4127,374
3275320,55,4125,357
3275321,53,4128,352
3275322,50,4131,368
3275323,65,4143,363
3275324,86,4157,384
3275325,88,4160,427
3275326,80,4157,485
3275327,83,4161,537
3275328,97,4173,554
3275329,117,4181,550
3275330,134,4182,573
3275331,138,4186,606
3275332,137,4191,606
3275333,133,4189,554
3275334,137,4185,496
3275335,138,4191,509
3275336,126,4185,555
3275337,126,4173,576
3275338,139,4173,583
3275339,148,4170,602
3275340,146,4157,611
3275341,145,4155,606
3275342,157,4155,624
3275343,164,4146,636
3275344,168,4143,633
3275345,177,4140,629
3275346,177,4141,596
3275347,178,4144,557
3275348,182,4152,543
3275349,177,4155,531
3275350,167,4157,528
3275351,165,4168,543
3275352,163,4178,551
3275353,153,4176,504
3275354,150,4175,445
3275355,151,4178,430
3275356,138,4166,412
3275357,128,4145,409
3275358,117,4141,422
3275359,108,4140,416
3275360,89,4136,363
3275361,75,4137,375
3275362,55,4135,392
3275363,44,4144,383
3275364,32,4145,352
3275365,16,4133,325
3275366,-5,4131,323
3275367,-14,4128,335
3275368,8,4135,350
3275369,37,4150,378
3275370,50,4154,410
3275371,56,4148,444
3275372,68,4136,478
3275373,80,4126,502
3275374,87,4123,493
3275375,90,4118,476
3275376,97,4124,513
3275377,98,4132,577
3275378,100,4131,637
3275379,124,4132,673
3275380,150,4139,669
3275381,163,4147,658
3275382,164,4148,676
3275383,166,4143,706
3275384,164,4140,720
3275385,168,4135,732
3275386,174,4136,751
3275387,175,4137,731
3275388,174,4130,702
3275389,164,4131,697
3275390,162,4127,689
3275391,169,4127,671
3275392,171,4130,628
3275393,176,4126,576
3275394,173,4130,554
3275395,160,4133,581
3275396,133,4122,652
3275397,136,4120,704
3275398,140,4115,745
3275399,157,4114,779
3275400,160,4110,796
3275401,156,4104,789
3275402,153,4108,786
3275403,157,4110,791
3275404,160,4109,805
3275405,167,4110,824
3275406,172,4118,810
3275407,174,4124,781
3275408,173,4116,748
3275409,172,4111,749
3275410,171,4119,786
3275411,176,4111,763
3275412,194,4102,726
3275413,195,4104,709
3275414,173,4103,672
3275415,154,4100,629
3275416,148,4101,606
3275417,140,4097,581
3275418,131,4093,564
3275419,128,4096,580
3275420,130,4092,617
3275421,136,4092,640
3275422,149,4097,652
3275423,160,4100,661
3275424,175,4096,663
3275425,205,4094,689
3275426,227,4100,719
3275427,249,4104,740
3275428,268,4109,760
3275429,266,4112,747
3275430,260,4105,721
3275431,256,4103,716
3275432,228,4118,715
3275433,222,4129,711
3275434,212,4136,703
3275435,202,4139,688
3275436,195,4134,659
3275437,192,4120,618
3275438,182,4115,582
3275439,174,4113,562
3275440,167,4108,553
3275441,156,4107,557
3275442,146,4116,572
3275443,135,4120,567
3275444,127,4125,567
3275445,124,4122,562
3275446,130,4117,578
3275447,124,4120,606
3275448,126,4111,602
3275449,145,4111,596
3275450,136,4111,585
3275451,118,4104,570
3275452,116,4113,582
3275453,110,4121,602
3275454,98,4118,601
3275455,89,4121,590
3275456,85,4127,596
3275457,75,4130,588
3275458,80,4134,546
3275459,75,4133,492
3275460,63,4124,453
3275461,69,4125,470
3275462,75,4133,491
3275463,85,4138,489
3275464,80,4150,486
3275465,65,4158,472
3275466,54,4160,440
3275467,54,4159,439
3275468,51,4157,465
3275469,68,4158,466
3275470,74,4163,484
3275471,70,4155,512
3275472,77,4143,549
3275473,86,4128,601
3275474,97,4126,635
3275475,117,4141,644
3275476,137,4143,647
3275477,157,4135,669
3275478,191,4128,715
3275479,224,4118,750
3275480,244,4120,759
3275481,243,4132,757
3275482,214,4130,750
3275483,185,4118,739
3275484,173,4121,731
3275485,176,4128,729
3275486,196,4126,748
3275487,224,4127,781
3275488,248,4125,792
3275489,264,4119,784
3275490,273,4114,768
3275491,275,4108,762
3275492,254,4105,761
3275493,228,4099,751
3275494,224,4093,759
3275495,221,4095,759
3275496,223,4100,733
3275497,224,4100,685
3275498,203,4102,628
3275499,172,4108,592
3275500,146,4111,586
3275501,143,4111,613
3275502,146,4110,631
3275503,137,4113,595
3275504,127,4117,502
3275505,113,4123,485
3275506,86,4128,431
3275507,71,4130,360
3275508,56,4136,340
3275509,28,4142,365
3275510,12,4146,391
3275511,11,4158,406
3275512,9,4159,402
3275513,24,4153,410
3275514,40,4154,427
3275515,45,4149,448
3275516,49,4153,462
3275517,50,4157,434
3275518,59,4151,417
3275519,57,4154,438
3275520,50,4155,445
3275521,59,4155,432
3275522,70,4148,438
3275523,75,4147,493
3275524,77,4153,558
3275525,91,4143,611
3275526,109,4133,666
3275527,122,4126,688
3275528,132,4121,679
3275529,137,4113,670
3275530,144,4100,671
3275531,149,4095,686
3275532,144,4096,706
3275533,134,4097,704
3275534,140,4102,701
3275535,156,4113,719
3275536,167,4120,739
3275537,176,4125,729
3275538,181,4128,670
3275539,173,4130,595
3275540,162,4131,553
3275541,148,4129,566
3275542,142,4121,652
3275543,158,4118,639
3275544,165,4116,582
3275545,156,4111,559
3275546,133,4105,587
3275547,114,4091,633
3275548,106,4080,670
3275549,120,4085,702
3275550,157,4090,731
3275551,200,4093,755
3275552,226,4099,763
3275553,233,4106,755
3275554,223,4107,748
3275555,208,4098,730
3275556,201,4096,712
3275557,193,4100,699
3275558,180,4111,662
3275559,164,4126,609
3275560,150,4130,559
3275561,131,4134,524
3275562,126,4142,509
3275563,138,4143,489
3275564,159,4151,470
3275565,175,4161,483
3275566,172,4153,497
3275567,169,4143,484
3275568,164,4139,489
3275569,147,4144,520
3275570,129,4137,545
3275571,124,4130,590
3275572,127,4132,612
3275573,142,4129,610
3275574,165,4136,600
3275575,179,4148,592
3275576,175,4149,599
3275577,160,4144,581
3275578,147,4151,541
3275579,124,4166,490
3275580,103,4172,422
3275581,80,4190,300
3275582,78,4187,290
3275583,79,4195,299
3275584,82,4193,295
3275585,77,4193,284
3275586,60,4191,254
3275587,42,4177,213
3275588,28,4169,194
3275589,13,4164,214
3275590,5,4149,245
3275591,19,4129,286
3275592,44,4123,334
3275593,57,4112,371
3275594,75,4108,419
3275595,88,4121,449
3275596,86,4125,457
3275597,89,4122,474
3275598,102,4127,502
3275599,121,4135,530
3275600,138,4133,554
3275601,160,4132,567
3275602,173,4136,561
3275603,180,4137,571
3275604,176,4137,612
3275605,158,4139,636
3275606,152,4142,626
3275607,164,4141,611
3275608,175,4138,613
3275609,173,4137,632
3275610,164,4140,633
3275611,158,4136,620
3275612,161,4119,637
3275613,167,4106,681
3275614,174,4098,731
3275615,178,4092,778
3275616,179,4086,802
3275617,171,4079,785
3275618,164,4061,718
3275619,169,4059,690
3275620,168,4067,686
3275621,147,4074,687
3275622,124,4073,654
3275623,122,4074,633
3275624,119,4084,650
3275625,116,4089,658
3275626,125,4089,652
3275627,131,4093,637
3275628,121,4108,619
3275629,110,4114,605
3275630,115,4117,599
3275631,126,4120,578
3275632,136,4123,544
3275633,127,4136,519
3275634,119,4137,530
3275635,117,4138,557
