4105288,102,4096,582
4105289,93,4093,549
4105290,80,4089,521
4105291,64,4096,499
4105292,46,4104,473
4105293,35,4107,451
4105294,39,4127,406
4105295,34,4138,383
4105296,31,4143,360
4105297,38,4139,339
4105298,45,4139,327
4105299,44,4144,319
4105300,40,4149,305
4105301,33,4151,290
4105302,33,4159,280
4105303,31,4162,270
4105304,31,4159,256
4105305,35,4163,245
4105306,35,4172,244
4105307,34,4171,255
4105308,31,4166,257
4105309,31,4165,258
4105310,36,4159,263
4105311,45,4148,275
4105312,63,4141,297
4105313,74,4138,319
4105314,78,4141,324
4105315,78,4146,315
4105316,80,4144,314
4105317,97,4143,320
4105318,112,4135,328
4105319,120,4121,342
4105320,127,4111,358
4105321,134,4103,360
4105322,141,4095,356
4105323,148,4085,354
4105324,152,4085,357
4105325,149,4096,374
4105326,154,4103,389
4105327,172,4097,380
4105328,180,4090,362
4105329,174,4089,358
4105330,166,4087,365
4105331,162,4086,382
4105332,162,4096,401
4105333,164,4093,431
4105334,167,4096,435
4105335,169,4106,431
4105336,163,4101,433
4105337,154,4088,443
4105338,161,4082,456
4105339,165,4079,475
4105340,152,4081,501
4105341,145,4078,520
4105342,138,4069,531
4105343,133,4065,538
4105344,137,4060,542
4105345,133,4054,552
4105346,121,4055,567
4105347,112,4056,574
4105348,104,4053,561
4105349,96,4056,543
4105350,92,4062,535
4105351,88,4073,537
4105352,77,4083,539
4105353,66,4081,526
4105354,63,4082,515
4105355,59,4095,515
4105356,48,4105,504
4105357,38,4114,495
4105358,23,4128,494
4105359,10,4144,480
4105360,3,4156,460
4105361,-4,4159,452
4105362,-6,4159,450
4105363,-10,4165,454
4105364,-17,4177,456
4105365,-25,4186,448
4105366,-33,4192,447
4105367,-36,4198,450
4105368,-34,4193,450
4105369,-42,4185,448
4105370,-60,4168,444
4105371,-53,4157,449
4105372,-51,4150,442
4105373,-58,4142,448
4105374,-61,4131,460
4105375,-63,4135,456
4105376,-63,4188,448
4105377,-50,4315,440
4105378,-7,4470,415
4105379,76,4649,366
4105380,191,4872,301
4105381,329,5071,229
4105382,465,5148,162
4105383,569,5081,130
4105384,618,4937,168
4105385,611,4760,276
4105386,574,4597,420
4105387,512,4506,585
4105388,424,4461,746
4105389,331,4409,885
4105390,244,4344,1014
4105391,155,4272,1122
4105392,68,4205,1195
4105393,-10,4151,1241
4105394,-83,4105,1265
4105395,-146,4063,1281
4105396,-191,4028,1286
4105397,-208,3998,1268
4105398,-194,3969,1231
4105399,-151,3946,1190
4105400,-90,3934,1134
4105401,-14,3941,1065
4105402,76,3960,979
4105403,163,3985,874
4105404,239,4032,767
4105405,306,4080,663
4105406,396,4142,474
4105407,416,4183,402
4105408,409,4234,339
4105409,393,4266,287
4105410,372,4277,254
4105411,338,4291,243
4105412,295,4306,248
4105413,248,4304,268
4105414,196,4284,302
4105415,138,4264,342
4105416,87,4237,380
4105417,38,4199,413
4105418,-11,4171,453
4105419,-53,4142,504
4105420,-94,4105,548
4105421,-131,4077,573
4105422,-151,4053,597
4105423,-159,4042,615
4105424,-153,4048,611
4105425,-134,4062,596
4105426,-110,4081,586
4105427,-83,4097,573
4105428,-60,4097,542
4105429,-41,4089,513
4105430,-26,4085,489
4105431,-5,4096,454
4105432,28,4111,416
4105433,62,4123,376
4105434,84,4130,344
4105435,99,4123,335
4105436,111,4120,328
4105437,122,4121,315
4105438,136,4123,298
4105439,143,4129,284
4105440,144,4133,294
4105441,152,4132,299
4105442,163,4138,311
4105443,179,4152,326
4105444,197,4155,330
4105445,208,4149,340
4105446,217,4160,356
4105447,238,4168,371
4105448,268,4157,393
4105449,294,4139,433
4105450,311,4127,468
4105451,316,4116,488
4105452,314,4102,517
4105453,321,4103,559
4105454,331,4119,595
4105455,341,4117,621
4105456,352,4092,644
4105457,354,4070,672
4105458,355,4069,684
4105459,353,4076,685
4105460,353,4073,693
4105461,355,4076,710
4105462,356,4095,733
4105463,369,4113,738
4105464,387,4120,730
4105465,393,4131,725
4105466,397,4142,715
4105467,412,4149,695
4105468,423,4157,675
4105469,429,4162,665
4105470,427,4165,656
4105471,424,4162,653
4105472,422,4160,652
4105473,405,4157,653
4105474,378,4146,655
4105475,353,4135,655
4105476,330,4129,661
4105477,303,4120,662
4105478,271,4106,649
4105479,228,4106,635
4105480,187,4112,631
4105481,126,4113,622
4105482,94,4117,615
4105483,69,4127,617
4105484,59,4132,621
4105485,55,4132,617
4105486,50,4131,604
4105487,38,4133,588
4105488,19,4134,584
4105489,11,4139,578
4105490,10,4145,569
4105491,-8,4148,569
4105492,-37,4153,571
4105493,-64,4154,572
4105494,-84,4151,581
4105496,-101,4150,588
4105497,-115,4149,592
4105498,-125,4154,591
4105499,-130,4160,583
4105500,-127,4152,576
4105501,-127,4144,576
4105502,-120,4148,577
4105503,-101,4150,574
4105504,-87,4152,568
4105505,-71,4155,556
4105506,-53,4152,554
4105507,-42,4151,549
4105508,-24,4150,537
4105509,-1,4145,530
4105510,14,4139,532
4105511,26,4126,534
4105512,64,4132,530
4105513,72,4132,535
4105514,81,4131,537
4105515,86,4128,533
4105516,88,4119,532
4105517,88,4108,543
4105518,86,4097,545
4105519,89,4093,532
4105520,97,4096,521
4105521,102,4106,518
4105522,106,4115,512
4105523,116,4122,502
4105524,131,4129,497
4105525,145,4129,483
4105526,149,4123,474
4105527,149,4121,472
4105528,151,4127,459
4105529,155,4131,437
4105530,156,4132,410
4105531,153,4134,395
4105532,155,4126,395
4105533,158,4119,402
4105534,151,4126,405
4105535,139,4132,399
4105536,130,4134,398
4105537,118,4127,403
4105538,97,4123,402
4105539,77,4131,404
4105540,71,4131,416
4105541,71,4126,417
4105542,67,4130,397
4105543,59,4137,381
4105544,50,4139,376
4105545,42,4141,373
4105546,36,4147,371
4105547,31,4154,370
4105548,16,4154,376
4105549,9,4152,387
4105550,11,4157,399
4105551,11,4156,415
4105552,-5,4152,425
4105553,-19,4151,434
4105554,-15,4149,440
4105555,-7,4143,445
4105556,-7,4131,456
4105557,-7,4122,463
4105558,-1,4122,466
4105559,10,4124,478
4105560,15,4126,499
4105561,16,4131,512
4105562,25,4138,514
4105563,38,4135,513
4105564,50,4129,514
4105565,63,4131,521
4105566,74,4139,532
4105567,81,4142,532
4105568,91,4141,537
4105569,101,4150,541
4105570,114,4156,537
4105571,126,4159,545
4105572,130,4156,554
4105573,133,4139,555
4105574,136,4126,553
4105575,134,4129,561
4105576,140,4137,580
4105577,150,4137,584
4105578,152,4133,586
4105579,152,4138,600
4105580,157,4143,608
4105581,155,4139,615
4105582,146,4133,626
4105583,154,4124,622
4105584,157,4126,613
4105585,158,4119,622
4105586,154,4113,643
4105587,150,4115,653
4105588,153,4109,649
4105589,158,4092,640
4105590,163,4077,638
4105591,176,4068,642
4105592,184,4069,643
4105593,177,4071,631
4105594,178,4072,621
4105595,186,4075,629
4105596,195,4074,637
4105597,202,4076,635
4105598,199,4082,636
4105599,203,4086,642
4105600,209,4082,645
4105601,206,4074,644
4105602,201,4072,647
4105603,205,4070,658
4105604,215,4072,666
4105605,224,4075,674
4105606,231,4071,684
4105607,232,4070,680
4105608,235,4080,675
4105609,234,4094,676
4105610,231,4109,675
4105611,234,4115,667
4105612,237,4113,670
4105613,236,4108,683
4105614,232,4099,693
4105615,227,4087,691
4105616,219,4085,682
4105617,216,4090,677
4105618,212,4087,676
4105619,205,4085,683
4105620,206,4086,686
4105621,212,4077,676
4105622,217,4078,662
4105623,223,4101,634
4105624,223,4100,617
4105625,218,4100,613
4105626,218,4113,615
4105627,222,4130,618
4105628,217,4137,613
4105629,205,4136,599
4105630,192,4135,596
4105631,175,4139,602
4105632,161,4144,600
4105633,151,4148,595
4105634,141,4157,592
4105635,141,4158,599
4105636,145,4146,600
4105637,143,4140,586
4105638,146,4139,575
4105639,147,4135,581
4105640,140,4132,588
4105641,130,4133,589
4105642,123,4135,581
4105643,129,4136,569
4105644,138,4137,563
4105645,145,4131,568
4105646,148,4124,579
4105647,150,4122,572
4105648,148,4126,556
4105649,142,4137,539
4105650,140,4144,530
4105651,143,4145,528
4105652,148,4146,526
4105653,150,4151,522
4105654,140,4158,507
4105655,131,4159,489
4105656,135,4157,478
4105657,141,4157,469
4105658,136,4157,469
4105659,129,4158,494
4105660,123,4154,510
4105661,112,4154,499
4105662,116,4148,492
4105663,119,4135,477
4105664,116,4124,475
4105665,109,4121,486
4105666,103,4119,502
4105667,101,4122,508
4105668,105,4122,508
4105669,105,4111,504
4105670,101,4105,496
4105671,95,4112,506
4105672,94,4112,515
4105673,98,4105,512
4105674,97,4107,510
4105675,98,4115,513
4105676,96,4120,518
4105677,83,4120,512
4105678,80,4119,502
4105679,86,4123,499
4105680,87,4131,501
4105681,90,4137,505
4105682,89,4145,497
4105683,94,4151,486
4105684,105,4145,479
4105685,107,4135,480
4105686,103,4128,485
4105687,99,4126,497
4105688,92,4131,515
4105689,80,4134,535
4105690,68,4129,557
4105691,58,4125,567
4105692,61,4121,575
4105693,71,4118,572
4105694,77,4115,564
4105695,83,4105,565
4105696,88,4093,554
4105697,92,4086,540
4105698,97,4088,532
4105699,97,4084,530
4105700,113,4077,536
4105701,119,4075,552
4105702,128,4072,556
4105703,131,4072,550
4105704,130,4073,546
4105705,129,4075,546
4105706,129,4083,547
4105707,129,4095,551
4105708,134,4105,551
4105709,140,4110,539
4105710,131,4114,530
4105711,127,4121,531
4105712,138,4124,538
4105713,146,4136,546
4105714,152,4152,545
4105715,165,4153,542
4105716,182,4147,548
4105717,199,4145,563
4105718,208,4146,580
4105719,212,4145,592
4105720,209,4146,603
4105721,209,4143,609
4105722,221,4137,612
4105723,231,4137,612
4105724,231,4138,603
4105725,223,4134,609
4105726,219,4128,626
4105727,220,4126,629
4105728,231,4131,622
4105729,248,4137,620
4105730,251,4146,621
4105731,254,4156,624
4105732,268,4161,632
4105733,282,4153,638
4105734,295,4144,631
4105735,296,4133,622
4105736,291,4126,633
4105737,286,4128,655
4105738,282,4129,669
4105739,276,4125,669
4105740,278,4114,675
4105741,281,4100,681
4105742,273,4089,681
4105743,261,4086,679
4105744,255,4083,675
4105745,249,4081,663
4105746,238,4085,654
4105747,228,4090,657
4105748,223,4089,660
4105749,226,4088,650
4105750,225,4088,640
4105751,221,4091,637
4105752,223,4101,622
4105753,224,4114,612
4105754,224,4121,613
4105755,228,4123,606
4105756,219,4131,586
4105757,205,4138,576
4105758,201,4140,575
4105759,204,4139,571
4105760,206,4129,562
4105761,200,4127,556
4105762,192,4133,566
4105763,187,4134,586
4105764,176,4137,596
4105765,169,4134,595
4105766,171,4130,593
4105767,181,4127,598
4105768,192,4124,607
4105769,202,4129,614
4105770,210,4133,612
4105771,216,4133,604
4105772,221,4136,602
4105773,230,4138,607
4105774,245,4136,616
4105775,260,4132,617
4105776,260,4129,606
4105777,255,4124,594
4105778,258,4129,587
4105779,261,4137,593
4105780,261,4134,602
4105781,263,4133,604
4105782,259,4128,594
4105783,246,4114,581
4105784,234,4112,565
4105785,223,4124,554
4105786,223,4135,546
4105787,228,4135,533
4105788,227,4119,524
4105789,224,4110,523
4105790,220,4115,531
4105791,212,4122,537
4105792,212,4135,536
4105793,217,4141,540
4105794,216,4140,546
4105795,211,4140,545
4105796,203,4133,548
4105797,198,4120,551
4105798,199,4110,547
4105799,195,4109,545
4105800,182,4109,549
4105801,169,4112,556
4105802,156,4117,554
4105803,144,4118,550
4105804,138,4116,548
4105805,139,4113,543
4105806,143,4107,535
4105807,147,4114,520
4105808,144,4126,510
4105809,143,4119,511
4105810,147,4114,509
4105811,145,4118,512
4105812,139,4119,521
4105813,136,4116,535
4105814,143,4109,553
4105815,155,4102,558
4105816,167,4092,551
4105817,172,4096,565
4105818,182,4097,569
4105819,190,4093,564
4105820,191,4089,555
4105821,188,4090,560
4105822,183,4102,571
4105823,184,4103,575
4105824,181,4100,574
4105825,175,4108,560
4105826,179,4123,546
4105827,187,4131,537
4105828,197,4133,532
4105829,204,4137,538
4105830,216,4147,533
4105831,226,4159,519
4105832,234,4159,516
4105833,241,4151,519
4105834,237,4148,524
4105835,233,4144,529
4105836,230,4136,534
4105837,224,4127,548
4105838,224,4123,562
4105839,229,4128,571
4105840,222,4132,588
4105841,215,4129,605
4105842,214,4128,614
4105843,214,4134,617
4105844,214,4137,616
4105845,217,4130,620
4105846,222,4126,630
4105847,227,4130,627
4105848,236,4130,613
4105849,246,4123,608
4105850,251,4121,608
4105851,248,4124,609
4105852,242,4127,606
4105853,235,4132,596
4105854,227,4133,593
4105855,222,4127,578
4105856,215,4112,533
4105857,212,4117,526
4105858,204,4117,528
4105859,200,4124,536
4105860,193,4134,541
4105861,181,4132,535
4105862,177,4122,524
4105863,172,4124,523
4105864,170,4127,535
4105865,171,4122,549
4105866,168,4121,540
4105867,169,4121,520
4105868,174,4122,503
4105869,175,4122,497
4105870,172,4123,498
4105871,168,4122,497
4105872,165,4124,490
4105873,167,4129,480
4105874,172,4130,478
4105875,179,4130,479
4105876,174,4125,487
4105877,165,4115,497
4105878,171,4112,507
4105879,179,4110,523
4105880,178,4106,539
4105881,162,4107,553
4105882,149,4111,557
4105883,140,4117,554
4105884,131,4119,554
4105885,127,4124,563
4105886,130,4137,575
4105887,140,4140,595
4105888,146,4125,618
4105889,156,4117,623
4105890,168,4121,617
4105891,179,4118,620
4105892,194,4107,631
4105893,202,4109,640
4105894,206,4120,651
4105895,218,4126,675
4105896,215,4126,675
4105897,211,4124,681
4105898,210,4119,685
4105899,208,4110,691
4105900,204,4104,694
4105901,202,4102,682
4105902,200,4098,676
4105903,192,4104,671
4105904,180,4113,666
4105905,168,4114,677
4105906,159,4118,681
4105907,157,4127,665
4105908,153,4135,645
4105909,145,4146,630
4105910,153,4153,623
4105911,157,4156,628
4105912,153,4158,622
4105913,152,4162,601
4105914,153,4166,595
4105915,151,4169,604
4105916,150,4168,599
4105917,157,4161,586
4105918,164,4151,581
4105919,170,4136,583
4105920,177,4130,590
4105921,182,4132,598
4105922,181,4126,597
4105923,173,4113,590
4105924,164,4104,590
4105925,165,4099,603
4105926,172,4102,614
4105927,175,4110,616
4105928,171,4113,615
4105929,165,4116,615
4105930,158,4111,617
4105931,156,4104,607
4105932,161,4112,591
4105933,173,4116,558
4105934,168,4113,535
4105935,154,4114,531
4105936,147,4110,539
4105937,152,4109,535
4105938,163,4117,523
4105939,173,4124,508
4105940,184,4122,492
4105941,194,4124,480
4105942,195,4129,471
4105943,200,4121,465
4105944,211,4119,453
4105945,221,4120,440
4105946,232,4113,439
4105947,239,4113,442
4105948,232,4115,446
4105949,223,4115,451
4105950,220,4116,453
4105951,215,4116,458
4105952,208,4114,468
4105953,196,4115,477
4105954,183,4118,484
4105955,174,4123,488
4105956,175,4127,485
4105957,181,4128,470
4105958,180,4126,453
4105959,177,4124,456
4105960,177,4124,474
4105961,171,4129,490
4105962,168,4139,490
4105963,177,4142,478
4105964,183,4133,463
4105965,171,4124,460
4105966,163,4127,466
4105967,167,4132,481
4105968,165,4131,507
4105969,159,4128,524
4105970,160,4124,526
4105971,164,4121,523
4105972,155,4121,542
4105973,146,4115,552
4105974,150,4108,542
4105975,165,4101,526
4105976,172,4101,528
4105977,182,4102,535
4105978,203,4100,533
4105979,222,4103,543
4105980,231,4104,552
4105981,230,4105,549
4105982,234,4111,554
4105983,249,4107,566
4105984,257,4097,574
4105985,259,4093,585
4105986,262,4090,593
4105987,257,4087,589
4105988,256,4093,590
4105989,264,4096,602
4105990,264,4092,617
4105991,261,4090,626
4105992,258,4094,632
4105993,260,4106,633
4105994,270,4120,635
4105995,276,4122,638
4105996,274,4115,637
4105997,265,4114,653
4105998,260,4116,685
4105999,260,4109,704
4106000,254,4102,707
4106001,246,4104,718
4106002,247,4107,731
4106003,243,4111,740
4106004,239,4118,752
4106005,242,4121,755
4106006,244,4121,744
4106007,243,4122,735
4106008,238,4121,743
4106009,239,4119,757
4106010,238,4114,756
4106011,229,4111,765
4106012,223,4106,773
4106013,223,4101,765
4106014,223,4098,763
4106015,220,4101,768
4106016,220,4108,763
4106017,223,4112,752
4106018,226,4111,739
4106019,234,4111,720
4106020,249,4111,694
4106021,265,4111,670
4106022,274,4116,663
4106023,277,4116,668
4106024,277,4111,663
4106025,273,4112,648
4106026,273,4113,640
4106027,281,4110,644
4106028,286,4110,646
4106029,279,4115,646
4106030,274,4122,641
4106031,275,4130,631
4106032,275,4131,633
4106033,271,4129,643
4106034,260,4126,659
4106035,247,4124,676
4106036,234,4130,686
4106037,224,4131,681
4106038,215,4126,672
4106039,205,4119,669
4106040,185,4114,660
4106041,168,4115,656
4106042,153,4121,645
4106043,139,4121,621
4106044,134,4122,587
4106045,131,4129,559
4106046,132,4135,547
4106047,134,4133,531
4106048,137,4126,520
4106049,141,4124,520
4106050,128,4125,503
4106051,129,4125,500
4106052,134,4124,490
4106053,142,4127,482
4106054,149,4130,478
4106055,155,4128,475
4106056,158,4125,469
4106057,158,4121,466
4106058,153,4119,462
4106059,151,4123,452
4106060,155,4129,452
4106061,163,4128,468
4106062,171,4129,477
4106063,177,4135,475
4106064,185,4129,478
4106065,193,4112,491
4106066,197,4106,508
4106067,198,4115,517
4106068,195,4126,519
4106069,188,4129,518
4106070,188,4125,517
4106071,184,4120,516
4106072,166,4124,520
4106073,152,4130,521
4106074,148,4134,512
4106075,142,4143,506
4106076,137,4150,514
4106077,134,4147,519
4106078,128,4139,515
4106079,124,4139,521
4106080,124,4140,529
4106081,121,4143,528
4106082,113,4145,527
4106083,112,4139,519
4106084,116,4132,514
4106085,114,4129,516
4106086,117,4126,515
4106087,118,4123,508
4106088,110,4123,505
4106089,108,4127,502
4106090,100,4133,502
4106091,94,4138,505
4106092,93,4137,500
4106093,84,4133,490
4106094,75,4127,480
4106095,72,4124,475
4106096,68,4130,475
4106097,70,4135,472
4106098,75,4133,468
4106099,85,4128,467
4106100,97,4123,470
4106101,106,4126,466
4106102,122,4132,456
4106103,129,4134,443
4106104,130,4136,433
4106105,139,4136,435
4106106,143,4130,450
4106107,141,4126,474
4106108,139,4125,483
4106109,144,4120,484
4106110,155,4116,495
4106111,160,4115,501
4106112,160,4112,505
4106113,160,4107,515
4106114,155,4109,525
4106115,149,4112,531
4106116,150,4118,528
4106117,151,4123,527
4106118,151,4119,537
4106119,148,4114,546
4106120,143,4109,560
4106121,144,4107,571
4106122,144,4112,575
4106123,142,4117,576
4106124,143,4114,578
4106125,142,4111,588
4106126,144,4113,590
4106127,162,4115,571
4106128,167,4119,573
4106129,162,4121,582
4106130,153,4120,607
4106131,152,4113,623
4106132,161,4104,624
4106133,172,4102,627
4106134,181,4103,635
4106135,185,4110,641
4106136,180,4116,637
4106137,176,4115,631
4106138,181,4103,640
4106139,189,4093,653
4106140,194,4095,656
4106141,203,4101,658
4106142,211,4110,651
4106143,213,4109,639
4106144,211,4099,637
4106145,209,4097,636
4106146,213,4101,627
4106147,215,4105,620
4106148,209,4106,618
4106149,210,4101,618
4106150,216,4099,610
4106151,221,4100,606
4106152,226,4099,614
4106153,235,4095,616
4106154,240,4098,620
4106155,241,4101,626
4106156,234,4103,627
4106157,217,4113,633
4106158,199,4119,634
4106159,186,4119,635
4106160,178,4118,639
4106161,184,4118,638
4106162,195,4121,639
4106163,197,4124,633
4106164,197,4125,625
4106165,195,4120,629
4106166,191,4118,642
4106167,190,4126,649
4106168,193,4130,652
4106169,194,4128,658
4106170,189,4129,666
4106171,188,4126,658
4106172,185,4123,645
4106173,180,4132,641
4106174,174,4138,639
4106175,164,4132,651
4106176,163,4130,665
4106177,174,4130,661
4106178,181,4123,646
4106179,178,4121,631
4106180,181,4123,634
4106181,187,4119,651
4106182,193,4114,652
4106183,201,4116,636
4106184,213,4123,627
4106185,225,4127,629
4106186,234,4127,632
4106187,242,4128,638
4106188,252,4127,643
4106189,263,4125,645
4106190,262,4132,657
4106191,255,4136,668
4106192,248,4128,667
4106193,239,4121,668
4106194,229,4118,686
4106195,215,4121,706
4106196,200,4119,718
4106197,189,4114,711
4106198,185,4114,697
4106199,187,4112,701
4106200,194,4108,714
4106201,197,4105,722
4106202,199,4107,717
4106203,206,4104,707
4106204,212,4104,673
4106205,219,4105,656
4106206,228,4101,642
4106207,230,4097,633
4106208,228,4101,622
4106209,229,4109,617
4106210,237,4113,615
4106211,246,4112,610
4106212,253,4112,603
4106213,258,4113,598
4106214,256,4111,593
4106215,250,4113,587
4106216,246,4115,588
4106217,252,4115,585
4106218,260,4118,574
4106219,265,4122,573
4106220,267,4122,581
4106221,260,4117,583
4106222,244,4115,576
4106223,236,4115,579
4106224,232,4118,585
4106225,230,4120,575
4106226,233,4120,567
4106227,234,4120,563
4106228,226,4114,556
4106229,219,4108,551
4106230,215,4110,549
4106231,208,4119,545
4106232,202,4125,532
4106233,189,4125,518
4106234,179,4129,515
4106235,173,4129,511
4106236,164,4124,501
4106237,158,4116,493
4106238,160,4106,496
4106239,165,4108,500
4106240,164,4118,492
4106241,161,4129,490
4106242,166,4135,475
4106243,168,4126,468
4106244,165,4118,473
4106245,153,4123,482
4106246,147,4129,491
4106247,147,4133,508
4106248,136,4133,526
4106249,125,4126,536
4106250,114,4123,536
4106251,108,4122,533
4106252,104,4126,539
4106253,91,4134,536
4106254,81,4138,531
4106255,78,4140,532
4106256,74,4136,529
4106257,77,4129,525
4106258,84,4129,524
4106259,85,4129,520
4106260,84,4133,514
4106261,86,4132,521
4106262,88,4123,527
4106263,89,4122,521
4106264,82,4126,503
4106265,80,4130,497
4106266,84,4129,504
4106267,85,4130,495
4106268,90,4134,487
4106269,100,4136,489
4106270,109,4140,493
4106271,116,4145,495
4106272,117,4144,499
4106273,111,4135,509
4106274,108,4131,522
4106275,110,4126,544
4106276,110,4126,564
4106277,109,4133,578
4106278,106,4136,594
4106279,105,4129,615
4106280,108,4116,624
4106281,114,4115,629
4106282,116,4122,636
4106283,118,4118,642
4106284,122,4109,636
4106285,135,4107,625
4106286,154,4113,621
4106287,163,4125,616
4106288,166,4131,609
4106289,161,4129,612
4106290,161,4119,624
4106291,169,4106,641
4106292,177,4102,661
4106293,184,4098,671
4106294,188,4099,666
4106295,191,4102,657
4106296,197,4104,645
4106297,203,4108,634
4106298,204,4107,636
4106299,202,4106,642
4106300,200,4109,640
4106301,197,4114,637
4106302,199,4114,641
4106303,202,4109,646
4106304,199,4104,652
4106305,195,4101,659
4106306,188,4101,660
4106307,192,4099,654
4106308,196,4101,640
4106309,189,4104,639
4106310,180,4106,639
4106311,178,4108,632
4106312,177,4108,630
4106313,170,4108,622
4106314,166,4111,614
4106315,169,4122,611
4106316,176,4130,597
4106317,180,4126,587
4106318,179,4121,585
4106319,180,4112,575
4106320,181,4094,544
4106321,179,4092,528
4106322,167,4102,513
4106323,151,4115,508
4106324,147,4121,509
4106325,151,4119,499
4106326,156,4117,495
4106327,156,4118,498
4106328,151,4120,489
4106329,145,4117,492
4106330,140,4110,501
4106331,136,4107,489
4106332,133,4111,492
4106333,130,4115,513
4106334,123,4116,530
4106335,117,4115,535
4106336,114,4113,543
4106337,116,4108,550
4106338,121,4106,548
4106339,129,4110,553
4106340,139,4111,562
4106341,137,4111,566
4106342,128,4114,567
4106343,133,4120,571
4106344,151,4123,573
4106345,164,4120,571
4106346,172,4116,565
4106347,173,4118,564
4106348,176,4120,570
4106349,178,4123,575
4106350,178,4126,586
4106351,178,4124,594
4106352,169,4122,601
4106353,160,4118,610
4106354,156,4112,609
4106355,149,4110,620
4106356,142,4104,631
4106357,142,4095,625
4106358,153,4112,637
4106359,168,4115,639
4106360,178,4115,632
4106361,183,4117,627
4106362,196,4117,631
4106363,207,4119,641
4106364,206,4123,639
4106365,195,4123,640
4106366,188,4123,652
4106367,195,4130,651
4106368,198,4135,638
4106369,193,4135,635
4106370,191,4134,644
4106371,187,4126,633
4106372,189,4120,607
4106373,191,4111,592
4106374,185,4104,593
4106375,185,4107,591
4106376,179,4117,584
4106377,164,4122,588
4106379,157,4122,595
4106380,149,4122,586
4106381,134,4122,568
4106382,126,4125,548
4106383,120,4127,525
4106384,110,4138,523
4106385,98,4142,531
4106386,87,4137,527
4106387,85,4141,527
4106388,92,4148,535
4106389,91,4151,536
4106390,82,4147,519
4106391,68,4144,507
4106392,51,4148,503
4106393,45,4150,495
4106394,42,4147,495
4106395,38,4143,495
4106396,35,4142,488
4106397,52,4142,479
4106398,62,4147,468
4106399,73,4140,462
4106400,82,4124,470
4106401,90,4121,476
4106402,108,4124,467
4106403,125,4122,470
4106404,129,4123,488
4106405,125,4132,490
4106406,120,4140,482
4106407,122,4138,479
4106408,131,4129,490
4106409,147,4125,502
4106410,165,4127,498
4106411,163,4129,495
4106412,151,4131,508
4106413,145,4135,522
4106414,145,4138,533
4106415,150,4134,536
4106416,149,4125,530
4106417,147,4117,532
4106418,148,4110,549
4106419,153,4107,565
4106420,162,4107,578
4106421,175,4106,603
4106422,177,4106,620
4106423,178,4104,616
4106424,190,4106,602
4106425,196,4111,593
4106426,196,4115,588
4106427,204,4113,592
4106428,221,4108,605
4106429,224,4107,619
4106430,212,4108,630
4106431,204,4105,635
4106432,206,4107,633
4106433,213,4108,634
4106434,218,4104,643
4106435,226,4107,650
4106436,228,4104,659
4106437,220,4104,660
4106438,215,4103,653
4106439,217,4110,646
4106440,210,4118,651
4106441,196,4121,668
4106442,189,4122,675
4106443,183,4111,664
4106444,181,4096,659
4106445,178,4098,659
4106446,169,4106,657
4106447,157,4110,645
4106448,148,4114,631
4106449,145,4118,625
4106450,151,4121,624
4106451,159,4126,620
4106452,156,4128,613
4106453,148,4123,616
4106454,148,4118,619
4106455,158,4120,609
4106456,169,4123,599
4106457,175,4123,588
4106458,177,4121,567
4106459,178,4114,551
4106460,179,4107,546
4106461,183,4110,545
4106462,184,4121,547
4106463,179,4129,550
4106464,178,4130,554
4106465,178,4127,548
4106466,170,4129,541
4106467,161,4132,540
4106468,148,4132,543
4106469,141,4128,549
4106470,143,4124,551
4106471,142,4120,545
4106472,138,4120,546
4106473,132,4122,542
4106474,129,4118,515
4106475,128,4126,512
4106476,126,4132,499
4106477,119,4135,490
4106478,114,4135,487
4106479,113,4130,483
4106480,112,4124,488
4106481,108,4123,498
4106482,99,4128,509
4106483,91,4133,523
4106484,92,4130,527
4106485,95,4126,530
4106486,88,4131,533
4106487,85,4133,535
4106488,92,4132,545
4106489,90,4140,551
4106490,84,4142,544
4106491,83,4131,542
4106492,88,4125,552
4106493,101,4125,567
4106494,117,4129,576
4106495,130,4128,576
4106496,136,4126,581
4106497,135,4128,599
4106498,130,4133,609
4106499,133,4137,598
4106500,147,4138,595
4106501,156,4137,604
4106502,155,4136,602
4106503,153,4129,599
4106504,158,4118,610
4106505,175,4109,617
4106506,189,4099,622
4106507,195,4097,624
4106508,203,4098,614
4106509,208,4099,614
4106510,213,4096,625
4106511,222,4094,629
4106512,230,4101,630
4106513,235,4107,630
4106514,256,4115,627
4106515,262,4119,628
4106516,265,4123,627
4106517,267,4124,626
4106518,260,4120,620
4106519,251,4114,624
4106520,248,4113,631
4106521,244,4110,633
4106522,242,4107,634
4106523,241,4109,626
4106524,233,4112,623
4106525,229,4113,628
4106526,225,4108,635
4106527,219,4103,642
4106528,218,4110,643
4106529,211,4118,639
4106530,205,4118,626
4106531,210,4116,616
4106532,211,4114,622
4106533,211,4113,627
4106534,215,4112,620
4106535,214,4112,613
4106536,208,4115,612
4106537,202,4114,606
4106538,205,4105,599
4106539,214,4102,600
4106540,219,4104,612
4106541,221,4111,620
4106542,219,4114,611
4106543,225,4110,595
4106544,234,4112,588
4106545,231,4119,579
4106546,226,4125,577
4106547,225,4127,591
4106548,225,4124,599
4106549,222,4115,604
4106550,214,4108,615
4106551,211,4107,616
4106552,203,4114,591
4106553,201,4116,581
4106554,202,4112,580
4106555,199,4112,598
4106556,188,4123,606
4106557,175,4127,599
4106558,172,4130,599
4106559,177,4133,595
4106560,175,4129,584
4106561,169,4122,577
4106562,165,4120,579
4106563,164,4120,590
4106564,168,4122,595
4106565,169,4127,589
4106566,164,4127,581
4106567,158,4122,578
4106568,145,4120,581
4106569,127,4126,584
4106570,115,4126,590
4106571,108,4124,587
4106572,101,4126,574
4106573,97,4133,565
4106574,95,4140,555
4106575,98,4142,542
4106576,105,4141,536
4106577,111,4139,531
4106578,113,4137,520
4106579,113,4128,518
4106580,114,4122,506
4106581,111,4129,491
4106582,109,4133,497
4106583,111,4129,500
4106584,116,4132,496
4106585,120,4136,497
4106586,120,4138,500
4106587,118,4135,506
4106588,113,4133,501
4106589,107,4135,499
4106590,109,4131,514
4106591,120,4124,539
4106592,122,4127,543
4106593,132,4130,558
4106594,137,4129,574
4106595,140,4126,583
4106596,148,4130,590
4106597,154,4127,601
4106598,154,4122,611
4106599,158,4126,625
4106600,167,4123,627
4106601,178,4113,624
4106602,191,4107,636
4106603,197,4105,649
4106604,197,4102,659
4106605,199,4098,675
4106606,200,4102,689
4106607,198,4108,690
4106608,200,4104,691
4106609,201,4093,689
4106610,197,4090,680
4106611,195,4097,677
4106612,199,4106,684
4106613,207,4104,693
4106614,211,4095,700
4106615,221,4092,698
4106616,235,4091,701
4106617,238,4090,709
4106618,237,4088,707
4106619,240,4090,706
4106620,247,4096,716
4106621,262,4103,719
4106622,275,4110,707
4106623,272,4111,694
4106624,264,4112,686
4106625,261,4108,694
4106626,260,4102,706
4106627,248,4092,702
4106628,233,4083,692
4106629,218,4095,676
4106630,221,4093,674
4106631,227,4096,679
4106632,223,4100,682
4106633,223,4103,679
4106634,220,4105,671
4106635,208,4107,658
4106636,204,4107,643
4106637,206,4105,633
4106638,208,4101,636
4106639,202,4098,644
4106640,191,4101,645
4106641,183,4111,645
4106642,185,4118,645
4106643,187,4120,648
4106644,190,4125,647
4106645,193,4128,641
4106646,190,4127,646
4106647,190,4126,648
4106648,195,4125,641
4106649,199,4116,640
4106650,200,4106,631
4106651,202,4106,622
4106652,201,4110,623
4106653,196,4116,627
4106654,190,4117,629
4106655,181,4112,630
4106656,179,4111,633
4106657,179,4112,621
4106658,179,4112,599
4106659,185,4111,587
4106660,187,4112,596
4106661,186,4114,606
4106662,188,4118,602
4106663,193,4121,605
4106664,189,4119,610
4106665,182,4115,608
4106666,184,4112,613
4106667,192,4108,616
4106668,198,4097,610
4106669,198,4102,612
4106670,195,4107,612
4106671,198,4110,607
4106672,215,4115,607
4106673,219,4115,608
4106674,208,4105,611
4106675,201,4095,613
4106676,192,4093,601
4106677,185,4101,594
4106678,182,4113,594
4106679,179,4115,585
4106680,173,4111,571
4106681,168,4118,567
4106682,163,4131,577
4106683,157,4134,583
4106684,158,4124,573
4106685,161,4113,574
4106686,157,4108,582
4106687,151,4109,566
4106688,147,4111,539
4106689,142,4114,525
4106690,137,4124,522
4106691,130,4130,514
4106692,114,4131,509
4106693,101,4129,502
4106694,94,4125,502
4106695,83,4119,514
4106696,72,4113,522
4106697,61,4112,518
4106698,54,4111,519
4106699,52,4108,530
4106700,50,4112,531
4106701,53,4121,525
4106702,60,4121,514
4106703,74,4117,497
4106704,87,4118,481
4106705,95,4125,466
4106706,111,4137,443
4106707,123,4134,438
4106708,136,4141,440
4106709,145,4150,454
4106710,149,4151,463
4106711,161,4148,467
4106712,169,4148,469
4106713,167,4149,471
4106714,164,4145,477
4106715,160,4138,485
4106716,153,4131,493
4106717,148,4128,499
4106718,145,4123,505
4106719,143,4119,510
4106720,144,4125,520
4106721,143,4128,527
4106722,135,4126,533
4106723,123,4133,542
4106724,111,4140,543
4106725,108,4135,550
4106726,111,4128,552
4106727,109,4132,546
4106728,108,4136,553
4106729,109,4134,556
4106730,105,4131,550
4106731,106,4132,561
4106732,114,4133,580
4106733,127,4133,582
4106734,137,4133,575
4106735,143,4130,572
4106736,147,4131,576
4106737,149,4137,580
4106738,151,4134,583
4106739,145,4127,584
4106740,133,4121,592
4106741,122,4120,605
4106742,116,4121,611
4106743,110,4113,609
4106744,111,4109,602
4106745,123,4130,575
4106746,138,4136,574
4106747,158,4136,560
4106748,167,4134,543
4106749,159,4129,541
4106750,144,4124,544
4106751,135,4122,542
4106752,136,4123,534
4106753,131,4130,518
4106754,123,4132,503
4106755,118,4130,507
4106756,115,4129,511
4106757,116,4128,507
4106758,111,4130,510
4106759,111,4126,522
4106760,120,4121,530
4106761,116,4126,519
4106762,110,4135,509
4106763,113,4139,511
4106764,119,4137,509
4106765,122,4135,517
4106766,122,4135,534
4106767,128,4125,540
4106768,139,4118,543
4106769,144,4118,543
4106770,151,4120,537
4106771,161,4127,536
4106772,162,4135,539
4106773,164,4140,532
4106774,164,4137,525
4106775,161,4129,522
4106776,166,4125,528
4106777,170,4126,537
4106778,164,4120,533
4106779,164,4106,530
4106780,176,4102,529
4106781,184,4107,533
4106782,190,4111,538
4106783,195,4108,535
4106784,184,4096,531
4106785,177,4101,541
4106786,168,4108,543
4106787,160,4114,548
4106788,150,4119,564
4106789,146,4116,579
4106790,141,4107,593
4106791,136,4097,612
4106792,133,4091,625
4106793,135,4093,633
4106794,135,4103,648
4106795,127,4105,657
4106796,119,4103,657
4106797,116,4109,660
4106798,120,4116,657
4106799,132,4118,655
4106800,148,4122,653
4106801,162,4125,651
4106802,173,4122,656
4106803,182,4124,656
4106804,192,4127,646
4106805,201,4121,635
4106806,200,4116,629
4106807,196,4114,629
4106808,195,4112,626
4106809,192,4111,621
4106810,181,4110,624
4106811,170,4115,627
4106812,163,4117,630
4106813,163,4112,637
4106814,164,4107,644
4106815,159,4102,646
4106816,156,4104,646
4106817,153,4112,645
4106818,147,4114,649
4106819,150,4112,657
4106820,162,4113,657
4106821,166,4114,642
4106822,165,4112,639
4106823,143,4114,654
4106824,145,4112,650
4106825,158,4110,645
4106826,165,4108,644
4106827,161,4108,656
4106828,161,4110,661
4106829,172,4105,653
4106830,181,4098,649
4106831,185,4091,652
4106832,189,4093,661
4106833,203,4099,670
4106834,215,4098,678
4106835,218,4102,675
4106836,221,4105,662
4106837,226,4102,663
4106838,226,4101,666
4106839,219,4105,664
4106840,218,4111,664
4106841,224,4106,669
4106842,220,4098,671
4106843,213,4098,675
4106844,205,4101,671
4106845,204,4103,657
4106846,214,4099,649
4106847,217,4102,647
4106848,209,4102,646
4106849,199,4094,639
4106850,190,4101,626
4106851,187,4112,620
4106852,183,4111,627
4106853,177,4113,635
4106854,173,4124,639
4106855,166,4122,644
4106856,159,4113,640
4106857,154,4114,631
4106858,157,4111,628
4106859,162,4108,640
4106860,156,4113,656
4106861,146,4105,659
4106862,145,4107,658
4106863,148,4116,656
4106864,159,4120,644
4106865,161,4120,626
4106866,158,4113,616
4106867,157,4108,621
4106868,152,4114,632
4106869,150,4118,632
4106870,149,4113,609
4106871,148,4107,584
4106872,157,4113,567
4106873,175,4123,545
4106874,195,4123,528
4106875,211,4118,523
4106876,221,4116,518
4106877,223,4118,517
4106878,221,4116,525
4106879,221,4112,536
4106880,222,4109,536
4106881,227,4106,524
4106882,226,4103,516
4106883,227,4099,521
4106884,227,4097,535
4106885,223,4100,546
4106886,228,4100,545
4106887,228,4101,537
4106888,220,4113,538
4106889,225,4121,548
4106890,231,4115,549
4106891,217,4122,546
4106892,201,4129,551
4106893,194,4121,552
4106894,194,4109,546
4106895,186,4111,540
4106896,171,4121,537
4106897,160,4126,524
4106898,152,4134,513
4106899,138,4131,527
4106900,125,4127,510
4106901,112,4123,487
4106902,105,4122,490
4106903,92,4128,502
4106904,79,4134,508
4106905,73,4141,516
4106906,66,4139,522
4106907,66,4141,516
4106908,74,4152,500
4106909,83,4149,481
4106910,93,4139,470
4106911,94,4138,464
4106912,91,4137,462
4106913,89,4126,453
4106914,81,4119,436
4106915,72,4118,429
4106916,70,4123,430
4106917,66,4136,429
4106918,63,4152,426
4106919,62,4157,430
4106920,57,4156,428
4106921,52,4154,420
4106922,49,4155,420
4106923,41,4159,430
4106924,27,4150,443
4106925,17,4143,446
4106926,12,4146,440
4106927,7,4148,433
4106928,-2,4149,437
4106929,-6,4148,449
4106930,-7,4149,458
4106931,-11,4149,460
4106932,-13,4150,457
4106933,-5,4150,455
4106934,2,4143,460
4106935,8,4141,471
4106936,26,4144,459
4106937,45,4138,446
4106938,63,4135,443
4106939,83,4135,450
4106940,109,4136,464
4106941,130,4137,468
4106942,139,4140,470
4106943,147,4151,479
4106944,157,4153,474
4106945,159,4148,465
4106946,161,4147,475
4106947,167,4147,493
4106948,164,4145,505
4106949,155,4142,527
4106950,153,4137,551
4106951,151,4130,560
4106952,153,4122,574
4106953,164,4118,599
4106954,167,4121,610
4106955,163,4127,618
4106956,168,4120,632
4106957,174,4110,635
4106958,172,4116,639
4106959,166,4118,649
4106960,161,4119,649
4106961,166,4121,646
4106962,174,4120,645
4106963,174,4114,645
4106964,174,4112,643
4106965,179,4119,639
4106966,182,4119,649
4106967,181,4117,657
4106968,180,4122,652
4106969,184,4121,648
4106970,185,4109,636
4106971,179,4097,624
4106972,175,4097,630
4106973,175,4099,639
4106974,170,4093,642
4106975,181,4088,642
4106976,177,4091,646
4106977,173,4092,637
4106978,176,4093,630
4106979,184,4104,632
4106980,191,4120,625
4106981,193,4116,616
4106982,194,4106,615
4106983,192,4116,605
4106984,186,4126,591
4106985,183,4115,579
4106986,174,4103,575
4106987,171,4107,574
4106988,179,4110,571
4106989,185,4114,573
4106990,183,4118,576
4106991,175,4117,565
4106992,171,4119,548
4106993,175,4121,539
4106994,178,4121,537
4106995,176,4121,541
4106996,175,4118,541
4106997,183,4118,532
4106998,187,4123,528
4106999,179,4128,539
4107000,173,4127,551
4107001,171,4127,560
4107002,169,4123,572
4107003,163,4120,571
4107004,157,4128,560
4107005,151,4136,560
4107006,136,4135,570
4107007,123,4128,582
4107008,115,4117,595
4107009,112,4115,605
4107010,122,4123,608
4107011,137,4121,605
4107012,144,4120,595
4107013,152,4120,590
4107014,165,4123,585
4107015,169,4130,577
4107016,169,4127,587
4107017,173,4128,605
4107018,176,4131,624
4107019,167,4123,633
4107020,166,4114,623
4107021,172,4120,613
4107022,172,4126,618
4107023,167,4126,634
4107024,168,4120,643
4107025,176,4115,631
4107026,174,4114,621
4107027,164,4113,635
4107028,157,4121,653
4107029,150,4129,657
4107030,147,4125,649
4107031,143,4120,645
4107032,136,4118,651
4107033,137,4125,656
4107034,138,4129,658
4107035,136,4127,661
4107036,133,4125,666
4107037,123,4120,672
4107038,110,4121,682
4107039,112,4126,690
4107040,114,4125,695
4107041,107,4126,695
4107042,113,4128,687
4107043,127,4125,679
4107044,131,4121,675
4107045,137,4118,672
4107046,140,4118,668
4107047,137,4124,664
4107048,144,4126,680
4107049,155,4117,701
4107050,158,4108,700
4107051,159,4110,690
4107052,164,4116,685
4107053,162,4128,673
4107054,158,4126,676
4107055,160,4123,679
4107056,163,4117,676
4107057,170,4110,657
4107058,175,4103,642
4107059,179,4097,652
4107060,189,4093,676
4107061,203,4095,685
4107062,209,4104,671
4107063,208,4106,662
4107064,207,4109,660
4107065,209,4116,654
4107066,213,4118,650
4107067,213,4114,648
4107068,218,4112,651
4107069,225,4123,658
4107070,220,4131,671
4107071,213,4124,686
4107072,213,4113,691
4107073,215,4112,687
4107074,212,4110,695
4107075,204,4103,713
4107076,193,4100,716
4107077,187,4104,708
4107078,182,4099,699
4107079,177,4095,687
4107080,177,4101,679
4107081,177,4101,670
4107082,175,4101,661
4107083,170,4099,646
4107084,170,4101,631
4107085,168,4111,629
4107086,167,4110,621
4107087,173,4105,601
4107088,179,4106,591
4107089,185,4115,595
4107090,190,4124,588
4107091,195,4125,573
4107092,205,4119,568
4107093,209,4114,568
4107094,211,4113,564
4107095,219,4119,553
4107096,223,4114,542
4107097,219,4104,538
4107098,214,4105,538
4107099,208,4110,534
4107100,198,4110,528
4107101,191,4106,531
4107102,189,4109,538
4107103,183,4117,534
4107104,176,4124,525
4107105,163,4134,522
4107106,148,4137,512
4107107,142,4143,503
4107108,135,4145,513
4107109,118,4139,530
4107110,102,4146,536
4107111,94,4153,531
4107112,88,4147,520
4107113,86,4140,513
4107114,81,4141,512
4107115,69,4141,513
4107116,61,4141,514
4107117,61,4147,510
4107118,60,4151,502
4107119,65,4151,489
4107120,68,4142,465
4107121,68,4131,456
4107122,68,4133,454
4107123,65,4134,434
4107124,68,4129,419
4107125,74,4129,423
4107126,78,4131,425
4107127,75,4133,427
4107128,65,4134,434
4107129,65,4133,431
4107130,72,4136,425
4107131,75,4145,423
4107132,73,4149,430
4107133,70,4144,423
4107134,66,4144,425
4107135,64,4145,426
4107136,63,4145,421
4107137,54,4141,410
4107138,47,4140,401
4107139,44,4148,398
4107140,47,4149,393
4107141,54,4144,394
4107142,56,4144,396
4107143,56,4141,399
4107144,60,4131,400
4107145,68,4129,400
4107146,70,4136,409
4107147,71,4146,420
4107148,73,4156,429
4107149,71,4159,435
4107150,71,4154,438
4107151,71,4148,440
4107152,67,4148,447
4107153,64,4148,459
4107154,65,4146,468
4107155,66,4140,475
4107156,70,4137,483
4107157,82,4140,490
4107158,91,4142,491
4107159,93,4142,493
4107160,96,4140,496
4107161,105,4136,505
4107162,113,4133,532
4107163,114,4134,544
4107164,123,4133,530
4107165,140,4126,515
4107166,147,4114,498
4107167,148,4111,494
4107168,148,4115,497
4107169,152,4116,499
4107170,156,4116,505
4107171,172,4117,512
4107172,178,4120,510
4107173,177,4121,498
4107174,177,4119,486
4107175,178,4120,488
4107176,176,4127,504
4107177,178,4123,524
4107178,182,4113,539
4107179,184,4114,549
4107180,184,4116,559
4107181,177,4116,559
4107182,171,4121,557
4107183,165,4123,561
4107184,155,4120,551
4107185,147,4121,540
4107186,147,4122,545
4107187,146,4119,551
4107188,143,4117,537
4107189,139,4122,514
4107190,129,4122,513
4107191,128,4121,530
4107192,133,4124,538
4107193,133,4128,534
4107194,135,4130,521
4107195,142,4129,509
4107196,136,4125,509
4107197,124,4122,507
4107198,118,4119,516
4107199,119,4119,550
4107200,120,4122,571
4107201,119,4118,576
4107202,122,4111,585
4107203,127,4115,582
4107204,133,4124,587
4107205,139,4120,605
4107206,145,4114,614
4107207,149,4116,622
4107208,155,4119,630
4107209,158,4121,644
4107210,150,4108,658
4107211,149,4101,658
4107212,154,4103,652
4107213,159,4106,641
4107214,166,4114,637
4107215,173,4126,641
4107216,173,4125,649
4107217,169,4122,657
4107218,164,4120,653
4107219,156,4119,643
4107220,150,4119,635
4107221,151,4115,635
4107222,151,4107,641
4107223,148,4113,646
4107224,142,4125,655
4107225,137,4120,657
4107226,131,4114,643
4107227,117,4115,632
4107228,108,4116,630
4107229,111,4116,623
4107230,110,4112,620
4107231,108,4106,621
4107232,108,4110,621
4107233,108,4121,621
4107234,111,4123,622
4107235,110,4125,624
4107236,104,4124,628
4107237,102,4117,627
4107238,100,4113,621
4107239,96,4112,618
4107240,95,4105,617
4107241,101,4103,614
4107242,109,4108,608
4107243,111,4110,611
4107244,120,4110,613
4107245,132,4113,614
4107246,136,4111,620
4107247,146,4109,622
4107248,156,4110,626
4107249,162,4111,635
4107250,175,4117,645
4107251,180,4120,647
4107252,179,4121,631
4107253,176,4126,608
4107254,169,4129,601
4107255,159,4133,598
4107256,149,4137,587
4107257,137,4139,576
4107258,125,4132,567
4107259,111,4121,558
4107260,97,4118,554
4107261,92,4120,554
4107262,95,4123,560
4107263,105,4133,568
4107264,111,4143,554
4107265,111,4136,522
4107266,117,4125,504
4107267,125,4126,492
4107268,127,4131,483
4107269,126,4127,488
4107270,125,4122,486
4107271,122,4120,473
4107272,119,4126,462
4107273,120,4135,461
4107274,120,4135,470
4107275,114,4132,484
4107276,111,4133,495
4107277,113,4128,492
4107278,120,4111,481
4107279,135,4103,470
4107280,145,4111,469
4107281,144,4120,465
4107282,147,4123,457
4107283,159,4122,455
4107284,171,4121,452
4107285,174,4128,452
4107286,167,4131,458
4107287,156,4132,473
4107288,132,4149,472
4107289,128,4141,464
4107290,125,4133,464
4107291,123,4133,472
4107292,117,4135,479
4107293,106,4141,478
4107294,99,4147,474
4107295,99,4139,474
4107296,101,4131,477
4107297,94,4129,468
4107298,85,4131,444
4107299,75,4137,422
4107300,61,4140,410
4107301,53,4142,404
4107302,46,4139,402
4107303,38,4135,402
4107304,37,4139,406
4107305,37,4145,409
4107306,36,4147,406
4107307,34,4143,396
4107308,26,4139,389
4107309,20,4137,387
4107310,21,4142,392
4107311,25,4148,399
4107312,26,4143,397
4107313,27,4139,391
4107314,25,4140,381
4107315,20,4143,374
4107316,17,4142,378
4107317,18,4136,392
4107318,17,4140,402
4107319,17,4151,409
4107320,21,4152,419
4107321,22,4143,424
4107322,16,4138,427
4107323,11,4138,422
4107324,13,4139,420
4107325,20,4135,432
4107326,29,4126,440
4107327,39,4143,431
4107328,45,4146,432
4107329,52,4141,428
4107330,63,4137,425
4107331,77,4138,433
4107332,80,4146,440
4107333,75,4149,435
4107334,73,4147,432
4107335,70,4144,438
4107336,75,4138,448
4107337,85,4125,458
4107338,92,4122,472
4107339,90,4130,485
4107340,83,4135,494
4107341,82,4136,505
4107342,76,4142,507
4107343,71,4146,516
4107344,81,4142,530
4107345,83,4135,547
4107346,80,4127,568
4107347,86,4119,577
4107348,93,4118,583
4107349,102,4121,590
4107350,109,4124,597
4107351,111,4125,599
4107352,114,4127,601
4107353,120,4126,611
4107354,125,4127,614
4107355,129,4134,608
4107356,130,4133,611
4107357,131,4123,620
4107358,144,4119,624
4107359,154,4119,624
4107360,149,4121,623
4107361,139,4122,620
4107362,135,4115,607
4107363,135,4114,589
4107364,137,4118,585
4107365,142,4116,587
4107366,141,4109,573
4107367,139,4112,564
4107368,136,4109,568
4107369,137,4104,576
4107370,143,4105,569
4107371,151,4110,558
4107372,151,4114,545
4107373,146,4121,531
4107374,151,4132,522
4107375,162,4136,516
4107376,171,4132,526
4107377,167,4130,540
4107378,164,4123,544
4107379,165,4111,552
4107380,158,4107,561
4107381,148,4112,562
4107382,145,4113,556
4107383,152,4112,559
4107384,147,4112,566
4107385,133,4110,560
4107386,124,4108,559
4107387,133,4104,567
4107388,149,4101,567
4107389,157,4104,563
4107390,164,4111,563
4107391,168,4116,564
4107392,158,4115,569
4107393,142,4116,574
4107394,141,4123,586
4107395,144,4126,599
4107396,141,4121,600
4107397,135,4118,603
4107398,125,4115,615
4107399,114,4110,626
4107400,106,4110,642
4107401,101,4111,666
4107402,97,4109,670
4107403,93,4109,663
4107404,91,4108,659
4107405,84,4109,653
4107406,81,4123,651
4107407,79,4121,638
4107408,78,4122,620
4107409,80,4129,608
4107410,91,4130,597
4107411,105,4127,579
4107412,113,4126,567
4107413,117,4121,563
4107414,119,4123,566
4107415,128,4132,566
4107416,141,4136,566
4107417,155,4140,568
4107418,156,4143,566
4107419,145,4140,559
4107420,138,4134,550
4107421,136,4134,551
4107422,130,4131,548
4107423,115,4130,546
4107424,105,4133,557
4107425,103,4129,571
4107426,104,4131,577
4107427,112,4141,566
4107428,111,4146,558
4107429,102,4144,567
4107430,96,4133,565
4107431,94,4125,556
4107432,93,4127,565
4107433,81,4129,572
4107434,61,4124,560
4107435,47,4118,551
4107436,41,4121,557
4107437,44,4127,571
4107438,49,4127,586
4107439,53,4130,592
4107440,64,4130,593
4107441,82,4124,600
4107442,94,4122,604
4107443,105,4122,607
4107444,114,4120,610
4107445,133,4112,623
4107446,145,4109,615
4107447,148,4111,595
4107448,147,4116,584
4107449,157,4112,587
4107450,167,4111,590
4107451,174,4119,585
4107452,179,4118,585
4107453,174,4117,576
4107454,161,4121,554
4107455,142,4122,549
4107456,131,4123,551
4107457,137,4126,553
4107458,140,4125,551
4107459,137,4127,539
4107460,124,4127,531
4107461,108,4120,520
4107462,98,4116,515
4107463,97,4117,514
4107464,105,4119,504
4107465,105,4131,486
4107466,112,4137,464
4107467,123,4129,448
4107468,117,4124,431
4107469,111,4126,433
4107470,113,4132,440
4107471,112,4142,444
4107472,105,4146,449
4107473,102,4145,442
4107474,100,4144,431
4107475,99,4141,421
4107476,103,4132,427
4107477,99,4121,438
4107478,93,4118,440
4107479,96,4120,446
4107480,104,4122,454
4107481,108,4124,465
4107482,113,4122,473
4107483,118,4119,487
4107484,115,4119,525
4107485,111,4118,542
4107486,121,4117,547
4107487,135,4117,554
4107488,135,4120,562
4107489,129,4121,570
4107490,130,4117,576
4107491,128,4115,583
4107492,122,4123,584
4107493,121,4131,579
4107494,117,4130,592
4107495,112,4126,614
4107496,111,4124,623
4107497,111,4119,628
4107498,107,4116,636
4107499,101,4120,638
4107500,106,4129,641
4107501,107,4132,646
4107502,99,4129,647
4107503,92,4129,657
4107504,87,4124,668
4107505,83,4116,662
4107506,92,4117,651
4107507,101,4122,650
4107508,98,4121,652
4107509,99,4116,645
4107510,106,4113,628
4107511,113,4116,613
4107512,120,4125,606
4107513,129,4129,607
4107514,133,4128,601
4107515,133,4131,586
4107516,138,4133,570
4107517,142,4135,552
4107518,142,4134,534
4107519,144,4136,519
4107520,146,4139,499
4107521,137,4137,473
4107522,124,4133,451
4107523,110,4134,433
4107524,98,4139,432
4107525,87,4140,425
4107526,73,4138,413
4107527,61,4145,408
4107528,47,4152,412
4107529,30,4149,410
4107530,15,4144,406
4107531,-2,4136,415
4107532,-11,4135,426
4107533,-6,4140,426
4107534,4,4142,424
4107535,14,4140,424
4107536,39,4136,432
4107537,67,4137,442
4107539,86,4142,440
4107540,110,4151,422
4107541,130,4151,402
4107542,135,4143,397
4107543,128,4136,406
4107544,120,4134,419
4107545,117,4136,429
4107546,115,4134,440
4107547,104,4132,450
4107548,96,4131,457
4107549,98,4125,468
4107550,101,4125,485
4107551,94,4125,495
4107552,84,4120,494
4107553,83,4116,488
4107554,82,4119,494
4107555,78,4128,512
4107556,71,4133,534
4107557,57,4133,553
4107558,46,4127,554
4107559,41,4122,551
4107560,39,4121,556
4107561,42,4118,547
4107562,42,4115,558
4107563,42,4114,570
4107564,44,4113,577
4107565,56,4119,580
4107566,68,4122,580
4107567,67,4122,579
4107568,57,4128,581
4107569,55,4128,583
4107570,65,4128,579
4107571,76,4132,571
4107572,77,4124,557
4107573,81,4117,550
4107574,94,4116,554
4107575,99,4117,552
4107576,98,4124,538
4107577,100,4127,524
4107578,106,4129,512
4107579,109,4136,497
4107580,104,4139,491
4107581,90,4139,495
4107582,80,4132,498
4107583,71,4128,496
4107584,63,4131,501
4107585,56,4128,512
4107586,49,4128,518
4107587,42,4129,522
4107588,44,4121,529
4107589,49,4121,539
4107590,43,4122,543
4107591,42,4117,537
4107592,45,4115,543
4107593,49,4108,560
4107594,67,4110,569
4107595,80,4119,575
4107596,85,4119,581
4107597,94,4121,581
4107598,103,4125,590
4107599,114,4124,600
4107600,138,4128,589
4107601,139,4115,584
4107602,144,4101,586
4107603,155,4100,591
4107604,163,4111,594
4107605,173,4116,593
4107606,181,4110,594
4107607,187,4106,597
4107608,187,4109,612
4107609,174,4113,632
4107610,162,4114,637
4107611,145,4120,638
4107612,127,4126,633
4107613,121,4129,628
4107614,115,4126,634
4107615,104,4127,635
4107616,97,4131,616
4107617,95,4132,592
4107618,79,4130,577
4107619,67,4127,574
4107620,67,4128,571
4107621,61,4131,566
4107622,52,4132,558
4107623,42,4133,545
4107624,31,4137,536
4107625,25,4138,536
4107626,23,4135,531
4107627,23,4132,513
4107628,26,4127,490
4107629,23,4131,471
4107630,15,4134,461
4107631,16,4129,455
4107632,24,4128,456
4107633,26,4126,446
4107634,29,4130,428
4107635,35,4136,425
4107636,29,4136,423
4107637,23,4132,414
4107638,41,4134,399
4107639,68,4141,373
4107640,68,4147,364
4107641,72,4150,357
4107642,74,4140,353
4107643,75,4132,339
4107644,70,4134,322
4107645,62,4141,327
4107646,59,4144,339
4107647,56,4143,344
4107648,48,4143,348
4107649,38,4137,358
4107650,28,4135,359
4107651,24,4134,353
4107652,22,4134,354
4107653,20,4141,355
4107654,22,4146,366
4107655,16,4144,380
4107656,3,4142,376
4107657,4,4137,373
4107658,16,4137,376
4107659,23,4139,389
4107660,23,4134,404
4107661,24,4135,415
4107662,24,4138,436
4107663,23,4139,454
4107664,24,4139,479
4107665,15,4138,509
4107666,8,4131,539
4107667,14,4121,561
4107668,19,4118,570
4107669,20,4117,580
4107670,19,4112,594
4107671,17,4114,600
4107672,19,4124,606
4107673,18,4123,620
4107674,23,4115,642
4107675,36,4112,652
4107676,51,4116,640
4107677,60,4118,625
4107678,78,4121,603
4107679,87,4125,616
4107680,93,4123,634
4107681,96,4121,620
4107682,98,4125,594
4107683,101,4126,589
4107684,103,4125,580
4107685,104,4127,561
4107686,111,4125,547
4107687,116,4127,542
4107688,119,4134,539
4107689,120,4135,532
4107690,115,4133,522
4107691,113,4134,515
4107692,114,4134,516
4107693,111,4136,512
4107694,106,4135,511
4107695,103,4131,517
4107696,100,4130,518
4107697,94,4131,513
4107698,86,4135,518
4107699,82,4139,533
4107700,77,4135,537
4107701,63,4131,536
4107702,49,4134,543
4107703,44,4134,544
4107704,47,4130,535
4107705,52,4127,536
4107706,52,4127,548
4107707,54,4131,550
4107708,62,4127,542
4107709,68,4120,537
4107710,65,4124,532
4107711,65,4127,531
4107712,65,4126,533
4107713,67,4127,526
4107714,79,4129,516
4107715,88,4135,515
4107716,87,4142,521
4107717,100,4148,538
4107718,110,4139,549
4107719,114,4113,559
4107720,116,4095,566
4107721,115,4093,564
4107722,113,4096,553
4107723,107,4106,545
4107724,100,4119,531
4107725,94,4134,509
4107726,85,4142,496
4107727,71,4139,495
4107728,52,4137,491
4107729,38,4138,483
4107730,20,4144,476
4107731,-2,4151,465
4107732,-20,4147,454
4107733,-30,4141,454
4107734,-29,4140,448
4107735,-29,4136,425
4107736,-32,4134,410
4107737,-25,4139,400
4107738,-10,4140,397
4107739,0,4138,404
4107740,2,4141,407
4107741,-1,4143,404
4107742,5,4141,407
4107743,9,4141,416
4107744,12,4141,421
4107745,14,4139,420
4107746,15,4135,410
4107747,18,4132,399
4107748,23,4132,400
4107749,23,4136,402
4107750,11,4134,394
4107751,0,4130,391
4107752,2,4131,399
4107753,13,4130,380
4107754,19,4130,374
4107755,26,4134,362
4107756,27,4140,337
4107757,18,4142,327
4107758,9,4141,325
4107759,8,4141,322
4107760,13,4141,323
4107761,21,4141,332
4107762,28,4140,342
4107763,28,4144,341
4107764,26,4145,345
4107765,25,4144,365
4107766,18,4148,385
4107767,8,4154,396
4107768,-2,4148,403
4107769,-7,4145,408
4107770,-12,4158,414
4107771,-17,4165,427
4107772,-14,4163,442
4107773,-8,4161,444
4107774,-3,4159,435
4107775,-6,4148,430
4107776,-24,4133,445
4107777,-40,4123,472
4107778,-46,4127,487
4107779,-47,4138,491
4107780,-36,4140,499
4107781,-20,4134,497
4107782,-4,4131,485
4107783,11,4130,484
4107784,14,4125,489
4107785,22,4129,496
4107786,50,4128,497
4107787,54,4128,504
4107788,57,4137,512
4107789,61,4139,527
4107790,62,4134,551
4107791,64,4130,563
4107792,64,4126,568
4107793,65,4123,573
4107794,74,4124,574
4107795,84,4123,570
4107796,77,4118,558
4107797,70,4111,542
4107798,74,4114,531
4107799,77,4124,535
4107800,83,4125,547
4107801,95,4118,561
4107802,102,4114,568
4107803,98,4111,567
4107804,92,4113,577
4107805,89,4114,595
4107806,89,4116,604
4107807,86,4121,612
4107808,78,4121,618
4107809,72,4121,617
4107810,73,4119,605
4107811,79,4108,593
4107812,82,4105,594
4107813,82,4105,605
4107814,69,4105,619
4107815,59,4104,622
4107816,56,4104,628
4107817,54,4105,647
4107818,57,4104,659
4107819,57,4103,656
4107820,58,4101,645
4107821,65,4104,638
4107822,76,4109,645
4107823,85,4107,641
4107824,94,4109,615
4107825,98,4112,593
4107826,87,4104,597
4107827,80,4103,607
4107828,82,4106,610
4107829,84,4105,596
4107830,87,4105,581
4107831,81,4115,575
4107832,75,4113,571
4107833,75,4105,558
4107834,71,4103,547
4107835,69,4102,547
4107836,67,4103,558
4107837,71,4110,574
4107838,78,4114,573
4107839,76,4118,556
4107840,69,4123,548
4107841,73,4118,547
4107842,81,4117,541
4107843,77,4120,538
4107844,67,4126,537
4107845,58,4134,540
4107846,55,4132,545
4107847,47,4131,543
4107848,41,4135,540
4107849,35,4138,540
4107850,24,4135,530
4107851,27,4126,513
4107852,36,4123,508
4107853,37,4133,504
4107854,37,4141,500
4107855,36,4137,504
4107856,33,4130,504
4107857,26,4123,504
4107858,25,4123,503
4107859,29,4124,491
4107860,26,4122,478
4107861,21,4128,473
4107862,13,4134,479
4107863,8,4129,489
4107864,6,4134,490
4107865,18,4134,498
4107866,26,4135,499
4107867,23,4141,498
4107868,26,4145,503
4107869,28,4146,509
4107870,19,4148,522
4107871,12,4143,531
4107872,11,4138,533
4107873,16,4136,536
4107874,22,4135,542
4107875,25,4138,545
4107876,27,4135,548
4107877,23,4133,556
4107878,16,4135,569
4107879,13,4134,579
4107880,17,4130,582
4107881,27,4120,583
4107882,39,4117,580
4107883,48,4123,574
4107884,58,4129,575
4107885,68,4131,588
4107886,78,4131,595
4107887,95,4133,582
4107888,106,4135,568
4107889,104,4131,571
4107890,103,4124,582
4107891,108,4123,588
4107892,120,4122,597
4107893,133,4117,608
4107894,132,4111,609
4107895,134,4111,618
4107896,140,4117,628
4107897,134,4121,623
4107898,128,4125,616
4107899,129,4125,610
4107900,126,4130,606
4107901,127,4134,600
4107902,136,4128,583
4107903,127,4119,567
4107904,120,4122,566
4107905,115,4115,564
4107906,115,4113,559
4107907,118,4119,554
4107908,112,4124,560
4107909,100,4119,558
4107910,87,4114,544
4107911,77,4114,532
4107912,70,4119,525
4107913,65,4129,530
4107914,62,4138,545
4107915,66,4141,551
4107916,75,4135,542
4107917,84,4133,539
4107918,88,4134,547
4107919,90,4131,557
4107920,92,4126,555
4107921,88,4121,546
4107922,83,4126,541
4107923,83,4137,542
4107924,86,4138,549
4107925,87,4125,543
4107926,96,4112,528
4107927,103,4109,526
4107928,96,4113,525
4107929,91,4119,515
4107930,92,4129,511
4107931,89,4138,501
4107932,90,4138,488
4107933,94,4131,474
4107934,98,4126,461
4107935,94,4133,458
4107936,77,4142,458
4107937,58,4143,463
4107938,50,4137,470
4107939,49,4125,469
4107940,46,4119,463
4107941,37,4128,462
4107942,21,4139,454
4107943,20,4136,461
4107944,7,4133,467
4107945,-4,4133,468
4107946,-4,4132,470
4107947,-1,4133,472
4107948,-3,4141,477
4107949,-17,4147,490
4107950,-30,4147,491
4107951,-27,4147,488
4107952,-27,4151,485
4107953,-27,4152,485
4107954,-24,4144,489
4107955,-26,4139,493
4107956,-29,4144,489
4107957,-26,4148,476
4107958,-13,4144,475
4107959,3,4143,483
4107960,12,4143,470
4107961,16,4145,456
4107962,20,4148,460
4107963,23,4151,466
4107964,27,4150,476
4107965,39,4137,494
4107966,49,4124,510
4107967,56,4126,510
4107968,65,4131,509
4107969,72,4127,515
4107970,74,4123,515
4107971,70,4127,525
4107972,81,4131,546
4107973,89,4131,552
4107974,85,4134,554
4107975,80,4137,567
4107976,74,4131,576
4107977,71,4118,581
4107978,69,4112,586
4107979,76,4115,581
4107980,88,4118,572
4107981,108,4120,580
4107982,115,4121,590
4107983,116,4121,600
4107984,116,4118,599
4107985,123,4117,600
4107986,130,4120,608
4107987,127,4120,615
4107988,125,4113,613
4107989,131,4106,614
4107990,132,4103,626
4107991,126,4104,641
4107992,122,4104,647
4107993,115,4108,648
4107994,112,4108,655
4107995,109,4107,648
4107996,107,4109,629
4107997,115,4109,621
4107998,122,4110,623
4107999,122,4114,617
4108000,115,4123,605
4108001,106,4125,599
4108002,99,4124,584
4108003,93,4123,567
4108004,89,4120,566
4108005,84,4117,561
4108006,72,4114,555
4108007,61,4112,565
4108008,61,4110,575
4108009,63,4112,567
4108010,58,4117,551
4108011,48,4116,543
4108012,38,4116,539
4108013,32,4116,539
4108014,29,4115,552
4108015,29,4116,561
4108016,33,4118,555
4108017,39,4117,547
4108018,39,4119,550
4108019,45,4132,541
4108020,49,4135,535
4108021,48,4138,527
4108022,53,4136,504
4108023,59,4137,484
4108024,66,4140,484
4108025,77,4143,493
4108026,75,4148,498
4108027,65,4146,487
4108028,63,4142,479
4108029,60,4143,484
4108030,56,4138,488
4108031,50,4128,484
4108032,46,4120,476
4108033,48,4121,468
4108034,54,4131,458
4108035,64,4133,459
4108036,77,4127,472
4108037,86,4123,470
4108038,80,4126,455
4108039,75,4127,454
4108040,75,4126,463
4108041,71,4125,469
4108042,62,4132,472
4108043,53,4139,478
4108044,46,4140,489
4108045,46,4143,506
4108046,44,4147,517
4108047,36,4149,520
4108048,30,4156,518
4108049,28,4162,512
4108050,28,4161,506
4108051,21,4155,507
4108052,17,4146,510
4108053,16,4136,505
4108054,14,4132,504
4108055,13,4133,507
4108056,17,4135,509
4108057,20,4138,510
4108058,17,4139,513
4108059,19,4131,512
4108060,12,4129,523
4108061,5,4131,528
4108062,0,4131,520
4108063,-1,4132,512
4108064,1,4134,511
4108065,-3,4141,521
4108066,-11,4148,535
4108067,-23,4150,539
4108068,-29,4145,535
4108069,-27,4140,537
4108070,-36,4135,539
4108071,-48,4138,533
4108072,-50,4139,519
4108073,-41,4134,501
4108074,-27,4130,491
4108075,-10,4137,487
4108076,3,4142,478
4108077,5,4131,472
4108078,6,4120,470
4108079,10,4117,473
4108080,9,4119,469
4108081,9,4128,454
4108082,14,4134,457
4108083,19,4130,462
4108084,22,4119,451
4108085,30,4110,447
4108086,43,4113,450
4108087,50,4123,447
4108088,51,4128,456
4108089,46,4130,469
4108090,38,4128,469
4108091,38,4125,481
4108092,43,4120,499
4108093,49,4119,506
4108094,46,4123,509
4108095,37,4120,510
4108096,21,4120,510
4108097,10,4124,502
4108098,9,4129,497
4108099,11,4130,495
4108100,8,4125,494
4108101,6,4123,488
4108102,10,4128,475
4108103,10,4131,471
4108104,5,4134,475
4108105,-3,4135,482
4108106,-11,4133,478
4108107,-13,4132,460
4108108,-14,4132,446
4108109,-20,4127,436
4108110,-27,4118,428
4108111,-28,4117,422
4108112,-30,4125,415
4108113,-34,4125,402
4108114,-30,4121,391
4108115,-26,4123,379
4108116,-25,4123,363
4108117,-23,4126,354
4108118,-30,4139,342
4108119,-42,4151,336
4108120,-48,4154,336
4108121,-50,4152,327
4108122,-48,4151,309
4108123,-45,4149,293
4108124,-43,4147,285
4108125,-40,4147,275
4108126,-46,4148,269
4108127,-64,4152,269
4108128,-62,4148,264
4108129,-52,4159,253
4108130,-45,4166,242
4108131,-45,4160,234
4108132,-49,4157,236
4108133,-52,4160,238
4108134,-48,4157,233
4108135,-41,4154,237
4108136,-37,4149,250
4108137,-36,4147,258
4108138,-34,4152,262
4108139,-38,4160,267
4108140,-49,4162,262
4108141,-54,4161,255
4108142,-56,4157,270
4108144,-56,4151,287
4108145,-63,4150,301
4108146,-74,4149,316
4108147,-73,4148,325
4108148,-69,4152,341
4108149,-65,4153,370
4108150,-59,4154,384
4108151,-51,4155,382
4108152,-47,4156,378
4108153,-44,4158,377
4108154,-42,4155,392
4108155,-39,4150,413
4108156,-34,4146,432
4108157,-28,4141,450
4108158,-10,4137,451
4108159,9,4133,447
4108160,23,4136,457
4108161,52,4120,464
4108162,55,4120,487
4108163,60,4127,512
4108164,64,4132,528
4108165,65,4136,543
4108166,58,4138,554
4108167,50,4138,563
4108168,50,4135,579
4108169,47,4131,594
4108170,41,4125,604
4108171,40,4125,609
4108172,35,4126,620
4108173,20,4124,643
4108174,5,4123,660
4108175,-7,4120,666
4108176,-17,4116,665
4108177,-16,4116,658
4108178,-14,4116,645
4108179,-17,4116,639
4108180,-18,4116,639
4108181,-12,4122,635
4108182,1,4124,629
4108183,13,4117,622
4108184,23,4107,622
4108185,34,4098,623
4108186,44,4094,615
4108187,47,4098,597
4108188,43,4099,581
4108189,45,4100,582
4108190,40,4111,587
4108191,23,4114,581
4108192,9,4117,573
4108193,4,4121,570
4108194,-5,4126,565
4108195,-12,4134,564
4108196,-13,4135,562
4108197,-12,4135,559
4108198,-14,4132,559
4108199,-26,4128,559
4108200,-41,4110,554
4108201,-34,4114,561
4108202,-29,4121,567
4108203,-29,4126,571
4108204,-24,4128,574
4108205,-18,4129,566
4108206,-15,4132,558
4108207,-11,4136,562
4108208,-9,4137,575
4108209,-9,4132,588
4108210,-3,4124,590
4108211,8,4120,573
4108212,10,4117,551
4108213,9,4110,546
4108214,15,4115,554
4108215,23,4124,557
4108216,25,4127,549
4108217,30,4124,530
4108218,38,4120,505
4108219,40,4125,498
4108220,39,4131,509
4108221,41,4136,520
4108222,48,4142,528
4108223,50,4139,533
4108224,48,4125,552
4108225,53,4114,572
4108226,60,4118,575
4108227,53,4124,570
4108228,42,4117,575
4108229,42,4108,593
4108230,46,4107,594
4108231,47,4108,575
4108232,48,4110,569
4108233,45,4114,582
4108234,39,4115,588
4108235,31,4112,582
4108236,20,4109,578
4108237,12,4112,578
4108238,9,4125,580
4108239,8,4132,583
4108240,7,4129,582
4108241,4,4122,574
4108242,2,4126,576
4108243,-1,4125,583
4108244,-5,4112,579
4108245,-4,4109,572
4108246,0,4110,575
4108247,1,4107,584
4108248,7,4107,585
4108249,8,4112,575
4108250,3,4113,561
4108251,3,4113,550
4108252,0,4113,539
4108253,-3,4116,535
4108254,3,4121,535
4108255,1,4119,530
4108256,-11,4121,529
4108257,-21,4126,532
4108258,-27,4122,522
4108259,-29,4116,500
4108260,-30,4115,486
4108261,-35,4121,482
4108262,-41,4129,484
4108263,-46,4131,477
4108264,-48,4131,458
4108265,-43,4136,445
4108266,-42,4140,436
4108267,-58,4140,443
4108268,-63,4143,441
4108269,-67,4140,433
4108270,-72,4137,425
4108271,-83,4130,422
4108272,-88,4128,418
4108273,-82,4127,417
4108274,-73,4124,426
4108275,-65,4126,429
4108276,-63,4132,416
4108277,-64,4134,409
4108278,-60,4133,415
4108279,-52,4130,423
4108280,-43,4122,415
4108281,-36,4123,409
4108282,-35,4131,417
4108283,-30,4135,427
4108284,-33,4139,447
4108285,-44,4141,463
4108286,-50,4135,473
4108287,-58,4126,488
4108288,-60,4118,497
4108289,-52,4118,504
4108290,-50,4126,501
4108291,-61,4132,496
4108292,-70,4134,511
4108293,-66,4134,530
4108294,-60,4133,542
4108295,-56,4138,552
4108296,-56,4149,552
4108297,-60,4148,546
4108298,-58,4142,542
4108299,-57,4136,533
4108300,-59,4137,530
4108301,-65,4132,528
4108302,-70,4122,527
4108303,-75,4120,526
4108304,-73,4119,522
4108305,-68,4119,519
4108306,-66,4122,516
4108307,-63,4125,508
4108308,-50,4129,502
4108309,-39,4135,503
4108310,-33,4132,510
4108311,-29,4122,501
4108312,-27,4123,487
4108313,-23,4132,490
4108315,-16,4142,491
4108316,-7,4147,491
4108317,-5,4140,493
4108318,-7,4131,497
4108319,-4,4124,507
4108320,-9,4125,515
4108321,-21,4128,507
4108322,-23,4129,489
4108323,-16,4127,474
4108324,-23,4134,488
4108325,-18,4132,497
4108326,-5,4125,506
4108327,5,4123,503
4108328,11,4123,490
4108329,10,4122,484
4108330,10,4120,492
4108331,9,4115,504
4108332,13,4110,512
4108333,19,4107,524
4108334,22,4109,526
4108335,28,4112,516
4108336,21,4106,509
4108337,8,4101,507
4108338,16,4106,517
4108339,26,4115,518
4108340,24,4118,507
4108341,17,4117,504
4108342,5,4118,507
4108343,-5,4119,515
4108344,-9,4119,523
4108345,-11,4114,525
4108346,-12,4112,513
4108347,-25,4114,503
4108348,-38,4120,495
4108349,-41,4122,484
4108350,-36,4123,482
4108351,-31,4123,489
4108352,-26,4127,495
4108353,-15,4134,488
4108354,-13,4132,478
4108355,-13,4126,476
4108356,-6,4120,476
4108357,0,4110,481
4108358,-1,4107,496
4108359,-7,4114,507
4108360,-14,4119,508
4108361,-16,4123,475
4108362,-19,4123,455
4108363,-18,4124,456
4108364,-10,4125,457
4108365,-5,4127,447
4108366,-4,4129,432
4108367,-10,4135,417
4108368,-22,4142,406
4108369,-30,4141,399
4108370,-33,4136,402
4108371,-31,4132,410
4108372,-34,4127,424
4108373,-33,4128,442
4108374,-28,4132,442
4108375,-28,4133,440
4108376,-30,4132,449
4108377,-29,4133,458
4108378,-30,4136,467
4108379,-32,4140,477
4108380,-34,4137,490
4108381,-31,4136,501
4108382,-28,4140,504
4108383,-36,4137,505
4108384,-38,4128,508
4108385,-31,4123,509
4108386,-25,4133,501
4108387,-20,4138,486
4108388,-20,4135,468
4108389,-20,4135,467
4108390,-20,4138,476
4108391,-21,4140,477
4108392,-30,4137,489
4108393,-39,4133,505
4108394,-37,4137,506
4108395,-33,4139,500
4108396,-38,4143,494
4108397,-37,4149,493
4108398,-29,4142,507
4108399,-23,4129,523
4108400,-28,4130,553
4108401,-36,4135,571
4108402,-36,4144,570
4108403,-26,4146,568
4108404,-19,4137,577
4108405,-17,4131,585
4108406,-22,4128,582
4108407,-22,4133,583
4108408,-13,4136,584
4108409,-7,4128,578
4108410,-5,4123,565
4108411,-3,4123,551
4108412,4,4128,532
4108413,9,4133,502
4108414,8,4138,475
4108415,5,4139,467
4108416,3,4138,465
4108417,-3,4141,460
4108418,-12,4142,458
4108419,-27,4143,452
4108420,-47,4142,431
4108421,-60,4140,403
4108422,-76,4142,387
4108423,-100,4147,382
4108424,-110,4150,374
4108425,-107,4150,370
4108426,-103,4153,367
4108427,-101,4149,358
4108428,-96,4140,355
4108429,-89,4140,349
4108430,-83,4142,341
4108431,-69,4142,345
4108432,-51,4144,361
4108433,-44,4142,370
4108434,-42,4134,362
4108435,-35,4134,356
4108436,-22,4131,362
4108437,-8,4127,369
4108438,2,4130,369
4108439,22,4133,376
4108440,29,4134,389
4108441,36,4129,399
4108442,43,4120,397
4108443,46,4120,396
4108444,43,4126,407
4108445,35,4127,410
4108446,33,4130,407
4108447,30,4135,417
4108448,29,4132,432
4108449,36,4124,436
4108450,43,4120,441
4108451,43,4117,438
4108452,39,4116,422
4108453,42,4116,417
4108454,51,4111,430
4108455,51,4109,444
4108456,44,4111,448
4108457,43,4114,452
4108458,42,4117,454
4108459,38,4123,454
4108460,33,4125,453
4108461,26,4129,450
4108462,31,4137,447
4108463,40,4138,451
4108464,42,4133,440
4108465,44,4131,415
4108466,50,4125,411
4108467,51,4124,416
4108468,47,4126,411
4108469,45,4126,397
4108470,44,4132,385
4108471,36,4143,381
4108472,20,4149,386
4108473,2,4145,391
4108474,-11,4139,391
4108475,-21,4131,392
4108476,-25,4130,394
4108477,-30,4134,392
4108478,-33,4143,378
4108479,-36,4135,381
4108480,-40,4135,391
4108481,-55,4148,390
4108482,-76,4154,391
4108483,-93,4147,404
4108484,-107,4142,410
4108485,-112,4147,408
4108486,-111,4153,415
4108487,-110,4158,429
4108488,-109,4161,436
4108489,-111,4161,437
4108490,-118,4160,446
4108491,-127,4161,451
4108492,-130,4161,449
4108493,-129,4161,447
4108494,-122,4157,433
4108495,-116,4152,422
4108496,-114,4153,426
4108497,-106,4153,428
4108498,-95,4154,437
4108499,-95,4158,458
4108500,-104,4149,471
4108501,-99,4140,471
4108502,-79,4137,477
4108503,-63,4134,487
4108504,-47,4138,493
4108505,-34,4149,498
4108506,-29,4157,508
4108507,-20,4150,523
4108508,-8,4138,531
4108509,2,4135,533
4108510,18,4133,547
4108511,36,4130,577
4108512,38,4124,606
4108513,38,4117,632
4108514,46,4116,652
4108515,50,4114,661
4108516,60,4111,663
4108517,76,4115,694
4108518,77,4110,708
4108519,74,4110,715
4108520,81,4116,726
4108521,98,4117,748
4108522,106,4107,755
4108523,109,4099,746
4108524,113,4095,740
4108525,118,4101,732
4108526,128,4107,723
4108527,134,4102,721
4108528,133,4103,713
4108529,134,4101,691
4108530,134,4091,670
4108531,132,4088,664
4108532,132,4094,664
4108533,126,4103,651
4108534,111,4104,637
4108535,101,4104,629
4108536,97,4101,616
4108537,95,4096,605
4108538,89,4099,599
4108539,85,4103,593
4108540,76,4106,592
4108541,69,4108,588
4108542,63,4109,593
4108543,54,4108,604
4108544,55,4109,604
4108545,51,4110,607
4108546,47,4106,610
4108547,55,4107,608
4108548,62,4109,603
4108549,68,4113,592
4108550,70,4117,582
4108551,68,4117,583
4108552,72,4117,585
4108553,73,4118,588
4108554,80,4122,594
4108555,93,4126,593
4108556,97,4125,597
4108557,88,4116,604
4108558,86,4111,601
4108559,80,4113,595
4108560,78,4119,589
4108561,76,4127,587
4108562,71,4125,582
4108563,63,4121,574
4108564,55,4124,573
4108565,49,4127,573
4108566,44,4130,565
4108567,34,4133,551
4108568,21,4128,540
4108569,8,4123,536
4108570,-1,4126,529
4108571,-2,4133,521
4108572,-2,4136,517
4108573,-15,4138,517
4108574,-28,4144,524
4108575,-32,4145,519
4108576,-34,4143,505
4108577,-33,4150,499
4108578,-30,4161,490
4108579,-31,4166,477
4108580,-32,4164,471
4108581,-34,4159,467
4108582,-34,4154,462
4108583,-33,4153,462
4108584,-33,4150,453
4108585,-36,4144,442
4108586,-32,4142,440
4108587,-32,4141,447
4108588,-43,4141,458
4108589,-55,4144,462
4108590,-67,4143,464
4108591,-74,4141,460
4108592,-76,4141,457
4108593,-78,4137,464
4108594,-79,4138,464
4108595,-80,4150,454
4108596,-76,4145,458
4108597,-76,4142,465
4108598,-73,4143,466
4108599,-59,4137,459
4108600,-47,4135,455
4108601,-45,4141,460
4108602,-50,4147,463
4108603,-54,4148,452
4108604,-46,4142,433
4108605,-36,4139,418
4108606,-23,4136,416
4108607,-6,4132,428
4108608,7,4136,437
4108609,7,4141,432
4108610,5,4139,435
4108611,12,4134,447
4108612,11,4137,444
4108613,8,4144,434
4108614,2,4143,431
4108615,-5,4142,442
4108616,-10,4138,456
4108617,-15,4125,468
4108618,-19,4117,491
4108619,-22,4116,505
4108620,-32,4113,507
4108621,-42,4108,502
4108622,-44,4106,495
4108623,-45,4107,495
4108624,-49,4110,494
4108625,-47,4113,493
4108626,-34,4112,499
4108627,-25,4110,505
4108628,-26,4114,505
4108629,-23,4124,504
4108630,-10,4124,508
4108631,5,4116,515
4108632,19,4110,523
4108633,28,4109,533
4108634,34,4120,526
4108635,38,4127,520
4108636,41,4128,517
4108637,38,4125,507
4108638,36,4119,496
4108639,32,4115,490
4108640,34,4116,490
4108641,37,4115,500
4108642,40,4114,511
4108643,41,4115,508
4108644,39,4117,498
4108645,33,4116,504
4108646,19,4119,516
4108647,7,4123,521
4108648,7,4122,518
4108649,10,4128,511
4108650,-2,4133,508
4108651,-23,4130,508
4108652,-38,4132,510
4108653,-46,4140,518
4108654,-54,4144,532
4108655,-62,4143,532
4108656,-70,4133,526
4108657,-73,4122,519
4108658,-72,4122,515
4108659,-68,4128,512
4108660,-59,4131,508
4108661,-47,4133,521
4108662,-41,4132,536
4108663,-39,4121,538
4108664,-34,4115,536
4108665,-33,4115,541
4108666,-36,4119,554
4108667,-36,4127,556
4108668,-36,4128,546
4108669,-42,4121,548
4108670,-43,4124,547
4108671,-47,4125,540
4108672,-51,4127,536
4108673,-53,4132,536
4108674,-61,4132,528
4108675,-64,4129,517
4108676,-59,4131,516
4108677,-55,4131,522
4108678,-50,4129,526
4108679,-36,4135,522
4108680,-20,4143,507
4108681,-13,4140,494
4108682,-21,4132,493
4108683,-31,4130,496
4108684,-34,4129,493
4108685,-35,4136,493
4108686,-37,4140,488
4108687,-43,4135,474
4108688,-46,4132,473
4108689,-48,4130,480
4108690,-55,4126,473
4108691,-67,4125,466
4108692,-72,4124,467
4108693,-71,4125,470
4108694,-76,4130,475
4108695,-80,4137,470
4108696,-83,4143,463
4108697,-80,4148,461
4108698,-62,4148,457
4108699,-44,4139,447
4108700,-36,4133,442
4108701,-29,4130,447
4108702,-22,4129,449
4108703,-13,4133,448
4108704,-1,4141,451
4108705,3,4143,459
4108706,4,4136,472
4108707,-3,4134,486
4108708,-15,4132,503
4108710,-16,4130,514
4108711,-15,4127,518
4108712,-13,4122,512
4108713,-3,4127,506
4108714,8,4139,515
4108715,10,4138,525
4108716,5,4130,525
4108717,1,4129,532
4108718,2,4125,545
4108719,10,4120,538
4108720,19,4120,530
4108721,20,4123,530
4108722,16,4123,531
4108723,15,4125,526
4108724,10,4133,513
4108725,-1,4132,506
4108726,-6,4120,514
4108727,-14,4116,523
4108728,-19,4114,531
4108729,-15,4113,537
4108730,-11,4111,544
4108731,-11,4114,552
4108732,-13,4114,549
4108733,-17,4111,537
4108734,-20,4113,533
4108735,-20,4120,535
4108736,-19,4121,538
4108737,-18,4120,533
4108738,-19,4119,519
4108739,-19,4113,504
4108740,-23,4115,491
4108741,-25,4120,488
4108742,-18,4127,505
4108743,-15,4132,522
4108744,-12,4127,519
4108745,-14,4124,504
4108746,-21,4122,496
4108747,-18,4127,511
4108748,-7,4132,526
4108749,-1,4132,533
4108750,2,4130,540
4108751,4,4122,550
4108752,8,4114,561
4108753,21,4116,556
4108754,32,4118,543
4108755,29,4113,541
4108756,18,4107,547
4108757,9,4108,550
4108758,2,4131,556
4108759,10,4134,569
4108760,18,4133,572
4108761,24,4129,562
4108762,27,4132,559
4108763,30,4137,557
4108764,30,4138,552
4108765,22,4133,538
4108766,17,4133,527
4108767,21,4138,522
4108768,30,4139,514
4108769,43,4126,506
4108770,48,4120,506
4108771,45,4127,515
4108772,38,4127,514
4108773,22,4123,494
4108774,9,4121,483
4108775,5,4118,489
4108776,7,4116,503
4108777,13,4119,507
4108778,9,4126,498
4108779,0,4133,484
4108780,3,4139,482
4108781,1,4143,490
4108782,-10,4142,484
4108783,-18,4136,465
4108784,-22,4131,451
4108785,-27,4136,445
4108786,-29,4142,437
4108787,-25,4138,441
4108788,-23,4131,452
4108789,-25,4132,457
4108790,-37,4139,452
4108791,-55,4139,432
4108792,-65,4136,425
4108793,-60,4132,423
4108794,-54,4127,409
4108795,-56,4127,393
4108796,-59,4144,390
4108797,-58,4145,380
4108798,-57,4143,379
4108799,-53,4136,371
4108800,-49,4138,359
4108801,-53,4145,363
4108802,-63,4146,373
4108803,-66,4149,370
4108804,-55,4148,357
4108805,-44,4144,359
4108806,-38,4140,367
4108807,-29,4134,369
4108808,-23,4138,365
4108809,-24,4142,369
4108810,-29,4139,390
4108811,-36,4137,415
4108812,-44,4137,433
4108813,-50,4138,449
4108814,-50,4137,464
4108815,-50,4127,476
4108816,-47,4121,486
4108817,-44,4123,495
4108818,-45,4121,502
4108819,-47,4117,498
4108820,-47,4120,503
4108821,-39,4125,519
4108822,-32,4124,531
4108823,-27,4118,544
4108824,-19,4112,558
4108825,-8,4117,571
4108826,4,4122,579
4108827,17,4116,584
4108828,29,4110,583
4108829,36,4106,584
4108830,37,4104,586
4108831,42,4113,590
4108832,55,4117,596
4108833,59,4122,609
4108834,57,4123,631
4108835,55,4112,629
4108836,48,4099,621
4108837,46,4100,619
4108838,53,4108,612
4108839,51,4112,612
4108840,41,4113,618
4108841,33,4114,617
4108842,28,4122,610
4108843,34,4128,606
4108844,39,4131,606
4108845,38,4135,602
4108846,34,4135,604
4108847,28,4134,607
4108848,28,4134,605
4108849,33,4135,600
4108850,36,4136,592
4108851,36,4139,585
4108852,27,4131,580
4108853,24,4116,563
4108854,25,4115,544
4108855,23,4119,541
4108856,22,4126,543
4108857,22,4132,549
4108858,25,4132,561
4108859,27,4134,574
4108860,26,4136,576
4108861,26,4137,569
4108862,27,4133,565
4108863,22,4126,551
4108864,14,4123,530
4108865,9,4127,525
4108866,15,4133,537
4108867,29,4133,553
4108868,38,4129,559
4108869,37,4120,527
4108870,36,4119,529
4108871,37,4116,528
4108872,36,4124,531
4108873,35,4130,537
4108874,29,4129,541
4108875,19,4129,550
4108876,14,4131,553
4108877,14,4134,548
4108878,16,4135,545
4108879,15,4131,544
4108880,11,4129,537
4108881,9,4135,528
4108882,12,4138,531
4108883,15,4133,531
4108884,16,4131,529
4108885,13,4132,529
4108886,13,4131,517
4108887,13,4126,508
4108888,10,4124,501
4108889,5,4125,498
4108890,0,4127,502
4108891,-1,4135,502
4108892,-6,4143,501
4108893,-14,4145,504
4108894,-9,4143,501
4108895,1,4140,506
4108896,5,4142,524
4108897,9,4140,536
4108898,8,4139,550
4108899,5,4147,566
4108900,7,4148,579
4108901,6,4139,595
4108902,5,4134,603
4108903,6,4138,608
4108904,7,4140,623
4108905,6,4138,638
4108906,5,4135,647
4108907,3,4135,648
4108908,10,4134,629
4108909,22,4129,619
4108910,26,4124,612
4108911,23,4122,611
4108912,27,4119,600
4108913,27,4119,590
4108914,26,4122,583
4108915,36,4125,574
4108916,45,4127,576
4108917,48,4126,581
4108918,47,4122,580
4108919,46,4124,586
4108920,43,4126,595
4108921,39,4122,593
4108922,40,4112,579
4108923,50,4102,571
4108924,55,4098,578
4108925,59,4105,582
4108926,66,4118,570
4108927,69,4120,557
4108928,73,4121,561
4108929,78,4120,567
4108930,81,4116,571
4108931,84,4111,567
4108932,99,4109,550
4108933,111,4106,533
4108934,105,4102,528
4108935,95,4109,528
4108936,89,4115,520
4108937,79,4116,505
4108938,65,4117,508
4108939,49,4114,521
4108940,35,4117,520
4108941,33,4125,508
4108942,38,4129,502
4108943,39,4133,503
4108944,39,4140,497
4108945,43,4140,494
4108946,47,4140,499
4108947,49,4140,499
4108948,42,4137,501
4108949,43,4136,502
4108950,52,4143,509
4108951,53,4145,523
4108952,45,4136,540
4108953,42,4131,556
4108954,38,4132,573
4108955,35,4133,598
4108956,35,4130,618
4108957,35,4123,633
4108958,28,4118,644
4108959,20,4119,648
4108960,21,4121,648
4108961,29,4124,652
4108962,38,4131,653
4108963,44,4128,649
4108964,48,4121,649
4108965,48,4115,653
4108966,40,4116,638
4108967,35,4127,614
4108968,32,4128,598
4108969,26,4122,595
4108970,15,4121,602
4108971,3,4127,605
4108972,-3,4131,604
4108973,-7,4137,601
4108974,-7,4139,590
4108975,-11,4133,570
4108976,-25,4132,550
4108977,-33,4135,544
4108978,-37,4134,555
4108979,-45,4128,556
4108980,-57,4124,547
4108981,-62,4121,544
4108982,-57,4119,535
4108983,-52,4123,526
4108984,-47,4128,526
4108985,-40,4129,525
4108986,-26,4134,536
4108987,-16,4128,537
4108988,2,4117,537
4108989,15,4116,550
4108990,13,4123,564
4108991,18,4119,566
4108992,26,4116,563
4108993,27,4119,551
4108994,32,4124,542
4108995,43,4122,552
4108996,53,4119,561
4108997,53,4121,567
4108998,54,4116,570
4108999,57,4106,562
4109000,57,4107,558
4109001,61,4113,556
4109002,65,4113,553
4109003,59,4109,555
4109004,51,4110,558
4109005,47,4113,565
4109006,42,4110,567
4109007,42,4114,565
4109008,37,4124,563
4109009,31,4126,559
4109010,26,4129,556
4109011,16,4130,544
4109012,14,4123,528
4109013,19,4116,517
4109014,15,4113,509
4109015,0,4112,498
4109016,1,4110,488
4109017,7,4113,480
4109018,6,4120,481
4109019,10,4125,495
4109020,11,4130,502
4109021,16,4135,499
4109022,21,4135,495
4109023,16,4130,492
4109024,7,4123,492
4109025,-3,4122,489
4109026,-4,4119,484
4109027,-3,4124,479
4109028,-4,4126,494
4109029,-4,4122,511
4109030,0,4125,504
4109031,-4,4126,489
4109032,-14,4120,473
4109033,-23,4121,460
4109034,-29,4127,448
4109035,-28,4130,439
4109036,-25,4132,440
4109037,-30,4137,432
4109038,-42,4142,416
4109039,-52,4143,410
4109040,-64,4146,420
4109041,-78,4149,428
4109042,-85,4144,414
4109043,-90,4133,394
4109044,-98,4134,375
4109045,-99,4141,362
4109046,-94,4142,353
4109047,-95,4143,341
4109048,-94,4144,333
4109049,-86,4151,328
4109050,-78,4158,323
4109051,-73,4163,313
4109052,-71,4164,302
4109053,-75,4160,306
4109054,-75,4156,313
4109055,-67,4157,313
4109056,-63,4167,323
4109057,-60,4172,329
4109058,-54,4168,330
4109059,-47,4157,369
4109060,-46,4153,390
4109061,-42,4146,409
4109062,-39,4142,425
4109063,-33,4143,429
4109064,-33,4139,429
4109065,-34,4135,441
4109066,-26,4138,465
4109067,-20,4137,489
4109068,-23,4136,494
4109069,-21,4141,492
4109070,-11,4146,500
4109071,-7,4143,502
4109072,-11,4134,502
4109073,-15,4130,499
4109074,-19,4133,496
4109075,-24,4133,499
4109076,-25,4129,506
4109077,-21,4131,513
4109078,-17,4130,512
4109079,-12,4116,512
4109080,-3,4107,505
4109081,3,4110,500
4109082,2,4123,505
4109083,2,4128,509
4109084,5,4127,505
4109085,1,4131,501
4109086,-2,4134,497
4109087,1,4134,485
4109088,3,4133,469
4109089,3,4125,464
4109090,2,4122,472
4109091,10,4132,478
4109092,11,4138,480
4109093,0,4134,487
4109094,-2,4126,495
4109095,0,4119,501
4109096,2,4118,498
4109097,-3,4119,494
4109098,-12,4118,495
4109099,-5,4122,504
4109100,0,4122,507
4109101,2,4124,512
4109102,6,4132,504
4109103,11,4135,495
4109104,14,4131,495
4109105,14,4124,498
4109106,16,4120,502
4109107,19,4117,502
4109108,22,4119,494
4109109,20,4120,489
4109110,18,4116,491
4109111,16,4117,487
4109112,11,4125,485
4109113,6,4130,492
4109114,5,4126,495
4109115,8,4125,483
4109116,3,4122,468
4109117,-3,4120,461
4109118,-2,4119,453
4109119,-5,4118,447
4109120,-8,4123,447
4109121,-8,4125,442
4109122,-4,4126,436
4109123,6,4130,435
4109124,8,4129,428
4109125,11,4134,419
4109126,22,4141,414
4109127,22,4142,416
4109128,20,4140,428
4109129,14,4139,438
4109130,12,4136,437
4109131,18,4129,426
4109132,22,4124,417
4109133,27,4120,421
4109134,28,4117,434
4109135,21,4118,454
4109136,14,4113,480
4109137,10,4111,506
4109138,1,4114,529
4109139,-7,4123,529
4109140,-8,4125,515
4109141,-7,4118,503
4109142,-9,4120,503
4109143,-13,4131,511
4109144,-16,4142,517
4109145,-22,4152,515
4109146,-32,4152,504
4109147,-43,4144,493
4109148,-50,4141,490
4109149,-50,4148,493
4109150,-51,4160,481
4109151,-62,4165,462
4109152,-78,4162,472
4109154,-86,4155,490
4109155,-82,4144,506
4109156,-71,4134,522
4109157,-69,4132,528
4109158,-66,4132,535
4109159,-68,4130,546
4109160,-70,4130,545
4109161,-61,4126,534
4109162,-32,4130,513
4109163,-18,4131,506
4109164,-18,4136,514
4109165,-20,4141,521
4109166,-12,4146,526
4109167,-8,4149,520
4109168,-11,4148,517
4109169,-16,4146,518
4109170,-29,4137,517
4109171,-50,4130,517
4109172,-64,4132,511
4109173,-72,4133,506
4109174,-82,4129,499
4109175,-94,4129,498
4109176,-103,4137,496
4109177,-102,4146,469
4109178,-93,4136,446
4109179,-85,4127,447
4109180,-73,4136,443
4109181,-54,4144,428
4109182,-42,4142,409
4109183,-35,4139,393
4109184,-32,4144,382
4109185,-29,4146,375
4109186,-25,4141,377
4109187,-25,4138,384
4109188,-27,4139,387
4109189,-35,4136,396
4109190,-42,4130,410
4109191,-34,4123,423
4109192,-28,4127,422
4109193,-30,4134,408
4109194,-32,4136,404
4109195,-34,4130,409
4109196,-39,4123,406
4109197,-43,4122,414
4109198,-36,4128,417
4109199,-29,4135,400
4109200,-32,4135,399
4109201,-39,4132,408
4109202,-44,4129,414
4109203,-45,4124,415
4109204,-46,4118,408
4109205,-51,4117,407
4109206,-60,4126,413
4109207,-67,4131,423
4109208,-68,4138,430
4109209,-69,4144,432
4109210,-67,4136,433
4109211,-58,4133,428
4109212,-51,4134,423
4109213,-54,4132,422
4109214,-56,4125,430
4109215,-44,4118,437
4109216,-33,4116,436
4109217,-31,4123,442
4109218,-22,4131,447
4109219,-6,4127,447
4109220,11,4118,488
4109221,23,4120,492
4109222,31,4126,491
4109223,41,4128,502
4109224,46,4121,516
4109225,41,4113,525
4109226,35,4109,535
4109227,26,4109,553
4109228,12,4107,556
4109229,5,4106,546
4109230,-4,4107,550
4109231,-13,4111,557
4109232,-14,4118,554
4109233,-14,4124,552
4109234,-13,4125,558
4109235,-8,4127,570
4109236,-3,4129,582
4109237,-3,4124,593
4109238,-6,4124,596
4109239,-8,4131,593
4109240,-13,4125,597
4109241,-24,4117,600
4109242,-32,4119,589
4109243,-31,4126,582
4109244,-25,4128,583
4109245,-20,4127,580
4109246,-24,4131,573
4109247,-25,4138,562
4109248,-19,4147,550
4109249,-16,4147,544
4109250,-17,4143,532
4109251,-18,4147,507
4109252,-17,4150,494
4109253,-10,4153,499
4109254,-2,4149,500
4109255,2,4144,491
4109256,-4,4141,485
4109257,-6,4139,486
4109258,-7,4139,490
4109259,-26,4135,490
4109260,-25,4131,495
4109261,-27,4134,499
4109262,-28,4135,505
4109263,-13,4134,504
4109264,7,4130,496
4109265,14,4125,498
4109266,15,4128,503
4109267,20,4134,507
4109268,23,4139,517
4109269,21,4137,521
4109270,18,4133,519
4109271,15,4127,521
4109272,15,4127,526
4109273,18,4134,524
4109274,16,4130,529
4109275,15,4120,532
4109276,18,4117,519
4109277,24,4122,509
4109278,36,4125,513
4109279,40,4117,523
4109280,35,4113,525
4109281,32,4119,521
4109282,32,4128,515
4109283,33,4135,502
4109284,26,4133,498
4109285,14,4123,506
4109286,9,4113,517
4109287,6,4115,520
4109288,9,4115,517
4109289,9,4115,526
4109290,-10,4119,546
4109291,-18,4116,563
4109292,-20,4113,573
4109293,-27,4114,577
4109294,-27,4118,572
