4188,286
6742248,-141,4192,295
6742249,-134,4193,285
6742250,-132,4194,273
6742251,-132,4191,272
6742252,-141,4184,281
6742253,-147,4172,291
6742254,-146,4166,297
6742255,-144,4159,293
6742256,-135,4151,278
6742257,-125,4151,278
6742258,-117,4148,292
6742259,-116,4137,297
6742260,-131,4114,282
6742261,-137,4106,272
6742262,-137,4097,263
6742263,-140,4096,257
6742264,-145,4098,257
6742265,-146,4095,253
6742266,-145,4088,239
6742267,-142,4083,223
6742268,-140,4083,211
6742269,-136,4085,203
6742270,-130,4092,200
6742271,-128,4092,205
6742272,-126,4079,206
6742273,-128,4066,207
6742274,-132,4069,209
6742275,-128,4079,205
6742276,-124,4083,202
6742277,-125,4081,194
6742278,-131,4083,180
6742279,-136,4087,177
6742280,-143,4085,181
6742281,-151,4084,191
6742282,-157,4088,198
6742283,-157,4092,199
6742284,-149,4093,198
6742285,-156,4101,194
6742286,-158,4101,193
6742287,-156,4101,197
6742288,-157,4099,204
6742289,-161,4100,212
6742290,-159,4109,213
6742291,-165,4117,208
6742292,-175,4123,210
6742293,-178,4122,206
6742294,-179,4121,202
6742295,-180,4130,194
6742296,-177,4138,182
6742297,-181,4141,183
6742298,-186,4138,193
6742299,-177,4136,211
6742300,-167,4137,225
6742301,-161,4138,228
6742302,-154,4139,224
6742303,-147,4140,222
6742304,-136,4139,229
6742305,-136,4141,241
6742306,-141,4145,247
6742307,-135,4150,253
6742308,-130,4162,262
6742309,-126,4172,271
6742310,-115,4170,272
6742311,-106,4166,264
6742312,-113,4161,266
6742313,-119,4155,274
6742314,-116,4152,271
6742315,-115,4154,272
6742316,-115,4160,271
6742317,-116,4164,261
6742318,-113,4170,267
6742319,-108,4176,269
6742320,-109,4177,249
6742321,-113,4169,246
6742322,-118,4167,249
6742323,-122,4176,251
6742324,-132,4180,254
6742325,-145,4183,256
6742326,-154,4189,266
6742327,-161,4194,282
6742328,-163,4197,278
6742329,-161,4190,264
6742330,-164,4179,256
6742331,-172,4175,263
6742332,-176,4174,275
6742333,-177,4174,269
6742334,-175,4173,263
6742335,-165,4175,265
6742336,-159,4175,263
6742337,-155,4171,267
6742338,-149,4169,277
6742339,-149,4166,285
6742340,-152,4164,284
6742341,-155,4163,271
6742342,-151,4158,261
6742343,-145,4153,250
6742344,-139,4152,230
6742345,-129,4160,224
6742346,-117,4170,230
6742347,-109,4175,222
6742348,-105,4177,213
6742349,-102,4174,209
6742350,-101,4165,210
6742351,-111,4155,210
6742352,-123,4147,208
6742353,-126,4139,213
6742354,-122,4136,214
6742355,-117,4126,216
6742356,-128,4118,226
6742357,-141,4115,231
6742358,-152,4119,228
6742359,-164,4117,224
6742360,-170,4116,222
6742361,-165,4122,217
6742362,-154,4132,201
6742363,-157,4141,197
6742364,-171,4142,216
6742365,-166,4133,236
6742366,-145,4122,248
6742367,-130,4115,255
6742368,-120,4105,264
6742369,-111,4091,278
6742370,-99,4082,284
6742371,-87,4087,282
6742372,-76,4095,281
6742373,-72,4100,279
6742374,-70,4101,284
6742375,-63,4101,279
6742376,-57,4099,258
6742377,-71,4096,256
6742378,-85,4097,258
6742379,-93,4094,251
6742380,-99,4095,239
6742381,-95,4095,218
6742382,-100,4093,203
6742383,-119,4098,194
6742384,-135,4099,184
6742385,-139,4096,170
6742386,-147,4101,151
6742387,-156,4111,144
6742388,-164,4124,145
6742389,-176,4128,148
6742390,-181,4124,146
6742392,-189,4121,146
6742393,-209,4118,149
6742394,-239,4121,152
6742395,-263,4126,154
6742396,-273,4129,160
6742397,-274,4131,172
6742398,-271,4130,179
6742399,-269,4130,180
6742400,-270,4130,179
6742401,-269,4128,185
6742402,-266,4125,200
6742403,-263,4131,210
6742404,-253,4147,205
6742405,-239,4153,200
6742406,-226,4151,206
6742407,-211,4156,208
6742408,-192,4167,203
6742409,-174,4172,208
6742410,-158,4172,213
6742411,-144,4174,215
6742412,-130,4174,225
6742413,-119,4174,238
6742414,-114,4176,242
6742415,-113,4177,239
6742416,-111,4176,242
6742417,-103,4170,248
6742418,-96,4164,261
6742419,-95,4157,272
6742420,-91,4146,266
6742421,-86,4127,257
6742422,-89,4130,251
6742423,-102,4131,243
6742424,-105,4129,243
6742425,-98,4124,250
6742426,-97,4110,246
6742427,-98,4099,234
6742428,-99,4094,239
6742429,-104,4081,247
6742430,-107,4072,249
6742431,-108,4075,251
6742432,-118,4080,233
6742433,-132,4090,215
6742434,-142,4097,207
6742435,-151,4097,201
6742436,-157,4094,198
6742437,-164,4092,186
6742438,-174,4094,175
6742439,-179,4093,164
6742440,-184,4097,147
6742441,-193,4107,136
6742442,-201,4106,124
6742443,-198,4103,126
6742444,-192,4100,144
6742445,-186,4091,154
6742446,-182,4092,165
6742447,-176,4100,184
6742448,-170,4094,195
6742449,-161,4086,202
6742450,-149,4086,208
6742451,-145,4083,208
6742452,-138,4085,215
6742453,-127,4085,225
6742454,-123,4081,230
6742455,-129,4087,221
6742456,-129,4092,222
6742457,-124,4095,232
6742458,-115,4092,241
6742459,-103,4089,248
6742460,-93,4090,257
6742461,-89,4093,264
6742462,-89,4094,258
6742463,-96,4093,253
6742464,-96,4092,259
6742465,-90,4098,255
6742466,-96,4104,242
6742467,-113,4106,242
6742468,-121,4100,243
6742469,-124,4100,244
6742470,-136,4110,251
6742471,-155,4121,255
6742472,-171,4134,244
6742473,-182,4144,241
6742474,-188,4149,253
6742475,-193,4156,252
6742476,-200,4166,250
6742477,-204,4173,250
6742478,-200,4179,242
6742479,-199,4184,237
6742480,-200,4192,243
6742481,-200,4203,255
6742482,-199,4208,259
6742483,-202,4207,259
6742484,-209,4211,272
6742485,-215,4228,289
6742486,-211,4239,303
6742487,-198,4239,314
6742488,-172,4234,293
6742489,-163,4229,289
6742490,-161,4228,308
6742491,-148,4232,320
6742492,-123,4227,297
6742493,-106,4225,272
6742494,-97,4237,270
6742495,-82,4252,280
6742496,-60,4258,274
6742497,-43,4252,256
6742498,-37,4233,250
6742499,-37,4216,245
6742500,-40,4211,239
6742501,-43,4214,226
6742502,-44,4215,218
6742503,-56,4207,224
6742504,-73,4202,232
6742505,-85,4204,237
6742506,-95,4204,237
6742507,-106,4201,239
6742508,-119,4205,243
6742509,-130,4213,249
6742510,-138,4216,248
6742511,-148,4216,241
6742512,-167,4215,255
6742513,-189,4208,275
6742514,-198,4202,276
6742515,-199,4199,265
6742516,-195,4198,246
6742517,-189,4199,224
6742518,-185,4202,207
6742519,-173,4191,176
6742520,-161,4190,161
6742521,-149,4184,158
6742522,-144,4179,155
6742523,-138,4175,148
6742524,-129,4170,142
6742525,-123,4168,148
6742526,-121,4171,173
6742527,-122,4169,191
6742528,-117,4161,190
6742529,-112,4159,193
6742530,-102,4161,198
6742531,-90,4165,182
6742532,-88,4168,163
6742533,-89,4164,158
6742534,-86,4164,164
6742535,-81,4166,176
6742536,-80,4169,181
6742537,-83,4179,178
6742538,-94,4186,189
6742539,-97,4180,215
6742540,-91,4168,234
6742541,-88,4162,232
6742542,-82,4164,221
6742543,-77,4165,223
6742544,-76,4154,247
6742545,-76,4149,245
6742546,-73,4139,236
6742547,-65,4133,232
6742548,-62,4132,246
6742549,-61,4125,261
6742550,-63,4112,265
6742551,-67,4103,270
6742553,-73,4096,274
6742554,-75,4094,269
6742555,-65,4094,268
6742556,-64,4096,267
6742557,-70,4101,259
6742558,-71,4104,247
6742559,-70,4105,229
6742560,-74,4104,221
6742561,-85,4096,229
6742562,-89,4092,225
6742563,-93,4096,216
6742564,-96,4093,226
6742565,-92,4084,236
6742566,-95,4087,242
6742567,-100,4101,247
6742568,-97,4107,229
6742569,-98,4107,207
6742570,-99,4103,207
6742571,-103,4094,205
6742572,-109,4092,211
6742573,-109,4091,215
6742574,-111,4091,219
6742575,-115,4096,225
6742576,-122,4106,216
6742577,-128,4120,203
6742578,-128,4130,195
6742579,-128,4130,188
6742580,-127,4130,184
6742581,-128,4134,183
6742582,-134,4134,188
6742583,-141,4135,196
6742584,-137,4136,197
6742585,-135,4131,195
6742586,-143,4130,192
6742587,-149,4138,186
6742588,-154,4148,184
6742589,-159,4157,184
6742590,-155,4158,187
6742591,-151,4153,191
6742592,-149,4155,181
6742593,-141,4161,164
6742594,-128,4163,156
6742595,-119,4159,157
6742596,-119,4152,168
6742597,-122,4149,180
6742598,-126,4150,184
6742599,-127,4149,194
6742600,-119,4147,206
6742601,-108,4148,215
6742602,-102,4154,222
6742603,-96,4162,223
6742604,-90,4165,220
6742605,-87,4163,221
6742606,-86,4159,219
6742607,-85,4160,204
6742608,-84,4175,197
6742609,-82,4183,205
6742610,-76,4181,218
6742611,-66,4184,217
6742612,-62,4182,211
6742613,-63,4174,212
6742614,-63,4180,223
6742615,-59,4189,235
6742616,-57,4193,234
6742617,-60,4195,231
6742618,-72,4194,224
6742619,-84,4189,215
6742620,-87,4183,216
6742621,-85,4177,226
6742622,-85,4175,229
6742623,-88,4173,226
6742624,-89,4167,222
6742625,-88,4162,212
6742626,-85,4159,202
6742627,-88,4160,204
6742628,-88,4163,205
6742629,-82,4166,204
6742630,-65,4171,189
6742631,-59,4164,183
6742632,-65,4161,192
6742633,-72,4158,195
6742634,-72,4150,186
6742635,-64,4147,175
6742636,-69,4140,178
6742637,-83,4129,198
6742638,-90,4123,218
6742639,-96,4127,231
6742640,-102,4134,229
6742641,-106,4132,219
6742642,-105,4129,214
6742643,-100,4136,212
6742644,-98,4151,208
6742645,-98,4160,201
6742646,-103,4161,189
6742647,-111,4162,178
6742649,-117,4165,173
6742650,-120,4168,168
6742651,-124,4171,168
6742652,-124,4177,171
6742653,-116,4176,177
6742654,-112,4172,188
6742655,-107,4175,197
6742656,-93,4174,200
6742657,-81,4169,194
6742658,-64,4158,215
6742659,-63,4148,220
6742660,-68,4136,218
6742661,-73,4131,226
6742662,-73,4136,245
6742663,-69,4136,256
6742664,-64,4127,248
6742665,-66,4123,234
6742666,-68,4125,233
6742667,-66,4128,229
6742668,-70,4133,221
6742669,-76,4140,220
6742670,-80,4139,217
6742671,-84,4132,213
6742672,-87,4131,207
6742673,-90,4138,202
6742674,-91,4149,193
6742675,-88,4153,183
6742676,-89,4159,181
6742677,-96,4172,176
6742678,-105,4183,169
6742679,-110,4190,170
6742680,-102,4191,175
6742681,-93,4183,173
6742682,-91,4173,173
6742683,-89,4171,173
6742684,-86,4172,172
6742685,-69,4168,189
6742686,-59,4161,208
6742687,-54,4156,223
6742688,-51,4153,233
6742689,-55,4146,241
6742690,-60,4139,239
6742691,-64,4133,223
6742692,-69,4125,209
6742693,-80,4116,214
6742694,-87,4105,221
6742695,-86,4100,223
6742696,-81,4103,225
6742697,-80,4105,218
6742698,-82,4104,208
6742699,-83,4106,203
6742700,-81,4110,196
6742701,-82,4113,180
6742702,-91,4108,171
6742703,-99,4108,179
6742704,-110,4115,191
6742705,-119,4115,196
6742706,-121,4117,195
6742707,-126,4122,186
6742708,-129,4127,173
6742709,-124,4133,172
6742710,-116,4137,181
6742711,-126,4139,189
6742712,-135,4144,184
6742713,-136,4146,188
6742714,-121,4148,204
6742715,-98,4144,222
6742716,-80,4132,226
6742717,-69,4124,229
6742718,-70,4127,232
6742719,-79,4138,224
6742720,-86,4152,214
6742721,-90,4162,204
6742722,-92,4170,199
6742723,-91,4172,199
6742724,-84,4171,196
6742725,-75,4172,193
6742726,-66,4180,198
6742727,-61,4182,202
6742728,-58,4177,200
6742729,-60,4172,200
6742730,-60,4166,205
6742731,-54,4164,205
6742733,-49,4164,204
6742734,-51,4166,206
6742735,-59,4166,238
6742736,-65,4165,253
6742737,-72,4165,255
6742738,-83,4162,252
6742739,-85,4159,265
6742740,-77,4151,270
6742741,-77,4145,256
6742742,-83,4141,239
6742743,-87,4135,232
6742744,-89,4136,230
6742745,-91,4143,223
6742746,-91,4148,220
6742747,-88,4151,213
6742748,-84,4155,205
6742749,-87,4156,210
6742750,-97,4153,215
6742751,-103,4152,209
6742752,-107,4156,195
6742753,-112,4156,173
6742754,-112,4152,165
6742755,-114,4154,175
6742756,-115,4160,185
6742757,-111,4158,191
6742758,-113,4150,189
6742759,-116,4149,189
6742760,-114,4153,187
6742761,-111,4153,188
6742762,-113,4150,194
6742763,-116,4151,193
6742764,-132,4149,200
6742765,-133,4144,205
6742766,-133,4143,197
6742767,-130,4148,187
6742768,-127,4152,182
6742769,-117,4145,183
6742770,-105,4140,186
6742771,-106,4146,186
6742772,-108,4148,188
6742773,-103,4146,185
6742774,-95,4144,174
6742775,-94,4140,173
6742776,-106,4135,186
6742777,-115,4129,189
6742778,-111,4129,185
6742779,-108,4132,183
6742780,-116,4131,179
6742781,-130,4131,176
6742782,-137,4140,178
6742783,-133,4144,185
6742784,-127,4138,189
6742785,-128,4132,189
6742786,-134,4128,190
6742787,-137,4128,187
6742788,-143,4133,182
6742789,-154,4132,177
6742790,-160,4128,176
6742791,-165,4121,183
6742792,-176,4115,189
6742793,-177,4122,195
6742794,-173,4130,206
6742795,-168,4134,209
6742796,-162,4141,215
6742797,-159,4152,226
6742798,-151,4161,229
6742799,-142,4162,228
6742800,-127,4173,210
6742801,-130,4179,190
6742802,-135,4175,202
6742803,-148,4170,228
6742804,-148,4161,230
6742805,-133,4156,217
6742806,-119,4152,218
6742807,-98,4145,236
6742808,-76,4145,247
6742809,-60,4146,250
6742810,-37,4139,255
6742811,-16,4131,267
6742812,-6,4128,276
6742813,0,4128,282
6742814,7,4132,300
6742815,12,4136,317
6742816,10,4136,315
6742817,-1,4135,298
6742818,-10,4138,276
6742819,-17,4137,258
6742820,-39,4139,253
6742821,-58,4148,261
6742822,-65,4151,262
6742823,-73,4154,250
6742824,-75,4163,242
6742825,-73,4172,238
6742826,-70,4180,234
6742827,-64,4187,237
6742828,-54,4189,231
6742829,-52,4185,211
6742830,-56,4184,216
6742831,-58,4182,222
6742832,-57,4176,224
6742833,-57,4175,218
6742834,-56,4176,209
6742835,-61,4169,200
6742838,-63,4150,210
6742839,-72,4141,213
6742840,-82,4129,222
6742841,-94,4120,236
6742842,-99,4119,234
6742843,-100,4117,233
6742844,-99,4120,236
6742845,-96,4124,222
6742846,-93,4124,205
6742847,-95,4122,201
6742848,-100,4125,199
6742849,-101,4125,193
6742850,-101,4118,195
6742851,-105,4117,194
6742852,-115,4126,191
6742853,-126,4133,189
6742854,-134,4128,174
6742855,-130,4125,172
6742856,-123,4128,172
6742857,-121,4123,167
6742858,-123,4119,176
6742859,-131,4118,185
6742860,-137,4118,178
6742861,-135,4119,163
6742862,-135,4123,150
6742863,-139,4130,153
6742864,-144,4138,162
6742865,-142,4142,168
6742866,-133,4143,175
6742867,-129,4144,182
6742868,-125,4145,195
6742869,-121,4144,209
6742870,-97,4165,213
6742871,-79,4170,212
6742872,-75,4168,206
6742873,-73,4165,203
6742874,-65,4163,210
6742875,-61,4163,212
6742876,-63,4157,210
6742877,-57,4150,218
6742878,-53,4149,234
6742879,-52,4148,245
6742880,-58,4151,253
6742881,-72,4155,261
6742882,-76,4149,260
6742883,-73,4141,251
6742884,-72,4139,244
6742885,-72,4143,234
6742886,-77,4151,222
6742887,-83,4157,226
6742888,-84,4162,237
6742889,-83,4163,229
6742890,-80,4158,221
6742891,-83,4156,227
6742893,-87,4152,241
6742894,-90,4154,236
6742895,-97,4162,230
6742896,-103,4164,218
6742897,-112,4162,211
6742898,-117,4168,212
6742899,-123,4177,210
6742900,-136,4182,216
6742901,-141,4187,218
6742902,-140,4190,205
6742903,-145,4193,193
6742904,-148,4200,199
6742905,-139,4200,208
6742906,-122,4190,207
6742907,-114,4186,206
6742908,-115,4189,201
6742909,-113,4189,198
6742910,-101,4186,198
6742911,-86,4187,199
6742912,-76,4187,200
6742913,-69,4181,203
6742914,-64,4179,212
6742915,-65,4179,208
6742916,-69,4176,207
6742917,-78,4172,217
6742918,-84,4168,219
6742919,-92,4163,225
6742920,-115,4159,214
6742921,-123,4162,198
6742922,-130,4165,199
6742923,-138,4169,202
6742924,-148,4167,197
6742925,-157,4165,191
6742926,-159,4167,186
6742927,-160,4163,186
6742928,-165,4163,198
6742929,-172,4171,196
6742930,-173,4177,178
6742931,-171,4187,167
6742932,-160,4199,162
6742933,-147,4195,155
6742934,-138,4183,150
6742935,-132,4173,144
6742936,-121,4164,137
6742937,-103,4152,144
6742938,-98,4140,153
6742939,-105,4132,159
6742940,-103,4126,166
6742941,-95,4128,172
6742942,-90,4129,167
6742943,-87,4126,158
6742944,-87,4122,170
6742945,-87,4115,187
6742946,-90,4110,190
6742947,-92,4108,184
6742948,-96,4105,179
6742949,-95,4105,186
6742950,-94,4104,200
6742951,-100,4098,200
6742952,-98,4098,199
6742953,-105,4092,211
6742954,-115,4092,206
6742955,-119,4092,197
6742956,-116,4094,187
6742957,-114,4103,184
6742958,-115,4107,196
6742959,-115,4106,213
6742960,-112,4106,223
6742961,-103,4106,230
6742962,-99,4107,233
6742963,-104,4105,230
6742964,-105,4108,230
6742965,-104,4109,234
6742966,-104,4106,231
6742967,-101,4103,218
6742968,-103,4098,211
6742969,-119,4094,211
6742970,-130,4099,213
6742971,-125,4106,221
6742972,-115,4110,227
6742973,-105,4112,224
6742974,-101,4115,218
6742975,-103,4126,208
6742976,-111,4140,199
6742977,-117,4145,205
6742978,-117,4148,213
6742979,-117,4142,207
6742980,-113,4141,193
6742981,-101,4152,190
6742982,-99,4159,195
6742983,-104,4166,198
6742984,-107,4170,199
6742985,-100,4170,200
6742986,-94,4173,206
6742987,-103,4177,216
6742988,-110,4176,217
6742989,-106,4171,214
6742990,-116,4164,225
6742991,-126,4166,233
6742992,-121,4171,233
6742993,-116,4174,235
6742994,-120,4176,240
6742995,-125,4175,241
6742996,-128,4177,240
6742997,-131,4181,241
6742998,-133,4186,243
6742999,-128,4187,232
6743000,-113,4185,214
6743001,-103,4188,212
6743002,-99,4191,226
6743003,-90,4191,235
6743004,-85,4193,236
6743005,-84,4195,240
6743006,-77,4196,250
6743007,-67,4194,252
6743008,-64,4193,252
6743009,-71,4199,259
6743010,-68,4207,258
6743011,-52,4216,255
6743012,-36,4221,254
6743013,-28,4214,254
6743014,-23,4204,260
6743015,-21,4204,267
6743016,-23,4202,266
6743017,-28,4196,260
6743018,-31,4193,254
6743019,-29,4182,266
6743020,-31,4181,277
6743021,-39,4183,279
6743022,-45,4179,274
6743023,-52,4175,263
6743024,-59,4172,253
6743025,-61,4174,248
6743026,-69,4178,246
6743027,-85,4178,241
6743028,-92,4176,233
6743029,-97,4176,219
6743030,-110,4178,211
6743031,-124,4180,210
6743032,-130,4180,204
6743033,-133,4179,193
6743034,-127,4184,173
6743035,-123,4186,163
6743036,-134,4178,166
6743037,-139,4164,161
6743038,-138,4158,163
6743039,-142,4154,176
6743040,-148,4147,176
6743041,-149,4141,170
6743042,-144,4132,172
6743044,-143,4130,171
6743045,-153,4141,166
6743046,-157,4137,169
6743047,-162,4135,174
6743048,-164,4136,178
6743049,-160,4145,184
6743050,-155,4145,185
6743051,-162,4132,187
6743052,-176,4134,191
6743053,-182,4141,192
6743054,-179,4139,199
6743055,-174,4136,202
6743056,-166,4132,200
6743057,-160,4131,197
6743058,-164,4128,193
6743059,-168,4120,195
6743060,-169,4117,199
6743061,-167,4118,195
6743062,-160,4120,198
6743063,-159,4125,207
6743064,-159,4129,209
6743065,-149,4130,200
6743066,-133,4131,200
6743067,-123,4133,201
6743068,-112,4138,200
6743069,-97,4148,197
6743070,-91,4156,179
6743071,-96,4155,176
6743072,-101,4150,186
6743073,-98,4146,194
6743074,-90,4136,196
6743075,-80,4122,193
6743076,-75,4119,201
6743077,-83,4114,215
6743078,-99,4109,227
6743079,-115,4098,227
6743080,-125,4090,219
6743081,-135,4090,213
6743082,-154,4097,207
6743083,-161,4112,198
6743084,-159,4121,187
6743085,-155,4115,169
6743086,-152,4109,157
6743087,-157,4114,154
6743088,-162,4119,151
6743089,-165,4116,149
6743090,-170,4116,146
6743091,-167,4124,135
6743092,-156,4136,128
6743093,-147,4139,134
6743094,-143,4133,146
6743095,-142,4132,155
6743096,-139,4139,162
6743097,-131,4149,174
6743098,-116,4148,178
6743099,-121,4141,183
6743100,-118,4137,196
6743101,-110,4137,202
6743102,-104,4137,202
6743103,-97,4135,209
6743104,-91,4133,226
6743106,-83,4131,234
6743107,-76,4133,223
6743108,-74,4143,209
6743109,-68,4145,204
6743110,-59,4144,208
6743111,-67,4142,213
6743112,-84,4138,223
6743113,-85,4136,225
6743114,-78,4134,225
6743115,-83,4130,213
6743116,-94,4128,210
6743117,-102,4138,203
6743118,-107,4146,196
6743119,-106,4143,201
6743120,-104,4134,209
6743121,-103,4135,210
6743122,-106,4139,211
6743123,-113,4133,201
6743124,-113,4130,187
6743125,-107,4126,192
6743126,-105,4118,196
6743127,-113,4117,195
6743128,-122,4123,204
6743129,-122,4130,215
6743130,-122,4130,210
6743131,-124,4120,202
6743132,-123,4111,201
6743133,-121,4107,207
6743134,-124,4103,221
6743135,-132,4105,220
6743136,-139,4113,201
6743137,-135,4120,195
6743138,-128,4125,201
6743139,-123,4125,202
6743140,-120,4116,214
6743141,-117,4107,228
6743142,-111,4112,226
6743143,-115,4120,212
6743144,-113,4123,208
6743145,-98,4129,225
6743146,-90,4130,232
6743147,-93,4127,226
6743148,-113,4125,236
6743149,-117,4122,238
6743150,-111,4122,243
6743151,-102,4120,249
6743152,-99,4119,252
6743153,-106,4120,256
6743154,-112,4127,270
6743155,-111,4135,272
6743156,-113,4136,269
6743157,-114,4141,271
6743158,-118,4144,266
6743159,-129,4143,268
6743160,-144,4141,270
6743161,-153,4142,259
6743162,-154,4147,237
6743163,-161,4151,223
6743164,-171,4160,222
6743165,-176,4165,216
6743166,-181,4165,207
6743167,-191,4169,190
6743168,-200,4174,171
6743169,-200,4175,175
6743170,-195,4173,188
6743171,-186,4173,188
6743172,-181,4170,187
6743173,-178,4159,187
6743174,-173,4156,183
6743175,-162,4164,184
6743176,-152,4165,195
6743177,-148,4158,209
6743178,-140,4153,219
6743179,-133,4154,222
6743180,-128,4155,219
6743181,-120,4151,216
6743182,-113,4146,212
6743183,-112,4142,210
6743184,-114,4140,219
6743185,-130,4146,222
6743186,-130,4144,209
6743187,-121,4145,190
6743188,-120,4151,181
6743189,-123,4157,180
6743190,-126,4162,193
6743191,-128,4166,209
6743192,-126,4166,217
6743193,-126,4164,219
6743194,-123,4167,216
6743195,-117,4177,212
6743196,-115,4184,209
6743197,-110,4182,220
6743198,-100,4178,232
6743199,-102,4178,233
6743200,-110,4183,232
6743201,-113,4184,233
6743202,-113,4180,232
6743203,-113,4175,226
6743204,-112,4172,231
6743205,-111,4167,240
6743206,-111,4157,243
6743207,-109,4146,245
6743208,-97,4137,244
6743209,-93,4129,240
6743210,-95,4125,227
6743211,-92,4119,215
6743212,-92,4116,215
6743213,-94,4112,222
6743214,-90,4108,228
6743215,-92,4106,231
6743216,-98,4103,239
6743217,-95,4102,238
6743218,-91,4101,198
6743219,-82,4096,189
6743220,-77,4090,178
6743221,-81,4088,176
6743222,-91,4085,191
6743223,-98,4089,216
6743224,-99,4094,231
6743225,-108,4089,230
6743226,-121,4093,215
6743227,-127,4102,201
6743228,-133,4099,201
6743229,-135,4096,213
6743230,-135,4107,219
6743231,-145,4124,215
6743232,-158,4135,204
6743233,-164,4148,193
6743234,-159,4157,187
6743235,-155,4167,182
6743236,-155,4171,188
6743237,-148,4166,199
6743238,-148,4166,208
6743239,-152,4169,222
6743240,-160,4173,230
6743241,-167,4174,234
6743242,-161,4167,239
6743243,-152,4161,245
6743244,-152,4159,247
6743245,-152,4156,244
6743246,-148,4156,247
6743247,-142,4165,257
6743248,-134,4172,267
6743249,-128,4171,268
6743250,-130,4167,254
6743251,-135,4167,245
6743252,-131,4164,242
6743253,-123,4148,228
6743254,-117,4155,232
6743255,-109,4161,236
6743256,-105,4159,230
6743257,-112,4158,226
6743258,-128,4154,230
6743259,-136,4151,229
6743260,-129,4158,216
6743261,-133,4170,205
6743262,-144,4184,212
6743263,-149,4193,225
6743264,-155,4197,222
6743265,-162,4191,212
6743266,-163,4187,210
6743267,-160,4189,209
6743268,-159,4190,219
6743269,-154,4191,240
6743270,-149,4200,252
6743271,-151,4202,245
6743272,-147,4198,239
6743273,-143,4202,238
6743274,-141,4202,241
6743275,-134,4201,244
6743276,-118,4206,241
6743277,-103,4208,242
6743278,-91,4203,248
6743279,-80,4201,254
6743280,-67,4209,252
6743281,-52,4210,247
6743282,-42,4204,248
6743283,-41,4190,245
6743284,-42,4181,239
6743285,-37,4184,236
6743286,-37,4182,258
6743287,-38,4174,268
6743288,-37,4165,277
6743289,-38,4156,279
6743290,-40,4154,266
6743291,-44,4157,251
6743292,-48,4153,250
6743293,-51,4145,253
6743294,-60,4138,254
6743295,-80,4132,251
6743296,-94,4128,244
6743297,-91,4126,236
6743298,-93,4125,220
6743299,-108,4125,196
6743300,-116,4125,179
6743301,-122,4122,173
6743302,-134,4118,178
6743303,-135,4116,187
6743304,-129,4116,175
6743305,-132,4113,160
6743306,-136,4111,166
6743307,-135,4116,174
6743308,-127,4116,173
6743309,-120,4112,173
6743310,-126,4107,171
6743311,-133,4098,160
6743312,-127,4094,160
6743313,-116,4097,170
6743314,-116,4098,180
6743315,-128,4095,193
6743316,-132,4090,207
6743317,-125,4084,211
6743318,-121,4079,209
6743319,-122,4079,209
6743320,-110,4095,211
6743321,-104,4085,201
6743322,-101,4077,194
6743323,-103,4075,200
6743324,-110,4078,217
6743325,-120,4080,214
6743326,-123,4079,205
6743327,-126,4079,198
6743328,-136,4079,191
6743329,-148,4079,190
6743330,-158,4085,190
6743331,-165,4091,191
6743332,-169,4087,188
6743333,-168,4086,175
6743334,-170,4091,174
6743335,-174,4101,181
6743337,-169,4111,185
6743338,-161,4113,192
6743339,-153,4114,196
6743340,-151,4115,200
6743341,-154,4117,201
6743342,-157,4122,197
6743343,-157,4130,199
6743344,-155,4132,206
6743345,-146,4125,215
6743346,-138,4118,221
6743347,-131,4113,225
6743348,-121,4112,234
6743349,-115,4113,236
6743350,-110,4118,231
6743351,-101,4129,236
6743352,-93,4137,245
6743353,-98,4138,244
6743354,-103,4137,242
6743355,-99,4142,247
6743356,-96,4148,253
6743357,-85,4140,266
6743358,-80,4144,266
6743359,-75,4150,259
6743360,-71,4151,248
6743361,-78,4154,252
6743362,-86,4157,267
6743363,-97,4158,267
6743364,-102,4162,252
6743365,-103,4168,244
6743366,-109,4166,249
6743367,-116,4162,254
6743368,-128,4167,250
6743369,-136,4176,241
6743370,-138,4183,237
6743371,-137,4185,230
6743372,-137,4194,217
6743373,-136,4207,216
6743374,-127,4212,217
6743375,-115,4206,217
6743376,-110,4197,219
6743377,-114,4194,217
6743378,-111,4197,213
6743379,-106,4202,202
6743380,-111,4202,200
6743381,-108,4200,211
6743382,-112,4196,216
6743383,-115,4189,215
6743384,-114,4191,213
6743385,-107,4195,211
6743386,-96,4194,214
6743387,-89,4188,222
6743388,-91,4183,232
6743389,-97,4182,239
6743390,-100,4178,244
6743391,-104,4170,242
6743392,-112,4166,236
6743393,-113,4171,231
6743394,-108,4173,229
6743395,-102,4167,224
6743396,-98,4155,215
6743397,-108,4142,219
6743398,-114,4137,228
6743399,-112,4134,229
6743400,-113,4122,226
6743401,-111,4112,226
6743402,-113,4110,214
6743403,-116,4117,202
6743404,-118,4117,207
6743405,-120,4108,209
6743406,-124,4098,198
6743407,-134,4090,189
6743408,-142,4085,193
6743409,-143,4093,203
6743410,-150,4099,204
6743411,-154,4093,194
6743412,-152,4092,195
6743413,-154,4096,195
6743414,-157,4100,190
6743415,-155,4105,184
6743416,-157,4109,181
6743417,-157,4111,194
6743418,-155,4113,217
6743419,-147,4112,231
6743420,-135,4121,231
6743421,-126,4135,228
6743422,-120,4139,229
6743423,-121,4142,234
6743424,-122,4150,241
6743425,-118,4156,243
6743426,-119,4160,239
6743427,-122,4155,239
6743428,-126,4149,247
6743429,-125,4149,258
6743430,-118,4152,257
6743431,-105,4160,250
6743432,-95,4161,249
6743433,-99,4155,251
6743434,-106,4153,247
6743435,-99,4154,257
6743436,-83,4152,276
6743437,-73,4146,281
6743438,-76,4138,281
6743439,-82,4130,287
6743440,-73,4127,296
6743441,-58,4126,298
6743442,-54,4128,290
6743443,-53,4134,281
6743444,-51,4138,275
6743445,-49,4138,272
6743446,-50,4139,272
6743447,-76,4149,230
6743448,-78,4146,225
6743449,-77,4147,238
6743450,-75,4148,245
6743451,-68,4146,243
6743452,-67,4153,245
6743453,-75,4163,242
6743454,-82,4164,227
6743455,-88,4156,220
6743456,-91,4148,221
6743457,-96,4150,221
6743458,-100,4158,221
6743459,-104,4158,214
6743460,-111,4150,206
6743461,-122,4148,205
6743462,-127,4151,203
6743463,-125,4149,202
6743464,-125,4144,202
6743465,-124,4142,199
6743466,-130,4140,188
6743467,-140,4130,183
6743468,-144,4118,194
6743469,-143,4118,203
6743470,-137,4127,195
6743471,-139,4124,187
6743472,-147,4121,188
6743473,-155,4124,175
6743474,-155,4128,169
6743475,-153,4131,178
6743476,-169,4134,166
6743477,-168,4138,148
6743478,-162,4136,145
6743479,-162,4135,148
6743480,-161,4141,150
6743481,-157,4149,157
6743482,-153,4152,165
6743483,-153,4146,181
6743484,-149,4145,195
6743485,-143,4155,211
6743486,-137,4163,225
6743487,-129,4160,228
6743488,-126,4154,226
6743489,-126,4154,222
6743490,-125,4155,231
6743491,-122,4155,251
6743492,-107,4154,268
6743493,-98,4151,276
6743495,-105,4153,279
6743496,-116,4163,281
6743497,-127,4175,288
6743498,-134,4182,288
6743499,-137,4187,270
6743500,-143,4198,255
6743501,-152,4206,255
6743502,-149,4201,263
6743503,-144,4199,265
6743504,-139,4202,257
6743505,-125,4201,253
6743506,-110,4200,252
6743507,-101,4196,250
6743508,-96,4197,250
6743509,-93,4200,254
6743510,-96,4204,260
6743511,-88,4204,257
6743512,-84,4191,259
6743513,-82,4186,273
6743514,-80,4186,281
6743515,-82,4178,290
6743516,-85,4171,293
6743517,-80,4175,290
6743518,-72,4185,286
6743519,-72,4190,276
6743520,-73,4187,266
6743521,-71,4181,259
6743522,-73,4171,260
6743523,-72,4156,257
6743524,-65,4143,244
6743525,-60,4139,239
6743526,-60,4143,241
6743527,-61,4144,230
6743528,-66,4135,212
6743529,-77,4126,217
6743530,-86,4120,229
6743531,-90,4119,233
6743532,-107,4135,227
6743533,-112,4133,225
6743534,-116,4125,218
6743535,-119,4124,214
6743536,-122,4129,212
6743537,-133,4127,208
6743538,-143,4122,207
6743539,-149,4113,209
6743540,-153,4103,210
6743541,-154,4103,211
6743542,-151,4103,210
6743543,-150,4098,194
6743544,-150,4097,174
6743545,-146,4101,164
6743546,-148,4101,162
6743547,-156,4098,169
6743548,-149,4100,178
6743549,-136,4104,181
6743550,-135,4103,180
6743551,-134,4101,186
6743552,-135,4104,191
6743553,-137,4113,196
6743554,-136,4119,204
6743555,-140,4125,212
6743556,-148,4136,221
6743557,-149,4149,227
6743558,-149,4162,224
6743559,-155,4168,213
6743560,-158,4172,205
6743561,-155,4173,196
6743562,-149,4173,191
6743563,-144,4177,189
6743564,-139,4175,199
6743565,-136,4165,218
6743566,-133,4164,225
6743567,-128,4167,219
6743568,-116,4164,221
6743569,-87,4157,257
6743570,-71,4151,265
6743571,-65,4144,264
6743572,-72,4140,258
6743573,-80,4136,253
6743574,-79,4135,249
6743575,-79,4137,251
6743576,-72,4137,254
6743577,-70,4134,256
6743578,-74,4137,258
6743579,-68,4150,263
6743580,-71,4161,271
6743581,-82,4164,261
6743582,-84,4162,244
6743583,-81,4158,234
6743584,-85,4158,221
6743585,-96,4158,210
6743586,-109,4155,215
6743587,-117,4151,219
6743588,-120,4150,220
6743589,-120,4152,234
6743590,-123,4150,240
6743591,-129,4142,238
6743592,-131,4134,240
6743593,-133,4128,235
6743594,-136,4127,233
6743595,-140,4127,238
6743596,-150,4123,244
6743597,-150,4133,271
6743598,-148,4137,264
6743599,-142,4137,250
6743600,-134,4136,244
6743601,-131,4129,240
6743602,-132,4127,233
6743603,-136,4128,228
6743604,-142,4129,225
6743605,-145,4135,218
6743606,-137,4134,212
6743607,-131,4133,213
6743608,-135,4133,213
6743609,-137,4130,213
6743610,-134,4133,219
6743611,-129,4136,228
6743612,-124,4133,233
6743613,-126,4124,224
6743614,-132,4117,216
6743615,-136,4119,212
6743616,-132,4127,209
6743617,-128,4132,204
6743618,-129,4131,207
6743619,-130,4131,222
6743620,-122,4136,235
6743621,-118,4137,245
6743622,-133,4133,252
6743623,-154,4129,250
6743624,-165,4124,242
6743625,-172,4125,237
6743626,-185,4132,229
6743627,-194,4133,227
6743628,-193,4124,234
6743629,-193,4121,234
6743630,-193,4126,219
6743631,-187,4130,203
6743632,-178,4134,190
6743633,-162,4138,178
6743634,-138,4155,172
6743635,-128,4151,165
6743636,-121,4143,169
6743637,-121,4140,174
6743638,-118,4146,177
6743639,-115,4155,183
6743640,-112,4158,192
6743641,-108,4153,202
6743642,-103,4156,214
6743643,-100,4163,222
6743644,-100,4164,230
6743645,-91,4164,238
6743646,-87,4165,241
6743647,-89,4170,244
6743649,-84,4169,247
6743650,-79,4159,247
6743651,-82,4159,248
6743652,-87,4162,245
6743653,-92,4159,248
6743654,-92,4159,247
6743655,-85,4160,239
6743656,-83,4160,239
6743657,-90,4152,236
6743658,-98,4143,226
6743659,-99,4140,215
6743660,-93,4139,208
6743661,-96,4138,210
6743662,-102,4133,211
6743663,-100,4136,216
6743664,-100,4136,216
6743665,-100,4128,212
6743666,-106,4119,211
6743667,-116,4117,213
6743668,-125,4120,207
6743669,-129,4120,197
6743670,-131,4120,196
6743671,-137,4123,192
6743672,-139,4126,188
6743673,-131,4130,197
6743674,-130,4130,196
6743675,-138,4129,191
6743676,-147,4132,193
6743677,-151,4134,189
6743678,-148,4134,188
6743679,-139,4139,188
6743680,-128,4146,184
6743681,-123,4153,184
6743682,-127,4162,187
6743683,-132,4163,191
6743684,-129,4163,192
6743685,-122,4171,202
6743686,-125,4180,223
6743687,-133,4183,231
6743688,-132,4180,221
6743689,-121,4178,214
6743690,-113,4178,219
6743691,-119,4177,226
6743692,-129,4185,229
6743693,-126,4193,243
6743694,-121,4189,264
6743695,-114,4184,271
6743696,-101,4184,267
6743697,-92,4185,268
6743698,-100,4178,289
6743699,-101,4177,284
6743700,-94,4171,279
6743701,-86,4164,274
6743702,-82,4160,270
6743703,-80,4154,272
6743704,-75,4154,278
6743705,-72,4159,299
6743706,-79,4161,317
6743707,-83,4164,321
6743708,-78,4164,313
6743709,-74,4162,299
6743710,-69,4161,291
6743711,-65,4158,290
6743712,-64,4156,293
6743713,-70,4158,289
6743714,-86,4160,278
6743715,-101,4157,271
6743716,-107,4151,269
6743717,-107,4145,261
6743718,-112,4143,250
6743719,-120,4149,246
6743720,-122,4156,239
6743721,-111,4152,228
6743722,-108,4157,225
6743723,-111,4163,224
6743724,-114,4160,230
6743725,-116,4154,235
6743726,-120,4155,232
6743727,-125,4160,220
6743728,-134,4159,214
6743729,-139,4157,225
6743730,-139,4159,238
6743731,-144,4166,246
6743732,-146,4170,259
6743733,-143,4165,273
6743734,-138,4162,270
6743735,-133,4162,254
6743736,-132,4165,237
6743737,-132,4169,237
6743738,-126,4168,250
6743739,-118,4166,255
6743740,-106,4167,250
6743741,-100,4171,243
6743742,-102,4169,235
6743743,-96,4164,227
6743744,-85,4154,226
6743745,-82,4147,220
6743746,-88,4151,215
6743747,-90,4147,222
6743748,-90,4139,231
6743749,-92,4132,243
6743750,-101,4135,240
6743751,-114,4146,220
6743752,-123,4146,195
6743753,-143,4145,178
6743754,-147,4152,189
6743755,-144,4155,191
6743756,-143,4148,190
6743757,-141,4140,197
6743758,-137,4138,197
6743759,-135,4138,194
6743760,-132,4136,203
6743761,-135,4143,210
6743762,-137,4153,205
6743763,-141,4152,201
6743764,-146,4149,194
6743765,-137,4150,190
6743766,-127,4152,193
6743767,-128,4146,197
6743768,-134,4142,197
6743769,-133,4141,196
6743770,-133,4136,203
6743771,-139,4134,212
6743772,-144,4138,216
6743773,-139,4143,216
6743774,-138,4144,218
6743775,-138,4143,213
6743776,-135,4144,211
6743777,-137,4141,202
6743778,-143,4135,187
6743779,-148,4136,197
6743780,-142,4143,205
6743781,-126,4150,202
6743782,-116,4145,200
6743783,-117,4142,194
6743784,-124,4151,200
6743785,-128,4158,211
6743786,-128,4158,221
6743787,-132,4156,221
6743788,-132,4151,210
6743789,-130,4151,213
6743790,-141,4151,249
6743791,-142,4152,253
6743792,-133,4154,266
6743793,-122,4157,282
6743794,-115,4165,292
6743795,-112,4168,292
6743796,-108,4165,284
6743797,-106,4164,281
6743798,-110,4171,275
6743799,-112,4180,271
6743800,-108,4187,277
6743801,-101,4191,271
6743802,-92,4190,261
6743803,-90,4182,254
6743804,-96,4172,248
6743805,-104,4166,245
6743806,-113,4162,243
6743807,-117,4160,252
6743808,-119,4168,259
6743809,-124,4165,261
6743810,-130,4156,254
6743811,-134,4155,242
6743812,-133,4148,231
6743813,-137,4138,214
6743814,-146,4132,208
6743815,-150,4130,214
6743816,-152,4123,217
6743817,-155,4115,216
6743818,-159,4113,219
6743819,-167,4109,210
6743820,-177,4107,185
6743821,-176,4115,172
6743822,-171,4119,173
6743823,-171,4112,170
6743824,-176,4109,168
6743825,-169,4115,163
6743826,-177,4121,167
6743827,-177,4128,176
6743828,-171,4132,171
6743829,-165,4130,163
6743830,-161,4125,170
6743831,-153,4125,181
6743832,-147,4129,185
6743833,-150,4131,196
6743834,-149,4129,211
6743835,-144,4131,224
6743836,-137,4139,237
6743837,-125,4143,247
6743838,-119,4142,258
6743839,-118,4146,266
6743840,-120,4151,275
6743841,-118,4152,286
6743842,-117,4150,281
6743843,-121,4155,272
6743844,-120,4159,270
6743845,-113,4159,274
6743846,-110,4162,279
6743847,-114,4168,274
6743848,-121,4174,271
6743849,-121,4177,267
6743850,-112,4179,262
6743852,-104,4185,253
6743853,-105,4195,241
6743854,-105,4207,234
6743855,-96,4218,225
6743856,-85,4226,217
6743857,-80,4222,210
6743858,-76,4215,204
6743859,-78,4211,202
6743860,-87,4206,198
6743861,-97,4201,193
6743862,-108,4198,194
6743863,-114,4196,204
6743864,-117,4191,212
6743865,-124,4180,231
6743866,-124,4170,253
6743867,-121,4165,256
6743868,-127,4165,253
6743869,-130,4165,252
6743870,-123,4161,256
6743871,-113,4158,253
6743872,-106,4158,245
6743873,-101,4159,251
6743874,-98,4156,265
6743875,-97,4147,271
6743876,-102,4148,267
6743877,-119,4173,266
6743878,-128,4190,259
6743879,-118,4181,248
6743880,-118,4166,267
6743881,-117,4150,303
6743882,-99,4135,325
6743883,-92,4124,328
6743884,-94,4123,318
6743885,-88,4133,318
6743886,-72,4139,321
6743887,-52,4147,295
6743888,-36,4159,260
6743889,-23,4159,252
6743890,-9,4147,276
6743891,-17,4132,274
6743892,-26,4120,280
6743893,-34,4116,272
6743894,-42,4112,253
6743895,-58,4096,249
6743896,-74,4084,262
6743897,-86,4089,267
6743898,-95,4093,251
6743899,-99,4089,242
6743900,-99,4082,244
6743901,-105,4077,240
6743902,-115,4077,225
6743903,-120,4080,217
6743904,-133,4082,229
6743905,-147,4096,240
6743906,-150,4104,231
6743907,-153,4101,214
6743908,-155,4101,208
6743909,-153,4102,207
6743910,-157,4104,204
6743911,-161,4104,212
6743912,-159,4100,223
6743913,-153,4096,224
6743914,-151,4093,219
6743915,-153,4086,224
6743916,-152,4080,230
6743917,-147,4082,221
6743918,-141,4092,208
6743919,-135,4102,200
6743920,-132,4105,201
6743921,-139,4109,201
6743922,-137,4112,195
6743923,-131,4118,194
6743924,-117,4122,199
6743925,-106,4125,206
6743926,-99,4130,211
6743927,-91,4134,215
6743928,-85,4139,211
6743929,-79,4143,204
6743930,-75,4142,201
6743931,-70,4144,208
6743932,-63,4151,217
6743933,-67,4157,218
6743934,-76,4156,222
6743935,-84,4155,226
6743936,-87,4156,232
6743937,-84,4155,237
6743938,-75,4155,247
6743939,-71,4153,269
6743940,-75,4149,278
6743941,-79,4151,283
6743942,-75,4151,297
6743943,-64,4146,305
6743944,-53,4153,281
6743945,-56,4158,268
6743946,-49,4159,256
6743947,-42,4159,254
6743948,-42,4156,253
6743949,-39,4149,248
6743950,-34,4144,238
6743951,-38,4142,228
6743952,-41,4138,223
6743953,-42,4132,230
6743954,-50,4127,244
6743956,-53,4125,249
6743957,-56,4129,244
6743958,-63,4132,230
6743959,-74,4125,220
6743960,-85,4117,221
6743961,-86,4110,222
6743962,-88,4110,221
6743963,-90,4113,219
6743964,-96,4105,219
6743965,-110,4097,226
6743966,-115,4100,219
6743967,-113,4101,214
6743968,-113,4091,226
6743969,-118,4084,233
6743970,-125,4101,229
6743971,-126,4108,229
6743972,-135,4108,226
6743973,-138,4097,223
6743974,-135,4089,228
6743975,-138,4091,235
6743976,-143,4098,232
6743977,-146,4100,231
6743978,-146,4095,236
6743979,-141,4097,229
6743980,-139,4094,215
6743981,-139,4090,204
6743982,-138,4088,196
6743983,-136,4088,185
6743984,-142,4093,178
6743985,-156,4090,186
6743986,-177,4082,200
6743987,-198,4077,203
6743988,-212,4081,198
6743989,-223,4085,189
6743990,-232,4087,176
6743991,-244,4098,166
6743992,-259,4114,157
6743993,-261,4127,143
6743994,-256,4136,143
6743995,-252,4143,147
6743996,-246,4151,145
6743997,-237,4163,148
6743998,-224,4180,148
6743999,-209,4194,145
6744000,-198,4196,158
6744001,-181,4200,177
6744002,-158,4209,188
6744003,-150,4218,206
6744004,-148,4225,228
6744005,-138,4222,243
6744006,-129,4218,260
6744007,-92,4205,270
6744008,-73,4190,277
6744009,-65,4179,297
6744010,-62,4177,323
6744011,-57,4178,332
6744012,-55,4178,327
6744013,-54,4174,315
6744014,-54,4161,307
6744015,-50,4152,307
6744016,-48,4148,311
6744017,-39,4146,313
6744018,-28,4148,304
6744019,-34,4155,288
6744020,-46,4166,272
6744021,-53,4167,257
6744022,-63,4161,244
6744023,-82,4159,239
6744024,-92,4154,234
6744025,-97,4154,222
6744026,-107,4156,215
6744027,-120,4161,216
6744028,-138,4166,200
6744029,-150,4170,177
6744030,-149,4174,176
6744031,-146,4172,186
6744032,-151,4168,201
6744033,-154,4163,209
6744034,-151,4161,203
6744035,-127,4144,217
6744036,-127,4146,229
6744037,-127,4149,236
6744038,-123,4147,238
6744039,-117,4137,236
6744040,-106,4120,234
6744041,-98,4107,233
6744042,-100,4101,225
6744043,-102,4100,227
6744044,-99,4103,230
6744045,-94,4100,225
6744046,-98,4086,220
6744047,-107,4078,215
6744048,-109,4079,216
6744049,-118,4075,227
6744050,-134,4074,228
6744051,-149,4087,217
6744052,-163,4102,216
6744053,-181,4108,210
6744054,-191,4119,195
6744055,-193,4136,184
6744056,-194,4144,170
6744057,-191,4148,160
6744058,-191,4152,158
6744059,-199,4155,148
6744060,-206,4160,148
6744061,-206,4163,157
6744062,-208,4165,157
6744063,-219,4166,163
6744064,-231,4169,187
6744065,-232,4172,203
6744066,-227,4172,202
6744067,-227,4176,209
6744068,-227,4178,221
6744069,-219,4179,224
6744070,-204,4184,224
6744071,-174,4193,232
6744072,-163,4198,247
6744073,-164,4195,261
6744074,-156,4193,266
6744075,-143,4195,268
6744076,-131,4187,262
6744077,-116,4177,257
6744078,-104,4182,258
6744079,-91,4192,264
6744080,-86,4200,269
6744081,-90,4199,271
6744082,-87,4189,270
6744083,-81,4187,270
6744084,-81,4194,274
6744085,-84,4196,274
6744086,-89,4193,275
6744087,-99,4185,282
6744088,-100,4179,279
6744089,-93,4178,268
6744090,-89,4180,263
6744091,-91,4180,258
6744092,-96,4176,253
6744093,-97,4167,259
6744094,-95,4156,257
6744095,-87,4152,256
6744096,-78,4147,274
6744097,-85,4140,289
6744098,-84,4132,285
6744099,-79,4133,274
6744101,-78,4135,264
6744102,-78,4133,244
6744103,-78,4132,238
6744104,-87,4129,238
6744105,-96,4122,234
6744106,-97,4117,231
6744107,-92,4119,232
6744108,-90,4124,237
6744109,-91,4128,232
6744110,-85,4128,224
6744111,-79,4125,221
6744112,-77,4120,220
6744113,-80,4114,226
6744114,-90,4107,233
6744115,-102,4103,235
6744116,-102,4101,246
6744117,-101,4103,270
6744118,-107,4108,281
6744119,-108,4112,281
6744120,-110,4115,286
6744121,-121,4118,284
6744122,-128,4117,277
6744123,-113,4102,247
6744124,-109,4109,252
6744125,-109,4123,265
6744126,-104,4129,269
6744127,-104,4127,265
6744128,-109,4133,248
6744129,-110,4141,232
6744130,-101,4144,222
6744131,-92,4140,221
6744132,-88,4137,228
6744133,-84,4143,238
6744134,-81,4140,251
6744135,-86,4130,264
6744136,-93,4124,265
6744137,-95,4121,253
6744138,-104,4125,256
6744139,-113,4128,269
6744140,-117,4124,281
6744141,-122,4125,285
6744142,-123,4132,285
6744143,-112,4137,281
6744144,-97,4133,278
6744145,-91,4124,290
6744146,-96,4121,302
6744147,-95,4126,304
6744148,-86,4131,300
6744149,-88,4132,289
6744150,-98,4132,283
6744151,-92,4134,278
6744152,-76,4140,272
6744153,-71,4143,246
6744154,-72,4145,233
6744155,-66,4140,230
6744156,-64,4134,246
6744157,-67,4135,271
6744158,-74,4130,279
6744159,-78,4122,276
6744160,-76,4126,277
6744161,-74,4139,269
6744162,-74,4138,259
6744163,-76,4122,260
6744164,-78,4110,269
6744165,-76,4107,273
6744169,-88,4122,256
6744170,-90,4114,261
6744171,-99,4115,249
6744172,-99,4120,237
6744173,-94,4122,234
6744174,-93,4126,241
6744175,-94,4132,248
6744176,-100,4136,253
6744177,-119,4148,248
6744178,-143,4165,240
6744179,-155,4179,242
6744180,-155,4184,248
6744181,-155,4182,260
6744182,-161,4186,270
6744183,-169,4197,270
6744184,-178,4204,272
6744185,-186,4216,278
6744186,-186,4227,280
6744187,-174,4235,278
6744188,-161,4250,276
6744189,-147,4262,280
6744190,-131,4263,292
6744191,-122,4256,315
6744192,-115,4255,349
6744193,-110,4255,376
6744194,-106,4255,383
6744195,-96,4266,374
6744196,-98,4256,385
6744197,-89,4249,400
6744198,-78,4258,402
6744199,-79,4263,395
6744200,-84,4261,398
6744201,-89,4259,405
6744202,-81,4260,412
6744203,-64,4266,410
6744204,-59,4265,403
6744205,-68,4259,396
6744206,-70,4254,379
6744207,-68,4241,358
6744208,-69,4224,341
6744209,-64,4216,331
6744210,-61,4212,318
6744211,-64,4205,304
6744212,-66,4197,286
6744213,-68,4184,266
6744214,-78,4172,249
6744215,-96,4164,239
6744216,-117,4165,230
6744217,-130,4166,219
6744218,-139,4159,214
6744219,-142,4152,205
6744220,-143,4146,188
6744221,-152,4141,170
6744222,-157,4138,164
6744223,-156,4124,160
6744224,-168,4121,150
6744225,-171,4118,142
6744226,-166,4109,133
6744227,-168,4103,127
6744228,-180,4104,125
6744229,-196,4097,130
6744230,-206,4085,143
6744231,-206,4075,154
6744232,-206,4069,160
6744233,-217,4066,158
6744234,-225,4063,153
6744235,-225,4062,147
6744236,-228,4057,142
6744237,-232,4050,150
6744238,-229,4053,165
6744239,-229,4064,162
6744240,-235,4073,148
6744241,-228,4078,132
6744242,-216,4090,123
6744243,-213,4106,121
6744244,-210,4103,112
6744245,-214,4102,100
6744246,-221,4110,95
6744247,-219,4110,106
6744248,-207,4104,125
6744249,-196,4102,130
6744250,-186,4107,129
6744251,-178,4114,148
6744252,-179,4118,165
6744253,-180,4115,167
6744254,-176,4116,171
6744255,-176,4118,187
6744256,-178,4116,207
6744257,-172,4111,214
6744258,-154,4106,219
6744259,-137,4102,229
6744260,-122,4110,250
6744261,-113,4118,249
6744262,-110,4120,251
6744263,-109,4120,260
6744264,-109,4125,267
6744265,-104,4133,272
6744266,-92,4139,268
6744267,-84,4139,254
6744268,-86,4131,248
6744269,-89,4124,257
6744270,-96,4118,264
6744271,-102,4112,259
6744272,-101,4108,252
6744273,-104,4103,244
6744274,-100,4097,242
6744275,-89,4091,245
6744276,-88,4085,244
6744277,-95,4081,235
6744278,-100,4079,223
6744279,-105,4075,222
6744280,-113,4073,222
6744281,-120,4079,215
6744282,-129,4082,206
6744283,-133,4078,199
6744284,-132,4079,191
6744285,-129,4090,187
6744286,-119,4093,188
6744287,-115,4094,185
6744288,-118,4097,181
6744289,-118,4100,176
6744290,-106,4105,179
6744291,-100,4107,198
6744292,-106,4110,189
6744293,-110,4114,182
6744294,-112,4112,189
6744295,-118,4108,202
6744296,-123,4115,216
6744297,-132,4129,224
6744298,-145,4132,224
6744299,-149,4121,234
6744300,-145,4112,249
6744301,-145,4113,260
6744302,-151,4118,256
6744303,-140,4119,238
6744304,-124,4116,235
6744305,-119,4116,231
6744306,-121,4125,216
6744308,-123,4134,205
6744309,-130,4140,188
6744310,-135,4144,178
6744311,-128,4145,176
6744312,-119,4143,168
6744313,-109,4141,167
6744314,-112,4134,177
6744315,-123,4133,189
6744316,-129,4140,185
6744317,-133,4138,178
6744318,-141,4136,181
6744319,-150,4139,185
6744320,-147,4141,180
6744321,-150,4142,178
6744322,-151,4137,176
6744323,-139,4130,181
6744324,-130,4114,187
6744325,-129,4096,193
6744326,-130,4089,204
6744327,-136,4092,204
6744328,-154,4098,201
6744329,-181,4106,201
6744330,-206,4118,190
6744331,-232,4128,179
6744332,-255,4140,176
6744333,-260,4151,176
6744334,-257,4155,171
6744335,-254,4158,160
6744336,-254,4162,152
6744337,-254,4167,144
6744338,-247,4171,138
6744339,-234,4176,152
6744340,-218,4185,165
6744341,-203,4193,165
6744342,-189,4194,170
6744343,-173,4192,188
6744344,-154,4193,201
6744345,-141,4201,212
6744346,-136,4212,233
6744347,-135,4209,255
6744348,-131,4202,262
6744349,-119,4201,262
6744350,-106,4197,281
6744351,-103,4196,296
6744352,-103,4199,305
6744353,-105,4197,318
6744354,-110,4196,330
6744355,-115,4199,338
6744356,-118,4198,331
6744357,-116,4194,331
6744358,-116,4194,340
6744359,-119,4200,337
6744360,-111,4205,331
6744361,-102,4210,329
6744362,-99,4211,325
6744363,-93,4203,322
6744364,-90,4198,324
6744365,-92,4199,321
6744366,-93,4199,311
6744367,-96,4194,307
6744368,-97,4185,311
6744369,-97,4178,303
6744370,-95,4177,294
6744371,-86,4180,281
6744372,-79,4182,275
6744373,-78,4181,280
6744374,-80,4172,283
6744375,-79,4156,284
6744376,-80,4141,280
6744377,-83,4136,289
6744378,-86,4133,300
6744379,-86,4122,307
6744380,-91,4117,306
6744381,-92,4119,296
6744382,-98,4123,277
6744383,-106,4122,274
6744384,-110,4121,256
6744385,-110,4117,231
6744386,-96,4118,221
6744387,-92,4122,211
6744388,-105,4117,199
6744389,-116,4112,203
6744390,-122,4104,205
6744391,-123,4098,204
6744392,-132,4097,210
6744393,-140,4095,211
6744394,-140,4099,218
6744395,-143,4108,236
6744396,-143,4114,250
6744397,-136,4112,257
6744398,-135,4110,265
6744399,-142,4115,275
6744400,-141,4118,272
6744401,-134,4116,259
6744402,-128,4110,260
6744403,-127,4104,269
6744404,-132,4105,266
6744405,-141,4110,255
6744406,-146,4108,253
6744407,-150,4103,259
6744408,-151,4103,266
6744409,-140,4104,267
6744410,-133,4104,257
6744411,-136,4104,247
6744412,-140,4103,248
6744413,-141,4105,244
6744414,-144,4108,235
6744415,-147,4112,239
6744416,-146,4116,248
6744417,-145,4116,245
6744418,-134,4115,238
6744419,-136,4121,238
6744420,-137,4132,250
6744421,-128,4139,255
6744422,-125,4140,244
6744423,-128,4137,228
6744424,-129,4133,226
6744425,-127,4125,232
6744426,-120,4123,236
6744427,-115,4131,245
6744428,-114,4135,250
6744429,-114,4136,247
6744430,-117,4136,238
6744431,-125,4138,232
6744432,-135,4137,230
6744433,-136,4138,236
6744434,-138,4146,247
6744435,-144,4158,256
6744436,-145,4171,259
6744437,-143,4179,257
6744438,-139,4187,264
6744439,-128,4199,266
6744440,-123,4207,267
6744441,-127,4205,268
6744442,-130,4201,261
6744443,-126,4202,260
6744444,-120,4204,270
6744445,-113,4206,280
6744446,-107,4210,289
6744447,-109,4207,297
6744448,-112,4202,308
6744449,-113,4200,313
6744450,-115,4196,308
6744451,-116,4187,307
6744452,-117,4180,301
6744453,-115,4185,300
6744454,-110,4194,300
6744455,-118,4194,294
6744456,-121,4191,286
6744457,-123,4185,272
6744458,-125,4184,262
6744459,-118,4184,250
6744460,-113,4181,238
6744461,-114,4187,230
6744462,-107,4189,225
6744463,-94,4183,231
6744464,-86,4172,232
6744465,-94,4162,232
6744466,-103,4160,247
6744467,-109,4152,250
6744468,-109,4146,241
6744469,-109,4136,250
6744470,-118,4131,269
6744471,-127,4140,269
6744472,-135,4145,255
6744473,-140,4147,244
6744474,-147,4148,233
6744475,-152,4145,227
6744476,-152,4143,236
6744477,-148,4142,240
6744478,-143,4138,230
6744479,-141,4138,217
6744480,-131,4145,219
6744481,-113,4146,225
6744482,-97,4136,219
6744483,-89,4130,221
6744484,-84,4127,231
6744485,-80,4117,238
6744486,-71,4106,246
6744487,-76,4091,259
6744488,-91,4079,262
6744489,-98,4075,258
6744490,-106,4073,263
6744491,-113,4065,267
6744492,-117,4055,268
6744493,-122,4043,268
6744494,-127,4036,261
6744495,-125,4040,248
6744496,-120,4048,238
6744497,-119,4054,228
6744498,-115,4053,220
6744499,-100,4055,216
6744500,-91,4056,211
6744501,-92,4051,214
6744502,-92,4049,213
6744503,-96,4053,201
6744504,-103,4055,197
6744505,-110,4056,204
6744506,-124,4064,213
6744507,-141,4073,220
6744508,-144,4076,230
6744509,-140,4084,241
6744510,-142,4097,239
6744511,-142,4104,233
6744512,-143,4109,239
6744513,-150,4122,251
6744514,-145,4133,255
6744515,-133,4141,257
6744516,-121,4150,264
6744517,-116,4158,266
6744518,-117,4182,264
6744519,-114,4182,277
6744520,-111,4187,290
6744521,-117,4198,297
6744522,-121,4203,304
6744523,-122,4211,311
6744524,-125,4225,313
6744525,-123,4232,314
6744526,-120,4234,313
6744527,-121,4243,309
6744528,-122,4247,317
6744529,-112,4247,328
6744530,-99,4247,331
6744531,-93,4249,338
6744532,-87,4251,339
6744533,-81,4242,333
6744534,-81,4237,328
6744535,-84,4240,324
6744537,-77,4242,327
6744538,-73,4239,328
6744539,-74,4228,318
6744540,-73,4222,311
6744541,-75,4220,304
6744542,-86,4217,295
6744543,-92,4206,284
6744544,-89,4190,275
6744545,-89,4185,259
6744546,-84,4183,255
6744547,-85,4182,262
6744548,-90,4179,262
6744549,-93,4178,248
6744550,-95,4178,249
6744551,-106,4180,268
6744552,-119,4182,288
6744553,-129,4181,289
6744554,-144,4184,285
6744555,-158,4190,283
6744556,-170,4194,272
6744557,-181,4199,255
6744558,-188,4200,231
6744559,-191,4193,217
6744560,-196,4185,215
6744561,-202,4179,210
6744562,-193,4179,198
6744563,-183,4177,193
6744564,-183,4179,205
6744565,-185,4183,209
6744566,-189,4178,207
6744567,-194,4170,206
6744568,-189,4165,190
6744569,-175,4165,185
6744570,-171,4161,193
6744571,-180,4153,192
6744572,-185,4145,193
6744573,-185,4140,197
6744574,-183,4129,197
6744575,-179,4122,190
6744576,-171,4125,189
6744577,-160,4123,210
6744578,-152,4117,212
6744579,-143,4111,209
6744580,-139,4098,208
6744581,-145,4080,213
6744582,-147,4068,213
6744583,-136,4067,202
6744584,-127,4070,192
6744585,-128,4068,191
6744586,-134,4062,195
6744587,-133,4056,203
6744588,-131,4052,207
6744589,-136,4045,208
6744590,-152,4039,200
6744591,-168,4040,180
6744592,-179,4038,168
6744593,-186,4038,160
6744594,-186,4042,156
6744595,-187,4038,159
6744596,-186,4035,157
6744597,-178,4038,154
6744598,-169,4046,153
6744599,-161,4054,152
6744600,-154,4057,157
6744601,-157,4062,165
6744602,-166,4069,169
6744603,-163,4064,174
6744604,-163,4060,185
6744605,-170,4066,197
6744606,-176,4074,210
6744607,-184,4080,218
6744608,-184,4090,225
6744609,-173,4100,244
6744610,-165,4111,270
6744611,-161,4122,275
6744612,-133,4143,269
6744613,-121,4140,270
6744614,-117,4136,275
6744615,-108,4137,286
6744616,-89,4136,304
6744617,-76,4139,317
6744618,-77,4153,320
6744619,-77,4163,328
6744620,-65,4166,326
6744621,-51,4160,320
6744622,-48,4156,326
6744623,-41,4159,328
6744624,-34,4163,326
6744625,-34,4167,328
6744626,-37,4166,328
6744627,-46,4166,318
6744628,-52,4165,305
6744629,-54,4159,304
6744630,-57,4158,310
6744631,-58,4157,303
6744632,-58,4151,277
6744633,-61,4146,260
6744634,-72,4147,259
6744635,-89,4154,261
6744636,-103,4161,257
6744637,-109,4160,260
6744638,-118,4160,269
6744639,-120,4170,278
6744640,-119,4173,274
6744641,-125,4181,262
6744642,-133,4187,251
6744643,-134,4194,248
6744644,-134,4206,239
6744645,-142,4208,223
6744646,-150,4202,217
6744647,-156,4196,230
6744648,-159,4191,245
6744649,-161,4194,253
6744650,-164,4202,262
6744651,-164,4208,257
6744652,-161,4205,258
6744653,-161,4194,275
6744654,-158,4190,281
6744655,-157,4187,285
6744656,-156,4185,295
6744657,-146,4190,309
6744658,-143,4190,312
6744659,-145,4190,302
6744660,-138,4196,292
6744661,-132,4197,284
6744662,-131,4196,278
6744663,-132,4198,271
6744664,-136,4196,278
6744665,-129,4184,289
6744666,-114,4171,288
6744667,-104,4165,290
6744668,-101,4166,296
6744669,-94,4168,296
6744670,-85,4164,289
6744671,-85,4156,282
6744672,-84,4151,283
6744673,-81,4146,287
6744674,-90,4141,301
6744675,-97,4134,302
6744676,-100,4129,305
6744677,-96,4127,312
6744678,-92,4119,318
6744679,-92,4108,318
6744680,-96,4101,312
6744681,-106,4100,299
6744682,-110,4106,286
6744683,-113,4113,287
6744684,-117,4114,281
6744685,-122,4114,268
6744686,-126,4121,268
6744687,-119,4129,274
6744688,-109,4136,284
6744689,-106,4143,293
6744690,-105,4146,285
6744691,-102,4143,273
6744692,-100,4144,279
6744693,-107,4155,281
6744694,-114,4159,283
6744695,-111,4150,304
6744696,-109,4142,316
6744697,-105,4138,304
6744698,-97,4141,300
6744699,-90,4150,316
6744700,-85,4150,335
6744701,-82,4141,338
6744703,-83,4143,323
6744704,-83,4151,301
6744705,-86,4150,299
6744706,-95,4145,303
6744707,-99,4130,309
6744708,-99,4129,319
6744709,-96,4129,323
6744710,-93,4130,313
6744711,-94,4134,300
6744712,-92,4129,290
6744713,-85,4123,283
6744714,-79,4120,277
6744715,-78,4116,271
6744716,-79,4115,271
6744717,-78,4111,274
6744718,-83,4104,271
6744719,-94,4100,271
6744720,-97,4102,275
6744721,-102,4101,272
6744722,-109,4099,275
6744723,-108,4104,279
6744724,-106,4104,262
6744725,-109,4101,252
6744726,-108,4104,252
6744727,-103,4109,236
6744728,-100,4113,220
6744729,-99,4115,213
6744730,-107,4105,204
6744731,-109,4104,199
6744732,-109,4109,211
6744733,-116,4114,224
6744734,-124,4111,225
6744735,-127,4109,216
6744736,-136,4111,212
6744737,-152,4117,214
6744738,-162,4128,211
6744739,-167,4142,205
6744740,-165,4147,204
6744741,-158,4154,214
6744742,-154,4168,227
6744743,-158,4175,228
6744744,-164,4169,216
6744745,-171,4163,214
6744746,-186,4168,229
6744747,-193,4173,236
6744748,-196,4174,231
6744749,-197,4178,229
6744750,-191,4188,233
6744751,-183,4197,240
6744752,-175,4199,238
6744753,-165,4197,230
6744754,-149,4198,229
6744755,-142,4202,232
6744756,-149,4199,244
6744757,-144,4190,271
6744758,-123,4190,290
6744759,-108,4194,294
6744760,-100,4191,302
6744761,-94,4180,306
6744762,-86,4175,296
6744763,-77,4177,285
6744764,-70,4174,283
6744765,-77,4173,281
6744766,-85,4174,275
6744767,-93,4172,256
6744768,-115,4177,237
6744769,-140,4185,226
6744770,-154,4188,218
6744771,-165,4197,204
6744772,-176,4207,186
6744773,-176,4206,158
6744774,-160,4199,126
6744775,-135,4195,113
6744776,-100,4191,118
6744777,-60,4183,131
6744778,-34,4178,158
6744779,-34,4174,199
6744780,-53,4169,243
6744781,-83,4159,284
6744782,-117,4152,310
6744783,-151,4155,334
6744784,-196,4163,373
6744785,-246,4181,405
6744786,-282,4195,414
6744787,-303,4198,409
6744788,-323,4199,406
6744789,-343,4199,402
6744790,-347,4197,394
6744791,-327,4186,385
6744792,-292,4177,363
6744793,-255,4171,340
6744794,-173,4166,303
6744795,-101,4137,287
6744796,-36,4084,262
6744797,-73,4099,232
6744798,-195,4207,208
6744799,-254,4297,191
6744800,-191,4305,166
6744801,-91,4258,141
6744802,-22,4207,138
6744803,16,4174,159
6744804,26,4160,194
6744805,12,4156,251
6744806,-17,4145,310
6744807,-43,4121,345
6744808,-57,4095,370
6744809,-69,4071,383
6744810,-75,4052,384
6744811,-81,4046,383
6744812,-94,4049,373
6744813,-109,4054,352
6744814,-120,4055,334
6744815,-124,4058,325
6744816,-121,4061,316
6744817,-115,4061,294
6744818,-120,4074,281
6744819,-185,4098,300
6744820,-328,4111,335
6744821,-476,4115,356
6744822,-540,4117,333
6744823,-509,4112,272
6744824,-445,4108,212
6744825,-340,4090,125
6744826,-270,4071,86
6744827,-177,4061,49
6744829,-75,4056,28
6744830,7,4049,36
6744831,62,4036,58
6744832,101,4023,73
6744833,131,4010,92
6744834,152,4003,106
6744835,160,3997,107
6744836,160,3990,107
6744837,151,3977,108
6744838,136,3969,111
6744839,107,3970,124
6744840,63,3965,147
6744841,16,3959,168
6744842,-24,3955,183
6744843,-60,3954,193
6744844,-88,3965,203
6744845,-113,3980,219
6744846,-145,3994,237
6744847,-168,4012,247
6744848,-182,4036,246
6744849,-201,4062,240
6744850,-210,4083,231
6744851,-210,4089,212
6744852,-218,4088,196
6744853,-227,4100,192
6744854,-236,4116,192
6744855,-246,4126,194
6744856,-257,4139,192
6744857,-264,4150,196
6744858,-260,4146,210
6744859,-251,4134,214
6744860,-237,4134,223
6744861,-220,4130,223
6744862,-204,4132,233
6744863,-187,4143,249
6744864,-158,4156,256
6744865,-132,4158,259
6744866,-106,4154,260
6744867,-90,4164,269
6744868,-86,4182,286
6744869,-76,4198,295
6744870,-63,4212,299
6744871,-53,4222,306
6744872,-51,4226,310
6744873,-48,4227,300
6744874,-42,4227,293
6744875,-46,4234,302
6744876,-63,4241,305
6744877,-82,4244,306
6744878,-100,4244,315
6744879,-117,4241,323
6744880,-135,4246,328
6744881,-147,4249,334
6744882,-153,4250,338
6744883,-155,4251,337
6744884,-161,4248,340
6744885,-171,4242,347
6744886,-178,4235,354
6744887,-180,4232,353
6744888,-179,4227,355
6744889,-172,4218,361
6744890,-153,4205,365
6744891,-139,4200,364
6744892,-137,4216,350
6744893,-131,4218,344
6744894,-112,4214,349
6744895,-98,4212,362
6744896,-100,4210,362
6744897,-96,4208,348
6744898,-87,4202,335
6744899,-84,4196,327
6744900,-80,4191,330
6744901,-75,4184,339
6744902,-78,4182,340
6744903,-92,4183,336
6744904,-103,4183,331
6744905,-111,4182,326
6744906,-115,4187,329
6744907,-116,4198,328
6744908,-123,4200,318
6744909,-130,4200,307
6744910,-139,4204,299
6744911,-155,4212,299
6744912,-173,4218,293
6744913,-181,4213,290
6744914,-177,4211,284
6744915,-169,4215,276
6744916,-137,4201,249
6744917,-123,4188,227
6744918,-108,4185,226
6744919,-91,4189,226
6744920,-71,4188,225
6744921,-61,4178,227
6744922,-53,4174,227
6744923,-39,4169,230
6744924,-37,4159,229
6744925,-44,4148,230
6744926,-54,4138,242
6744927,-68,4133,253
6744928,-84,4128,267
6744929,-97,4118,287
6744930,-108,4111,301
6744931,-118,4106,304
6744932,-129,4103,301
6744933,-138,4096,299
6744934,-145,4088,284
6744935,-150,4096,271
6744936,-152,4102,272
6744937,-152,4097,257
6744938,-147,4097,231
6744939,-137,4094,214
6744940,-133,4084,205
6744941,-138,4078,211
6744942,-144,4075,225
6744943,-145,4072,229
6744944,-142,4069,232
6744945,-140,4070,244
6744946,-145,4072,257
6744947,-151,4075,258
6744948,-149,4081,256
6744949,-146,4104,251
6744950,-137,4105,244
6744951,-132,4101,249
6744952,-136,4097,250
6744953,-134,4097,251
6744954,-128,4097,263
6744955,-132,4091,275
6744956,-134,4086,274
6744957,-132,4084,265
6744958,-130,4083,258
6744959,-131,4088,269
6744960,-134,4095,281
6744961,-136,4099,283
6744962,-137,4097,287
6744963,-146,4102,291
6744964,-148,4113,290
6744965,-141,4116,292
6744966,-146,4119,295
6744967,-147,4126,277
6744968,-143,4133,253
6744969,-146,4142,244
6744970,-149,4149,251
6744971,-147,4154,258
6744972,-143,4157,266
6744973,-145,4156,278
6744974,-147,4155,285
6744975,-140,4156,293
6744976,-131,4155,290
6744977,-129,4150,286
6744978,-128,4149,290
6744979,-125,4158,302
6744980,-120,4162,308
6744981,-120,4160,309
6744982,-123,4155,306
6744983,-118,4146,302
6744984,-114,4144,304
6744985,-117,4148,294
6744986,-120,4158,290
6744987,-123,4157,288
6744988,-120,4159,292
6744989,-108,4159,284
6744990,-104,4153,273
6744991,-108,4154,276
6744992,-108,4156,273
6744993,-103,4153,263
6744994,-107,4151,260
6744995,-110,4151,263
6744996,-110,4152,264
6744997,-106,4154,255
6744998,-105,4154,243
6744999,-106,4155,240
6745000,-110,4155,245
6745001,-111,4152,248
6745002,-102,4148,255
6745003,-97,4141,255
6745004,-99,4138,249
6745005,-107,4142,243
6745006,-115,4147,251
6745007,-119,4151,264
6745008,-119,4151,261
6745009,-118,4156,252
6745010,-119,4162,250
6745011,-119,4163,248
6745012,-119,4165,243
6745013,-115,4163,249
6745014,-110,4161,256
6745015,-112,4162,249
6745016,-118,4157,244
6745017,-128,4150,249
6745018,-139,4150,261
6745019,-142,4148,275
6745020,-137,4142,270
6745021,-135,4135,264
6745022,-132,4132,262
6745023,-125,4130,267
6745024,-122,4123,270
6745025,-122,4113,268
6745026,-127,4115,261
6745027,-141,4121,261
6745028,-157,4120,260
6745029,-169,4116,249
6745030,-171,4108,242
6745031,-166,4102,245
6745032,-163,4100,245
6745033,-167,4099,237
6745034,-185,4105,228
6745035,-214,4120,218
6745036,-242,4143,200
6745037,-250,4156,181
6745038,-232,4152,178
6745041,-145,4117,198
6745042,-117,4114,221
6745043,-100,4113,255
6745044,-97,4107,286
6745045,-99,4107,306
6745046,-106,4115,316
6745047,-119,4123,328
6745048,-128,4126,334
6745049,-126,4130,332
6745050,-119,4131,333
6745051,-117,4134,330
6745052,-116,4143,323
6745053,-107,4151,320
6745054,-96,4156,313
6745056,-93,4161,300
6745057,-80,4158,303
6745058,-75,4158,305
6745059,-71,4155,313
6745060,-66,4150,319
6745061,-70,4143,314
6745062,-79,4134,312
6745063,-81,4124,321
6745064,-78,4115,327
6745065,-84,4118,332
6745066,-103,4122,329
6745067,-111,4113,310
6745068,-105,4109,297
6745069,-108,4128,306
6745070,-129,4171,303
6745071,-138,4205,273
6745072,-123,4202,249
6745073,-94,4174,238
6745074,-65,4149,258
6745075,-59,4123,304
6745076,-72,4099,334
6745077,-88,4094,339
6745078,-98,4099,332
6745079,-111,4104,331
6745080,-124,4106,329
6745081,-134,4110,317
6745082,-143,4118,309
6745083,-157,4124,299
6745084,-176,4122,282
6745085,-192,4113,264
6745086,-201,4109,242
6745087,-184,4130,205
6745088,-159,4144,209
6745089,-129,4156,224
6745090,-104,4159,233
6745091,-75,4154,239
6745092,-50,4156,245
6745093,-32,4158,247
6745094,-24,4149,247
6745095,-26,4144,245
6745096,-30,4139,255
6745097,-36,4134,270
6745098,-46,4135,289
6745099,-62,4132,303
6745100,-73,4129,295
6745101,-85,4131,288
6745102,-106,4132,293
6745103,-127,4128,283
6745104,-143,4132,269
6745105,-148,4143,259
6745106,-145,4151,246
6745107,-142,4155,246
6745108,-146,4160,251
6745109,-145,4166,247
6745110,-136,4169,242
6745111,-137,4170,235
6745112,-143,4169,238
6745113,-151,4167,255
6745114,-153,4166,269
6745115,-149,4170,270
6745116,-150,4175,260
6745117,-151,4174,266
6745118,-150,4165,267
6745119,-156,4163,268
6745120,-163,4166,275
6745121,-170,4163,278
6745122,-177,4159,262
6745123,-177,4156,253
6745124,-179,4152,256
6745125,-184,4153,262
6745126,-188,4157,262
6745127,-192,4153,253
6745128,-198,4149,243
6745129,-202,4153,225
6745130,-207,4159,209
6745131,-215,4162,202
6745132,-222,4168,197
6745133,-228,4174,192
6745134,-232,4169,191
6745135,-234,4165,197
6745136,-232,4174,197
6745137,-226,4181,187
6745138,-222,4181,181
6745139,-221,4181,189
6745140,-216,4186,203
6745141,-212,4192,211
6745142,-212,4191,215
6745143,-210,4186,228
6745144,-206,4179,250
6745145,-203,4172,271
6745146,-196,4164,282
6745147,-194,4156,284
6745148,-191,4153,282
6745149,-183,4151,286
6745150,-175,4143,292
6745151,-170,4140,295
6745152,-167,4139,300
6745153,-160,4130,307
6745154,-154,4115,317
6745155,-156,4101,319
6745156,-162,4096,310
6745157,-160,4098,312
6745158,-154,4099,330
6745159,-150,4098,330
6745160,-148,4098,321
6745161,-149,4099,313
6745162,-152,4106,299
6745163,-152,4116,294
6745164,-148,4123,289
6745165,-147,4128,282
6745166,-146,4135,275
6745167,-143,4137,266
6745168,-137,4138,262
6745169,-133,4142,270
6745170,-134,4138,274
6745171,-136,4128,270
6745172,-135,4127,276
6745173,-132,4128,288
6745174,-131,4132,293
6745175,-137,4140,288
6745176,-139,4142,284
6745177,-136,4134,280
6745178,-134,4129,274
6745179,-127,4132,278
6745180,-112,4127,286
6745181,-105,4127,278
6745182,-102,4135,276
6745183,-102,4138,280
6745184,-106,4138,287
6745185,-115,4136,297
6745186,-122,4132,307
6745187,-122,4137,303
6745188,-125,4143,290
6745189,-131,4146,291
6745190,-136,4149,288
6745191,-144,4149,277
6745192,-152,4153,261
6745193,-153,4157,245
6745194,-147,4158,246
6745195,-140,4161,249
6745196,-134,4166,255
6745197,-134,4155,266
6745198,-135,4142,262
6745199,-125,4146,252
6745200,-121,4155,249
6745201,-126,4157,249
6745202,-127,4155,249
6745203,-130,4150,262
6745204,-135,4144,267
6745205,-141,4145,261
6745206,-143,4150,263
6745207,-138,4148,276
6745208,-131,4145,296
6745209,-122,4151,309
6745210,-115,4160,309
6745211,-116,4166,296
6745212,-123,4170,283
6745213,-127,4171,274
6745214,-120,4174,270
6745215,-104,4175,275
6745216,-89,4173,277
6745217,-93,4168,261
6745218,-96,4174,264
6745219,-99,4169,275
6745220,-105,4162,279
6745221,-108,4161,276
6745222,-104,4167,280
6745223,-97,4173,295
6745224,-94,4177,303
6745226,-98,4172,297
6745227,-106,4156,288
6745228,-113,4148,283
6745229,-125,4146,291
6745230,-135,4144,299
6745231,-126,4139,294
6745232,-117,4130,285
6745233,-117,4124,280
6745234,-123,4121,280
6745235,-135,4123,280
6745236,-142,4125,274
6745237,-141,4124,276
6745238,-141,4122,280
6745239,-145,4121,278
6745240,-148,4115,281
6745241,-143,4109,282
6745242,-141,4110,280
6745243,-140,4110,271
6745244,-137,4113,256
6745245,-139,4113,254
6745246,-139,4114,263
6745247,-134,4119,266
6745248,-129,4121,264
6745249,-129,4127,262
6745250,-139,4147,261
6745251,-132,4156,262
6745252,-116,4157,273
6745253,-103,4164,279
6745254,-92,4181,289
6745255,-83,4194,301
6745256,-71,4199,299
6745257,-63,4207,303
6745258,-62,4210,310
6745259,-64,4204,317
6745260,-58,4204,336
6745261,-55,4211,356
6745262,-56,4209,375
6745263,-52,4197,383
6745264,-55,4194,385
6745265,-61,4192,389
6745266,-53,4179,391
6745267,-40,4172,401
6745268,-48,4181,416
6745269,-104,4190,453
6745270,-197,4190,512
6745271,-281,4181,533
6745272,-318,4174,500
6745273,-307,4171,463
6745274,-276,4178,438
6745275,-254,4192,410
6745276,-236,4197,378
6745277,-206,4195,333
6745278,-169,4192,283
6745279,-90,4205,200
6745280,-42,4205,179
6745281,5,4199,174
6745282,43,4188,173
6745283,77,4164,172
6745284,106,4143,162
6745285,124,4129,151
6745286,132,4109,151
6745287,136,4086,157
6745288,129,4071,173
6745289,112,4068,202
6745290,89,4069,231
6745291,57,4069,256
6745292,19,4072,283
6745293,-16,4074,300
6745294,-46,4075,298
6745295,-68,4080,286
6745296,-91,4086,278
6745297,-113,4086,277
6745298,-129,4085,273
6745299,-142,4082,269
6745300,-159,4084,271
6745301,-166,4087,270
6745302,-166,4087,261
6745303,-170,4086,248
6745304,-173,4090,250
6745305,-175,4100,257
6745306,-179,4111,254
6745307,-189,4112,248
6745308,-194,4112,249
6745309,-192,4112,256
6745310,-197,4107,270
6745311,-209,4116,283
6745312,-207,4132,294
6745313,-204,4132,285
6745314,-200,4133,271
6745315,-186,4135,267
6745316,-165,4135,264
6745317,-145,4140,259
6745318,-125,4143,258
6745319,-102,4146,259
6745320,-78,4150,262
6745321,-60,4148,256
6745322,-45,4144,238
6745323,-28,4136,236
6745324,-13,4129,263
6745325,-9,4125,291
6745326,-8,4117,311
6745327,4,4107,322
6745328,14,4107,319
6745329,9,4109,309
6745330,0,4114,307
6745331,-10,4116,310
6745332,-24,4117,305
6745333,-30,4117,297
6745334,-35,4109,301
6745335,-45,4105,314
6745336,-53,4105,316
6745337,-57,4107,300
6745338,-52,4116,275
6745339,-49,4121,239
6745340,-76,4111,232
6745341,-83,4104,239
6745342,-81,4106,239
6745343,-79,4106,230
6745344,-80,4108,229
6745345,-88,4111,235
6745346,-101,4108,234
6745347,-117,4104,229
6745348,-126,4113,227
6745349,-128,4128,229
6745350,-133,4136,242
6745351,-135,4146,261
6745352,-134,4155,265
6745353,-134,4158,266
6745354,-129,4159,275
6745355,-124,4157,269
6745356,-120,4150,258
6745357,-108,4145,255
6745358,-94,4148,254
6745359,-84,4154,255
6745360,-81,4161,261
6745361,-73,4167,264
6745363,-61,4173,261
6745364,-47,4176,258
6745365,-49,4182,253
6745366,-52,4184,254
6745367,-56,4181,265
6745368,-56,4182,263
6745369,-49,4180,253
6745370,-41,4182,248
6745371,-37,4190,251
6745372,-37,4197,255
6745373,-37,4194,250
6745374,-38,4183,253
6745375,-41,4175,260
6745376,-43,4173,254
6745377,-45,4175,248
6745378,-50,4178,256
6745379,-51,4181,270
6745380,-44,4182,274
6745381,-39,4178,271
6745382,-47,4177,279
6745383,-57,4180,287
6745384,-67,4180,281
6745385,-79,4180,277
6745386,-84,4182,276
6745387,-81,4180,277
6745388,-87,4179,283
6745389,-110,4185,285
6745390,-122,4186,278
6745391,-131,4183,290
6745392,-134,4178,304
6745393,-132,4177,308
6745394,-131,4177,306
6745395,-131,4186,305
6745396,-128,4199,307
6745397,-122,4199,299
6745398,-117,4194,279
6745399,-114,4196,270
6745400,-113,4199,275
6745401,-117,4197,274
6745402,-121,4193,262
6745403,-116,4188,260
6745404,-109,4185,278
6745405,-103,4184,290
6745406,-99,4185,290
6745407,-100,4186,287
6745408,-95,4185,287
6745409,-78,4187,290
6745410,-61,4185,298
6745411,-55,4172,301
6745412,-57,4159,294
6745413,-57,4150,292
6745414,-54,4136,294
6745415,-50,4127,293
6745416,-49,4124,295
6745417,-52,4123,304
6745418,-57,4127,308
6745419,-62,4128,302
6745420,-69,4130,293
6745421,-78,4131,293
6745422,-87,4138,283
6745423,-95,4149,280
6745424,-104,4151,281
6745425,-112,4143,268
6745426,-117,4137,256
6745427,-119,4135,245
6745428,-117,4134,237
6745429,-115,4145,245
6745430,-118,4156,253
6745431,-126,4158,251
6745432,-125,4159,255
6745433,-121,4161,257
6745434,-119,4163,254
6745435,-119,4165,258
6745436,-120,4161,263
6745437,-112,4155,265
6745438,-103,4152,268
6745439,-103,4150,273
6745440,-104,4146,276
6745441,-106,4142,292
6745442,-113,4141,304
6745443,-119,4137,301
6745444,-120,4135,308
6745445,-109,4138,314
6745446,-88,4141,311
6745447,-72,4141,306
6745448,-72,4142,301
6745449,-74,4134,289
6745450,-69,4116,279
6745451,-63,4110,281
6745452,-37,4109,300
6745453,-29,4104,297
6745454,-26,4104,286
6745455,-23,4105,275
6745456,-33,4105,266
6745457,-46,4100,256
6745458,-48,4092,253
6745459,-49,4087,258
6745460,-58,4085,254
6745462,-66,4085,246
6745463,-70,4090,242
6745464,-76,4097,239
6745465,-75,4098,241
6745466,-75,4097,242
6745467,-82,4100,235
6745468,-94,4105,233
6745469,-104,4110,240
6745470,-108,4114,242
6745471,-106,4115,240
6745472,-94,4113,238
6745473,-84,4111,241
6745474,-87,4110,252
6745475,-105,4118,275
6745476,-101,4115,278
6745477,-88,4105,274
6745478,-79,4104,269
6745479,-79,4110,268
6745480,-83,4114,275
6745481,-75,4116,286
6745482,-66,4115,284
6745483,-67,4114,272
6745484,-69,4118,259
6745485,-67,4118,247
6745486,-64,4119,240
6745487,-64,4124,239
6745488,-69,4130,242
6745489,-75,4137,251
6745490,-81,4141,267
6745491,-89,4141,285
6745492,-94,4140,286
6745493,-99,4151,277
6745494,-113,4162,271
6745495,-125,4163,272
6745496,-135,4165,267
6745497,-138,4170,252
6745498,-127,4173,254
6745499,-114,4173,256
6745500,-113,4170,253
6745501,-106,4172,262
6745502,-104,4174,263
6745503,-109,4178,260
6745504,-106,4180,256
6745505,-110,4183,260
6745506,-113,4188,276
6745507,-109,4194,293
6745508,-109,4194,301
6745509,-110,4195,297
6745510,-106,4202,291
6745511,-99,4203,287
6745512,-86,4200,292
6745513,-78,4203,307
6745514,-80,4202,311
6745515,-78,4192,308
6745516,-71,4178,316
6745517,-67,4166,321
6745518,-74,4160,330
6745519,-90,4152,332
6745520,-105,4150,321
6745521,-119,4160,317
6745522,-131,4166,323
6745523,-141,4169,330
6745524,-156,4176,326
6745525,-181,4184,306
6745526,-203,4190,285
6745527,-214,4190,271
6745528,-216,4187,261
6745529,-214,4182,255
6745530,-209,4182,248
6745531,-206,4182,254
6745532,-202,4177,254
6745533,-183,4166,245
6745534,-165,4159,239
6745535,-150,4160,229
6745536,-141,4159,239
6745537,-136,4152,247
6745538,-136,4147,245
6745539,-127,4146,249
6745540,-110,4149,251
6745541,-100,4150,248
6745542,-100,4148,240
6745543,-101,4145,248
6745544,-93,4143,266
6745545,-78,4149,272
6745546,-74,4158,274
6745547,-77,4160,285
6745548,-74,4159,286
6745549,-72,4161,281
6745550,-70,4169,287
6745551,-67,4177,295
6745552,-75,4178,296
6745553,-86,4175,295
6745554,-85,4172,297
6745555,-84,4171,304
6745556,-82,4177,303
6745557,-78,4190,289
6745558,-87,4194,268
6745559,-102,4183,259
6745560,-101,4182,261
6745561,-102,4184,257
6745563,-108,4182,255
6745564,-113,4176,246
6745565,-109,4169,240
6745566,-101,4163,244
6745567,-97,4153,241
6745568,-99,4148,236
6745569,-101,4156,233
6745570,-96,4157,228
6745571,-94,4150,224
6745572,-95,4139,223
6745573,-91,4128,219
6745574,-88,4123,215
6745575,-91,4125,230
6745576,-97,4125,242
6745577,-94,4121,244
6745578,-82,4120,242
6745579,-63,4116,238
6745580,-53,4112,239
6745581,-52,4114,243
6745582,-53,4113,249
6745583,-64,4106,260
6745584,-77,4106,266
6745585,-74,4113,259
6745586,-78,4111,257
6745587,-91,4097,267
6745588,-103,4090,279
6745589,-107,4090,279
6745590,-110,4089,269
6745591,-112,4089,262
6745592,-113,4091,264
6745593,-113,4085,263
6745594,-108,4082,251
6745595,-101,4087,241
6745596,-100,4093,242
6745597,-99,4092,256
6745598,-101,4092,267
6745599,-105,4100,258
6745600,-99,4102,247
6745601,-97,4103,246
6745602,-108,4111,251
6745603,-113,4113,259
6745604,-114,4113,258
6745605,-120,4121,260
6745606,-123,4121,264
6745607,-116,4122,263
6745608,-119,4134,262
6745609,-128,4140,265
6745610,-131,4141,274
6745611,-135,4142,278
6745612,-138,4145,269
6745613,-138,4148,263
6745614,-134,4147,264
6745615,-130,4139,254
6745616,-133,4130,265
6745617,-133,4127,269
6745618,-136,4126,274
6745619,-136,4127,288
6745620,-133,4133,295
6745621,-131,4133,292
6745622,-123,4129,282
6745623,-114,4132,279
6745624,-116,4138,294
6745625,-126,4140,305
6745626,-129,4135,304
6745627,-122,4130,299
6745628,-113,4131,293
6745629,-113,4136,282
6745630,-113,4136,278
6745631,-105,4134,282
6745632,-101,4139,282
6745633,-100,4145,279
6745634,-94,4147,282
6745635,-98,4146,278
6745636,-112,4145,263
6745637,-123,4145,257
6745638,-126,4143,253
6745639,-122,4144,257
6745640,-117,4142,265
6745641,-114,4134,260
6745642,-106,4127,249
6745643,-99,4125,237
6745644,-97,4128,228
6745645,-91,4133,238
6745646,-88,4129,255
6745647,-96,4125,272
6745648,-96,4122,279
6745649,-90,4124,288
6745650,-91,4129,294
6745651,-92,4131,292
6745652,-91,4130,292
6745653,-90,4132,290
6745654,-93,4138,286
6745655,-91,4149,273
6745656,-89,4151,257
6745657,-100,4148,245
6745658,-110,4157,242
6745659,-113,4158,241
6745660,-107,4157,241
6745661,-98,4162,247
6745662,-97,4165,254
6745663,-99,4162,265
6745664,-106,4155,272
6745665,-114,4151,273
6745666,-111,4151,284
6745667,-105,4158,291
6745668,-103,4163,284
6745669,-101,4160,284
6745670,-99,4152,294
6745671,-102,4152,311
6745672,-103,4159,313
6745673,-94,4156,309
6745674,-85,4148,313
6745675,-86,4155,307
6745676,-89,4155,322
6745677,-94,4155,332
6745678,-105,4161,322
6745680,-113,4170,310
6745681,-116,4174,301
6745682,-115,4178,293
6745683,-112,4184,286
6745684,-111,4181,278
6745685,-108,4177,274
6745686,-104,4180,265
6745687,-98,4181,255
6745688,-92,4174,254
6745689,-85,4168,262
6745690,-81,4167,266
6745691,-81,4161,263
6745692,-81,4167,259
6745693,-86,4175,263
6745694,-96,4167,264
6745695,-110,4154,264
6745696,-119,4142,265
6745697,-127,4134,270
6745698,-141,4125,283
6745699,-147,4133,277
6745700,-156,4143,265
6745701,-158,4145,240
6745702,-161,4146,221
6745703,-170,4148,222
6745704,-178,4153,233
6745705,-173,4163,230
6745706,-164,4169,224
6745707,-161,4175,221
6745708,-147,4183,223
6745709,-129,4187,218
6745710,-137,4180,206
6745711,-149,4173,204
6745712,-147,4167,204
6745713,-140,4161,208
6745714,-135,4163,218
6745715,-141,4168,229
6745716,-142,4166,235
6745717,-132,4154,243
6745718,-123,4145,255
6745719,-114,4145,259
6745720,-106,4144,258
6745721,-100,4143,255
6745722,-97,4139,242
6745723,-97,4134,234
6745724,-107,4133,232
6745725,-117,4136,220
6745726,-116,4142,206
6745727,-104,4149,204
6745728,-94,4149,203
6745729,-92,4141,203
6745730,-95,4136,217
6745731,-105,4128,239
6745732,-116,4124,251
6745733,-121,4123,253
6745734,-120,4128,257
6745735,-122,4128,261
6745736,-126,4125,255
6745737,-123,4120,249
6745738,-116,4111,258
6745739,-112,4106,278
6745740,-110,4110,284
6745741,-113,4110,271
6745742,-121,4105,253
6745743,-123,4109,247
6745744,-129,4119,249
6745745,-136,4130,255
6745746,-134,4139,263
6745747,-127,4143,261
6745748,-126,4141,247
6745749,-126,4140,242
6745750,-123,4144,247
6745751,-121,4157,247
6745752,-120,4170,252
6745753,-120,4171,255
6745754,-116,4169,258
6745755,-114,4167,264
6745756,-126,4170,278
6745757,-132,4170,303
6745758,-125,4163,318
6745759,-118,4165,322
6745760,-121,4176,335
6745761,-127,4183,345
6745762,-130,4184,331
6745763,-133,4179,325
6745764,-130,4176,336
6745765,-114,4174,335
6745766,-108,4162,334
6745767,-132,4143,359
6745768,-131,4134,364
6745769,-121,4129,358
6745770,-113,4131,342
6745771,-109,4132,325
6745772,-107,4128,310
6745773,-107,4120,292
6745774,-115,4119,281
6745775,-123,4126,271
6745776,-123,4129,251
6745777,-117,4124,231
6745778,-104,4118,213
6745779,-90,4123,208
6745780,-82,4135,203
6745781,-81,4139,192
6745782,-85,4134,193
6745783,-86,4121,203
6745784,-84,4108,218
6745785,-78,4097,231
6745786,-76,4087,232
6745787,-83,4088,227
6745788,-87,4100,225
6745789,-88,4105,228
6745790,-90,4097,229
6745791,-92,4086,226
6745792,-93,4081,228
6745793,-97,4080,245
6745794,-118,4083,263
6745795,-148,4087,273
6745796,-215,4108,270
6745797,-241,4120,268
6745798,-255,4129,264
6745799,-259,4142,254
6745800,-260,4152,239
6745801,-252,4160,212
6745802,-235,4175,188
6745803,-211,4190,170
6745804,-187,4197,157
6745805,-163,4197,154
6745806,-137,4192,170
6745807,-119,4187,194
6745808,-101,4182,205
6745809,-77,4173,209
6745810,-53,4158,226
6745811,-30,4137,256
6745812,-11,4116,281
6745813,2,4101,293
6745814,7,4099,303
6745815,-1,4098,318
6745816,-17,4097,325
6745817,-31,4098,321
6745818,-46,4094,320
6745819,-68,4094,322
6745820,-87,4100,313
6745821,-99,4104,303
6745822,-106,4111,296
6745823,-110,4119,283
6745824,-113,4120,265
6745825,-122,4123,250
6745826,-137,4138,248
6745827,-151,4157,238
6745828,-142,4160,225
6745829,-145,4168,223
6745830,-159,4174,228
6745831,-164,4179,247
6745832,-162,4183,270
6745833,-155,4178,281
6745834,-153,4180,292
6745835,-153,4191,288
6745836,-149,4193,279
6745837,-139,4187,286
6745838,-127,4185,297
6745839,-113,4186,314
6745840,-101,4183,337
6745841,-96,4176,343
6745842,-94,4172,333
6745843,-92,4170,333
6745844,-90,4167,338
6745845,-85,4166,345
6745846,-74,4168,343
6745847,-66,4174,327
6745848,-58,4175,321
6745849,-47,4174,334
6745850,-45,4176,334
6745851,-46,4177,309
6745852,-47,4174,292
6745853,-52,4175,288
6745854,-57,4184,289
6745856,-57,4185,298
6745857,-58,4176,304
6745858,-65,4167,300
6745859,-96,4157,283
6745860,-117,4154,286
6745861,-136,4154,293
6745862,-148,4150,292
6745863,-149,4145,291
6745864,-147,4144,289
6745865,-153,4149,278
6745866,-162,4153,272
6745867,-159,4152,274
6745868,-162,4148,268
6745869,-175,4144,257
6745870,-179,4146,253
6745871,-175,4153,249
6745872,-166,4153,252
6745873,-161,4152,264
6745874,-156,4155,268
6745875,-149,4156,259
6745876,-146,4156,254
6745877,-137,4163,257
6745878,-126,4170,264
6745879,-121,4164,270
6745880,-118,4155,274
6745881,-107,4160,266
6745882,-103,4164,239
6745883,-103,4164,237
6745884,-102,4162,259
6745885,-106,4166,266
6745886,-110,4171,269
6745887,-111,4168,276
6745888,-101,4148,275
6745889,-87,4144,273
6745890,-85,4142,256
6745891,-89,4141,247
6745892,-92,4136,256
6745893,-96,4133,264
6745894,-99,4138,262
6745895,-93,4141,262
6745896,-82,4139,270
6745897,-84,4134,271
6745898,-99,4127,262
6745899,-117,4127,253
6745900,-136,4128,255
6745901,-147,4127,263
6745902,-147,4131,261
6745903,-140,4137,249
6745904,-133,4143,240
6745905,-132,4140,240
6745906,-136,4137,247
6745907,-143,4141,246
6745908,-150,4148,230
6745909,-152,4152,222
6745910,-145,4150,229
6745911,-133,4149,228
6745912,-122,4145,233
6745913,-117,4137,247
6745914,-115,4133,264
6745915,-115,4130,288
6745916,-120,4125,307
6745917,-123,4118,311
6745918,-99,4105,307
6745919,-97,4096,304
6745920,-97,4093,303
6745921,-88,4094,294
6745922,-75,4091,281
6745923,-65,4094,259
6745924,-59,4095,245
6745925,-62,4091,249
6745926,-67,4093,249
6745927,-73,4102,241
6745928,-79,4106,232
6745929,-80,4098,224
6745930,-82,4092,221
6745931,-87,4086,226
6745932,-86,4084,231
6745933,-84,4089,236
6745934,-93,4092,234
6745935,-105,4092,223
6745936,-125,4102,213
6745937,-146,4116,221
6745938,-149,4117,242
6745939,-145,4117,256
6745940,-148,4128,258
6745941,-161,4134,248
6745942,-167,4132,243
6745943,-165,4133,243
6745944,-160,4136,242
6745945,-161,4137,251
6745946,-170,4143,279
6745947,-169,4138,284
6745948,-164,4131,290
6745949,-159,4130,292
6745950,-154,4130,293
6745951,-147,4130,293
6745952,-139,4142,289
6745953,-130,4158,282
6745954,-121,4163,280
6745955,-118,4164,284
6745956,-113,4163,293
6745957,-96,4167,296
6745958,-82,4172,289
6745959,-81,4174,273
6745960,-75,4177,257
6745961,-63,4182,258
6745962,-53,4189,275
6745963,-46,4192,285
6745964,-43,4187,282
6745965,-40,4180,282
6745966,-40,4178,281
6745967,-44,4181,280
6745968,-50,4183,280
6745969,-57,4182,278
6745970,-66,4177,281
6745972,-80,4171,288
6745973,-96,4162,296
6745974,-110,4164,309
6745975,-115,4165,314
6745976,-122,4152,300
6745977,-117,4153,290
6745978,-114,4159,289
6745979,-123,4163,300
6745980,-130,4158,307
6745981,-132,4151,312
6745982,-136,4153,308
6745983,-138,4161,301
6745984,-136,4163,303
6745985,-131,4161,297
6745986,-128,4165,285
6745987,-130,4165,277
6745988,-137,4166,261
6745989,-139,4171,242
6745990,-127,4172,245
6745991,-117,4165,250
6745992,-120,4162,247
6745993,-128,4169,242
6745994,-133,4177,237
6745995,-128,4179,243
6745996,-114,4173,244
6745997,-102,4169,227
6745998,-100,4171,226
6745999,-100,4169,239
6746000,-104,4164,243
6746001,-115,4158,247
6746002,-126,4155,257
6746003,-130,4152,258
6746004,-128,4152,260
6746005,-128,4146,267
6746006,-135,4146,271
6746007,-136,4156,281
6746008,-133,4160,286
6746009,-136,4165,275
6746010,-137,4171,264
6746011,-134,4167,259
6746012,-132,4158,253
6746013,-130,4154,247
6746014,-112,4170,266
6746015,-109,4167,279
6746016,-107,4160,295
6746017,-102,4154,307
6746018,-92,4145,305
6746019,-84,4137,308
6746020,-79,4135,321
6746021,-78,4133,332
6746022,-77,4131,337
6746023,-72,4123,334
6746024,-73,4116,332
6746025,-76,4117,324
6746026,-74,4121,318
6746027,-74,4118,320
6746028,-78,4111,318
6746029,-82,4115,317
6746030,-88,4115,318
6746031,-95,4114,316
6746032,-100,4113,312
6746033,-105,4111,302
6746034,-109,4116,281
6746035,-111,4125,268
6746036,-112,4132,276
6746037,-115,4128,306
6746038,-117,4119,306
6746039,-113,4120,299
6746040,-110,4126,292
6746041,-117,4136,284
6746042,-127,4146,274
6746043,-131,4152,274
6746044,-129,4149,282
6746045,-133,4149,290
6746046,-133,4156,289
6746047,-123,4160,276
6746048,-115,4158,261
6746049,-106,4153,260
6746050,-97,4154,273
6746051,-92,4160,280
6746052,-90,4161,274
6746053,-81,4157,272
6746054,-70,4148,289
6746055,-65,4141,299
6746056,-60,4141,297
6746057,-54,4137,294
6746058,-56,4138,293
6746059,-60,4149,290
6746060,-61,4150,288
6746061,-61,4144,288
6746062,-63,4149,287
6746063,-57,4158,287
6746064,-43,4155,292
6746065,-39,4150,297
6746066,-47,4148,300
6746067,-68,4137,308
6746068,-73,4131,316
6746069,-72,4135,316
6746070,-69,4141,303
6746071,-67,4135,297
6746072,-73,4128,296
6746073,-87,4133,283
6746074,-97,4140,271
6746075,-94,4140,272
6746076,-85,4139,279
6746077,-83,4135,282
6746078,-82,4137,285
6746079,-80,4147,291
6746080,-83,4149,293
6746081,-89,4141,290
6746082,-99,4139,285
6746083,-100,4139,274
6746084,-94,4135,265
6746085,-87,4135,269
6746087,-81,4138,279
6746088,-83,4134,288
6746089,-88,4125,284
6746090,-86,4127,272
6746091,-85,4132,264
6746092,-115,4132,275
6746093,-123,4136,279
6746094,-116,4137,271
6746095,-112,4139,266
6746096,-119,4137,272
6746097,-126,4137,282
6746098,-132,4139,289
6746099,-140,4132,284
6746100,-145,4128,281
6746101,-145,4129,281
6746102,-139,4124,277
6746103,-138,4112,273
6746104,-140,4107,266
6746105,-141,4107,259
6746106,-146,4108,249
6746107,-151,4112,245
6746108,-143,4124,248
6746109,-131,4132,252
6746110,-126,4125,243
6746111,-130,4119,223
6746112,-140,4113,213
6746113,-150,4109,218
6746114,-168,4110,227
6746115,-184,4117,229
6746116,-179,4124,223
6746117,-171,4119,215
6746118,-172,4114,209
6746119,-175,4122,204
6746120,-174,4135,204
6746121,-170,4142,211
6746122,-158,4148,228
6746123,-146,4155,244
6746124,-141,4160,249
6746125,-140,4164,243
6746126,-142,4164,239
6746127,-147,4163,250
6746128,-147,4174,263
6746129,-144,4182,265
6746130,-141,4189,268
6746131,-136,4191,273
6746132,-134,4196,285
6746133,-135,4199,292
6746134,-134,4201,288
6746135,-126,4201,288
6746136,-109,4198,294
6746137,-97,4196,296
6746138,-100,4196,299
6746139,-101,4197,304
6746140,-95,4200,306
6746141,-90,4195,309
6746142,-82,4188,313
6746143,-72,4191,321
6746144,-66,4191,325
6746145,-60,4188,322
6746146,-57,4185,326
6746147,-61,4177,333
6746148,-65,4167,332
6746149,-66,4159,329
6746150,-67,4157,330
6746151,-74,4160,324
6746152,-69,4155,308
6746153,-64,4125,277
6746154,-71,4123,269
6746155,-82,4122,262
6746156,-90,4119,254
6746157,-94,4120,250
6746158,-102,4126,248
6746159,-105,4122,252
6746160,-112,4114,253
6746161,-128,4116,246
6746162,-127,4121,229
6746163,-123,4121,216
6746164,-135,4116,216
6746165,-141,4109,214
6746166,-135,4106,213
6746167,-134,4102,222
6746168,-138,4103,228
6746169,-145,4108,223
6746170,-154,4102,211
6746171,-162,4095,207
6746172,-158,4096,210
6746173,-142,4100,209
6746174,-135,4097,209
6746175,-132,4093,215
6746176,-133,4094,223
6746177,-133,4097,230
6746178,-128,4104,237
6746179,-124,4114,241
6746180,-128,4122,241
6746181,-131,4126,242
6746182,-123,4127,244
6746183,-109,4130,249
6746184,-91,4138,240
6746185,-88,4130,245
6746186,-95,4121,252
6746187,-103,4115,250
6746188,-99,4116,242
6746189,-96,4114,245
6746190,-91,4109,259
6746191,-93,4109,272
6746192,-95,4112,283
6746193,-96,4117,290
6746194,-98,4122,287
6746195,-102,4122,267
6746196,-110,4116,251
6746197,-115,4116,251
6746198,-123,4128,255
6746199,-129,4138,252
6746200,-129,4136,250
6746201,-122,4136,253
6746202,-114,4136,259
6746203,-114,4138,260
6746204,-114,4145,255
6746205,-111,4147,258
6746206,-117,4141,268
6746207,-126,4136,280
6746208,-118,4135,291
6746209,-109,4140,295
6746210,-115,4155,300
6746211,-119,4168,312
6746212,-115,4163,326
6746213,-105,4150,337
6746214,-96,4151,345
6746215,-87,4165,347
6746216,-55,4174,371
6746217,-50,4176,362
6746218,-56,4185,349
6746219,-66,4191,347
6746220,-70,4193,350
6746221,-70,4200,344
6746222,-75,4201,344
6746223,-76,4194,352
6746224,-72,4191,353
6746226,-68,4186,341
6746227,-70,4186,324
6746228,-72,4189,317
6746229,-71,4189,304
6746230,-78,4188,291
6746231,-83,4185,283
6746232,-88,4191,279
6746233,-98,4201,281
6746234,-103,4205,285
6746235,-98,4205,282
6746236,-100,4204,280
6746237,-108,4197,287
6746238,-107,4183,286
6746239,-103,4179,285
6746240,-110,4185,293
6746241,-121,4184,296
6746242,-118,4179,281
6746243,-111,4179,260
6746244,-111,4179,258
6746245,-116,4174,271
6746246,-124,4167,266
6746247,-123,4160,266
6746248,-119,4156,268
6746249,-117,4151,250
6746250,-111,4146,225
6746251,-110,4143,207
6746252,-112,4147,201
6746253,-110,4147,214
6746254,-108,4145,234
6746255,-111,4144,244
