821861,214,4252,333
821862,228,4240,339
821863,251,4222,333
821864,271,4209,314
821865,280,4206,303
821866,277,4207,283
821867,263,4205,252
821868,245,4200,226
821869,225,4199,203
821870,172,4216,144
821871,127,4241,110
821872,83,4262,87
821873,51,4271,77
821874,21,4275,73
821875,-10,4276,68
821876,-36,4277,72
821877,-57,4280,87
821878,-74,4276,91
821879,-81,4267,84
821880,-81,4258,82
821881,-90,4248,95
821882,-100,4243,123
821883,-99,4244,150
821884,-91,4246,171
821885,-83,4241,183
821886,-77,4224,190
821887,-70,4208,205
821888,-52,4195,232
821889,-28,4176,262
821890,-3,4150,281
821891,31,4130,295
821892,68,4120,310
821893,100,4110,325
821894,125,4111,336
821895,151,4109,344
821896,182,4106,355
821897,207,4113,357
821898,226,4117,335
821899,244,4114,307
821900,248,4110,291
821901,245,4116,272
821902,244,4127,248
821903,237,4138,243
821904,223,4148,241
821905,208,4155,232
821906,192,4170,220
821907,174,4190,203
821908,158,4205,189
821909,126,4217,201
821910,96,4222,221
821911,64,4222,242
821912,25,4214,264
821913,-9,4206,292
821914,-32,4203,316
821915,-50,4202,339
821916,-65,4192,354
821917,-69,4191,364
821918,-58,4198,376
821919,-46,4196,389
821920,-35,4192,402
821921,-16,4184,408
821922,16,4179,412
821923,58,4178,420
821924,100,4172,422
821925,135,4171,421
821926,169,4177,415
821927,200,4178,412
821928,228,4181,422
821929,259,4191,436
821930,284,4192,445
821931,300,4180,452
821932,313,4173,465
821933,323,4180,479
821934,339,4190,498
821935,357,4200,507
821936,368,4205,500
821937,370,4209,500
821938,369,4220,509
821939,374,4231,508
821940,384,4242,491
821941,375,4252,481
821942,348,4259,480
821943,324,4271,482
821944,304,4279,489
821945,285,4283,496
821946,253,4290,509
821947,182,4268,516
821948,153,4267,517
821949,122,4266,541
821950,102,4253,566
821951,88,4228,571
821952,74,4208,571
821953,62,4193,589
821954,58,4179,608
821955,59,4163,604
821956,68,4138,580
821957,84,4121,542
821958,100,4105,503
821959,109,4093,477
821960,117,4087,462
821961,132,4077,441
821962,153,4068,412
821963,169,4068,381
821964,178,4074,351
821965,192,4082,332
821966,210,4089,327
821967,223,4090,314
821968,228,4091,306
821969,231,4091,308
821970,224,4091,309
821971,213,4097,300
821972,205,4110,296
821973,196,4123,307
821974,187,4137,321
821975,178,4138,327
821976,174,4122,336
821977,175,4122,357
821978,177,4137,375
821979,174,4144,389
821980,161,4134,402
821981,149,4118,420
821982,143,4110,437
821983,130,4101,457
821984,116,4113,466
821985,98,4126,474
821986,82,4137,472
821987,71,4143,460
821988,65,4149,456
821989,64,4158,455
821990,66,4161,454
821991,75,4159,449
821992,89,4154,432
821993,100,4147,414
821994,112,4144,403
821995,126,4147,400
821996,135,4148,400
821997,147,4146,402
821998,156,4146,411
821999,157,4134,415
822000,160,4115,410
822001,164,4102,411
822002,169,4099,415
822003,172,4093,422
822004,165,4079,423
822005,153,4064,407
822006,139,4044,394
822007,98,3989,357
822008,-4,3985,309
822009,-167,4068,307
822010,-243,4086,333
822011,-168,4004,310
822012,-54,3912,215
822013,35,3878,115
822014,88,3903,28
822015,114,3945,-35
822016,129,3984,-68
822017,133,4006,-79
822018,147,3992,-57
822019,163,3975,-45
822020,177,3951,-15
822021,195,3942,20
822022,206,3952,59
822023,219,3956,87
822024,233,3949,93
822025,238,3944,103
822026,247,3949,125
822027,253,3963,136
822028,239,3972,143
822029,223,3975,164
822030,215,3985,188
822031,204,4003,194
822032,180,4024,188
822033,143,4043,193
822034,115,4071,205
822035,97,4099,223
822036,95,4119,244
822037,106,4131,258
822038,111,4137,263
822039,103,4136,282
822040,97,4135,309
822041,103,4141,339
822042,109,4155,373
822043,98,4177,405
822044,84,4195,439
822045,84,4208,475
822046,91,4216,495
822047,115,4223,497
822048,147,4231,502
822049,171,4233,508
822050,202,4227,504
822051,241,4221,496
822052,278,4226,487
822053,309,4232,467
822054,326,4241,452
822055,331,4255,440
822056,319,4263,424
822057,269,4288,425
822058,250,4317,423
822059,234,4332,410
822060,217,4341,391
822061,202,4348,388
822062,192,4349,397
822063,181,4355,399
822064,166,4364,392
822065,155,4373,390
822066,156,4375,394
822067,158,4374,401
822068,162,4371,411
822069,175,4362,405
822070,182,4351,391
822071,176,4345,399
822072,170,4332,430
822073,163,4306,468
822074,147,4284,502
822075,126,4265,523
822076,117,4248,529
822077,126,4237,542
822078,133,4226,552
822079,130,4213,553
822080,122,4210,550
822081,127,4213,534
822082,148,4216,519
822083,170,4218,502
822084,187,4214,486
822085,195,4198,482
822086,201,4179,477
822087,213,4163,465
822088,224,4154,449
822089,223,4148,435
822090,209,4144,424
822091,189,4145,427
822092,171,4138,432
822093,156,4124,432
822094,133,4094,422
822095,113,4081,416
822096,102,4072,417
822097,98,4058,419
822098,91,4037,421
822099,86,4017,405
822100,96,4003,376
822101,122,3997,352
822102,148,3988,333
822103,165,3976,318
822104,184,3971,305
822105,206,3974,293
822106,218,3977,276
822107,229,3973,266
822108,238,3967,268
822109,237,3965,279
822110,229,3964,298
822111,215,3959,312
822112,192,3953,320
822113,169,3944,342
822114,152,3937,367
822115,142,3929,390
822116,130,3921,423
822117,120,3913,454
822118,122,3907,477
822119,124,3911,498
822120,114,3916,534
822121,109,3921,566
822122,117,3932,577
822123,128,3937,584
822124,146,3947,579
822125,176,3974,562
822126,199,4008,531
822127,197,4042,480
822128,187,4074,440
822129,175,4107,418
822130,152,4140,404
822131,144,4173,372
822132,143,4186,341
822133,133,4199,322
822134,133,4224,333
822135,131,4262,345
822136,132,4285,336
822137,153,4292,339
822138,172,4308,376
822139,180,4327,406
822140,200,4342,416
822141,229,4335,412
822142,248,4323,396
822143,254,4319,405
822144,259,4325,437
822145,268,4347,447
822146,267,4371,451
822147,257,4389,459
822148,245,4399,449
822149,247,4408,426
822150,266,4400,390
822151,276,4370,376
822152,269,4350,409
822153,257,4348,457
822154,251,4340,484
822155,252,4305,507
822156,237,4279,542
822157,197,4284,591
822158,156,4283,621
822159,151,4267,589
822160,164,4257,527
822161,164,4250,484
822162,160,4243,456
822163,173,4237,425
822164,185,4233,396
822165,180,4226,377
822166,175,4216,370
822167,180,4216,372
822168,189,4218,383
822169,188,4218,387
822170,190,4210,367
822171,207,4194,338
822172,227,4178,325
822173,231,4161,326
822174,219,4148,336
822175,187,4145,349
822176,144,4150,354
822177,103,4143,339
822178,67,4130,319
822179,49,4114,293
822180,47,4101,272
822181,57,4096,257
822182,84,4095,238
822183,103,4093,235
822184,106,4096,246
822185,119,4104,241
822186,157,4099,211
822187,200,4093,166
822188,223,4102,128
822189,240,4116,98
822190,258,4119,89
822191,271,4131,88
822192,280,4156,75
822193,289,4163,73
822194,290,4167,68
822195,273,4170,59
822196,275,4173,34
822197,316,4184,-6
822198,361,4187,-53
822199,386,4173,-54
822200,376,4171,7
822201,345,4184,82
822202,346,4173,98
822203,373,4123,82
822204,311,4084,206
822205,256,4095,277
822206,252,4095,264
822207,291,4070,219
822208,321,4080,166
822209,338,4113,123
822210,350,4129,84
822211,328,4148,67
822212,288,4176,51
822213,262,4192,9
822214,253,4195,-26
822215,255,4204,-35
822216,243,4222,-21
822217,249,4245,-25
822218,289,4250,-27
822219,343,4253,-45
822220,397,4283,-92
822221,424,4323,-118
822222,417,4362,-80
822224,330,4396,43
822225,196,4421,173
822226,124,4416,241
822227,98,4391,285
822228,62,4401,309
822229,67,4409,259
822230,153,4407,171
822231,197,4423,127
822232,191,4412,149
822233,212,4400,209
822234,188,4400,306
822235,146,4395,384
822236,190,4378,390
822237,255,4360,391
822238,268,4360,426
822239,250,4366,446
822240,234,4345,441
822241,145,4292,557
822242,35,4290,699
822243,-51,4280,765
822244,-23,4254,705
822245,35,4239,638
822246,16,4225,591
822247,16,4199,500
822248,64,4191,436
822249,38,4198,463
822250,-17,4201,471
822251,3,4193,380
822252,38,4177,302
822253,13,4162,335
822254,-50,4167,440
822255,-79,4179,478
822256,-15,4166,406
822257,83,4138,331
822258,87,4124,373
822259,18,4137,502
822260,15,4145,578
822261,86,4130,587
822262,116,4112,608
822263,83,4111,643
822264,58,4129,681
822265,57,4150,736
822266,38,4167,807
822267,12,4170,858
822268,14,4163,882
822269,30,4169,880
822270,37,4179,830
822271,58,4176,749
822272,60,4176,709
822273,18,4180,748
822274,-10,4183,747
822275,10,4182,683
822276,45,4187,634
822277,49,4194,589
822278,1,4193,544
822279,-61,4188,591
822280,-115,4172,631
822281,-115,4162,605
822282,-79,4143,542
822283,-35,4128,509
822284,-11,4132,529
822285,-13,4125,568
822286,0,4107,582
822287,34,4098,572
822288,65,4095,549
822289,114,4088,507
822290,165,4079,489
822291,146,4081,551
822292,89,4091,640
822293,85,4089,674
822294,128,4081,671
822295,151,4080,663
822296,159,4086,648
822297,184,4095,635
822298,195,4112,630
822299,174,4131,629
822300,149,4142,661
822301,136,4156,692
822302,117,4169,712
822303,97,4185,742
822304,87,4211,745
822305,96,4217,716
822306,123,4208,678
822307,127,4208,667
822308,101,4210,698
822309,92,4219,717
822310,110,4221,704
822311,138,4220,686
822312,155,4222,674
822313,152,4218,675
822314,147,4211,667
822315,153,4202,648
822316,153,4215,610
822317,148,4222,588
822318,136,4220,591
822319,107,4223,617
822320,78,4249,626
822321,71,4278,599
822322,80,4280,550
822323,88,4290,494
822324,95,4310,434
822325,109,4316,397
822326,125,4334,383
822327,133,4362,377
822328,154,4373,372
822329,163,4375,379
822330,155,4380,414
822331,150,4396,456
822332,132,4418,497
822333,107,4428,537
822334,93,4421,564
822335,105,4407,539
822336,128,4385,477
822337,143,4368,442
822338,144,4369,435
822339,144,4351,461
822340,142,4330,507
822341,118,4321,566
822342,88,4317,605
822343,89,4310,602
822344,124,4304,552
822345,167,4302,473
822346,210,4292,419
822347,242,4295,423
822348,243,4309,462
822349,238,4303,488
822350,237,4300,497
822351,214,4306,496
822352,174,4291,514
822353,129,4293,601
822354,95,4324,625
822355,74,4353,624
822356,65,4375,590
822357,64,4390,544
822358,79,4398,524
822359,97,4423,508
822360,102,4450,487
822361,114,4470,454
822362,124,4505,434
822363,112,4551,440
822364,88,4580,445
822365,53,4591,455
822366,25,4600,469
822367,-1,4613,514
822368,-27,4640,564
822369,-36,4664,583
822370,-20,4668,582
822371,12,4669,566
822372,13,4692,569
822373,-4,4716,591
822374,-1,4717,621
822375,10,4716,644
822376,18,4712,645
822377,40,4696,637
822378,70,4697,650
822379,58,4710,676
822380,64,4711,662
822381,123,4705,618
822382,143,4707,605
822383,120,4714,622
822384,113,4720,645
822385,110,4722,664
822386,100,4715,681
822387,100,4716,704
822388,90,4718,724
822389,96,4699,724
822390,96,4682,707
822391,91,4674,694
822392,70,4675,672
822393,47,4659,630
822394,46,4644,599
822395,21,4633,599
822396,-23,4616,596
822397,-44,4599,576
822398,-56,4591,555
822399,-71,4586,532
822400,-70,4572,498
822401,-71,4565,476
822402,-95,4561,487
822403,-117,4551,497
822404,-114,4550,486
822405,-131,4558,486
822406,-168,4561,491
822407,-176,4560,491
822408,-166,4561,487
822409,-171,4557,490
822410,-180,4553,505
822411,-182,4555,513
822412,-176,4562,516
822413,-169,4570,535
822414,-168,4579,583
822415,-152,4585,646
822416,-120,4582,698
822417,-97,4567,736
822418,-80,4547,757
822419,-49,4525,779
822420,-16,4504,818
822421,12,4483,864
822422,42,4457,900
822423,70,4437,930
822424,92,4424,963
822425,127,4417,983
822426,225,4409,997
822427,267,4407,990
822428,302,4411,977
822429,332,4412,969
822430,356,4406,960
822431,372,4396,945
822432,386,4385,941
822433,400,4378,940
822434,401,4368,924
822435,398,4348,910
822436,399,4326,909
822437,398,4307,900
822438,391,4294,885
822439,373,4294,874
822440,345,4295,859
822441,319,4290,832
822442,291,4277,803
822443,259,4258,778
822444,235,4237,763
822445,216,4225,745
822446,194,4217,712
822447,165,4198,683
822448,131,4176,667
822449,103,4159,658
822450,79,4145,645
822451,64,4133,633
822452,62,4110,626
822453,61,4083,619
822454,44,4065,620
822455,20,4053,631
822456,7,4046,639
822457,-5,4045,633
822458,-19,4043,612
822459,-26,4034,599
822460,-29,4022,599
822461,-22,4018,596
822462,-4,4018,583
822463,69,4027,507
822464,120,4032,469
822465,180,4035,440
822466,252,4036,405
822467,314,4033,371
822468,363,4029,355
822469,406,4022,344
822470,438,4013,338
822471,454,4006,333
822472,457,3998,329
822473,449,3985,336
822474,431,3971,354
822475,411,3960,360
822476,389,3947,370
822477,367,3919,394
822478,346,3892,406
822479,321,3875,407
822480,299,3859,403
822481,286,3844,401
822482,273,3828,391
822483,271,3806,371
822484,279,3787,353
822485,279,3771,333
822486,274,3754,310
822487,274,3734,277
822488,276,3708,244
822489,277,3689,215
822490,280,3678,188
822491,291,3669,163
822492,307,3657,142
822493,324,3643,130
822494,341,3631,126
822495,347,3617,128
822496,344,3597,137
822497,340,3583,137
822498,341,3580,125
822499,344,3574,122
822500,349,3563,122
822501,356,3556,119
822502,357,3556,119
822503,365,3562,128
822504,365,3562,120
822505,363,3563,106
822506,355,3569,104
822507,342,3585,111
822508,336,3603,124
822509,329,3621,140
822510,317,3637,140
822511,305,3653,130
822512,297,3674,119
822513,289,3684,121
822514,279,3699,130
822515,269,3722,134
822516,257,3742,140
822517,253,3765,141
822518,248,3785,147
822519,243,3802,167
822520,243,3816,185
822521,234,3823,202
822522,221,3829,228
822523,212,3842,264
822524,207,3857,302
822525,199,3869,337
822526,191,3872,375
822527,191,3874,416
822528,198,3887,453
822529,200,3899,484
822530,202,3907,503
822531,211,3916,511
822532,230,3926,507
822533,246,3932,508
822534,262,3928,520
822535,283,3918,536
822536,302,3914,546
822537,322,3917,549
822538,343,3917,546
822539,380,3886,532
822540,390,3882,527
822541,400,3877,539
822542,407,3864,541
822543,411,3844,533
822544,422,3830,531
822545,436,3821,514
822546,445,3813,486
822547,449,3803,459
822548,448,3790,437
822549,446,3778,419
822550,435,3772,394
822551,415,3770,375
822552,389,3766,360
822553,372,3767,334
822554,355,3771,306
822555,332,3777,286
822556,317,3783,274
822557,307,3777,251
822558,295,3765,225
822559,289,3752,212
822560,286,3748,201
822561,283,3750,189
822562,290,3754,178
822563,299,3755,170
822564,308,3749,162
822565,317,3740,156
822566,327,3738,144
822567,324,3749,129
822568,318,3763,114
822569,315,3774,96
822570,310,3787,89
822571,309,3788,91
822572,308,3784,93
822573,302,3787,91
822574,293,3796,92
822575,277,3811,100
822576,258,3838,129
822577,247,3850,136
822578,231,3864,134
822579,217,3877,140
822580,207,3889,164
822581,206,3895,195
822582,216,3892,217
822583,220,3896,226
822584,213,3898,234
822585,211,3899,250
822586,215,3900,263
822587,222,3895,268
822588,236,3900,277
822589,246,3911,279
822590,250,3909,284
822591,258,3908,295
822592,264,3913,307
822593,268,3919,313
822594,271,3925,310
822595,276,3937,299
822596,285,3945,279
822597,291,3944,265
822598,294,3940,266
822599,297,3937,274
822600,295,3932,272
822601,290,3930,263
822602,280,3923,271
822603,267,3914,277
822604,253,3914,280
822605,237,3922,287
822606,232,3932,284
822607,236,3931,282
822608,237,3926,276
822609,235,3925,262
822610,240,3918,247
822611,255,3913,242
822612,267,3915,244
822613,295,3898,211
822614,314,3900,204
822615,322,3904,201
822616,330,3906,191
822617,342,3912,179
822618,355,3919,180
822619,365,3923,190
822620,372,3925,192
822621,375,3929,179
822622,380,3931,170
822623,380,3929,176
822624,372,3932,183
822625,368,3937,191
822626,372,3938,201
822627,368,3936,219
822628,354,3934,246
822629,338,3935,265
822630,314,3933,285
822631,285,3934,318
822632,260,3932,341
822633,260,3936,337
822634,268,3948,322
822635,263,3958,324
822636,262,3970,339
822637,269,3987,339
822638,277,3999,336
822639,299,4006,350
822640,323,4011,369
822641,334,4018,371
822642,351,4028,371
822643,365,4030,378
822644,369,4031,383
822645,371,4036,396
822646,380,4038,411
822647,391,4039,426
822648,396,4040,451
822649,404,4047,487
822650,421,4053,552
822651,418,4056,556
822652,416,4061,555
822653,420,4063,549
822654,415,4073,530
822655,402,4090,501
822656,395,4100,477
822657,382,4104,451
822658,352,4104,418
822659,321,4101,390
822660,296,4097,365
822661,275,4085,341
822662,261,4072,333
822663,244,4072,323
822664,230,4069,305
822665,211,4056,284
822666,189,4044,260
822667,180,4034,242
822668,184,4024,235
822669,193,4010,230
822670,201,3997,212
822671,206,3987,176
822672,216,3972,143
822673,236,3956,122
822674,261,3944,110
822675,277,3934,107
822676,278,3925,102
822677,285,3913,79
822678,297,3903,60
822679,301,3902,60
822680,306,3906,54
822681,313,3906,48
822682,318,3903,46
822683,321,3903,52
822684,317,3900,62
822685,312,3904,57
822686,300,3928,61
822687,294,3932,80
822688,286,3929,101
822689,282,3926,119
822690,274,3922,147
822691,265,3918,177
822692,253,3919,196
822693,235,3925,211
822694,221,3926,239
822695,207,3921,281
822696,196,3920,311
822697,188,3919,325
822698,181,3911,344
822699,172,3901,365
822700,172,3893,379
822701,180,3884,379
822702,186,3883,370
822703,191,3887,368
822704,198,3879,371
822705,209,3862,353
822706,231,3852,327
822707,253,3854,315
822708,266,3865,308
822709,290,3875,304
822710,326,3872,295
822711,359,3863,284
822712,391,3850,276
822713,421,3836,264
822714,446,3828,252
822715,479,3822,237
822716,510,3810,226
822717,528,3795,232
822718,541,3777,235
822719,545,3758,224
822720,549,3742,212
822721,543,3732,204
822722,520,3730,198
822723,494,3729,187
822724,438,3721,159
822725,410,3724,142
822726,385,3726,128
822727,355,3731,111
822728,325,3745,96
822729,301,3761,79
822730,283,3767,56
822731,268,3779,42
822732,251,3803,36
822733,225,3825,14
822734,194,3852,-20
822735,163,3881,-40
822736,137,3903,-35
822737,114,3936,-12
822738,90,3976,9
822739,71,4013,22
822740,62,4052,30
822741,48,4088,50
822742,35,4112,83
822743,30,4134,109
822744,21,4158,137
822745,11,4175,176
822746,8,4192,219
822747,12,4196,248
822748,22,4179,267
822749,39,4159,292
822750,57,4148,320
822751,70,4135,338
822752,79,4117,351
822753,92,4104,369
822754,113,4095,380
822755,137,4083,384
822756,166,4068,377
822757,197,4056,360
822758,250,4046,318
822759,284,4055,291
822760,323,4069,256
822761,352,4082,218
822762,370,4092,188
822763,389,4105,165
822764,402,4127,141
822765,416,4159,115
822766,434,4183,92
822767,433,4201,75
822768,427,4220,73
822769,419,4237,82
822770,403,4250,94
822771,398,4264,114
822772,391,4275,146
822773,377,4276,189
822774,358,4277,227
822775,334,4282,252
822776,316,4284,286
822777,309,4280,329
822778,300,4270,363
822779,284,4253,393
822780,278,4237,423
822781,282,4222,454
822782,282,4213,484
822783,283,4203,498
822784,288,4190,491
822785,293,4175,485
822786,298,4161,484
822787,312,4149,474
822788,338,4139,457
822789,368,4132,442
822790,394,4128,425
822791,432,4135,392
822792,483,4153,351
822793,504,4173,315
822794,492,4186,286
822795,483,4185,244
822796,482,4187,202
822797,470,4219,190
822798,450,4233,169
822799,416,4240,155
822800,380,4248,165
822801,346,4252,186
822802,312,4254,201
822803,280,4253,203
822804,253,4249,208
822805,225,4246,231
822806,193,4239,263
822807,159,4226,292
822808,126,4210,316
822809,95,4200,330
822810,62,4193,342
822811,40,4184,353
822812,32,4173,351
822813,23,4161,347
822814,18,4149,336
822815,22,4136,324
822816,24,4130,307
822817,34,4127,277
822818,54,4122,249
822819,64,4116,235
822820,66,4119,236
822821,71,4131,244
822822,71,4147,258
822823,62,4166,272
822824,60,4184,277
822825,62,4206,289
822826,57,4223,308
822827,55,4230,312
822828,57,4235,301
822829,55,4242,285
822830,51,4248,274
822831,54,4247,277
822832,67,4237,283
822833,83,4225,286
822834,105,4186,309
822835,115,4164,310
822836,120,4143,317
822837,123,4128,327
822838,125,4119,328
822839,130,4109,322
822840,140,4092,325
822841,161,4072,329
822842,179,4058,321
822843,198,4054,321
822844,233,4061,322
822845,259,4082,313
822846,271,4110,300
822847,284,4132,279
822848,292,4151,254
822849,292,4171,236
822850,291,4191,228
822851,285,4213,227
822852,269,4234,230
822853,256,4252,246
822854,250,4273,282
822855,239,4293,323
822856,225,4302,355
822857,218,4301,387
822858,216,4292,418
822859,215,4278,447
822860,210,4266,484
822861,210,4254,510
822862,212,4227,527
822863,214,4191,536
822864,216,4158,544
822865,217,4132,552
822866,227,4105,546
822867,249,4073,540
822868,263,4049,522
822869,276,4040,487
822870,292,4031,462
822871,329,4019,418
822872,358,4014,375
822873,374,4013,323
822874,377,4023,277
822875,381,4041,230
822876,393,4057,180
822877,405,4071,130
822878,405,4090,89
822879,392,4108,59
822880,379,4122,36
822881,356,4137,14
822882,325,4153,-21
822883,293,4162,-45
822884,257,4170,-43
822885,220,4178,-46
822886,194,4186,-50
822887,178,4198,-36
822888,161,4206,-13
822889,138,4206,14
822890,115,4205,38
822891,102,4213,49
822892,92,4223,65
822893,84,4224,90
822894,86,4215,111
822895,94,4201,134
822896,102,4189,159
822897,112,4182,181
822898,119,4188,206
822899,134,4198,234
822900,152,4197,250
822901,169,4194,256
822902,197,4198,256
822903,228,4198,254
822904,246,4188,250
822905,256,4181,252
822906,275,4167,253
822907,282,4171,255
822908,282,4178,260
822909,275,4186,269
822910,274,4192,294
822911,270,4200,327
822912,256,4214,350
822913,238,4228,360
822914,220,4242,370
822915,209,4255,390
822916,200,4260,408
822917,191,4264,420
822918,187,4270,428
822919,190,4275,434
822920,182,4276,445
822921,172,4274,454
822922,170,4263,444
822923,161,4251,431
822924,151,4241,425
822925,151,4222,412
822926,158,4201,393
822927,171,4194,380
822928,187,4192,369
822929,197,4182,354
822930,194,4178,322
822931,193,4174,271
822932,202,4154,219
822933,206,4141,174
822934,202,4139,131
822935,203,4129,101
822936,201,4118,92
822937,193,4113,77
822938,195,4101,57
822939,203,4094,51
822940,197,4096,53
822941,182,4099,54
822942,169,4102,42
822943,159,4111,28
822944,134,4150,15
822945,126,4173,26
822946,109,4198,42
822947,96,4219,44
822948,95,4244,42
822949,82,4270,36
822950,63,4292,39
822951,56,4304,53
822952,51,4300,74
822953,43,4293,98
822954,24,4294,114
822955,8,4294,136
822956,0,4285,171
822957,-15,4283,205
822958,-29,4288,220
822959,-32,4287,228
822960,-35,4281,248
822961,-37,4276,285
822962,-27,4283,319
822963,-10,4299,333
822964,12,4314,346
822965,38,4331,370
822966,77,4350,395
822967,129,4357,406
822968,175,4359,412
822969,204,4372,423
822970,217,4388,439
822971,225,4399,462
822972,242,4412,484
822973,266,4424,500
822974,291,4439,516
822975,316,4462,544
822976,345,4482,573
822977,368,4496,597
822978,379,4509,621
822979,384,4510,655
822980,376,4501,664
822981,371,4495,682
822982,376,4486,695
822983,384,4482,706
822984,375,4476,715
822985,356,4467,728
822986,339,4459,739
822987,325,4436,732
822988,313,4408,715
822989,295,4395,702
822990,269,4387,691
822991,248,4359,675
822992,243,4324,645
822993,248,4297,598
822994,242,4274,551
822995,224,4260,511
822996,224,4257,456
822997,243,4251,404
822998,261,4246,341
822999,270,4238,259
823000,281,4226,192
823001,293,4220,125
823002,292,4217,56
823003,288,4217,-10
823004,299,4225,-64
823005,303,4235,-89
823006,294,4238,-95
823007,285,4250,-88
823008,267,4273,-68
823009,242,4274,-34
823010,225,4255,1
823011,219,4237,27
823012,207,4231,58
823013,180,4226,80
823014,147,4228,92
823015,120,4253,81
823016,104,4279,7
823017,93,4252,-19
823018,72,4227,-6
823019,40,4217,53
823020,8,4195,144
823021,1,4161,224
823022,10,4132,291
823023,15,4120,341
823024,12,4126,356
823025,6,4142,350
823026,9,4154,343
823027,50,4138,339
823028,137,4113,312
823029,215,4114,261
823030,234,4146,227
823031,207,4196,240
823032,174,4242,287
823033,151,4263,342
823034,131,4252,405
823035,106,4237,477
823036,75,4209,555
823037,47,4166,622
823038,16,4143,666
823039,-28,4138,687
823040,-78,4138,691
823041,-115,4140,686
823042,-125,4141,665
823043,-116,4142,631
823044,-98,4142,596
823045,-74,4137,568
823046,-43,4133,529
823047,4,4141,475
823048,63,4154,439
823049,113,4153,443
823050,146,4144,464
823051,173,4127,478
823052,177,4089,547
823053,152,4072,608
823054,121,4072,677
823055,87,4089,738
823056,55,4094,783
823057,42,4088,803
823058,56,4090,794
823059,78,4092,778
823060,91,4085,763
823061,92,4078,747
823062,91,4073,720
823063,94,4082,690
823064,94,4110,680
823065,96,4144,674
823066,109,4174,655
823067,130,4190,631
823068,140,4186,610
823069,148,4176,580
823070,161,4183,549
823071,147,4199,538
823072,113,4210,546
823073,87,4222,557
823074,68,4231,572
823075,58,4232,586
823076,67,4226,596
823077,87,4216,591
823078,115,4213,566
823079,164,4217,548
823080,204,4232,550
823081,225,4242,551
823082,249,4247,546
823083,281,4251,548
823084,309,4254,561
823085,332,4269,570
823086,351,4291,560
823087,366,4305,544
823088,386,4304,537
823089,373,4312,522
823090,351,4310,483
823091,327,4297,462
823092,279,4283,471
823093,211,4275,488
823094,166,4262,478
823095,155,4240,434
823096,139,4209,383
823097,100,4182,375
823098,46,4158,429
823099,-11,4123,492
823100,-60,4097,522
823101,-73,4064,481
823102,-5,4023,400
823103,41,4015,379
823104,-15,4011,429
823105,-50,3984,449
823106,-34,3955,429
823107,-32,3931,400
823108,-8,3909,337
823109,67,3910,256
823110,128,3921,173
823111,179,3919,83
823112,226,3926,3
823113,226,3953,-45
823114,223,3975,-99
823115,253,3983,-153
823116,254,3986,-159
823117,199,4006,-118
823118,137,4029,-88
823119,97,4046,-55
823120,57,4079,-42
823121,56,4096,-104
823122,128,4112,-212
823123,194,4131,-321
823124,277,4128,-428
823125,237,4132,-408
823126,179,4129,-365
823127,160,4136,-332
823128,109,4136,-294
823129,70,4103,-257
823130,54,4064,-162
823131,-51,4058,21
823132,-158,4055,130
823133,-98,4029,71
823134,1,4018,5
823135,-53,4016,60
823136,-112,4029,117
823137,-42,4066,77
823138,80,4089,-26
823139,191,4088,-101
823140,228,4088,-58
823141,170,4103,79
823142,115,4130,178
823143,151,4153,190
823144,207,4154,200
823145,178,4159,310
823146,94,4196,457
823147,110,4220,492
823148,250,4228,439
823149,322,4246,438
823150,292,4255,511
823151,294,4274,579
823152,315,4289,611
823153,306,4282,648
823154,302,4281,681
823155,320,4287,705
823156,327,4299,754
823157,283,4328,816
823158,255,4339,825
823159,304,4345,769
823160,319,4384,698
823161,319,4398,708
823162,337,4412,715
823163,336,4419,716
823164,336,4420,699
823165,356,4420,690
823166,343,4432,706
823167,308,4432,724
823168,315,4423,707
823169,334,4415,680
823170,334,4392,682
823171,317,4381,715
823172,284,4376,741
823173,277,4357,710
823174,308,4346,659
823175,318,4337,643
823176,288,4327,659
823177,261,4324,662
823178,276,4313,620
823179,315,4291,548
823180,313,4281,524
823181,269,4286,559
823182,226,4290,591
823183,214,4279,565
823184,253,4257,491
823185,289,4250,468
823186,276,4253,511
823187,279,4256,533
823188,317,4247,499
823189,328,4234,484
823190,296,4232,512
823191,276,4218,504
823192,286,4205,481
823193,277,4197,492
823194,249,4192,514
823195,253,4194,498
823196,299,4172,455
823197,271,4166,489
823198,227,4165,512
823199,214,4149,486
823200,214,4124,453
823201,172,4105,485
823202,100,4092,553
823203,72,4072,562
823204,92,4061,527
823205,75,4057,505
823206,34,4041,489
823207,60,4042,448
823208,109,4042,383
823209,131,4030,338
823210,135,4035,323
823211,112,4045,335
823212,87,4049,374
823213,67,4046,367
823214,69,4032,310
823215,101,4035,264
823216,107,4053,287
823217,92,4073,344
823218,105,4097,341
823219,124,4121,304
823220,96,4135,257
823221,73,4154,224
823222,87,4188,219
823223,74,4216,242
823224,50,4232,282
823225,39,4260,355
823226,-12,4281,506
823227,-78,4279,658
823228,-74,4274,718
823229,-28,4280,731
823230,-18,4303,809
823231,-5,4306,842
823232,124,4297,710
823233,363,4312,495
823234,343,4311,472
823235,367,4309,387
823236,371,4310,325
823237,301,4306,360
823238,195,4303,440
823239,82,4287,525
823240,-23,4261,617
823241,-112,4240,715
823242,-160,4231,795
823243,-170,4226,851
823244,-158,4233,936
823245,-129,4247,1027
823246,-76,4243,1071
823247,4,4242,1085
823248,66,4254,1097
823249,93,4274,1104
823250,132,4290,1073
823251,209,4301,1027
823252,270,4310,989
823253,272,4324,982
823254,249,4339,983
823255,235,4341,972
823256,223,4343,989
823257,191,4338,1003
823258,161,4320,982
823259,133,4321,958
823260,59,4334,962
823261,-19,4339,981
823262,-48,4342,980
823263,-53,4353,984
823264,-46,4362,970
823265,-21,4363,920
823266,11,4362,902
823267,20,4363,921
823268,32,4356,933
823269,73,4348,951
823270,96,4348,1010
823271,147,4351,1027
823272,236,4351,977
823273,267,4359,983
823274,254,4354,1041
823275,266,4370,1096
823276,261,4388,1102
823277,258,4385,1055
823278,292,4383,999
823279,312,4390,978
823280,301,4407,956
823281,289,4414,892
823282,301,4409,819
823283,299,4417,783
823284,264,4429,779
823285,245,4434,778
823286,233,4447,781
823287,188,4463,800
823288,154,4465,812
823289,152,4468,820
823290,132,4479,843
823291,112,4489,879
823292,117,4498,902
823293,123,4489,907
823294,135,4483,924
823295,141,4492,946
823296,136,4497,949
823297,139,4496,938
823298,141,4490,961
823299,127,4499,997
823300,120,4517,997
823301,147,4531,957
823302,180,4538,908
823303,190,4541,883
823304,183,4552,883
823305,169,4553,882
823306,185,4540,863
823307,213,4550,864
823308,204,4568,870
823309,211,4564,855
823310,271,4562,840
823311,245,4565,889
823312,245,4584,925
823313,257,4589,930
823314,271,4585,936
823315,270,4593,969
823316,260,4603,1003
823317,275,4610,987
823318,286,4604,960
823319,289,4587,962
823320,289,4568,987
823321,266,4557,1042
823322,221,4560,1092
823323,164,4566,1116
823324,133,4571,1106
823325,124,4572,1079
823326,105,4576,1090
823327,81,4589,1127
823328,52,4602,1149
823329,39,4608,1169
823330,46,4614,1196
823331,39,4619,1232
823332,31,4615,1257
823333,35,4607,1265
823334,35,4606,1282
823335,35,4620,1309
823336,42,4635,1325
823337,60,4640,1332
823338,83,4644,1355
823339,91,4646,1385
823340,92,4639,1389
823341,119,4629,1376
823342,157,4619,1365
823343,180,4599,1365
823344,188,4570,1394
823345,225,4524,1484
823346,250,4498,1489
823347,275,4473,1493
823348,308,4448,1499
823349,331,4416,1488
823350,356,4381,1469
823351,390,4354,1449
823352,417,4335,1428
823353,441,4310,1396
823354,465,4270,1369
823355,487,4222,1348
823356,508,4182,1330
823357,523,4159,1303
823358,530,4151,1263
823359,536,4147,1219
823360,540,4140,1163
823361,545,4130,1092
823362,554,4114,1005
823363,553,4102,905
823364,531,4097,806
823365,499,4087,709
823366,457,4076,619
823367,401,4068,540
823368,335,4061,459
823369,271,4048,378
823370,209,4033,314
823371,144,4023,268
823372,82,4019,222
823373,23,4006,174
823374,-34,3989,137
823375,-86,3977,108
823376,-128,3962,82
823377,-150,3948,60
823378,-150,3944,37
823379,-134,3944,26
823380,-113,3949,14
823381,-69,3953,-56
823382,-41,3948,-89
823383,-3,3951,-117
823384,42,3958,-138
823385,85,3966,-146
823386,125,3976,-155
823387,157,3987,-168
823388,183,4002,-173
823389,203,4022,-171
823390,217,4035,-155
823391,237,4046,-132
823392,251,4054,-101
823393,243,4059,-58
823394,218,4063,-17
823395,201,4068,27
823396,188,4074,85
823397,174,4080,141
823398,172,4079,190
823399,176,4077,236
823400,176,4081,274
823401,182,4088,315
823402,197,4087,361
823403,217,4083,400
823404,244,4077,436
823405,266,4070,473
823406,278,4069,503
823407,290,4070,522
823408,308,4072,542
823409,328,4072,562
823410,337,4072,578
823411,342,4064,596
823412,351,4057,614
823413,366,4063,619
823414,383,4071,625
823415,416,4066,625
823416,442,4068,616
823417,464,4071,613
823418,479,4063,597
823419,489,4049,575
823420,496,4043,561
823421,502,4038,548
823422,504,4028,522
823423,504,4017,494
823424,497,4005,472
823425,481,3983,453
823426,465,3959,433
823427,442,3939,412
823428,405,3922,404
823429,382,3905,387
823430,386,3892,353
823431,396,3882,326
823432,394,3872,318
823433,378,3865,322
823434,363,3862,317
823435,360,3853,309
823436,360,3837,305
823437,353,3822,296
823438,348,3819,274
823439,356,3824,254
823440,362,3835,245
823441,364,3841,244
823442,365,3843,245
823443,363,3848,245
823444,368,3852,250
823445,365,3858,258
823446,361,3867,259
823447,361,3873,256
823448,361,3870,264
823449,365,3857,269
823450,369,3839,262
823451,370,3835,272
823452,368,3823,315
823453,373,3806,344
823454,376,3792,373
823455,367,3777,391
823456,361,3757,402
823457,365,3745,415
823458,370,3737,424
823459,375,3730,437
823460,389,3720,462
823461,414,3704,475
823462,441,3695,477
823463,472,3692,470
823464,497,3690,448
823465,516,3690,430
823466,534,3689,429
823467,555,3689,439
823468,571,3693,444
823469,576,3697,450
823470,577,3702,454
823471,573,3713,446
823472,569,3723,431
823473,565,3717,415
823474,549,3707,399
823475,527,3699,388
823476,502,3681,374
823477,475,3658,349
823478,442,3642,324
823479,399,3628,292
823480,346,3614,252
823481,290,3599,220
823482,233,3577,183
823483,165,3558,149
823484,94,3546,129
823485,34,3538,106
823486,-1,3534,74
823487,-13,3528,46
823488,19,3519,-1
823489,54,3526,-35
823490,97,3539,-81
823491,145,3555,-126
823492,200,3569,-154
823493,261,3577,-172
823494,312,3589,-190
823495,347,3601,-193
823496,377,3611,-171
823497,399,3623,-134
823498,420,3647,-87
823499,434,3667,-27
823500,435,3678,41
823501,431,3689,102
823502,424,3699,157
823503,413,3714,214
823504,402,3723,274
823505,389,3724,334
823506,373,3731,382
823507,358,3740,421
823508,344,3747,456
823509,337,3749,493
823510,334,3737,530
823511,326,3727,562
823512,316,3719,586
823513,312,3706,598
823514,315,3693,599
823515,320,3681,600
823516,325,3665,598
823517,326,3644,598
823518,336,3623,603
823519,366,3613,582
823520,403,3610,551
823521,437,3597,524
823522,468,3582,498
823523,501,3569,474
823524,527,3567,443
823525,561,3588,389
823526,571,3602,375
823527,581,3624,363
823528,576,3645,347
823529,562,3668,326
823530,556,3693,311
823531,555,3720,301
823532,543,3741,296
823533,523,3763,302
823534,501,3790,317
823535,472,3815,329
823536,440,3833,329
823537,413,3845,330
823538,394,3863,340
823539,370,3882,354
823540,335,3898,361
823541,307,3915,357
823542,282,3928,364
823543,256,3940,384
823544,237,3957,397
823545,224,3970,405
823546,217,3974,429
823547,217,3970,460
823548,227,3969,487
823549,248,3962,508
823550,271,3952,527
823551,296,3950,549
823552,332,3953,565
823553,364,3964,569
823554,385,3981,574
823555,402,3993,589
823556,422,4003,594
823557,448,4015,593
823558,472,4023,596
823559,487,4031,610
823560,488,4033,630
823561,480,4039,655
823562,478,4045,666
823563,472,4047,668
823564,455,4041,676
823565,430,4034,671
823566,414,4024,649
823567,395,4008,628
823568,378,3990,613
823569,371,3971,591
823570,368,3955,560
823571,366,3937,532
823572,358,3915,498
823573,345,3893,446
823574,327,3862,397
823575,306,3835,360
823576,295,3819,317
823577,283,3804,274
823578,259,3799,237
823579,238,3799,200
823580,232,3801,168
823581,239,3806,150
823582,253,3812,138
823583,271,3823,125
823584,299,3842,115
823585,322,3861,106
823586,326,3873,100
823587,335,3883,105
823588,350,3890,113
823589,362,3893,132
823590,377,3899,169
823591,377,3910,206
823592,365,3925,239
823593,359,3940,271
823594,353,3947,307
823595,347,3945,347
823596,346,3945,375
823597,346,3951,404
823598,349,3948,484
823599,344,3952,511
823600,338,3951,537
823601,349,3939,564
823602,366,3932,587
823603,376,3935,606
823604,385,3943,631
823605,395,3946,657
823606,403,3947,667
823607,415,3952,666
823608,429,3955,670
823609,440,3959,668
823610,446,3967,645
823611,446,3981,626
823612,442,3997,616
823613,440,4007,602
823614,433,4014,581
823615,422,4026,546
823616,415,4042,501
823617,412,4059,470
823618,407,4070,459
823619,397,4073,454
823620,372,4078,446
823621,345,4088,433
823622,332,4094,426
823623,318,4096,424
823624,300,4103,417
823625,281,4116,412
823626,258,4130,422
823627,241,4147,441
823628,240,4167,452
823629,241,4181,463
823630,240,4195,472
823631,248,4200,482
823632,261,4192,497
823633,271,4187,523
823634,285,4181,604
823635,295,4185,633
823636,302,4191,655
823637,312,4196,681
823638,328,4193,696
823639,343,4181,702
823640,350,4173,697
823641,360,4177,675
823642,375,4187,661
823643,392,4199,657
823644,409,4212,648
823645,423,4212,637
823646,433,4210,635
823647,435,4211,639
823648,436,4208,643
823649,434,4201,643
823650,424,4196,643
823651,412,4196,647
823652,401,4195,656
823653,385,4193,666
823654,362,4190,666
823655,343,4179,660
823656,328,4162,664
823657,315,4150,667
823658,307,4139,662
823659,298,4127,655
823660,286,4122,642
823661,286,4123,617
823662,289,4120,589
823663,283,4110,572
823664,271,4096,557
823665,258,4094,537
823666,255,4100,525
823667,259,4105,510
823668,255,4109,483
823669,251,4112,454
823670,250,4115,436
823671,262,4138,408
823672,275,4153,397
823673,277,4160,386
823674,273,4162,388
823675,280,4167,405
823676,287,4174,429
823677,276,4180,463
823678,259,4193,494
823679,256,4209,514
823680,255,4219,534
823681,252,4224,560
823682,256,4222,588
823683,264,4220,611
823684,271,4222,632
823685,279,4225,647
823686,300,4230,641
823687,325,4230,631
823688,346,4224,632
823689,366,4223,636
823690,383,4223,630
823691,394,4216,619
823692,406,4213,611
823693,422,4208,594
823694,430,4199,579
823695,431,4192,572
823696,426,4181,557
823697,415,4162,535
823698,401,4151,525
823699,393,4145,519
823700,387,4146,506
823701,372,4147,498
823702,359,4132,482
823703,352,4122,454
823704,347,4129,435
823705,354,4135,434
823706,366,4132,436
823707,388,4132,418
823708,394,4133,408
823709,397,4130,399
823710,405,4132,391
823711,411,4138,392
823712,408,4148,401
823713,400,4167,395
823714,387,4183,376
823715,375,4194,362
823716,368,4202,361
823717,363,4212,355
823718,355,4226,343
823719,350,4231,336
823720,352,4230,337
823721,348,4218,327
823722,334,4194,312
823723,315,4174,300
823724,298,4168,284
823725,280,4166,283
823726,260,4157,295
823727,243,4143,293
823728,230,4136,285
823729,224,4137,278
823730,226,4131,272
823731,222,4122,258
823732,219,4123,233
823733,225,4127,201
823734,232,4122,178
823735,244,4119,178
823736,266,4128,179
823737,284,4137,179
823738,301,4145,167
823739,321,4152,145
823740,340,4150,139
823741,352,4146,140
823742,361,4142,139
823743,365,4130,136
823744,361,4111,151
823745,359,4104,155
823746,351,4100,172
823747,337,4095,195
823748,317,4094,205
823749,293,4094,206
823750,271,4101,202
823751,255,4109,197
823752,247,4110,198
823753,249,4114,208
823754,250,4122,210
823755,239,4131,209
823756,228,4136,210
823757,225,4140,208
823758,220,4150,212
823759,216,4165,221
823760,224,4180,220
823761,228,4198,216
823762,219,4212,232
823763,216,4224,256
823764,208,4237,271
823765,190,4242,285
823766,177,4244,299
823767,173,4250,305
823768,171,4256,303
823769,166,4254,309
823770,164,4247,326
823771,167,4234,343
823772,174,4223,359
823773,184,4228,373
823774,192,4225,381
823775,207,4217,384
823776,224,4217,378
823777,242,4214,364
823778,258,4220,337
823779,264,4234,315
823780,274,4255,321
823781,287,4252,325
823782,297,4243,322
823783,299,4242,324
823784,284,4254,325
823785,260,4266,318
823786,229,4268,324
823787,191,4272,337
823788,157,4283,339
823789,139,4292,328
823790,126,4292,324
823791,111,4285,323
823792,103,4280,314
823793,102,4273,311
823794,104,4259,313
823795,100,4249,316
823796,90,4239,321
823797,78,4224,320
823798,64,4203,302
823799,51,4179,281
823800,34,4161,270
823801,8,4152,258
823802,-13,4136,236
823803,-24,4112,214
823804,-35,4098,198
823805,-56,4092,180
823806,-78,4074,170
823807,-74,4051,168
823808,-52,4040,157
823809,-31,4034,138
823810,-8,4019,118
823811,18,4000,103
823812,54,3990,91
823813,94,3985,79
823814,126,3986,72
823815,158,3995,61
823816,191,4002,51
823817,223,4015,44
823818,255,4033,34
823819,296,4043,23
823820,321,4055,22
823821,331,4075,42
823822,328,4097,69
823823,334,4117,99
823824,340,4130,140
823825,337,4138,183
823826,334,4149,223
823827,317,4159,264
823828,297,4166,319
823829,284,4177,394
823830,270,4185,480
823831,259,4191,560
823832,253,4193,623
823833,247,4192,674
823834,237,4197,714
823835,238,4202,741
823836,255,4194,774
823837,264,4178,809
823838,274,4178,831
823839,298,4191,848
823840,312,4194,860
823841,322,4192,866
823842,330,4197,867
823843,337,4195,863
823844,340,4180,855
823845,336,4169,848
823846,335,4168,832
823847,337,4170,798
823848,338,4169,758
823849,334,4166,721
823850,330,4159,692
823851,326,4154,662
823852,311,4149,625
823853,293,4139,583
823854,292,4132,533
823855,287,4136,478
823856,273,4136,436
823857,262,4126,397
823858,247,4132,317
823859,249,4138,272
823860,259,4141,222
823861,261,4143,180
823862,252,4145,154
823863,247,4148,143
823864,257,4152,126
823865,268,4154,111
823866,292,4163,105
823867,318,4176,99
823868,333,4181,95
823869,359,4166,94
823870,373,4149,103
823871,354,4164,131
823872,334,4198,163
823873,333,4229,182
823874,346,4251,209
823875,356,4262,249
823876,366,4263,280
823877,377,4259,308
823878,382,4255,346
823879,384,4250,378
823880,378,4254,398
823881,361,4262,421
823882,349,4262,436
823883,345,4253,434
823884,333,4244,433
823885,320,4236,441
823886,320,4228,456
823887,327,4222,474
823888,339,4215,493
823889,356,4208,502
823890,376,4207,497
823891,397,4211,487
823892,416,4214,470
823893,438,4218,454
823894,459,4222,442
823895,488,4212,416
823896,501,4221,385
823897,498,4228,362
823898,499,4228,352
823899,511,4217,348
823900,511,4213,339
823901,485,4225,340
823902,438,4242,356
823903,387,4261,366
823904,333,4282,372
823905,276,4303,375
823906,238,4319,367
823907,207,4333,350
823908,169,4341,336
823909,127,4345,332
823910,86,4352,331
823911,53,4352,319
823912,31,4342,308
823913,18,4330,301
823914,13,4313,308
823915,13,4289,334
823916,11,4272,352
823917,18,4265,367
823918,35,4257,384
823919,49,4245,386
823920,70,4225,391
823921,109,4201,413
823922,154,4173,427
823923,199,4148,422
823924,244,4126,406
823925,282,4107,377
823926,307,4097,341
823927,314,4100,306
823928,305,4103,284
823929,290,4100,276
823930,269,4111,265
823931,228,4134,264
823932,207,4132,276
823933,205,4131,268
823934,204,4141,250
823935,196,4160,233
823936,183,4168,228
823937,180,4164,242
823938,188,4167,249
823939,194,4171,251
823940,198,4179,243
823941,207,4195,233
823942,216,4205,241
823943,216,4203,265
823944,225,4200,291
823945,240,4205,305
823946,248,4209,313
823947,242,4216,319
823948,229,4229,325
823949,227,4247,335
823950,230,4267,353
823951,237,4280,369
823952,250,4290,382
823953,267,4299,399
823954,280,4297,412
823955,287,4280,411
823956,290,4259,416
823957,298,4242,436
823958,313,4232,460
823959,316,4228,469
823960,311,4222,455
823961,301,4217,439
823962,282,4208,435
823963,270,4195,436
823964,276,4187,433
823965,295,4192,418
823966,313,4209,400
823967,316,4217,386
823968,332,4192,384
823969,347,4182,379
823970,340,4173,378
823971,316,4169,385
823972,299,4172,395
823973,284,4174,392
823974,260,4169,403
823975,229,4157,434
823976,196,4141,463
823977,172,4129,468
823978,159,4126,454
823979,141,4129,450
823980,120,4130,450
823981,111,4128,446
823982,119,4123,441
823983,132,4119,442
823984,144,4116,438
823985,156,4118,419
823986,167,4111,406
823987,192,4096,391
823988,231,4092,368
823989,272,4094,359
823990,305,4092,366
823991,322,4082,377
823992,329,4075,382
823993,326,4074,372
823994,319,4074,360
823995,318,4069,353
823996,322,4070,352
823997,327,4070,370
823998,338,4065,386
823999,344,4066,394
824000,344,4062,419
824001,349,4055,443
824002,352,4047,461
824003,344,4030,482
824004,306,3992,502
824005,284,3974,511
824006,252,3975,512
824007,230,3992,508
824008,227,3997,511
824009,235,3996,511
824010,237,4000,518
824011,221,3998,539
824012,217,4003,551
824013,226,4014,562
824014,228,4001,595
824015,232,3979,631
824016,240,3960,665
824017,249,3941,708
824018,250,3930,752
824019,239,3924,794
824020,226,3922,826
824021,219,3925,850
824022,214,3931,850
824023,207,3944,824
824024,189,3954,800
824025,168,3961,781
824026,156,3967,754
824027,154,3974,719
824028,158,3982,684
824029,162,3985,652
824030,158,3992,626
824031,143,4011,607
824032,137,4025,597
824033,149,4025,593
824034,158,4024,589
824035,163,4026,595
824036,159,4025,627
824037,135,4014,675
824038,116,4003,727
824039,113,3998,772
824040,111,4002,803
824041,118,4034,794
824042,136,4065,762
824043,152,4074,725
824044,163,4077,691
824045,179,4096,660
824046,198,4119,624
824047,206,4139,578
824048,227,4160,539
824049,265,4178,516
824050,285,4193,490
824051,285,4199,471
824052,276,4207,474
824053,250,4221,490
824054,228,4227,490
824055,237,4234,467
824056,247,4245,450
824057,243,4253,454
824058,246,4257,475
824059,241,4249,504
824060,219,4238,528
824061,194,4237,525
824062,175,4229,496
824063,178,4219,467
824064,189,4217,444
824065,190,4209,418
824066,198,4196,395
824067,211,4191,378
824068,214,4193,366
824069,213,4191,360
824070,216,4186,359
824071,221,4188,348
824072,231,4194,326
824073,244,4197,319
824074,249,4195,328
824075,246,4188,342
824076,227,4183,365
824077,202,4183,409
824078,178,4187,488
824079,166,4186,524
824080,163,4184,547
824081,181,4179,549
824082,195,4176,566
824083,190,4170,602
824084,190,4167,623
824085,201,4173,629
824086,213,4164,638
824087,224,4150,637
824088,248,4143,618
824089,285,4149,598
824090,297,4163,593
824091,268,4166,623
824092,242,4169,672
824093,212,4180,722
824094,163,4184,782
824095,126,4186,829
824096,109,4203,850
824097,96,4228,835
824098,116,4243,757
824099,208,4253,627
824100,318,4267,503
824101,357,4268,433
824102,367,4264,428
824103,369,4282,478
824104,323,4292,556
824105,282,4289,595
824106,297,4280,553
824107,332,4275,490
824108,332,4279,476
824109,296,4279,481
824110,277,4281,473
824111,281,4293,466
824112,286,4280,423
824113,337,4260,355
824114,358,4256,324
824115,346,4225,326
824116,315,4208,423
824117,177,4179,606
824118,73,4146,705
824119,112,4123,657
824120,180,4089,605
824121,184,4074,684
824122,133,4086,806
824123,135,4084,816
824124,251,4079,731
824125,330,4087,681
824126,313,4090,644
824127,334,4105,528
824128,390,4130,421
824129,372,4146,431
824130,299,4151,479
824131,263,4176,492
824132,258,4209,507
824133,220,4236,585
824134,126,4261,678
824135,71,4270,685
824136,130,4274,590
824137,200,4294,524
824138,206,4316,556
824139,209,4340,597
824140,256,4355,548
824141,317,4354,477
824142,310,4364,487
824143,231,4359,535
824144,220,4346,535
824145,276,4336,493
824146,290,4312,469
824147,290,4286,471
824148,290,4274,522
824149,247,4271,641
824150,180,4278,751
824151,198,4260,614
824152,282,4243,466
824153,363,4231,364
824154,422,4236,341
824155,410,4228,379
824156,365,4215,429
824157,315,4210,433
824158,260,4192,412
824159,218,4159,430
824160,156,4136,525
824161,78,4122,632
824162,45,4113,721
824163,7,4116,839
824164,-75,4106,962
824165,-95,4104,980
824166,4,4112,884
824167,162,4120,734
824168,296,4140,596
824169,390,4161,469
824170,516,4167,281
824171,692,4172,138
824172,760,4181,137
824173,675,4164,213
824174,625,4158,276
824175,590,4160,265
824176,493,4132,219
824177,427,4113,229
824178,328,4107,334
824179,223,4080,418
824180,252,4066,388
824181,268,4071,409
824182,142,4071,571
824183,32,4075,721
824184,51,4090,748
824185,107,4085,674
824186,137,4083,603
824187,189,4117,782
824188,185,4143,924
824189,195,4164,1006
824190,215,4191,1021
824191,234,4214,998
824192,285,4244,986
824193,319,4261,944
824194,342,4257,899
824195,350,4261,920
824196,253,4267,1033
824197,134,4269,1133
824198,100,4272,1140
824199,99,4268,1103
824200,94,4246,1058
824201,107,4230,1052
824202,139,4225,1081
824203,187,4217,1036
824204,262,4192,884
824205,325,4171,735
824206,318,4163,672
824207,266,4167,705
824208,203,4173,800
824209,127,4175,914
824210,75,4172,987
824211,76,4164,999
824212,91,4169,1040
824213,62,4177,1127
824214,40,4186,1177
824215,99,4191,1136
824216,195,4203,1038
824217,280,4216,916
824218,364,4236,823
824219,416,4256,786
824220,424,4270,785
824221,419,4279,770
824222,393,4278,765
824223,338,4278,810
824224,206,4275,885
824225,144,4277,907
824226,93,4270,892
824227,116,4261,837
824228,174,4255,781
824229,200,4236,761
824230,228,4230,772
824231,224,4237,822
824232,170,4241,882
824233,160,4240,850
824234,222,4222,751
824235,280,4212,702
824236,255,4218,724
824237,216,4227,728
824238,247,4234,659
824239,287,4233,576
824240,295,4236,517
824241,284,4255,485
824242,264,4278,487
824243,238,4300,523
824244,195,4319,605
824245,144,4342,692
824246,97,4371,721
824247,74,4386,696
824248,88,4402,659
824249,111,4422,627
824250,140,4449,607
824251,158,4481,611
824252,146,4510,660
824253,126,4533,715
824254,125,4544,775
824255,122,4566,876
824256,86,4593,952
824257,86,4602,956
824258,142,4619,935
824259,153,4629,963
824260,153,4638,1105
824261,166,4644,1137
824262,116,4661,1176
824263,47,4685,1189
824264,62,4696,1103
824265,175,4709,953
824266,243,4708,850
824267,209,4701,870
824268,120,4717,947
824269,22,4741,993
824270,-20,4752,983
824271,-9,4745,944
824272,-5,4741,941
824273,-22,4750,973
824274,-24,4763,997
824275,10,4769,957
824276,79,4760,879
824277,148,4754,820
824278,170,4739,805
824279,181,4727,829
824280,201,4728,851
824281,217,4729,876
824282,235,4734,882
824283,254,4731,849
824284,282,4726,826
824285,292,4722,837
824286,272,4713,868
824287,257,4711,868
824288,254,4709,841
824289,252,4699,835
824290,221,4690,829
824291,197,4673,782
824292,215,4649,725
824293,203,4629,713
824294,147,4599,708
824295,121,4573,680
824296,117,4558,633
824297,59,4519,618
824298,31,4509,600
824299,23,4491,565
824300,42,4470,525
824301,52,4459,523
824302,45,4449,540
824303,53,4442,528
824304,88,4446,504
824305,119,4445,492
824306,134,4433,484
824307,162,4427,484
824308,190,4427,491
824309,199,4427,494
824310,225,4433,487
824311,255,4444,474
824312,267,4451,472
824313,266,4449,481
824314,261,4451,517
824315,264,4446,583
824316,249,4431,640
824317,229,4412,666
824318,242,4382,675
824319,256,4354,712
824320,250,4329,793
824321,233,4302,856
824322,234,4287,874
824323,267,4280,883
824324,288,4273,899
824325,293,4258,903
824326,307,4243,884
824327,315,4244,877
824328,313,4246,876
824329,317,4247,860
824330,325,4264,840
824331,326,4281,827
824332,319,4291,825
824333,305,4303,816
824334,291,4326,798
824335,296,4341,797
824336,291,4350,807
824337,299,4359,829
824338,326,4374,854
824339,351,4380,877
824340,376,4374,911
824341,404,4369,949
824342,431,4361,980
824343,454,4351,1006
824344,473,4337,1041
824345,497,4320,1082
824346,519,4303,1118
824347,533,4285,1159
824348,540,4263,1182
824349,550,4233,1183
824350,564,4203,1180
824351,575,4176,1185
824352,583,4141,1193
824353,589,4104,1193
824354,587,4072,1181
824355,581,4043,1161
824356,580,4013,1136
824357,582,3988,1105
824358,573,3970,1077
824359,553,3952,1048
824360,531,3941,1005
824361,504,3925,965
824362,479,3900,930
824363,464,3882,883
824364,451,3869,829
824365,434,3866,778
824366,417,3867,723
824367,405,3861,668
824368,395,3855,616
824369,384,3861,568
824370,376,3866,530
824371,371,3890,459
824372,368,3902,436
824373,360,3901,426
824374,353,3900,430
824375,342,3901,435
824376,332,3899,450
824377,330,3902,477
824378,331,3908,503
824379,330,3914,537
824380,328,3923,582
824381,330,3933,620
824382,333,3942,640
824383,334,3951,660
824384,342,3964,680
824385,359,3980,697
824386,375,3992,714
824387,398,4008,724
824388,428,4027,747
824389,451,4043,770
824390,468,4055,776
824391,484,4070,790
824392,508,4086,813
824393,525,4097,831
824394,535,4107,852
824395,542,4118,892
824396,544,4131,935
824397,550,4141,971
824398,554,4138,1001
824399,552,4129,1017
824400,549,4122,1032
824401,549,4108,1055
824402,557,4089,1077
824403,555,4073,1102
824404,542,4057,1117
824405,526,4035,1112
824406,515,4010,1108
824407,515,3991,1101
824408,509,3976,1093
824409,489,3958,1076
824410,470,3935,1046
824411,465,3915,1003
824412,464,3893,949
824413,465,3870,909
824414,468,3852,876
824415,471,3833,840
824416,472,3821,815
824417,470,3810,779
824418,468,3792,735
824419,466,3770,708
824420,460,3740,677
824421,453,3712,636
824422,456,3684,604
824423,461,3651,566
824424,464,3622,516
824425,457,3594,462
824426,451,3572,410
824427,448,3564,358
824428,440,3553,305
824429,421,3536,253
824430,392,3521,203
824431,367,3508,145
824432,343,3500,84
824433,312,3486,29
824434,280,3464,-22
824435,252,3453,-65
824436,235,3454,-114
824437,230,3453,-162
824438,226,3452,-186
824439,224,3452,-193
824440,218,3448,-198
824441,215,3451,-200
824442,228,3463,-196
824443,242,3492,-175
824444,253,3510,-159
824445,265,3528,-138
824446,278,3545,-116
824447,298,3562,-88
824448,332,3580,-47
824449,368,3599,-18
824450,397,3616,0
824451,432,3626,27
824452,471,3632,64
824453,511,3634,107
824454,549,3633,151
824455,577,3629,207
824456,601,3617,275
824457,620,3607,334
824458,631,3608,383
824459,638,3604,430
824460,636,3596,468
824461,627,3583,504
824462,617,3564,548
824463,608,3550,581
824464,600,3544,598
824465,591,3541,603
824466,581,3535,598
824467,573,3534,588
824468,564,3535,587
824469,549,3533,588
824470,541,3532,579
824471,540,3526,564
824472,543,3526,553
824473,539,3528,542
824474,535,3530,527
824475,540,3533,508
824476,548,3545,499
824477,555,3565,501
824478,548,3574,488
824479,535,3574,477
824480,531,3581,474
824481,524,3593,476
824482,485,3601,485
824483,461,3612,506
824484,441,3623,518
824485,424,3635,515
824486,412,3643,514
824487,403,3646,522
824488,398,3648,533
824489,392,3641,541
824490,390,3630,550
824491,397,3636,560
824492,406,3651,572
824493,411,3654,578
824494,425,3650,577
824495,446,3655,594
824496,468,3659,616
824497,480,3656,626
824498,490,3664,637
824499,505,3680,662
824500,515,3687,693
824501,526,3694,716
824502,534,3704,733
824503,534,3708,752
824504,531,3706,763
824505,529,3703,762
824506,530,3707,757
824507,539,3714,746
824508,547,3721,741
824509,550,3737,744
824510,549,3759,732
824511,541,3774,712
824512,530,3786,692
824513,521,3802,676
824514,517,3812,660
824515,503,3808,639
824516,486,3809,630
824517,472,3816,620
824518,426,3816,565
824519,405,3819,536
824520,382,3827,518
824521,352,3832,507
824522,324,3839,498
824523,302,3849,483
824524,283,3860,459
824525,264,3867,444
824526,255,3873,439
824527,263,3880,432
824528,278,3885,436
824529,286,3897,444
824530,290,3915,455
824531,293,3925,474
824532,303,3931,501
824533,322,3937,537
824534,337,3936,579
824535,347,3940,625
824536,364,3942,663
824537,385,3940,690
824538,390,3939,715
824539,390,3929,737
824540,409,3914,746
824541,435,3909,758
824542,446,3912,765
824543,448,3913,763
824544,450,3914,761
824545,452,3910,754
824546,453,3907,751
824547,454,3918,758
824548,452,3932,766
824549,442,3939,769
824550,427,3946,771
824551,410,3957,780
824552,384,3969,793
824553,365,3978,806
824554,356,3985,819
824555,342,3997,831
824556,337,4006,829
824557,330,4010,834
824558,328,4016,839
824559,333,4029,834
824560,348,4046,831
824561,361,4053,842
824562,364,4055,858
824563,362,4060,862
824564,360,4065,853
824565,360,4065,849
824566,359,4066,837
824567,362,4067,833
824568,369,4072,845
824569,376,4082,853
824570,383,4085,858
824571,388,4075,864
824572,393,4063,863
824573,403,4053,852
824574,411,4045,843
824575,416,4044,825
824576,420,4044,797
824577,418,4045,775
824578,406,4051,765
824579,391,4056,757
824580,377,4056,742
824581,359,4052,726
824582,339,4055,713
824583,321,4063,697
824584,301,4064,689
824585,280,4063,683
824586,258,4062,668
824587,237,4055,656
824588,225,4052,651
824589,223,4061,642
824590,225,4068,630
824591,225,4067,617
824592,251,4076,601
824593,259,4073,583
824594,267,4066,580
824595,289,4055,576
824596,315,4041,562
824597,338,4027,554
824598,358,4010,544
824599,375,4000,523
824600,395,3997,502
824601,419,3989,484
824602,433,3973,462
824603,442,3957,441
824604,454,3946,424
824605,458,3943,407
824606,455,3947,380
824607,458,3958,347
824608,457,3975,314
824609,449,3987,292
824610,436,3994,280
824611,420,4007,266
824612,405,4022,244
824613,387,4038,233
824614,367,4061,239
824615,349,4085,258
824616,330,4110,282
824617,313,4136,296
824618,306,4159,313
824619,303,4173,328
824620,310,4185,344
824621,322,4203,373
824622,327,4211,408
824623,327,4207,445
824624,327,4204,493
824625,325,4208,544
824626,326,4208,569
824627,334,4207,586
824628,345,4201,620
824629,358,4189,669
824630,374,4194,688
824631,395,4203,705
824632,411,4200,700
824633,430,4192,685
824634,439,4189,680
824635,442,4184,687
824636,450,4183,680
824637,453,4188,657
824638,445,4189,633
824639,434,4189,620
824640,429,4188,620
824641,423,4190,608
824642,416,4193,584
824643,411,4194,560
824644,396,4197,533
824645,378,4198,525
824646,374,4196,531
824647,368,4191,533
824648,347,4179,543
824649,331,4162,557
824650,329,4154,578
824651,330,4152,595
824652,329,4151,601
824653,325,4145,611
824654,324,4133,636
824655,330,4124,667
824656,337,4109,690
824657,341,4096,707
824658,350,4090,719
824659,363,4088,734
824660,375,4085,752
824661,388,4079,772
824662,405,4073,778
824663,423,4065,771
824664,437,4066,760
824665,424,4094,724
824666,406,4102,726
824667,392,4107,717
824668,381,4113,687
824669,366,4117,664
824670,352,4121,651
824671,344,4129,645
824672,335,4134,649
824673,327,4132,651
824674,323,4125,648
824675,330,4120,641
824676,341,4122,655
824677,346,4125,685
824678,351,4123,709
824679,367,4122,722
824680,387,4120,721
824681,397,4123,705
824682,401,4136,681
824683,405,4148,658
824684,404,4152,649
824685,401,4142,648
824686,403,4137,643
824687,410,4134,633
824688,412,4130,621
824689,407,4128,613
824690,406,4115,608
824691,409,4090,601
824692,408,4074,598
824693,401,4066,594
824694,395,4062,584
824695,393,4059,575
824696,395,4053,559
824697,393,4053,541
824698,394,4051,529
824699,407,4045,514
824700,421,4035,487
824701,428,4027,463
824702,427,4046,399
824703,422,4060,354
824704,418,4067,328
824705,419,4070,312
824706,422,4077,306
824707,412,4080,309
824708,395,4074,311
824709,381,4078,304
824710,368,4094,298
824711,360,4109,294
824712,356,4118,292
824713,347,4115,311
824714,337,4112,337
824715,332,4120,364
824716,336,4128,400
824717,344,4135,445
824718,352,4143,487
824719,354,4146,514
824720,356,4155,534
824721,367,4169,550
824722,379,4179,565
824723,377,4186,583
824724,371,4189,601
824725,362,4191,602
824726,345,4191,602
824727,336,4187,623
824728,326,4180,646
824729,318,4178,656
824730,319,4181,663
824731,314,4183,667
824732,307,4182,669
824733,311,4182,671
824734,318,4182,668
824735,326,4183,656
824736,336,4179,635
824737,347,4177,620
824738,348,4185,606
824739,337,4200,584
824740,327,4207,587
824741,306,4212,593
824742,293,4217,585
824743,290,4219,566
824744,273,4214,550
824745,249,4207,549
824746,230,4205,560
824747,213,4213,568
824748,209,4218,576
824749,220,4218,590
824750,229,4209,600
824751,231,4181,604
824752,232,4152,595
824753,229,4139,584
824754,231,4137,580
824755,239,4125,586
824756,241,4102,593
824757,244,4083,591
824758,255,4069,587
824759,261,4058,586
824760,275,4045,575
824761,291,4039,568
824762,298,4035,557
824763,312,4024,535
824764,329,4022,515
824765,348,4028,497
824766,383,4032,473
824767,417,4032,438
824768,431,4037,404
824769,438,4054,387
824770,445,4072,395
824771,446,4078,398
824772,436,4080,381
824773,418,4080,372
824774,397,4084,380
824775,378,4092,394
824776,325,4094,432
824777,300,4093,454
824778,283,4093,469
824779,265,4084,476
824780,251,4071,481
824781,254,4066,499
824782,268,4062,523
824783,286,4049,535
824784,301,4033,543
824785,318,4022,551
824786,349,4010,558
824787,375,4000,555
824788,396,4000,549
824789,420,4003,551
824790,450,4001,552
824791,486,3991,545
824792,507,3981,531
824793,516,3973,512
824794,528,3963,500
824795,539,3957,497
824796,548,3954,488
824797,553,3950,474
824798,546,3941,466
824799,532,3946,459
824800,521,3963,448
824801,500,3976,438
824802,468,3986,428
824803,439,3996,427
824804,413,4006,421
824805,386,4006,401
824806,363,4007,388
824807,348,4012,384
824808,336,4021,367
824809,322,4033,341
824810,306,4044,334
824811,293,4047,348
824812,288,4040,360
824813,295,4036,364
824814,299,4035,363
824815,302,4040,355
824816,299,4045,359
824817,302,4045,359
824818,308,4047,349
824819,316,4055,338
824820,327,4064,332
824821,341,4068,323
824822,358,4073,309
824823,372,4081,305
824824,387,4099,300
824825,402,4127,286
824826,413,4154,266
824827,421,4178,257
824828,426,4197,265
824829,432,4208,280
824830,444,4210,301
824831,451,4205,332
824832,450,4201,363
824833,444,4203,394
824834,428,4205,422
824835,410,4205,445
824836,392,4209,475
824837,373,4219,500
824838,362,4233,514
824839,365,4240,524
824840,373,4242,531
824841,377,4249,526
824842,381,4260,516
824843,397,4276,511
824844,421,4298,507
824845,431,4311,501
824846,428,4321,506
824847,425,4331,522
824848,426,4346,531
824849,427,4389,550
824850,417,4395,559
824851,404,4393,561
824852,392,4390,553
824853,377,4386,554
824854,361,4387,566
824855,345,4388,559
824856,322,4394,549
824857,301,4394,549
824858,289,4381,545
824859,283,4375,530
824860,269,4375,521
824861,249,4375,516
824862,235,4372,496
824863,239,4368,479
824864,250,4368,469
824865,256,4363,455
824866,259,4361,439
824867,259,4370,427
824868,261,4382,420
824869,251,4394,418
824870,228,4410,430
824871,212,4419,449
824872,208,4426,465
824873,209,4433,491
824874,205,4439,524
824875,200,4447,547
824876,190,4449,561
824877,172,4445,576
824878,151,4440,597
824879,129,4432,626
824880,103,4423,680
824881,79,4413,731
824882,69,4400,742
824883,74,4392,743
824884,83,4388,747
824885,99,4385,747
824886,136,4387,719
824887,150,4388,675
824888,171,4391,643
824889,187,4398,631
824890,192,4400,615
824891,186,4393,597
824892,180,4378,575
824893,185,4368,561
824894,188,4361,558
824895,180,4356,555
824896,181,4356,551
824897,200,4352,553
824898,216,4346,557
824899,229,4333,562
824900,255,4319,562
824901,277,4308,553
824902,283,4301,546
824903,297,4291,534
824904,318,4281,522
824905,321,4273,523
824906,316,4258,524
824907,319,4240,532
824908,329,4229,541
824909,334,4220,530
824910,327,4216,511
824911,322,4216,492
824912,322,4208,487
824913,315,4200,485
824914,306,4187,467
824915,307,4178,442
824916,310,4171,426
824917,305,4158,416
824918,296,4140,405
824919,297,4127,386
824920,300,4124,372
824921,291,4115,382
824922,286,4099,385
824923,301,4092,355
824924,312,4093,356
824925,328,4086,360
824926,345,4071,360
824927,350,4057,351
824928,357,4047,345
824929,368,4037,337
824930,377,4028,322
824931,373,4018,318
824932,353,4002,328
824933,339,3974,351
824934,333,3956,375
824935,315,3943,396
824936,289,3920,414
824937,282,3896,418
824938,284,3887,413
824939,264,3888,422
824940,236,3881,432
824941,221,3871,427
824942,218,3864,417
824943,224,3864,398
824944,233,3869,378
824945,239,3868,360
824946,242,3870,327
824947,251,3888,292
824948,267,3914,276
824949,267,3924,278
824950,258,3929,291
824951,250,3938,308
824952,243,3930,324
824953,234,3920,340
824954,210,3915,357
824955,173,3912,385
824956,149,3917,407
824957,136,3916,417
824958,120,3912,431
824959,79,3874,469
824960,68,3871,465
824961,54,3876,451
824962,24,3870,445
824963,8,3872,436
824964,22,3891,435
824965,50,3916,451
824966,87,3939,480
824967,122,3953,517
824968,155,3958,563
824969,197,3955,593
824970,239,3957,603
824971,278,3968,607
824972,316,3982,613
824973,347,3992,627
824974,359,3992,644
824975,358,3998,670
824976,346,4017,709
824977,338,4033,732
824978,349,4051,718
824979,352,4076,684
824980,337,4103,653
824981,324,4130,616
824982,313,4142,570
824983,296,4137,546
824984,282,4138,530
824985,294,4155,515
824986,319,4176,527
824987,330,4193,560
824988,326,4193,592
824989,317,4181,606
824990,316,4166,614
824991,312,4143,616
824992,301,4128,592
824993,292,4128,562
824994,287,4131,544
824995,281,4132,522
824996,264,4152,457
824997,253,4158,412
824998,255,4170,340
824999,257,4189,281
825000,220,4204,256
825001,167,4218,228
825002,135,4234,189
825003,126,4248,156
825004,128,4262,145
825005,130,4288,161
825006,142,4312,198
825007,163,4320,254
825008,187,4318,327
825009,215,4309,426
825010,233,4297,542
825011,236,4282,637
825012,238,4281,705
825013,244,4284,755
825014,267,4281,779
825015,299,4281,785
825016,310,4295,798
825017,310,4310,788
825018,319,4325,740
825019,325,4350,690
825020,310,4364,662
825021,292,4363,655
825022,277,4368,660
825023,246,4381,656
825024,226,4385,606
825025,244,4379,527
825026,258,4376,492
825027,239,4381,504
825028,215,4381,525
825029,230,4376,547
825030,278,4367,580
825031,298,4354,609
825032,311,4328,576
825033,436,4295,443
825034,448,4282,405
825035,458,4273,380
825036,493,4266,356
825037,518,4260,348
825038,507,4256,338
825039,483,4247,306
825040,476,4235,276
825041,440,4229,299
825042,355,4210,364
825043,308,4191,379
825044,330,4173,322
825045,316,4131,310
825046,213,4107,429
825047,136,4091,523
825048,189,4062,468
825049,270,4057,384
825050,254,4071,349
825051,239,4067,295
825052,288,4053,225
825053,281,4064,245
825054,250,4079,254
825055,344,4075,138
825056,441,4087,50
825057,433,4114,89
825058,456,4124,113
825059,495,4130,131
825060,445,4139,245
825061,371,4144,373
825062,333,4141,462
825063,301,4138,546
825064,252,4138,641
825065,187,4149,745
825066,164,4159,777
825067,214,4150,703
825068,277,4149,643
825069,332,4158,631
825070,460,4189,594
825071,506,4196,512
825072,566,4173,423
825073,533,4160,516
825074,416,4172,720
825075,395,4175,756
825076,445,4152,642
825077,407,4139,614
825078,324,4144,684
825079,313,4137,720
825080,347,4126,755
825081,342,4138,845
825082,321,4167,909
825083,346,4188,844
825084,389,4206,682
825085,431,4225,489
825086,496,4241,316
825087,548,4261,235
825088,526,4290,263
825089,421,4320,368
825090,308,4349,508
825091,245,4379,598
825092,240,4385,590
825093,288,4381,521
825094,334,4369,481
825095,352,4353,489
825096,375,4341,465
825097,427,4335,438
825098,462,4345,478
825099,431,4344,552
825100,433,4325,585
825101,488,4311,588
825102,458,4297,636
825103,373,4280,699
825104,329,4285,687
825105,311,4294,614
825106,308,4289,537
825107,373,4302,560
825108,385,4313,660
825109,402,4303,693
825110,456,4292,656
825111,501,4272,591
825112,503,4260,582
825113,456,4263,656
825114,395,4245,748
825115,380,4214,786
825116,356,4189,806
825117,260,4157,844
825118,166,4138,894
825119,121,4134,929
825120,112,4119,915
825121,150,4111,885
825122,186,4117,855
825123,195,4119,842
825124,233,4120,826
825125,274,4124,792
825126,280,4135,807
825127,271,4153,864
825128,266,4156,864
825129,310,4159,817
825130,370,4174,787
825131,385,4186,803
825132,394,4198,818
825133,399,4205,837
825134,363,4212,892
825135,304,4222,942
825136,289,4225,948
825137,311,4225,947
825138,296,4221,990
825139,258,4214,1045
825140,275,4216,1052
825141,335,4226,1036
825142,354,4221,1057
825143,361,4206,1073
825144,365,4212,1063
825145,343,4222,1074
825146,317,4233,1061
825147,314,4227,1025
825148,339,4223,1012
825149,356,4218,1006
825150,363,4208,972
825151,384,4193,886
825152,404,4178,821
825153,391,4176,841
825154,341,4169,881
825155,317,4144,893
825156,343,4117,900
825157,311,4112,949
825158,218,4104,989
825159,210,4101,956
825160,283,4100,866
825161,331,4099,800
825162,330,4121,773
825163,303,4133,750
825164,310,4146,739
825165,324,4161,742
825166,304,4176,774
825167,281,4197,792
825168,271,4219,772
825170,273,4240,718
825170,269,4255,684
825171,257,4279,690
825172,244,4311,707
825173,242,4348,747
825174,233,4381,795
825175,220,4410,849
825176,211,4441,886
825177,187,4462,922
825178,191,4489,956
825179,218,4531,989
825180,214,4591,1056
825182,232,4618,1067
825183,236,4652,1071
825184,225,4681,1060
825185,228,4697,1028
825186,250,4699,958
825186,266,4690,906
825187,243,4694,925
825188,183,4690,971
825190,155,4679,1002
825191,148,4685,993
825192,100,4680,976
825193,82,4670,985
825194,87,4676,990
825195,66,4666,942
825196,84,4649,864
825197,129,4642,824
825198,136,4649,873
825199,106,4669,933
825200,70,4664,927
825201,89,4656,900
825202,119,4675,917
825203,120,4689,926
825204,176,4687,857
825205,270,4683,740
825206,310,4666,656
825207,307,4655,655
825208,278,4679,726
825209,233,4703,788
825210,227,4717,775
825211,247,4723,759
825212,235,4723,792
825213,203,4737,835
825214,188,4744,847
825215,188,4729,856
825216,176,4713,884
825217,146,4705,916
825218,118,4717,991
825219,128,4720,1003
825220,138,4724,1004
825221,125,4729,987
825222,104,4729,959
825223,112,4734,925
825224,124,4749,891
825225,124,4764,848
825226,137,4780,789
825227,163,4793,733
825228,186,4802,711
825229,200,4797,695
825230,228,4784,663
825231,253,4779,652
825232,237,4767,659
825233,217,4745,657
825234,216,4721,655
825235,215,4697,674
825236,200,4666,695
825237,182,4632,711
825238,174,4595,743
825239,155,4573,795
825240,119,4561,819
825241,106,4538,796
825242,140,4511,782
825243,166,4490,820
825244,151,4473,877
825245,155,4458,893
825246,195,4453,881
825247,233,4450,891
825248,240,4450,929
825249,226,4455,969
825250,219,4460,1002
825251,217,4464,1038
825252,216,4460,1083
825253,229,4449,1114
825254,314,4456,1193
825255,347,4459,1235
825256,398,4464,1274
825257,452,4461,1309
825258,505,4442,1348
825259,566,4427,1393
825260,613,4412,1434
825261,653,4391,1464
825262,688,4373,1487
825263,701,4359,1502
825264,708,4344,1507
825265,711,4330,1506
825266,706,4320,1493
825267,692,4311,1475
825268,662,4300,1464
825269,637,4286,1454
825270,620,4266,1436
825271,599,4245,1411
825272,570,4219,1392
825273,526,4187,1365
825274,485,4167,1325
825275,444,4156,1281
825276,397,4136,1228
825277,351,4103,1173
825278,311,4066,1119
825279,276,4030,1062
825280,248,4002,991
825281,228,3983,912
825282,216,3962,839
825283,213,3934,762
825284,208,3909,684
825285,202,3889,618
825286,207,3880,556
825287,218,3876,501
825288,227,3864,444
825289,232,3848,384
825290,240,3826,282
825291,263,3810,256
825292,282,3804,238
825293,301,3810,224
825294,322,3812,222
825295,337,3807,236
825296,356,3804,261
825297,373,3802,291
825298,382,3796,322
825299,388,3793,350
825300,397,3793,381
825301,401,3799,416
825302,403,3809,457
825303,400,3811,483
825304,383,3803,504
825305,368,3790,551
825306,364,3783,592
825307,362,3789,610
825308,363,3792,623
825309,369,3785,648
825310,382,3780,688
825311,398,3780,725
825312,409,3784,755
825313,426,3787,782
825314,448,3779,811
825315,467,3768,841
825316,483,3758,870
825317,502,3753,893
825318,518,3752,919
825319,530,3743,943
825320,548,3731,951
825321,572,3719,949
825322,597,3707,951
825323,617,3696,955
825324,631,3686,952
825325,643,3676,953
825326,663,3665,956
825327,669,3644,950
825328,656,3635,928
825329,644,3628,904
825330,629,3624,887
825331,609,3621,867
825332,583,3617,840
825333,552,3613,811
825334,516,3611,777
825335,487,3617,730
825336,462,3625,678
825337,433,3630,634
825338,399,3630,598
825339,363,3628,570
825340,336,3629,557
825341,331,3628,555
825342,333,3632,544
825343,332,3635,528
825344,338,3631,509
825345,349,3627,497
825346,366,3625,510
825347,386,3622,552
825348,420,3618,595
825349,468,3611,616
825350,512,3605,637
825351,548,3598,658
825352,581,3592,679
825353,609,3586,697
825354,625,3579,704
825355,634,3575,716
825356,640,3572,725
825357,641,3571,730
825358,644,3573,742
825359,650,3577,746
825360,646,3586,746
825361,627,3592,748
825362,600,3593,749
825363,583,3609,717
825364,585,3616,691
825365,581,3625,664
825366,578,3636,643
825367,580,3643,635
825368,574,3651,638
825369,572,3654,647
825370,579,3644,659
825371,578,3637,665
825372,570,3635,662
825373,560,3625,657
825374,551,3607,649
825375,535,3587,646
825376,517,3570,647
825377,515,3556,630
825378,516,3547,618
825379,509,3532,615
825380,509,3512,598
825381,518,3502,573
825382,521,3495,541
825383,519,3486,510
825384,529,3489,489
825385,539,3498,466
825386,536,3505,449
825387,536,3510,440
825388,543,3511,430
825389,542,3513,416
825390,531,3516,398
825391,521,3521,383
825392,519,3527,373
825393,524,3523,364
825394,529,3509,365
825395,527,3503,385
825396,513,3504,417
825397,497,3507,439
825398,492,3515,449
825399,492,3517,460
825400,474,3519,478
825401,477,3530,500
825402,483,3538,525
825403,480,3544,542
825404,478,3555,555
825405,482,3573,584
825406,487,3588,612
825407,495,3609,626
825408,496,3637,630
825409,491,3660,627
825410,488,3682,621
825411,479,3709,614
825412,475,3732,607
825413,477,3752,608
825414,474,3777,602
825415,462,3804,581
825416,439,3829,551
825417,409,3843,530
825418,386,3859,534
825419,368,3883,547
825420,351,3901,553
825421,334,3912,559
825422,321,3923,564
825423,313,3929,571
825424,308,3928,585
825425,313,3923,603
825426,329,3922,620
825427,342,3931,622
825428,355,3941,617
825429,375,3945,626
825430,398,3939,645
825431,422,3930,660
825432,447,3926,661
825433,474,3926,655
825434,499,3928,655
825435,519,3936,653
825436,553,3955,664
825437,569,3971,658
825438,579,3983,649
825439,585,3990,635
825440,585,3991,618
825441,577,3989,604
825442,565,3990,596
825443,551,3987,599
825444,535,3985,605
825445,511,3982,612
825446,485,3976,610
825447,463,3973,596
825448,444,3958,583
825449,427,3934,573
825450,409,3922,569
825451,397,3923,555
825452,398,3921,528
825453,413,3913,488
825454,431,3905,440
825455,430,3901,400
825456,424,3892,371
825457,427,3874,342
825458,437,3860,306
825459,451,3854,277
825460,466,3852,262
825461,478,3855,261
825462,483,3857,258
825463,491,3862,264
825464,500,3870,289
825465,508,3869,306
825466,516,3875,308
825467,521,3887,314
825468,523,3888,329
825469,525,3883,351
825470,524,3891,377
825471,526,3908,399
825472,529,3918,416
825473,539,3935,465
825474,535,3945,481
825475,526,3951,490
825476,528,3954,511
825477,532,3956,537
825478,524,3952,549
825479,523,3944,565
825480,534,3938,586
825481,538,3930,585
825482,536,3913,571
825483,534,3896,563
825484,532,3886,565
825485,532,3873,564
825486,534,3861,554
825487,543,3852,548
825488,558,3845,542
825489,581,3843,539
825490,607,3835,531
825491,623,3824,519
825492,628,3820,503
825493,632,3816,490
825494,642,3822,481
825495,646,3831,464
825496,633,3830,461
825497,621,3839,466
825498,614,3852,469
825499,605,3855,472
825500,591,3864,480
825501,575,3873,481
825502,558,3877,464
825503,533,3888,460
825504,509,3912,466
825505,495,3933,461
825506,483,3939,455
825507,463,3945,443
825508,443,3955,428
825509,425,3990,438
825510,407,4011,429
825511,388,4031,414
825512,374,4048,406
825513,369,4058,401
825514,367,4075,399
825515,364,4100,403
825516,367,4123,405
825517,369,4144,412
825518,362,4163,441
825519,362,4181,488
825520,377,4195,526
825521,392,4206,561
825522,402,4220,612
825523,411,4229,672
825524,423,4230,724
825525,438,4232,764
825526,443,4234,798
825527,445,4234,827
825528,451,4235,854
825529,452,4240,878
825530,455,4235,892
825531,460,4222,906
825532,466,4212,926
825533,466,4211,938
825534,456,4212,932
825535,446,4215,923
825536,435,4221,917
825537,421,4218,897
825538,404,4207,865
825539,387,4198,837
825540,383,4192,813
825541,391,4183,771
825542,396,4167,719
825543,397,4154,681
825544,396,4140,646
825545,390,4126,601
825546,391,4114,524
825547,387,4095,479
825548,384,4079,438
825549,387,4075,406
825550,387,4069,372
825551,385,4064,344
825552,385,4061,332
825553,376,4062,318
825554,363,4066,296
825555,356,4074,278
825556,353,4084,260
825557,351,4098,242
825558,342,4119,228
825559,329,4148,235
825560,322,4179,256
825561,318,4203,273
825562,319,4222,298
825563,329,4243,327
825564,338,4264,355
825565,344,4274,382
825566,358,4282,410
825567,367,4294,441
825568,370,4303,477
825569,375,4308,523
825570,383,4315,571
825571,391,4313,611
825572,396,4303,642
825573,403,4305,667
825574,413,4309,690
825575,428,4305,712
825576,438,4306,737
825577,445,4301,762
825578,462,4286,781
825579,482,4277,786
825580,498,4262,782
825581,512,4237,774
825582,515,4195,789
825583,506,4189,783
825584,503,4183,762
825585,503,4165,740
825586,496,4142,716
825587,485,4125,685
825588,470,4116,653
825589,455,4103,636
825590,448,4087,618
825591,444,4075,584
825592,443,4063,545
825593,440,4054,506
825594,437,4033,483
825595,436,4003,475
825596,423,3980,469
825597,398,3964,456
825598,373,3948,430
825599,352,3929,409
825600,334,3914,397
825601,328,3906,388
825602,325,3902,388
825603,313,3897,382
825604,305,3897,358
825605,313,3897,332
825606,334,3896,316
825607,361,3903,304
825608,389,3914,296
825609,416,3915,283
825610,437,3918,285
825611,448,3935,306
825612,453,3962,321
825613,456,3992,342
825614,458,4016,360
825615,455,4035,370
825616,447,4058,392
825617,442,4079,414
825618,432,4102,474
825619,424,4107,519
825620,416,4120,564
825621,414,4134,598
825622,423,4143,621
825623,424,4147,650
825624,420,4144,683
825625,425,4136,711
825626,430,4127,735
825627,435,4121,760
825628,432,4115,786
825629,428,4104,804
825630,433,4094,822
825631,441,4091,834
825632,452,4085,824
825633,464,4072,809
825634,473,4059,801
825635,475,4048,781
825636,477,4041,752
825637,478,4041,723
825638,485,4035,691
825639,494,4020,669
825640,499,4013,657
825641,501,4014,643
825642,500,4013,615
825643,494,4015,582
825644,483,4020,552
825645,467,4027,522
825646,450,4033,500
825647,440,4035,486
825648,427,4038,471
825649,409,4050,463
825650,391,4061,460
825651,366,4059,451
825652,344,4057,443
825653,339,4062,442
825654,342,4069,445
825655,340,4054,471
825656,333,4049,501
825657,337,4049,517
825658,346,4050,526
825659,349,4053,543
825660,343,4060,554
825661,343,4069,569
825662,350,4078,581
825663,355,4087,589
825664,364,4100,605
825665,378,4117,616
825666,393,4130,629
825667,400,4145,649
825668,411,4156,665
825669,430,4162,674
825670,437,4178,681
825671,437,4195,691
825672,436,4202,702
825673,430,4206,708
825674,423,4203,710
825675,416,4195,704
825676,409,4190,696
825677,398,4188,694
825678,389,4182,695
825679,387,4173,696
825680,388,4172,690
825681,392,4163,663
825682,401,4149,651
825683,407,4141,654
825684,423,4125,640
825685,455,4113,620
825686,477,4108,587
825687,484,4101,541
825688,497,4096,499
825689,514,4094,474
825690,526,4089,462
825691,537,4093,446
825692,530,4126,427
825693,520,4140,437
825694,513,4154,447
825695,509,4164,446
825696,506,4170,449
825697,502,4176,466
825698,489,4188,494
825699,470,4200,516
825700,452,4208,525
825701,438,4204,537
825702,420,4198,571
825703,400,4194,606
825704,390,4187,620
825705,382,4183,637
825706,368,4178,661
825707,357,4175,665
825708,354,4177,665
825709,350,4175,669
825710,335,4170,672
825711,318,4173,676
825712,315,4171,666
825713,319,4158,652
825714,322,4150,641
825715,321,4145,623
825716,323,4141,592
825717,332,4144,568
825718,338,4147,560
825719,334,4144,547
825720,330,4131,537
825721,332,4119,538
825722,329,4114,529
825723,324,4114,506
825724,329,4118,492
825725,334,4108,492
825726,338,4092,494
825727,344,4088,498
825728,344,4086,500
825729,353,4077,484
825730,347,4085,473
825731,338,4098,458
825732,323,4109,443
825733,313,4120,431
825734,321,4129,432
825735,331,4145,437
825736,329,4162,448
825737,317,4165,470
825738,308,4162,488
825739,302,4161,497
825740,297,4157,502
825741,287,4146,505
825742,279,4136,510
825743,279,4134,511
825744,275,4140,502
825745,273,4145,485
825746,280,4143,469
825747,285,4136,453
825748,286,4124,428
825749,291,4110,408
825750,295,4099,395
825751,297,4098,388
825752,303,4102,390
825753,309,4100,395
825754,319,4091,396
825755,333,4085,385
825756,341,4089,372
825757,346,4094,372
825758,350,4089,393
825759,362,4089,419
825760,379,4098,432
825761,387,4105,442
825762,389,4109,461
825763,394,4105,478
825764,404,4104,496
825765,415,4107,506
825766,419,4108,516
825767,416,4116,520
825768,407,4125,514
825769,398,4136,508
825770,395,4148,501
825771,394,4151,505
825772,393,4154,516
825773,395,4159,512
825774,400,4164,511
825775,403,4165,515
825776,402,4166,522
825777,401,4169,522
825778,407,4168,521
825779,422,4165,521
825780,431,4166,523
825781,430,4157,543
825782,433,4145,563
825783,444,4146,564
825784,460,4146,561
825785,475,4130,564
825786,494,4118,571
825787,504,4115,588
825788,509,4113,599
825789,519,4109,597
825790,520,4106,596
825791,511,4113,602
825792,496,4118,601
825793,477,4124,581
825794,454,4133,555
825795,431,4138,547
825796,413,4137,539
825797,397,4142,513
825798,383,4148,490
825799,365,4154,490
825800,342,4166,503
825801,329,4176,508
825802,324,4204,506
825803,317,4218,513
825804,305,4232,518
825805,301,4246,508
825806,304,4259,499
825807,311,4267,499
825808,319,4272,501
825809,330,4278,513
825810,341,4280,528
825811,350,4281,541
825812,361,4282,556
825813,373,4280,570
825814,380,4269,576
825815,373,4256,582
825816,359,4254,594
825817,355,4250,597
825818,355,4234,593
825819,345,4225,597
825820,328,4223,589
825821,314,4220,559
825822,308,4219,528
825823,303,4224,509
825824,292,4241,489
825825,281,4259,469
825826,275,4276,454
825827,267,4289,443
825828,255,4293,435
825829,252,4301,431
825830,245,4319,445
825831,224,4337,466
825832,210,4346,487
825833,205,4349,512
825834,203,4347,528
825835,198,4345,542
825836,196,4355,577
825837,213,4368,608
825838,251,4352,655
825839,273,4350,703
825840,296,4353,743
825841,319,4351,765
825842,340,4345,782
825843,347,4328,793
825844,339,4312,789
825845,327,4308,789
825846,323,4297,806
825847,326,4284,808
825848,331,4280,802
825849,329,4276,807
825850,320,4275,795
825851,319,4274,758
825852,319,4264,735
825853,309,4263,748
825854,302,4260,767
825855,302,4251,776
825856,306,4253,781
825857,313,4259,778
825858,325,4263,764
825859,347,4257,751
825860,377,4247,750
825861,396,4237,760
825862,403,4228,768
825863,414,4222,766
825864,423,4210,758
825865,429,4199,734
825866,433,4202,718
825867,431,4201,707
825868,425,4193,687
825869,421,4188,670
825870,411,4191,643
825871,387,4195,609
825872,355,4187,598
825873,328,4176,596
825874,298,4175,581
825875,226,4174,558
825876,247,4157,553
825877,291,4143,545
825878,328,4128,535
825879,359,4123,521
825880,387,4128,505
825881,412,4138,487
825882,426,4140,482
