2166559,-91,4123,228
2166560,-90,4123,232
2166561,-90,4120,228
2166562,-98,4120,228
2166563,-114,4124,227
2166564,-122,4128,227
2166565,-109,4126,233
2166566,-97,4124,232
2166567,-102,4122,227
2166568,-100,4111,226
2166569,-95,4105,223
2166570,-92,4108,218
2166571,-82,4101,226
2166572,-86,4102,223
2166573,-90,4098,212
2166574,-89,4090,202
2166575,-88,4095,200
2166576,-95,4105,202
2166577,-109,4102,202
2166578,-124,4098,191
2166579,-133,4104,181
2166580,-138,4110,178
2166581,-142,4118,176
2166582,-153,4134,170
2166583,-158,4148,160
2166584,-148,4154,174
2166585,-142,4155,197
2166586,-142,4159,199
2166587,-147,4166,199
2166588,-148,4171,209
2166589,-144,4178,219
2166590,-143,4180,221
2166591,-139,4178,226
2166592,-131,4175,236
2166593,-128,4173,239
2166594,-126,4167,246
2166595,-131,4159,254
2166596,-140,4162,256
2166597,-142,4170,253
2166598,-140,4177,245
2166599,-144,4174,239
2166600,-149,4169,232
2166601,-147,4169,224
2166602,-140,4163,214
2166603,-130,4154,210
2166604,-118,4153,212
2166605,-113,4152,224
2166606,-114,4145,240
2166607,-115,4141,222
2166608,-121,4138,219
2166609,-122,4133,225
2166610,-116,4126,229
2166611,-113,4124,220
2166612,-117,4131,225
2166613,-123,4132,238
2166614,-116,4130,243
2166615,-111,4137,244
2166616,-113,4150,253
2166617,-113,4157,268
2166618,-119,4159,271
2166619,-122,4162,267
2166620,-115,4164,268
2166621,-110,4169,277
2166622,-112,4170,285
2166623,-121,4160,289
2166624,-130,4161,295
2166625,-133,4173,308
2166626,-137,4172,320
2166627,-148,4165,322
2166628,-148,4163,326
2166629,-136,4164,329
2166630,-129,4158,329
2166631,-123,4149,330
2166632,-112,4147,330
2166633,-104,4149,341
2166634,-106,4153,352
2166635,-108,4154,348
2166636,-102,4152,339
2166637,-98,4153,330
2166638,-92,4149,325
2166639,-86,4138,331
2166640,-85,4129,330
2166641,-89,4124,318
2166642,-88,4113,313
2166643,-80,4084,300
2166644,-82,4080,289
2166645,-93,4080,277
2166646,-104,4082,270
2166647,-116,4092,252
2166648,-125,4107,232
2166649,-123,4109,210
2166650,-126,4099,195
2166651,-139,4096,191
2166652,-146,4094,191
2166653,-146,4093,190
2166654,-143,4103,186
2166655,-147,4106,184
2166656,-151,4103,186
2166657,-147,4105,200
2166658,-139,4105,222
2166659,-132,4102,236
2166660,-133,4104,244
2166661,-144,4115,262
2166662,-149,4117,286
2166663,-145,4114,300
2166664,-133,4112,307
2166665,-124,4113,312
2166666,-122,4118,322
2166667,-115,4123,333
2166668,-109,4131,339
2166669,-105,4139,342
2166670,-101,4138,343
2166671,-97,4133,348
2166672,-96,4135,349
2166673,-93,4143,342
2166674,-96,4152,345
2166675,-105,4156,338
2166676,-107,4152,319
2166677,-105,4151,306
2166678,-107,4154,297
2166679,-103,4139,307
2166680,-105,4141,299
2166681,-103,4147,289
2166682,-99,4145,285
2166683,-98,4139,291
2166684,-100,4136,301
2166685,-101,4138,302
2166686,-104,4137,293
2166687,-109,4136,288
2166688,-114,4140,294
2166689,-115,4142,300
2166690,-106,4144,301
2166691,-89,4144,299
2166692,-88,4143,293
2166693,-99,4145,291
2166694,-100,4145,292
2166695,-86,4138,280
2166696,-75,4129,277
2166697,-76,4124,290
2166698,-76,4125,297
2166699,-68,4130,301
2166700,-54,4135,290
2166701,-44,4141,264
2166702,-47,4139,256
2166703,-52,4131,271
2166704,-52,4121,290
2166705,-57,4115,302
2166706,-64,4127,303
2166707,-65,4140,295
2166708,-72,4140,277
2166709,-83,4131,268
2166710,-87,4126,273
2166711,-83,4126,278
2166712,-84,4125,279
2166713,-87,4129,269
2166714,-84,4133,257
2166715,-78,4138,263
2166716,-93,4138,289
2166717,-92,4133,291
2166718,-93,4140,293
2166719,-95,4147,290
2166720,-83,4150,291
2166721,-70,4155,294
2166722,-79,4157,296
2166723,-94,4153,295
2166724,-104,4150,285
2166725,-115,4152,273
2166726,-121,4157,269
2166727,-121,4161,272
2166728,-118,4167,278
2166729,-125,4168,276
2166730,-128,4167,267
2166731,-114,4176,268
2166732,-99,4189,284
2166733,-89,4198,299
2166734,-83,4207,317
2166735,-80,4210,349
2166736,-79,4219,378
2166737,-78,4237,392
2166738,-68,4245,398
2166739,-57,4240,416
2166740,-52,4237,441
2166741,-48,4233,453
2166742,-40,4223,462
2166743,-27,4210,466
2166744,-23,4195,465
2166745,-23,4185,461
2166746,-23,4177,446
2166747,-25,4175,424
2166748,-23,4180,406
2166749,-25,4177,384
2166750,-28,4171,358
2166751,-33,4166,335
2166752,-53,4166,302
2166753,-60,4165,288
2166754,-67,4151,275
2166755,-68,4143,269
2166756,-71,4140,267
2166757,-80,4137,259
2166758,-93,4133,247
2166759,-99,4132,232
2166760,-100,4135,229
2166761,-109,4130,237
2166762,-123,4123,247
2166763,-131,4121,256
2166764,-135,4126,265
2166765,-137,4137,269
2166766,-131,4139,265
2166767,-125,4134,261
2166768,-128,4131,250
2166769,-131,4132,237
2166770,-130,4131,230
2166771,-132,4130,226
2166772,-130,4127,218
2166773,-122,4120,215
2166774,-110,4114,221
2166775,-104,4111,233
2166776,-104,4112,242
2166777,-100,4114,242
2166778,-91,4111,254
2166779,-84,4107,275
2166780,-82,4111,290
2166781,-81,4120,305
2166782,-77,4123,317
2166783,-65,4121,328
2166784,-59,4121,348
2166785,-60,4121,359
2166786,-59,4124,355
2166787,-60,4124,346
2166788,-65,4109,335
2166789,-75,4102,324
2166790,-81,4097,302
2166791,-87,4104,276
2166792,-95,4112,262
2166793,-105,4123,248
2166794,-114,4141,229
2166795,-127,4161,208
2166796,-145,4176,189
2166797,-150,4190,185
2166798,-147,4211,196
2166799,-141,4227,213
2166800,-137,4223,224
2166801,-140,4210,228
2166802,-142,4205,228
2166803,-137,4205,224
2166804,-131,4202,233
2166805,-126,4189,254
2166806,-119,4171,260
2166807,-111,4153,257
2166808,-105,4138,257
2166809,-100,4133,255
2166810,-100,4130,253
2166811,-102,4126,248
2166812,-102,4125,226
2166813,-105,4119,200
2166814,-102,4118,187
2166815,-95,4118,177
2166816,-94,4121,166
2166817,-95,4124,152
2166818,-97,4124,135
2166819,-103,4123,127
2166820,-112,4126,132
2166821,-121,4137,145
2166822,-125,4143,154
2166823,-128,4141,166
2166824,-135,4147,204
2166825,-141,4153,217
2166826,-148,4154,234
2166827,-152,4149,253
2166828,-146,4145,269
2166829,-137,4140,275
2166830,-127,4140,277
2166831,-118,4140,280
2166832,-110,4136,277
2166833,-102,4134,267
2166834,-93,4128,259
2166835,-82,4122,252
2166836,-82,4119,247
2166837,-97,4130,241
2166838,-111,4144,229
2166839,-112,4143,220
2166840,-108,4137,213
2166841,-108,4138,203
2166842,-107,4137,196
2166843,-111,4124,192
2166844,-116,4111,194
2166845,-124,4112,197
2166846,-138,4123,201
2166847,-145,4129,206
2166848,-142,4122,211
2166849,-143,4111,219
2166850,-143,4109,224
2166851,-144,4113,229
2166852,-147,4121,234
2166853,-145,4133,233
2166854,-135,4135,229
2166855,-118,4133,231
2166856,-107,4136,238
2166857,-104,4136,236
2166858,-100,4137,233
2166859,-96,4142,236
2166860,-73,4141,253
2166861,-72,4141,269
2166862,-74,4144,289
2166863,-74,4154,308
2166864,-73,4161,316
2166865,-67,4164,319
2166866,-63,4170,307
2166867,-68,4175,287
2166868,-73,4174,283
2166869,-68,4176,288
2166870,-73,4183,298
2166871,-85,4182,304
2166872,-91,4172,293
2166873,-93,4161,281
2166874,-96,4156,272
2166875,-94,4156,270
2166876,-91,4152,271
2166877,-91,4148,265
2166878,-86,4145,263
2166879,-85,4137,262
2166880,-89,4132,259
2166881,-83,4133,264
2166882,-71,4129,265
2166883,-67,4123,265
2166884,-74,4117,273
2166885,-76,4109,275
2166886,-71,4106,272
2166887,-72,4109,277
2166888,-74,4107,285
2166889,-73,4106,289
2166890,-70,4109,276
2166891,-61,4112,262
2166892,-62,4115,265
2166893,-71,4113,263
2166894,-73,4113,260
2166895,-72,4117,264
2166896,-87,4129,260
2166897,-93,4134,265
2166898,-95,4139,282
2166899,-97,4141,293
2166900,-113,4142,309
2166901,-123,4140,326
2166902,-123,4143,337
2166903,-127,4151,353
2166904,-126,4152,361
2166905,-124,4146,353
2166906,-125,4145,343
2166907,-127,4148,344
2166908,-122,4148,344
2166909,-111,4150,335
2166910,-93,4152,326
2166911,-75,4149,315
2166912,-61,4143,312
2166913,-58,4138,311
2166914,-63,4142,305
2166915,-68,4151,314
2166916,-73,4150,323
2166917,-76,4138,327
2166918,-69,4134,335
2166919,-66,4135,343
2166920,-70,4129,348
2166921,-72,4128,355
2166922,-80,4140,362
2166923,-88,4150,350
2166924,-84,4146,331
2166925,-80,4133,333
2166926,-78,4121,339
2166927,-71,4118,331
2166928,-77,4116,320
2166929,-82,4113,314
2166930,-78,4121,310
2166931,-72,4124,300
2166932,-80,4124,287
2166933,-84,4126,291
2166934,-88,4131,290
2166935,-86,4143,286
2166936,-85,4151,288
2166937,-91,4151,285
2166938,-100,4148,285
2166939,-111,4148,294
2166940,-114,4155,303
2166941,-99,4161,294
2166942,-85,4164,274
2166943,-81,4167,272
2166944,-83,4168,282
2166945,-91,4172,286
2166946,-101,4177,284
2166947,-109,4180,282
2166948,-112,4186,275
2166949,-116,4192,269
2166950,-121,4198,284
2166951,-116,4197,303
2166952,-114,4188,293
2166953,-112,4186,276
2166954,-103,4190,279
2166955,-94,4193,292
2166956,-87,4196,302
2166957,-88,4194,302
2166958,-92,4180,292
2166959,-99,4169,282
2166960,-99,4173,281
2166961,-95,4189,278
2166962,-94,4198,272
2166963,-94,4196,254
2166964,-95,4183,226
2166965,-101,4170,219
2166966,-108,4164,217
2166967,-108,4158,202
2166968,-99,4158,189
2166969,-102,4155,181
2166970,-112,4152,179
2166971,-130,4152,179
2166972,-150,4145,179
2166973,-157,4142,185
2166974,-150,4142,191
2166975,-142,4144,186
2166976,-142,4154,174
2166977,-145,4163,178
2166978,-152,4158,183
2166979,-152,4151,183
2166980,-146,4153,189
2166981,-142,4156,205
2166982,-132,4156,218
2166983,-120,4161,224
2166984,-118,4169,240
2166985,-121,4168,258
2166986,-121,4163,278
2166987,-114,4162,292
2166988,-109,4157,296
2166989,-106,4156,314
2166990,-98,4155,341
2166991,-93,4148,358
2166992,-92,4140,352
2166993,-86,4144,340
2166994,-78,4155,342
2166995,-76,4157,355
2166996,-79,4149,370
2166997,-73,4146,375
2166998,-61,4144,362
2166999,-56,4144,343
2167000,-57,4150,329
2167001,-57,4149,316
2167002,-54,4147,307
2167003,-52,4145,299
2167004,-68,4127,304
2167005,-79,4116,304
2167006,-86,4117,307
2167007,-86,4123,311
2167008,-76,4126,304
2167009,-75,4127,292
2167010,-75,4128,278
2167011,-67,4125,278
2167012,-61,4122,285
2167013,-68,4117,293
2167014,-78,4110,287
2167015,-80,4106,272
2167016,-76,4104,271
2167017,-74,4100,274
2167018,-76,4096,263
2167019,-79,4102,256
2167020,-85,4114,272
2167021,-89,4125,288
2167022,-91,4136,287
2167023,-95,4144,287
2167024,-101,4147,282
2167025,-112,4151,275
2167026,-126,4156,279
2167027,-140,4160,287
2167028,-144,4161,299
2167029,-150,4166,305
2167030,-155,4170,311
2167031,-154,4168,314
2167032,-155,4158,323
2167033,-154,4144,342
2167034,-152,4138,360
2167035,-143,4141,371
2167036,-134,4144,375
2167037,-128,4149,381
2167038,-117,4153,381
2167039,-102,4147,373
2167040,-75,4129,347
2167041,-68,4133,340
2167042,-68,4138,327
2167043,-64,4146,318
2167044,-50,4153,313
2167045,-33,4152,306
2167046,-21,4152,307
2167047,-21,4157,303
2167048,-32,4159,291
2167049,-44,4157,277
2167050,-51,4159,274
2167051,-54,4160,280
2167052,-63,4154,286
2167053,-77,4148,290
2167054,-83,4151,282
2167055,-90,4149,278
2167056,-109,4138,291
2167057,-125,4137,295
2167058,-136,4141,294
2167059,-141,4140,298
2167060,-138,4140,302
2167061,-132,4138,304
2167062,-122,4136,294
2167063,-111,4135,288
2167064,-102,4138,294
2167065,-98,4137,293
2167066,-94,4131,288
2167067,-90,4131,289
2167068,-85,4133,286
2167069,-77,4135,292
2167070,-67,4141,304
2167071,-58,4143,310
2167072,-75,4143,312
2167073,-95,4134,299
2167074,-107,4126,287
2167075,-111,4128,276
2167076,-106,4130,275
2167077,-101,4129,274
2167078,-99,4127,258
2167080,-98,4128,250
2167081,-102,4129,250
2167082,-106,4131,240
2167083,-105,4134,228
2167084,-107,4136,220
2167085,-107,4141,208
2167086,-106,4147,204
2167087,-105,4149,214
2167088,-108,4149,221
2167089,-112,4154,217
2167090,-108,4161,208
2167091,-100,4160,202
2167092,-96,4158,208
2167093,-98,4160,206
2167094,-105,4167,204
2167095,-107,4175,215
2167096,-103,4181,235
2167097,-101,4181,271
2167098,-92,4172,290
2167099,-77,4157,285
2167100,-65,4146,284
2167101,-63,4142,294
2167102,-58,4137,303
2167103,-55,4125,299
2167104,-52,4119,290
2167105,-56,4125,286
2167106,-64,4130,286
2167107,-72,4136,276
2167108,-79,4146,261
2167109,-78,4154,251
2167110,-69,4160,247
2167111,-72,4158,254
2167112,-78,4152,267
2167113,-79,4149,257
2167114,-89,4142,236
2167115,-101,4138,251
2167116,-108,4141,271
2167117,-104,4146,271
2167118,-99,4145,270
2167119,-102,4136,266
2167120,-101,4137,267
2167121,-97,4143,268
2167122,-100,4135,262
2167123,-101,4125,258
2167124,-91,4123,261
2167125,-89,4128,274
2167126,-96,4132,279
2167127,-98,4127,265
2167128,-89,4117,255
2167129,-88,4114,253
2167130,-89,4116,254
2167131,-90,4122,255
2167132,-97,4122,250
2167133,-104,4117,247
2167134,-105,4110,244
2167135,-104,4105,237
2167136,-100,4107,231
2167137,-94,4110,234
2167138,-98,4117,233
2167139,-115,4131,231
2167140,-126,4143,235
2167141,-130,4144,234
2167142,-126,4135,235
2167143,-114,4136,258
2167144,-114,4147,287
2167145,-121,4154,313
2167146,-121,4158,336
2167147,-116,4152,354
2167148,-107,4139,377
2167149,-93,4135,413
2167150,-83,4141,447
2167151,-71,4141,462
2167152,-61,4143,477
2167153,-54,4153,491
2167154,-47,4157,493
2167155,-39,4157,495
2167156,-32,4152,501
2167157,-27,4150,503
2167158,-32,4147,478
2167159,-37,4149,463
2167160,-55,4148,452
2167161,-70,4145,450
2167162,-83,4140,449
2167163,-89,4136,434
2167164,-86,4136,415
2167165,-89,4137,400
2167166,-85,4142,389
2167167,-71,4146,382
2167168,-58,4144,387
2167169,-53,4143,388
2167170,-58,4140,373
2167171,-73,4132,358
2167172,-87,4126,356
2167173,-94,4130,363
2167174,-97,4135,359
2167175,-98,4128,351
2167176,-93,4118,349
2167177,-84,4121,348
2167178,-90,4129,355
2167179,-100,4138,365
2167180,-91,4147,363
2167181,-78,4154,352
2167182,-75,4162,352
2167183,-76,4164,352
2167184,-75,4158,343
2167185,-71,4162,334
2167186,-67,4172,336
2167187,-67,4178,350
2167188,-70,4182,362
2167189,-74,4183,369
2167190,-75,4184,379
2167191,-74,4182,386
2167192,-72,4177,375
2167193,-67,4168,362
2167194,-66,4160,342
2167195,-75,4163,323
2167196,-88,4162,313
2167197,-90,4165,306
2167198,-91,4166,300
2167199,-94,4169,294
2167200,-96,4170,288
2167201,-95,4168,288
2167202,-95,4164,299
2167203,-96,4157,304
2167204,-94,4157,294
2167205,-96,4156,280
2167206,-97,4147,255
2167207,-83,4139,237
2167208,-74,4140,237
2167209,-90,4149,245
2167210,-101,4155,255
2167211,-104,4151,253
2167212,-107,4151,248
2167213,-107,4157,255
2167214,-112,4166,252
2167215,-121,4177,241
2167216,-129,4187,245
2167217,-136,4194,248
2167218,-138,4196,230
2167219,-147,4193,223
2167220,-170,4192,238
2167221,-180,4193,237
2167222,-172,4185,226
2167223,-175,4184,229
2167224,-188,4196,237
2167225,-192,4208,243
2167226,-187,4212,248
2167227,-181,4201,245
2167228,-173,4188,231
2167229,-177,4185,216
2167230,-135,4174,198
2167231,-117,4171,190
2167232,-111,4160,186
2167233,-113,4146,176
2167234,-113,4132,149
2167235,-112,4119,123
2167236,-117,4111,122
2167237,-129,4105,134
2167238,-136,4093,139
2167239,-136,4080,128
2167240,-139,4073,112
2167241,-152,4066,101
2167242,-177,4065,92
2167243,-199,4068,88
2167244,-209,4068,84
2167245,-209,4071,67
2167246,-207,4071,47
2167247,-211,4066,43
2167248,-215,4061,52
2167249,-215,4069,69
2167250,-214,4083,85
2167251,-216,4089,90
2167252,-220,4091,100
2167253,-214,4097,131
2167254,-199,4103,162
2167255,-189,4111,181
2167256,-173,4124,190
2167257,-151,4138,208
2167258,-137,4146,241
2167259,-130,4146,264
2167260,-121,4148,268
2167261,-115,4151,272
2167262,-111,4144,283
2167263,-102,4137,287
2167264,-84,4131,269
2167265,-81,4125,263
2167266,-78,4121,271
2167267,-72,4118,282
2167268,-64,4115,283
2167269,-61,4110,264
2167270,-62,4104,252
2167271,-62,4101,262
2167272,-62,4104,263
2167273,-67,4099,259
2167274,-71,4091,264
2167275,-68,4090,270
2167276,-70,4092,271
2167277,-79,4096,274
2167278,-89,4100,280
2167279,-103,4109,282
2167280,-118,4122,278
2167281,-130,4129,275
2167282,-136,4132,281
2167283,-136,4139,279
2167284,-139,4146,278
2167285,-148,4150,285
2167286,-152,4157,291
2167287,-141,4167,305
2167288,-121,4173,320
2167289,-116,4175,324
2167290,-116,4178,335
2167291,-105,4179,349
2167292,-86,4176,346
2167293,-72,4177,339
2167294,-66,4183,338
2167295,-62,4186,345
2167296,-51,4180,354
2167297,-46,4172,355
2167298,-52,4167,353
2167299,-59,4171,359
2167300,-57,4171,373
2167301,-58,4170,387
2167302,-75,4173,397
2167303,-89,4174,392
2167304,-95,4171,370
2167305,-92,4175,355
2167306,-79,4178,362
2167307,-71,4173,372
2167308,-70,4176,382
2167309,-67,4183,390
2167310,-68,4181,392
2167311,-66,4176,396
2167312,-63,4176,403
2167313,-64,4176,415
2167314,-70,4178,419
2167315,-74,4180,410
2167316,-72,4172,401
2167317,-77,4167,402
2167318,-82,4167,411
2167319,-90,4163,409
2167320,-126,4150,401
2167321,-189,4130,400
2167322,-247,4122,400
2167323,-269,4123,409
2167324,-255,4124,429
2167325,-226,4122,439
2167326,-180,4113,426
2167327,-132,4103,402
2167328,-85,4099,363
2167329,-43,4107,306
2167330,7,4164,232
2167331,29,4185,231
2167332,61,4186,252
2167333,90,4176,294
2167334,110,4169,344
2167335,113,4169,384
2167336,96,4171,412
2167337,56,4174,441
2167338,-3,4174,465
2167339,-66,4174,478
2167340,-112,4166,493
2167341,-146,4159,513
2167342,-174,4157,513
2167343,-189,4140,487
2167344,-195,4125,458
2167345,-185,4121,446
2167346,-169,4122,426
2167347,-159,4124,408
2167348,-144,4124,403
2167349,-127,4127,386
2167350,-112,4137,366
2167351,-101,4147,354
2167352,-89,4148,344
2167353,-76,4151,334
2167354,-71,4157,323
2167355,-69,4162,322
2167356,-66,4161,324
2167357,-63,4156,319
2167358,-62,4160,316
2167359,-65,4165,310
2167360,-67,4164,289
2167361,-76,4162,287
2167362,-96,4165,312
2167363,-110,4163,320
2167364,-110,4149,326
2167365,-107,4133,339
2167366,-110,4132,326
2167367,-104,4132,317
2167368,-99,4134,310
2167369,-96,4133,304
2167370,-96,4125,297
2167371,-97,4119,294
2167372,-101,4122,307
2167373,-108,4128,317
2167374,-106,4128,313
2167375,-98,4126,296
2167376,-93,4128,278
2167377,-97,4123,275
2167378,-103,4114,277
2167379,-102,4116,280
2167380,-96,4117,272
2167381,-83,4115,269
2167382,-74,4113,282
2167383,-65,4108,292
2167384,-63,4105,303
2167385,-68,4105,310
2167386,-65,4109,315
2167387,-60,4112,323
2167388,-52,4109,329
2167389,-45,4105,335
2167390,-49,4104,334
2167391,-46,4105,327
2167392,-37,4109,313
2167393,-45,4117,300
2167394,-58,4128,294
2167395,-60,4130,293
2167396,-54,4121,302
2167397,-50,4116,318
2167398,-49,4119,321
2167399,-57,4122,308
2167400,-69,4131,294
2167401,-75,4137,290
2167402,-64,4128,310
2167403,-69,4125,324
2167404,-82,4122,333
2167405,-83,4119,334
2167406,-84,4114,337
2167407,-91,4104,344
2167408,-91,4093,342
2167409,-88,4089,326
2167410,-86,4088,322
2167411,-83,4091,330
2167412,-83,4088,335
2167413,-83,4086,331
2167414,-82,4089,331
2167415,-84,4100,324
2167416,-91,4114,311
2167417,-100,4120,308
2167418,-103,4128,303
2167419,-109,4140,299
2167420,-117,4154,305
2167421,-118,4161,301
2167422,-115,4161,286
2167423,-111,4167,284
2167424,-112,4174,294
2167425,-114,4178,308
2167426,-115,4175,325
2167427,-127,4170,332
2167428,-143,4171,328
2167429,-143,4174,329
2167430,-143,4172,340
2167431,-152,4163,355
2167432,-157,4159,367
2167433,-158,4159,371
2167434,-165,4148,370
2167435,-172,4138,370
2167436,-170,4136,368
2167437,-166,4140,361
2167438,-161,4152,337
2167439,-165,4155,322
2167440,-162,4150,305
2167441,-156,4153,291
2167442,-148,4160,290
2167443,-143,4165,291
2167444,-143,4173,271
2167445,-139,4175,246
2167446,-129,4168,245
2167447,-132,4163,257
2167448,-140,4157,265
2167449,-128,4143,266
2167450,-118,4131,255
2167451,-121,4127,243
2167452,-124,4128,246
2167453,-131,4127,257
2167454,-140,4124,261
2167455,-146,4118,255
2167456,-148,4113,251
2167457,-140,4115,254
2167458,-136,4122,254
2167459,-135,4128,251
2167460,-131,4134,242
2167461,-129,4135,227
2167462,-125,4129,215
2167463,-121,4128,213
2167464,-113,4130,217
2167465,-99,4122,213
2167466,-88,4114,203
2167467,-73,4114,206
2167468,-57,4115,214
2167469,-44,4119,214
2167470,-26,4121,212
2167471,-16,4117,204
2167472,-18,4111,204
2167473,-25,4112,215
2167474,-35,4115,219
2167475,-63,4116,218
2167476,-67,4117,231
2167477,-70,4122,241
2167478,-73,4124,241
2167479,-73,4130,237
2167480,-77,4143,238
2167481,-80,4148,240
2167482,-79,4148,235
2167483,-86,4155,235
2167484,-104,4158,240
2167485,-120,4159,253
2167486,-129,4167,261
2167487,-136,4172,244
2167488,-145,4178,237
2167489,-158,4183,253
2167490,-165,4185,267
2167491,-162,4185,278
2167492,-165,4188,284
2167493,-177,4193,282
2167494,-183,4198,276
2167495,-177,4201,283
2167496,-164,4200,293
2167497,-156,4193,287
2167498,-155,4182,279
2167499,-145,4170,262
2167500,-132,4165,247
2167501,-129,4161,251
2167502,-130,4153,256
2167503,-123,4151,248
2167504,-116,4155,229
2167505,-111,4156,219
2167506,-108,4157,219
2167507,-110,4161,213
2167508,-111,4164,209
2167509,-112,4166,218
2167510,-113,4170,229
2167511,-115,4169,237
2167512,-118,4171,238
2167513,-120,4171,238
2167514,-122,4172,244
2167515,-124,4173,235
2167516,-126,4175,222
2167517,-128,4187,229
2167518,-134,4198,246
2167519,-140,4199,257
2167520,-141,4198,250
2167521,-139,4197,241
2167522,-143,4197,252
2167523,-147,4192,268
2167524,-143,4187,284
2167525,-135,4186,294
2167526,-134,4183,294
2167527,-131,4175,298
2167528,-130,4169,300
2167529,-130,4165,292
2167530,-130,4154,281
2167531,-134,4142,270
2167532,-131,4136,258
2167533,-120,4132,253
2167534,-112,4127,258
2167535,-111,4125,252
2167536,-107,4128,232
2167537,-101,4136,221
2167538,-96,4142,211
2167539,-99,4138,195
2167540,-99,4130,181
2167541,-100,4126,179
2167542,-114,4127,185
2167543,-128,4139,181
2167544,-137,4151,169
2167545,-145,4155,157
2167546,-153,4158,156
2167547,-156,4164,158
2167548,-172,4178,155
2167549,-185,4187,164
2167550,-182,4188,176
2167551,-175,4183,185
2167552,-174,4179,188
2167553,-173,4175,184
2167554,-170,4175,191
2167555,-170,4178,203
2167556,-167,4176,213
2167557,-168,4167,224
2167558,-160,4152,219
2167559,-138,4137,211
2167560,-116,4134,223
2167561,-97,4139,238
2167562,-86,4132,240
2167563,-78,4120,234
2167564,-71,4115,229
2167565,-71,4115,234
2167566,-72,4118,242
2167567,-72,4124,243
2167568,-80,4124,250
2167569,-91,4129,250
2167570,-106,4137,253
2167571,-117,4144,263
2167572,-121,4154,264
2167573,-127,4155,271
2167574,-129,4152,290
2167575,-135,4151,309
2167576,-149,4152,318
2167577,-156,4158,320
2167578,-157,4163,329
2167579,-152,4162,330
2167580,-143,4155,329
2167581,-144,4151,344
2167582,-145,4151,357
2167583,-140,4150,360
2167584,-135,4143,375
2167585,-129,4140,376
2167586,-128,4137,373
2167587,-127,4131,369
2167588,-122,4120,367
2167589,-118,4116,359
2167590,-118,4125,350
2167591,-112,4128,342
2167592,-106,4124,329
2167593,-105,4125,309
2167594,-103,4127,291
2167595,-99,4136,282
2167596,-103,4145,275
2167597,-112,4154,271
2167598,-117,4165,274
2167599,-119,4164,288
2167600,-130,4159,306
2167601,-150,4159,313
2167602,-168,4156,315
2167603,-183,4154,321
2167604,-190,4156,333
2167605,-187,4162,331
2167606,-185,4166,331
2167607,-187,4160,339
2167608,-189,4156,320
2167609,-180,4151,294
2167610,-172,4151,283
2167611,-174,4155,282
2167612,-173,4153,284
2167613,-172,4147,278
2167614,-162,4144,276
2167615,-141,4146,279
2167616,-129,4139,280
2167617,-120,4122,282
2167618,-111,4112,278
2167619,-105,4112,270
2167620,-100,4102,265
2167621,-107,4100,269
2167622,-106,4103,270
2167623,-95,4108,265
2167624,-86,4111,262
2167625,-90,4116,261
2167626,-104,4125,250
2167627,-109,4130,239
2167628,-111,4133,244
2167629,-115,4139,260
2167630,-122,4147,279
2167631,-134,4151,292
2167632,-140,4151,292
2167633,-141,4151,292
2167634,-145,4150,305
2167635,-152,4151,328
2167636,-157,4158,342
2167637,-157,4166,341
2167638,-147,4168,329
2167639,-137,4169,322
2167640,-132,4171,315
2167641,-136,4167,305
2167642,-149,4164,296
2167643,-154,4163,286
2167644,-146,4170,280
2167645,-140,4179,283
2167646,-144,4181,289
2167647,-152,4178,282
2167648,-162,4170,274
2167649,-171,4168,275
2167650,-183,4175,279
2167651,-195,4181,288
2167652,-196,4182,295
2167653,-196,4180,294
2167654,-202,4175,290
2167655,-205,4175,290
2167656,-205,4168,282
2167657,-200,4163,273
2167658,-191,4160,272
2167659,-183,4163,277
2167660,-179,4160,277
2167661,-176,4154,273
2167662,-167,4154,278
2167663,-156,4150,301
2167664,-147,4143,308
2167665,-139,4141,286
2167666,-136,4138,271
2167667,-135,4134,260
2167668,-127,4128,240
2167669,-121,4126,222
2167670,-130,4125,218
2167671,-140,4126,224
2167672,-142,4132,225
2167673,-146,4135,225
2167674,-152,4131,229
2167675,-157,4130,228
2167676,-166,4139,233
2167677,-174,4143,242
2167678,-174,4139,245
2167679,-171,4134,251
2167680,-161,4132,269
2167681,-151,4133,279
2167682,-144,4142,268
2167683,-144,4148,255
2167684,-147,4143,245
2167685,-147,4141,238
2167686,-148,4137,246
2167687,-147,4129,249
2167688,-146,4124,235
2167689,-146,4126,228
2167690,-147,4126,225
2167691,-157,4124,216
2167692,-172,4124,201
2167693,-178,4126,198
2167694,-168,4128,218
2167695,-150,4129,237
2167696,-140,4132,252
2167697,-134,4135,267
2167698,-126,4138,283
2167699,-119,4138,311
2167700,-116,4131,330
2167701,-113,4124,327
2167702,-105,4119,322
2167703,-99,4117,317
2167704,-101,4113,312
2167705,-107,4109,304
2167706,-112,4113,293
2167707,-116,4123,290
2167708,-119,4128,292
2167709,-122,4127,282
2167710,-129,4134,269
2167711,-144,4145,260
2167712,-159,4148,256
2167713,-172,4145,261
2167714,-173,4145,255
2167715,-166,4136,247
2167716,-163,4124,258
2167717,-162,4118,281
2167718,-161,4121,300
2167719,-154,4129,307
2167720,-149,4135,317
2167721,-149,4137,328
2167722,-144,4132,337
2167723,-142,4123,344
2167724,-150,4109,350
2167725,-159,4101,344
2167726,-152,4103,311
2167727,-149,4118,270
2167728,-168,4147,247
2167729,-225,4171,275
2167730,-226,4201,330
2167731,-201,4220,406
2167732,-152,4212,477
2167733,-87,4181,543
2167734,-23,4150,607
2167735,18,4124,659
2167736,27,4106,694
2167737,17,4104,697
2167738,3,4109,673
2167739,-9,4112,632
2167740,-12,4121,571
2167741,-10,4146,493
2167742,-2,4171,418
2167743,9,4173,357
2167744,14,4161,311
2167745,8,4151,295
2167746,-18,4149,303
2167747,-56,4151,303
2167748,-97,4154,293
2167749,-138,4156,296
2167750,-170,4157,313
2167751,-198,4158,339
2167752,-212,4155,369
2167753,-202,4157,391
2167754,-186,4164,405
2167755,-171,4164,426
2167756,-152,4148,450
2167757,-127,4122,458
2167758,-98,4104,454
2167759,-70,4094,444
2167760,-48,4093,433
2167761,-27,4095,417
2167762,-4,4100,385
2167763,10,4112,341
2167764,3,4120,301
2167765,-32,4118,262
2167766,-54,4121,242
2167767,-83,4124,212
2167768,-109,4126,185
2167769,-132,4128,176
2167770,-158,4127,168
2167771,-180,4114,163
2167772,-189,4087,169
2167773,-184,4066,172
2167774,-177,4076,182
2167775,-157,4108,201
2167776,-118,4142,211
2167777,-85,4157,205
2167778,-59,4154,179
2167779,-42,4164,157
2167780,-40,4177,158
2167781,-45,4179,176
2167782,-59,4173,208
2167783,-79,4167,240
2167784,-103,4165,266
2167785,-127,4163,292
2167786,-135,4164,312
2167787,-135,4165,325
2167788,-138,4178,326
2167789,-136,4196,325
2167790,-130,4202,337
2167791,-130,4208,347
2167792,-125,4210,351
2167793,-112,4210,354
2167794,-104,4211,355
2167795,-100,4204,363
2167796,-104,4192,374
2167797,-107,4179,387
2167798,-107,4167,402
2167799,-107,4156,405
2167800,-102,4150,391
2167801,-98,4153,377
2167802,-87,4157,356
2167803,-80,4155,339
2167804,-72,4145,326
2167805,-71,4131,314
2167806,-83,4119,303
2167807,-84,4110,293
2167808,-79,4106,289
2167809,-81,4108,292
2167810,-86,4108,290
2167811,-100,4111,277
2167812,-116,4127,261
2167813,-126,4145,248
2167814,-138,4149,230
2167815,-150,4148,221
2167816,-153,4148,222
2167817,-152,4148,224
2167818,-155,4148,223
2167819,-151,4147,219
2167820,-138,4143,217
2167821,-137,4139,211
2167822,-144,4138,209
2167823,-140,4137,223
2167824,-125,4133,246
2167825,-110,4127,253
2167826,-99,4124,257
2167827,-92,4123,262
2167828,-83,4119,259
2167829,-78,4118,269
2167830,-86,4122,286
2167831,-93,4126,296
2167832,-95,4127,299
2167833,-97,4124,297
2167834,-95,4123,293
2167835,-91,4124,296
2167836,-90,4128,314
2167837,-93,4133,326
2167838,-93,4141,300
2167839,-90,4146,294
2167840,-86,4149,300
2167841,-86,4153,306
2167842,-92,4157,306
2167843,-98,4161,306
2167844,-100,4168,301
2167845,-100,4171,287
2167846,-107,4168,277
2167847,-116,4173,275
2167848,-114,4179,271
2167849,-108,4174,263
2167850,-112,4170,262
2167851,-118,4168,270
2167852,-127,4166,276
2167853,-132,4173,276
2167854,-133,4181,266
2167855,-137,4182,265
2167856,-142,4175,277
2167857,-147,4169,288
2167858,-144,4170,288
2167859,-136,4172,279
2167860,-132,4176,269
2167861,-132,4178,272
2167862,-129,4175,288
2167863,-124,4175,305
2167864,-126,4173,320
2167865,-121,4167,325
2167866,-111,4162,321
2167867,-114,4155,314
2167868,-112,4145,317
2167869,-102,4138,329
2167870,-94,4133,327
2167871,-93,4127,315
2167872,-86,4126,314
2167873,-75,4124,313
2167874,-87,4130,306
2167875,-101,4128,283
2167876,-106,4122,265
2167877,-104,4125,259
2167878,-107,4130,266
2167879,-111,4130,276
2167880,-118,4131,276
2167881,-124,4136,274
2167882,-129,4142,270
2167883,-138,4146,266
2167884,-146,4149,256
2167885,-150,4150,253
2167886,-145,4147,268
2167887,-138,4143,280
2167888,-132,4144,272
2167889,-128,4150,268
2167890,-125,4153,276
2167891,-127,4158,287
2167892,-136,4166,304
2167893,-133,4168,317
2167894,-117,4163,328
2167895,-108,4161,333
2167896,-108,4161,332
2167897,-111,4167,329
2167898,-112,4179,328
2167899,-114,4180,330
2167900,-121,4174,341
2167901,-133,4174,353
2167902,-146,4180,367
2167903,-148,4175,377
2167904,-138,4164,376
2167905,-121,4168,378
2167906,-110,4175,386
2167907,-113,4171,390
2167908,-114,4162,393
2167909,-115,4156,401
2167910,-107,4148,395
2167911,-95,4134,397
2167912,-95,4120,402
2167913,-95,4109,400
2167914,-93,4106,391
2167915,-92,4111,382
2167916,-90,4116,368
2167917,-93,4123,356
2167918,-98,4127,348
2167919,-97,4126,333
2167920,-98,4123,314
2167921,-99,4119,297
2167922,-96,4117,281
2167923,-104,4121,265
2167924,-109,4125,248
2167925,-107,4130,236
2167926,-105,4131,231
2167927,-106,4128,226
2167928,-114,4128,221
2167929,-121,4125,225
2167930,-131,4120,235
2167931,-136,4116,244
2167932,-135,4110,244
2167933,-143,4111,246
2167934,-152,4110,249
2167935,-140,4102,250
2167936,-123,4110,249
2167937,-116,4123,243
2167938,-116,4125,237
2167939,-126,4123,238
2167940,-140,4119,249
2167941,-152,4120,255
2167942,-162,4126,257
2167943,-168,4125,268
2167944,-166,4124,278
2167945,-160,4128,283
2167946,-160,4130,296
2167947,-174,4141,309
2167948,-173,4148,330
2167949,-166,4148,338
2167950,-154,4152,327
2167951,-141,4153,334
2167952,-130,4152,363
2167953,-121,4153,378
2167954,-107,4147,381
2167955,-88,4139,393
2167956,-80,4131,404
2167957,-77,4126,409
2167958,-69,4123,408
2167959,-63,4120,398
2167960,-51,4117,382
2167961,-36,4111,369
2167962,-26,4108,361
2167963,-18,4105,359
2167964,-20,4097,361
2167965,-22,4091,351
2167966,-13,4087,327
2167967,-11,4086,310
2167968,-24,4096,312
2167969,-40,4108,328
2167970,-53,4118,352
2167971,-63,4128,372
2167972,-74,4133,386
2167973,-81,4133,399
2167974,-89,4137,417
2167975,-106,4137,440
2167976,-128,4133,457
2167977,-148,4135,470
2167978,-155,4139,485
2167979,-155,4146,491
2167980,-152,4148,490
2167981,-149,4147,487
2167982,-149,4158,471
2167983,-114,4178,469
2167984,-103,4184,477
2167985,-90,4182,475
2167986,-78,4179,474
2167987,-68,4172,483
2167988,-60,4167,479
2167989,-59,4170,478
2167990,-63,4168,494
2167991,-66,4164,498
2167992,-76,4155,481
2167993,-84,4146,460
2167994,-85,4139,437
2167995,-86,4136,427
2167996,-88,4141,416
2167997,-93,4149,383
2167998,-97,4158,358
2167999,-100,4157,347
2168000,-106,4150,350
2168001,-108,4143,355
2168002,-103,4133,359
2168003,-104,4129,355
2168004,-109,4128,341
2168005,-112,4126,329
2168006,-114,4122,321
2168007,-110,4120,324
2168008,-100,4123,327
2168009,-93,4127,332
2168010,-90,4126,345
2168011,-85,4120,349
2168012,-81,4116,340
2168013,-75,4116,320
2168014,-72,4121,307
2168015,-80,4124,301
2168016,-83,4121,292
2168017,-81,4121,285
2168018,-83,4126,267
2168019,-81,4116,251
2168020,-81,4119,249
2168021,-86,4126,246
2168022,-87,4128,240
2168023,-87,4123,237
2168024,-90,4116,238
2168025,-85,4117,247
2168026,-75,4125,258
2168027,-74,4132,245
2168028,-90,4131,229
2168029,-116,4123,242
2168030,-123,4119,257
2168031,-113,4118,250
2168032,-102,4120,242
2168033,-102,4118,253
2168034,-113,4124,273
2168035,-118,4129,288
2168036,-114,4121,293
2168037,-115,4115,292
2168038,-123,4114,298
2168039,-127,4116,299
2168040,-121,4117,287
2168041,-111,4122,276
2168042,-107,4139,273
2168043,-109,4153,273
2168044,-106,4164,274
2168045,-100,4167,272
2168046,-96,4164,262
2168047,-102,4159,265
2168048,-117,4155,288
2168049,-129,4156,310
2168050,-125,4155,327
2168051,-120,4156,344
2168052,-125,4162,367
2168053,-124,4173,392
2168054,-126,4185,411
2168055,-132,4194,422
2168056,-129,4195,425
2168057,-124,4191,424
2168058,-114,4195,426
2168059,-107,4204,420
2168060,-103,4203,412
2168061,-98,4195,410
2168062,-95,4193,404
2168063,-104,4194,392
2168064,-113,4187,382
2168065,-121,4176,388
2168066,-123,4171,395
2168067,-117,4163,391
2168068,-113,4151,382
2168069,-109,4145,368
2168070,-110,4142,358
2168071,-117,4133,358
2168072,-123,4125,357
2168073,-122,4127,354
2168074,-116,4132,344
2168075,-114,4135,325
2168076,-118,4140,299
2168077,-129,4146,283
2168078,-142,4155,276
2168079,-151,4162,263
2168080,-154,4166,252
2168081,-156,4176,256
2168082,-162,4184,270
2168083,-161,4186,282
2168084,-161,4186,292
2168085,-170,4183,295
2168086,-174,4175,291
2168087,-177,4168,288
2168088,-188,4162,290
2168089,-190,4153,291
2168090,-182,4141,288
2168091,-186,4141,279
2168092,-176,4144,284
2168093,-169,4144,285
2168094,-162,4141,272
2168095,-146,4139,260
2168096,-132,4137,254
2168097,-125,4129,252
2168098,-115,4121,249
2168099,-98,4117,232
2168100,-87,4115,200
2168101,-77,4113,173
2168102,-66,4104,165
2168103,-63,4094,153
2168104,-58,4090,131
2168105,-55,4093,113
2168106,-68,4098,102
2168107,-91,4096,90
2168108,-110,4097,82
2168109,-123,4110,82
2168110,-139,4120,86
2168111,-158,4112,89
2168112,-174,4096,83
2168113,-196,4086,68
2168114,-214,4084,56
2168115,-216,4076,55
2168116,-215,4070,66
2168117,-222,4076,81
2168118,-246,4083,95
2168119,-314,4078,99
2168120,-432,4079,108
2168121,-473,4101,127
2168122,-379,4102,137
2168123,-251,4075,140
2168124,-143,4050,138
2168125,-62,4038,140
2168126,9,4078,136
2168127,4,4111,129
2168128,0,4136,131
2168129,-3,4155,149
2168130,-10,4167,184
2168131,-19,4173,222
2168132,-32,4180,254
2168133,-45,4184,283
2168134,-57,4180,314
2168135,-65,4177,350
2168136,-68,4174,379
2168137,-79,4165,401
2168138,-91,4164,417
2168139,-101,4178,421
2168140,-110,4186,422
2168141,-123,4186,440
2168142,-131,4187,457
2168143,-131,4192,461
2168144,-136,4198,458
2168145,-142,4200,455
2168146,-139,4199,448
2168147,-136,4199,444
2168148,-145,4202,453
2168149,-160,4202,466
2168150,-174,4202,481
2168151,-174,4208,487
2168152,-170,4216,493
2168153,-164,4219,502
2168154,-152,4222,499
2168155,-139,4228,498
2168156,-128,4233,513
2168157,-122,4234,516
2168158,-116,4226,491
2168159,-105,4212,461
2168160,-97,4209,437
2168161,-97,4210,391
2168162,-98,4195,365
2168163,-99,4181,334
2168164,-106,4172,312
2168165,-112,4166,310
2168166,-116,4161,318
2168167,-129,4149,322
2168168,-139,4144,317
2168169,-143,4153,316
2168170,-153,4160,318
2168171,-157,4164,318
2168172,-154,4170,321
2168173,-155,4172,328
2168174,-140,4171,327
2168175,-112,4170,326
2168176,-99,4157,324
2168177,-105,4138,316
2168178,-104,4131,310
2168179,-91,4133,305
2168180,-84,4139,303
2168181,-80,4144,306
2168182,-80,4141,307
2168183,-83,4134,300
2168184,-79,4129,297
2168185,-73,4121,301
2168186,-62,4107,286
2168187,-64,4106,275
2168188,-58,4111,277
2168189,-52,4116,279
2168190,-54,4115,275
2168191,-52,4103,261
2168192,-48,4094,246
2168193,-47,4095,235
2168194,-43,4099,230
2168195,-44,4101,227
2168196,-48,4094,226
2168197,-56,4087,219
2168198,-65,4086,192
2168199,-72,4081,166
2168200,-78,4078,157
2168201,-79,4086,153
2168202,-82,4092,148
2168203,-95,4092,148
2168204,-114,4088,151
2168206,-123,4085,151
2168207,-123,4088,147
2168208,-126,4098,144
2168209,-128,4107,151
2168210,-136,4110,168
2168211,-146,4116,183
2168212,-152,4121,193
2168213,-162,4117,207
2168214,-168,4108,224
2168215,-167,4111,243
2168216,-162,4119,250
2168217,-155,4127,261
2168218,-146,4139,280
2168219,-140,4151,287
2168220,-161,4169,305
2168221,-166,4177,313
2168222,-158,4182,322
2168223,-150,4184,332
2168224,-149,4187,351
2168225,-153,4183,372
2168226,-155,4175,381
2168227,-152,4166,390
2168228,-143,4157,403
2168229,-127,4151,410
2168230,-111,4143,417
2168231,-111,4133,427
2168232,-118,4131,436
2168233,-119,4137,430
2168234,-120,4140,421
2168235,-120,4144,426
2168236,-118,4148,421
2168237,-117,4149,396
2168238,-117,4153,378
2168239,-114,4155,373
2168240,-113,4153,370
2168241,-126,4153,365
2168242,-137,4151,365
2168243,-143,4151,366
2168244,-154,4159,361
2168245,-163,4165,354
2168246,-168,4165,352
2168247,-173,4163,354
2168248,-172,4164,359
2168249,-168,4174,356
2168250,-170,4185,342
2168251,-173,4189,327
2168252,-170,4183,330
2168253,-164,4173,331
2168254,-158,4173,315
2168255,-152,4183,308
2168256,-141,4192,309
2168257,-124,4187,307
2168258,-113,4177,314
2168259,-108,4164,331
2168260,-112,4165,342
2168261,-115,4164,347
2168262,-121,4161,346
2168263,-123,4163,340
2168264,-123,4161,339
2168265,-116,4158,334
2168266,-105,4159,328
2168267,-101,4164,322
2168268,-103,4165,316
2168269,-106,4169,308
2168270,-102,4173,299
2168271,-95,4173,298
2168272,-82,4172,296
2168273,-72,4169,288
2168274,-76,4167,284
2168275,-81,4165,288
2168276,-89,4158,292
2168277,-96,4148,298
2168278,-94,4142,312
2168279,-95,4139,321
2168280,-98,4136,317
2168281,-102,4127,303
2168282,-104,4121,279
2168283,-105,4124,262
2168284,-111,4128,252
2168285,-116,4128,244
2168286,-114,4123,244
2168287,-109,4114,246
2168288,-104,4100,256
2168289,-101,4097,264
2168290,-103,4110,265
2168291,-107,4111,267
2168292,-110,4113,273
2168293,-114,4115,282
2168294,-112,4115,292
2168295,-106,4113,296
2168296,-103,4109,301
2168297,-102,4111,308
2168298,-99,4115,311
2168299,-92,4115,316
2168300,-84,4116,320
2168301,-82,4124,316
2168302,-80,4134,321
2168303,-87,4133,333
2168304,-92,4133,346
2168305,-86,4146,358
2168306,-91,4155,362
2168307,-96,4154,358
2168308,-99,4159,356
2168309,-106,4167,356
2168310,-111,4167,361
2168311,-118,4166,364
2168312,-117,4173,362
2168313,-109,4180,363
2168314,-107,4180,369
2168315,-103,4178,373
2168316,-100,4178,369
2168317,-100,4179,378
2168318,-103,4179,389
2168319,-108,4181,392
2168320,-106,4182,396
2168321,-104,4181,402
2168322,-108,4183,398
2168323,-117,4182,406
2168324,-122,4188,416
2168325,-121,4190,414
2168326,-118,4186,408
2168327,-112,4185,402
2168328,-108,4187,382
2168329,-107,4187,370
2168330,-108,4180,370
2168331,-106,4170,362
2168332,-105,4167,347
2168333,-114,4167,332
2168334,-111,4165,328
2168335,-95,4160,330
2168336,-84,4155,324
2168337,-85,4148,324
2168338,-85,4143,324
2168339,-80,4141,310
2168340,-78,4134,305
2168341,-79,4131,319
2168342,-77,4130,326
2168343,-84,4129,318
2168344,-100,4129,301
2168345,-100,4128,288
2168346,-87,4128,281
2168347,-82,4128,277
2168348,-87,4129,274
2168349,-87,4132,273
2168350,-80,4139,274
2168351,-74,4138,271
2168352,-78,4133,259
2168353,-85,4131,242
2168354,-87,4125,235
2168355,-84,4116,227
2168356,-84,4113,222
2168357,-88,4118,222
2168358,-93,4128,220
2168359,-94,4124,217
2168360,-89,4108,222
2168361,-81,4095,220
2168362,-77,4088,212
2168363,-74,4090,203
2168364,-78,4092,202
2168365,-92,4089,216
2168366,-103,4082,227
2168367,-99,4076,231
2168368,-94,4074,240
2168369,-106,4083,250
2168370,-115,4092,249
2168371,-110,4092,248
2168372,-106,4087,253
2168373,-111,4085,252
2168374,-117,4092,250
2168375,-119,4104,254
2168376,-111,4111,239
2168377,-92,4115,213
2168378,-80,4122,197
2168379,-82,4128,197
2168380,-86,4123,203
2168381,-83,4112,204
2168382,-79,4107,202
2168383,-78,4108,213
2168384,-82,4109,234
2168385,-92,4109,237
2168386,-92,4113,226
2168387,-87,4126,229
2168388,-93,4139,251
2168389,-98,4141,265
2168390,-109,4149,290
2168391,-113,4150,300
2168392,-112,4154,306
2168393,-108,4163,321
2168394,-105,4179,345
2168395,-104,4188,369
2168396,-99,4189,390
2168397,-88,4197,404
2168398,-77,4202,410
2168399,-69,4205,411
2168400,-58,4205,413
2168401,-53,4200,415
2168402,-55,4193,417
2168403,-59,4185,415
2168404,-62,4180,421
2168405,-62,4179,442
2168406,-56,4181,442
2168407,-48,4175,434
2168408,-44,4160,433
2168409,-40,4156,436
2168410,-35,4163,427
2168411,-32,4168,411
2168412,-35,4170,405
2168413,-42,4162,404
2168414,-50,4162,403
2168415,-55,4172,394
2168416,-61,4170,386
2168417,-71,4165,382
2168418,-78,4171,368
2168419,-82,4180,354
2168420,-89,4179,362
2168421,-89,4174,379
2168422,-87,4170,391
2168423,-90,4169,398
2168424,-87,4174,404
2168425,-83,4179,408
2168426,-82,4186,401
2168427,-95,4169,402
2168428,-104,4160,396
2168429,-111,4161,380
2168430,-116,4163,378
2168431,-120,4166,390
2168432,-127,4168,390
2168433,-138,4172,385
2168434,-148,4175,394
2168435,-159,4174,403
2168436,-161,4176,402
2168437,-154,4181,409
2168438,-146,4189,417
2168439,-131,4197,403
2168440,-112,4195,388
2168441,-90,4188,390
2168442,-68,4179,402
2168443,-47,4171,414
2168444,-30,4168,418
2168445,-15,4165,429
2168446,-6,4156,445
2168447,-6,4141,452
2168448,-14,4130,456
2168449,-27,4123,445
2168450,-36,4113,427
2168451,-37,4102,404
2168452,-18,4096,376
2168453,1,4095,351
2168454,-11,4099,330
2168455,-32,4099,312
2168456,-39,4097,297
2168457,-47,4104,287
2168458,-61,4110,273
2168459,-75,4112,260
2168460,-82,4118,258
2168461,-85,4122,254
2168462,-90,4125,261
2168463,-111,4129,291
2168464,-123,4131,282
2168465,-125,4132,269
2168466,-128,4131,267
2168467,-127,4129,265
2168468,-123,4129,263
2168469,-114,4128,262
2168470,-99,4120,266
2168471,-84,4106,285
2168472,-72,4095,288
2168473,-59,4091,266
2168474,-46,4090,236
2168475,-29,4089,216
2168476,-28,4085,206
2168477,-43,4075,199
2168478,-54,4066,193
2168479,-67,4066,185
2168480,-77,4069,179
2168481,-82,4070,179
2168482,-91,4071,180
2168483,-94,4076,183
2168484,-97,4079,181
2168485,-106,4079,180
2168486,-115,4080,188
2168487,-117,4076,192
2168488,-113,4075,190
2168489,-104,4079,196
2168490,-95,4080,210
2168491,-91,4084,226
2168492,-90,4096,249
2168493,-92,4105,280
2168494,-99,4108,303
2168495,-104,4116,309
2168496,-112,4120,319
2168497,-114,4117,344
2168498,-106,4116,376
2168499,-94,4134,404
2168500,-93,4140,406
2168501,-86,4139,418
2168502,-76,4140,430
2168503,-73,4146,435
2168504,-71,4153,437
2168505,-65,4163,441
2168506,-62,4173,452
2168507,-57,4179,461
2168508,-48,4181,459
2168509,-47,4185,453
2168510,-47,4193,455
2168511,-58,4200,460
2168512,-76,4208,460
2168513,-81,4220,464
2168514,-88,4225,458
2168515,-106,4226,453
2168516,-117,4230,452
2168517,-127,4228,447
2168518,-136,4224,441
2168519,-143,4220,436
2168520,-150,4219,445
2168521,-152,4223,457
2168522,-147,4219,444
2168523,-142,4208,420
2168524,-135,4197,411
2168525,-131,4192,408
2168526,-126,4191,407
2168527,-119,4191,399
2168528,-116,4188,387
2168529,-107,4179,382
2168530,-93,4176,356
2168531,-91,4175,323
2168532,-96,4173,302
2168533,-92,4170,287
2168534,-86,4164,266
2168535,-81,4163,250
2168536,-77,4163,246
2168537,-74,4162,242
2168538,-75,4161,229
2168539,-87,4158,218
2168540,-95,4153,221
2168541,-98,4147,234
2168542,-106,4149,244
2168543,-103,4154,238
2168544,-102,4149,239
2168545,-108,4144,248
2168546,-103,4144,248
2168547,-100,4152,245
2168548,-105,4158,244
2168549,-102,4144,244
2168550,-90,4126,242
2168551,-86,4124,236
2168552,-87,4130,231
2168553,-81,4129,230
2168554,-73,4121,227
2168555,-63,4115,224
2168556,-50,4110,225
2168557,-42,4099,224
2168558,-42,4079,231
2168559,-39,4063,241
2168560,-34,4067,242
2168561,-25,4071,231
2168562,-21,4068,222
2168563,-32,4069,218
2168564,-47,4067,213
2168565,-54,4069,202
2168566,-55,4074,191
2168567,-55,4066,189
2168568,-54,4050,193
2168569,-50,4050,197
2168570,-46,4061,198
2168571,-55,4077,201
2168572,-71,4084,215
2168573,-74,4092,227
2168574,-73,4106,232
2168575,-76,4121,244
2168576,-82,4124,268
2168577,-89,4126,287
2168578,-95,4134,296
2168579,-101,4148,297
2168580,-110,4158,300
2168581,-115,4160,310
2168582,-123,4162,321
2168583,-137,4161,329
2168584,-144,4162,340
2168585,-143,4161,353
2168586,-137,4154,363
2168587,-132,4148,370
2168588,-130,4147,368
2168589,-127,4146,357
2168590,-120,4145,357
2168591,-111,4151,367
2168592,-103,4156,372
2168593,-99,4153,370
2168594,-94,4152,363
2168595,-97,4158,360
2168596,-107,4156,356
2168597,-108,4151,349
2168598,-107,4158,343
2168599,-113,4171,339
2168600,-121,4179,355
2168601,-123,4182,372
2168602,-126,4187,364
2168603,-130,4186,355
2168604,-128,4185,366
2168605,-128,4180,377
2168606,-127,4171,375
2168607,-133,4166,376
2168608,-144,4157,375
2168609,-132,4163,387
2168610,-131,4167,393
2168611,-136,4164,376
2168612,-140,4164,357
2168613,-140,4167,352
2168614,-139,4167,349
2168615,-135,4164,340
2168616,-133,4168,324
2168617,-139,4177,309
2168618,-147,4180,300
2168619,-146,4180,287
2168620,-142,4178,277
2168621,-146,4170,261
2168622,-146,4169,250
2168623,-140,4174,252
2168624,-132,4179,253
2168625,-119,4175,256
2168626,-106,4162,265
2168627,-104,4156,271
2168628,-109,4148,271
2168629,-111,4142,271
2168630,-108,4142,278
2168631,-104,4136,279
2168632,-96,4123,271
2168633,-90,4116,257
2168634,-91,4113,241
2168635,-89,4108,225
2168636,-78,4100,208
2168637,-71,4091,195
2168638,-75,4092,188
2168639,-75,4091,187
2168640,-71,4089,180
2168641,-78,4091,169
2168642,-89,4092,161
2168643,-97,4092,158
2168644,-86,4086,158
2168645,-90,4085,149
2168646,-102,4087,139
2168647,-105,4089,132
2168648,-101,4089,127
2168649,-104,4084,112
2168650,-117,4080,106
2168651,-133,4084,116
2168652,-147,4090,126
2168653,-151,4096,135
2168654,-146,4100,144
2168655,-143,4098,148
2168656,-150,4098,156
2168657,-159,4102,161
2168658,-155,4111,166
2168659,-151,4128,176
2168660,-157,4140,189
2168661,-158,4144,207
2168662,-155,4149,212
2168663,-149,4156,214
2168664,-143,4161,231
2168665,-139,4162,262
2168666,-131,4158,296
2168667,-124,4156,322
2168668,-118,4158,342
2168669,-103,4160,354
2168670,-84,4160,357
2168671,-77,4163,353
2168672,-80,4166,344
2168673,-82,4157,348
2168674,-83,4156,354
2168675,-86,4164,353
2168676,-91,4162,347
2168677,-95,4159,347
2168678,-95,4159,356
2168679,-96,4156,358
2168680,-110,4161,338
2168681,-106,4162,317
2168682,-103,4163,310
2168683,-112,4168,321
2168684,-120,4168,339
2168685,-119,4166,356
2168686,-117,4170,369
2168687,-122,4169,369
2168688,-129,4168,370
2168689,-133,4176,378
2168690,-132,4186,380
2168691,-126,4194,382
2168692,-129,4207,393
2168693,-133,4217,398
2168694,-126,4216,401
2168695,-121,4209,417
2168696,-118,4202,427
2168697,-127,4201,421
2168698,-138,4198,406
2168699,-132,4193,396
2168700,-125,4190,396
2168701,-125,4184,391
2168702,-131,4174,374
2168703,-137,4162,361
2168704,-135,4154,357
2168705,-125,4149,355
2168706,-109,4142,341
2168707,-88,4136,318
2168708,-77,4138,302
2168709,-71,4144,298
2168710,-60,4148,296
2168711,-65,4148,287
2168712,-79,4142,283
2168713,-81,4140,288
2168714,-86,4145,291
2168715,-93,4151,284
2168716,-94,4156,275
2168717,-94,4155,288
2168718,-98,4149,288
2168719,-96,4149,289
2168720,-91,4150,290
2168721,-91,4145,284
2168722,-92,4141,282
2168723,-92,4139,287
2168724,-90,4131,297
2168725,-84,4133,305
2168726,-80,4143,310
2168727,-81,4142,308
2168728,-79,4131,302
2168729,-71,4125,297
2168730,-69,4134,282
2168731,-72,4138,273
2168732,-68,4135,272
2168733,-55,4129,263
2168734,-46,4118,248
2168735,-43,4116,246
2168736,-38,4123,252
2168737,-38,4127,248
2168738,-43,4118,239
2168739,-47,4109,231
2168740,-48,4106,232
2168741,-52,4105,236
2168742,-54,4105,232
2168743,-50,4105,227
2168744,-52,4110,228
2168745,-63,4118,236
2168746,-73,4123,251
2168747,-76,4123,261
2168748,-74,4117,267
2168749,-83,4112,270
2168750,-96,4122,267
2168751,-90,4138,284
2168752,-90,4145,284
2168753,-94,4146,278
2168754,-92,4141,287
2168755,-93,4141,309
2168756,-95,4143,322
2168757,-91,4150,330
2168758,-81,4160,331
2168759,-81,4164,326
2168760,-86,4169,332
2168761,-93,4177,344
2168762,-100,4180,352
2168763,-105,4182,348
2168764,-116,4186,337
2168765,-121,4187,339
2168766,-111,4185,344
2168767,-105,4180,343
2168768,-103,4174,342
2168769,-102,4171,334
2168770,-107,4168,325
2168771,-107,4160,328
2168772,-106,4154,331
2168773,-103,4150,323
2168774,-91,4149,315
2168775,-88,4146,314
2168776,-96,4135,316
2168777,-102,4133,319
2168778,-112,4141,315
2168779,-119,4147,299
2168780,-119,4152,282
2168781,-120,4152,281
2168782,-127,4150,292
2168783,-131,4150,292
2168784,-113,4148,242
2168785,-98,4140,236
2168786,-96,4137,248
2168787,-97,4139,268
2168788,-98,4143,279
2168789,-98,4141,277
2168790,-91,4136,271
2168791,-86,4135,271
2168792,-88,4138,271
2168793,-91,4142,274
2168794,-84,4138,277
2168795,-75,4134,278
2168796,-71,4138,285
2168797,-63,4144,293
2168798,-54,4149,290
2168799,-54,4150,279
2168800,-57,4153,278
2168801,-61,4158,289
2168802,-62,4160,293
2168803,-65,4160,289
2168804,-67,4161,290
2168805,-61,4163,291
2168806,-64,4163,290
2168807,-73,4168,296
2168808,-75,4182,308
2168809,-72,4186,311
2168810,-72,4184,303
2168811,-78,4187,291
2168812,-86,4186,289
2168813,-93,4186,293
2168814,-104,4187,286
2168815,-115,4189,271
2168816,-122,4186,259
2168817,-122,4178,253
2168818,-117,4174,250
2168819,-117,4170,242
2168820,-112,4168,230
2168821,-110,4170,238
2168822,-117,4163,252
2168823,-123,4154,267
2168824,-117,4150,274
2168825,-105,4147,278
2168826,-106,4141,278
2168827,-110,4139,275
2168828,-115,4136,278
2168829,-130,4135,289
2168830,-142,4132,301
2168831,-139,4127,311
2168832,-129,4128,320
2168833,-123,4129,320
2168834,-117,4121,317
2168835,-113,4113,314
2168836,-107,4111,309
2168837,-104,4113,305
2168838,-105,4122,303
2168839,-99,4133,298
2168840,-96,4138,283
2168841,-102,4139,266
2168842,-108,4139,266
2168843,-104,4142,274
2168844,-96,4150,264
2168845,-98,4154,252
2168846,-107,4156,258
2168847,-114,4164,265
2168848,-121,4164,262
2168849,-134,4159,252
2168850,-145,4148,236
2168851,-156,4137,222
2168852,-164,4138,229
2168853,-159,4140,228
2168854,-152,4137,219
2168855,-144,4127,216
2168856,-118,4115,155
2168857,-117,4118,135
2168858,-117,4110,128
2168859,-114,4104,119
2168860,-117,4108,105
2168861,-123,4114,96
2168862,-127,4117,100
2168863,-131,4119,107
2168864,-129,4126,116
2168865,-132,4136,133
2168866,-137,4136,155
2168867,-138,4142,167
2168868,-147,4155,175
2168869,-159,4164,190
2168870,-160,4163,201
2168871,-155,4155,216
2168872,-150,4156,235
2168873,-147,4162,249
2168874,-142,4164,262
2168875,-134,4162,268
2168876,-129,4164,271
2168877,-124,4174,280
2168878,-114,4183,286
2168879,-109,4189,278
2168880,-107,4192,266
2168881,-105,4191,267
2168882,-107,4190,269
2168883,-108,4192,266
2168884,-105,4184,266
2168885,-98,4172,276
2168886,-100,4161,285
2168887,-111,4156,280
2168888,-109,4159,278
2168889,-103,4157,285
2168890,-111,4145,282
2168891,-106,4148,270
2168892,-109,4151,253
2168893,-109,4151,244
2168894,-106,4143,242
2168895,-99,4134,240
2168896,-88,4133,228
2168897,-86,4132,215
2168898,-86,4128,213
2168899,-86,4130,209
2168900,-88,4133,204
2168901,-88,4136,201
2168902,-86,4138,203
2168903,-80,4133,202
2168904,-79,4130,203
2168905,-78,4134,210
2168906,-82,4134,215
2168907,-96,4132,218
2168908,-106,4131,227
2168909,-111,4130,243
2168910,-112,4136,253
2168911,-110,4148,267
2168912,-113,4150,296
2168913,-125,4148,321
2168914,-129,4152,319
2168915,-121,4152,306
2168916,-116,4154,303
2168917,-114,4156,307
2168918,-111,4163,316
2168919,-106,4167,324
2168920,-105,4165,326
2168921,-107,4171,327
2168922,-105,4177,335
2168923,-103,4177,354
2168924,-115,4182,383
2168925,-104,4195,397
2168926,-96,4202,419
2168927,-93,4195,435
2168928,-89,4194,435
2168929,-90,4199,448
2168930,-93,4202,473
2168931,-98,4200,485
2168932,-98,4194,486
2168933,-90,4191,482
2168934,-84,4188,492
2168935,-74,4185,500
2168936,-70,4180,493
2168937,-75,4172,478
2168938,-71,4161,456
2168939,-58,4151,444
2168940,-61,4140,443
2168941,-63,4129,426
2168942,-59,4128,403
2168943,-65,4124,384
2168944,-75,4127,359
2168945,-79,4142,349
2168946,-73,4152,343
2168947,-70,4145,330
2168948,-71,4141,321
2168949,-73,4148,318
2168950,-84,4158,324
2168951,-97,4170,328
2168952,-109,4170,323
2168953,-124,4160,326
2168954,-134,4161,341
2168955,-136,4170,353
2168956,-138,4178,362
2168957,-141,4182,380
2168958,-142,4181,393
2168959,-146,4175,394
2168960,-139,4180,401
2168961,-136,4171,394
2168962,-129,4158,384
2168963,-113,4152,385
2168964,-92,4155,393
2168965,-76,4156,389
2168966,-54,4156,384
2168967,-36,4155,374
2168968,-28,4149,362
2168969,-23,4133,355
2168970,-22,4120,344
2168971,-31,4117,343
2168972,-40,4118,342
2168973,-41,4120,326
2168974,-42,4122,309
2168975,-44,4131,302
2168976,-50,4142,300
2168977,-57,4138,293
2168978,-56,4129,287
2168979,-55,4126,282
2168980,-60,4123,275
2168981,-64,4115,274
2168982,-67,4102,280
2168983,-74,4091,276
2168984,-86,4086,259
2168985,-97,4086,248
2168986,-103,4079,241
2168987,-108,4071,227
2168988,-113,4067,211
2168989,-111,4066,202
2168990,-101,4071,197
2168991,-90,4080,182
2168992,-76,4083,168
2168993,-67,4085,165
2168994,-67,4091,162
2168995,-61,4099,158
2168996,-49,4116,176
2168997,-54,4121,202
2168998,-61,4126,227
2168999,-65,4123,245
2169000,-69,4119,255
2169001,-68,4122,252
2169002,-58,4127,255
2169003,-54,4128,265
2169004,-60,4134,276
2169005,-61,4136,279
2169006,-60,4135,274
2169007,-68,4138,276
2169008,-73,4140,285
2169009,-68,4138,294
2169010,-65,4135,296
2169011,-61,4137,294
2169012,-58,4137,288
2169013,-63,4136,288
2169014,-67,4135,288
2169015,-71,4136,278
2169016,-81,4139,271
2169017,-92,4140,262
2169018,-107,4142,246
2169019,-117,4150,236
2169020,-116,4155,242
2169021,-115,4160,248
2169022,-120,4166,232
2169023,-125,4166,221
2169024,-130,4164,236
2169025,-137,4169,243
2169026,-145,4181,245
2169027,-144,4193,258
2169028,-136,4199,279
2169029,-134,4196,304
2169030,-125,4192,314
2169031,-115,4186,317
2169032,-107,4181,327
2169033,-79,4177,341
2169034,-74,4179,349
2169035,-76,4174,347
2169036,-74,4159,347
2169037,-64,4147,351
2169038,-54,4147,346
2169039,-45,4145,330
2169040,-42,4133,314
2169041,-44,4121,311
2169042,-42,4118,318
2169043,-42,4109,312
2169044,-40,4104,298
2169045,-35,4108,278
2169046,-36,4108,256
2169047,-40,4104,249
2169048,-49,4100,247
2169049,-61,4101,239
2169050,-73,4104,237
2169051,-94,4112,237
2169052,-114,4118,234
2169053,-123,4127,232
2169054,-128,4133,230
2169055,-127,4131,238
2169056,-124,4131,253
2169057,-128,4130,265
2169058,-135,4128,270
2169059,-136,4125,269
2169060,-135,4126,270
2169061,-135,4131,283
2169062,-130,4138,292
2169063,-113,4136,294
2169064,-98,4122,292
2169065,-98,4118,282
2169066,-108,4122,276
2169067,-109,4113,277
2169068,-94,4104,274
2169069,-71,4101,263
2169070,-63,4086,261
2169071,-54,4079,257
2169072,-48,4086,249
2169073,-46,4088,246
2169074,-41,4081,249
2169075,-41,4079,248
2169076,-40,4079,255
2169077,-37,4080,270
2169078,-36,4083,276
2169079,-42,4090,281
2169080,-52,4102,290
2169081,-58,4120,287
2169082,-71,4131,284
2169083,-89,4135,289
2169084,-99,4138,300
2169085,-97,4141,306
2169086,-92,4149,296
2169087,-92,4158,298
2169088,-98,4169,306
2169089,-107,4176,314
2169090,-109,4173,331
2169091,-103,4179,346
2169092,-99,4199,356
2169093,-104,4216,364
2169094,-116,4223,366
2169095,-125,4226,357
2169096,-127,4235,346
2169097,-123,4239,332
2169098,-119,4236,322
2169099,-117,4233,310
2169100,-114,4225,293
2169101,-106,4218,287
2169102,-94,4213,279
2169103,-88,4206,268
2169104,-86,4195,274
2169105,-83,4172,288
2169106,-83,4157,283
2169107,-90,4146,281
2169108,-95,4138,276
2169109,-97,4136,263
2169110,-94,4134,265
2169111,-92,4141,280
2169112,-89,4148,287
2169113,-80,4149,286
2169114,-69,4153,280
2169115,-67,4157,282
2169116,-73,4163,291
2169117,-74,4163,290
2169118,-71,4159,281
2169119,-71,4155,276
2169120,-74,4148,283
2169121,-70,4148,291
2169122,-72,4151,299
2169123,-87,4161,306
2169124,-104,4170,294
2169125,-116,4169,285
2169126,-115,4166,282
2169127,-102,4158,283
2169128,-92,4147,285
2169129,-88,4140,265
2169130,-85,4138,250
2169131,-83,4139,253
2169132,-73,4141,253
2169133,-69,4143,246
2169134,-81,4136,244
2169135,-90,4123,244
2169136,-88,4111,237
2169137,-84,4106,229
2169138,-83,4107,219
2169139,-81,4102,208
2169140,-77,4089,200
2169141,-64,4077,195
2169142,-67,4072,196
2169143,-75,4065,202
2169144,-82,4067,213
2169145,-88,4071,231
2169146,-86,4074,234
2169147,-85,4080,232
2169148,-85,4084,249
2169149,-88,4091,259
2169150,-93,4107,259
2169151,-92,4112,266
2169152,-84,4103,273
2169153,-80,4100,291
2169154,-86,4099,318
2169155,-90,4103,328
2169156,-89,4109,326
2169157,-86,4114,326
2169158,-79,4122,336
2169159,-71,4131,348
2169160,-63,4135,355
2169161,-61,4133,358
2169162,-63,4130,368
2169163,-60,4135,385
2169164,-60,4147,391
2169165,-60,4152,397
2169166,-56,4149,415
2169167,-53,4147,416
2169168,-58,4152,403
2169169,-64,4162,393
2169170,-72,4164,392
2169171,-81,4162,395
2169172,-83,4162,397
2169173,-83,4159,407
2169174,-88,4154,416
2169175,-88,4156,407
2169176,-86,4160,392
2169177,-86,4163,389
2169178,-111,4178,387
2169179,-118,4182,374
2169180,-120,4184,365
2169181,-124,4191,364
2169182,-131,4197,369
2169183,-152,4207,361
2169184,-169,4220,339
2169185,-173,4224,331
2169186,-178,4217,347
2169187,-177,4199,369
2169188,-166,4181,399
2169189,-156,4171,424
2169190,-146,4168,428
2169191,-134,4162,430
2169192,-123,4152,440
2169193,-117,4153,444
2169194,-106,4155,428
2169195,-98,4159,401
2169196,-95,4163,384
2169197,-79,4162,367
2169198,-74,4157,346
2169199,-80,4156,319
2169200,-79,4162,292
2169201,-73,4164,280
2169202,-70,4160,288
2169203,-70,4155,300
2169204,-66,4156,296
2169205,-67,4153,292
2169206,-78,4145,295
2169207,-88,4137,299
2169208,-96,4131,304
2169209,-103,4126,302
2169210,-104,4122,302
2169211,-104,4118,315
2169212,-112,4117,316
2169213,-114,4119,303
2169214,-96,4118,294
2169215,-92,4122,284
2169216,-85,4125,274
2169217,-77,4127,273
2169218,-66,4125,270
2169219,-57,4121,255
2169220,-62,4121,249
2169221,-72,4128,258
2169222,-81,4134,273
2169223,-83,4135,289
2169224,-86,4139,296
2169225,-91,4147,308
2169226,-88,4152,327
2169227,-82,4157,343
2169228,-86,4154,354
2169229,-97,4149,356
2169230,-108,4151,356
2169231,-110,4147,363
2169232,-102,4146,378
2169233,-98,4154,388
2169234,-89,4161,386
2169235,-81,4159,375
2169236,-79,4153,356
2169237,-82,4150,339
2169238,-75,4149,325
2169239,-54,4149,313
2169240,-44,4146,303
2169241,-47,4143,294
2169242,-50,4149,288
2169243,-53,4155,279
2169244,-59,4153,269
2169245,-68,4142,258
2169246,-81,4138,246
2169247,-93,4138,233
2169248,-101,4138,226
2169249,-111,4136,237
2169250,-128,4136,228
2169251,-132,4131,227
2169252,-139,4130,233
2169253,-153,4129,242
2169254,-162,4119,244
2169255,-161,4109,236
2169256,-157,4110,239
2169257,-153,4116,246
2169258,-146,4119,233
2169259,-137,4119,208
2169260,-132,4111,194
2169261,-131,4107,192
2169262,-126,4118,190
2169263,-116,4123,188
2169264,-104,4117,189
2169265,-102,4111,197
2169266,-110,4109,201
2169267,-112,4111,210
2169268,-108,4110,221
2169269,-113,4110,222
2169270,-123,4118,218
2169271,-121,4122,225
2169272,-112,4123,231
2169273,-91,4124,239
2169274,-79,4123,251
2169275,-92,4125,248
2169276,-101,4127,233
2169277,-106,4126,222
2169278,-106,4125,225
2169279,-99,4119,234
2169280,-95,4114,244
2169281,-95,4108,246
2169282,-98,4103,235
2169283,-97,4096,218
2169284,-94,4089,200
2169285,-100,4089,188
2169286,-105,4093,180
2169287,-98,4103,173
2169288,-92,4114,163
2169289,-94,4120,152
2169290,-102,4119,149
2169291,-119,4117,141
2169292,-133,4123,130
2169293,-137,4132,115
2169294,-138,4137,103
2169295,-141,4138,103
2169296,-141,4133,109
2169297,-137,4129,116
2169298,-137,4133,123
2169299,-142,4138,137
2169300,-148,4142,160
2169301,-151,4145,186
2169302,-144,4150,205
2169303,-145,4152,224
2169304,-150,4150,245
2169305,-145,4145,255
2169306,-135,4137,266
2169307,-128,4135,274
2169308,-116,4139,273
2169309,-104,4142,283
2169310,-95,4143,303
2169311,-73,4151,328
2169312,-60,4163,350
2169313,-59,4174,360
2169314,-54,4187,368
2169315,-50,4194,377
2169316,-44,4193,383
2169317,-39,4189,400
2169318,-32,4184,422
2169319,-20,4184,437
2169320,-18,4191,447
2169321,-31,4197,452
2169322,-48,4202,459
2169323,-71,4215,468
2169324,-80,4223,470
2169325,-86,4232,471
2169326,-88,4231,464
2169327,-84,4229,443
2169328,-81,4229,427
2169329,-86,4229,423
2169330,-88,4228,412
2169331,-87,4223,386
2169332,-83,4216,374
2169333,-82,4211,373
2169334,-78,4203,362
2169335,-72,4187,353
2169336,-71,4172,346
2169337,-76,4161,337
2169338,-84,4153,315
2169339,-94,4146,275
2169340,-104,4135,245
2169341,-106,4128,232
2169342,-100,4127,222
2169343,-94,4116,211
2169344,-96,4105,205
2169345,-102,4112,205
2169346,-99,4121,203
2169347,-92,4118,196
2169348,-92,4115,197
2169349,-99,4122,202
2169350,-99,4122,195
2169351,-100,4120,195
2169352,-107,4128,207
2169353,-107,4140,222
2169354,-105,4148,235
2169355,-109,4154,245
2169356,-110,4154,259
2169357,-98,4150,275
2169358,-93,4152,286
2169359,-97,4161,285
2169360,-89,4162,291
2169361,-85,4165,284
2169362,-84,4167,275
2169363,-80,4164,284
2169364,-76,4163,290
2169365,-79,4171,267
2169366,-93,4179,246
2169367,-102,4179,241
2169368,-99,4174,237
2169369,-103,4172,237
2169370,-115,4172,241
2169371,-126,4170,240
2169372,-127,4167,242
2169373,-125,4164,248
2169374,-125,4161,247
2169375,-117,4150,240
2169376,-112,4141,231
2169377,-116,4141,230
2169378,-120,4141,231
2169379,-123,4136,225
2169380,-127,4131,220
2169381,-123,4127,220
2169382,-114,4119,217
2169383,-106,4110,210
2169384,-107,4106,202
2169385,-107,4102,199
2169386,-95,4098,196
2169387,-86,4096,183
2169388,-84,4103,169
2169389,-79,4105,171
2169390,-76,4101,183
2169391,-86,4106,184
2169392,-84,4111,185
2169393,-92,4114,199
2169394,-108,4119,216
2169395,-109,4129,224
2169396,-98,4139,226
2169397,-88,4144,240
2169398,-82,4142,267
2169399,-76,4136,292
2169400,-71,4131,294
2169401,-68,4130,280
2169402,-61,4130,274
2169403,-56,4127,274
2169404,-56,4132,277
2169405,-61,4135,280
2169406,-66,4131,273
2169407,-61,4131,262
2169408,-56,4134,269
2169409,-56,4137,277
2169410,-60,4143,274
2169411,-64,4145,278
2169412,-67,4139,284
2169413,-65,4137,285
2169414,-62,4134,285
2169415,-72,4118,293
2169416,-72,4115,293
2169417,-69,4121,302
2169418,-68,4131,312
2169419,-73,4144,308
2169420,-77,4155,309
2169421,-77,4156,312
2169422,-75,4157,302
2169423,-78,4161,295
2169424,-88,4166,297
2169425,-91,4163,294
2169426,-88,4159,289
2169427,-79,4160,297
2169428,-68,4159,309
2169429,-61,4154,314
2169430,-63,4153,318
2169431,-65,4159,329
2169432,-65,4159,341
2169433,-69,4155,346
2169435,-66,4156,349
2169436,-60,4164,354
2169437,-69,4170,357
2169438,-77,4175,349
2169439,-80,4180,345
2169440,-80,4186,357
2169441,-80,4190,362
2169442,-85,4186,345
2169443,-89,4181,329
2169444,-89,4175,325
2169445,-94,4170,323
2169446,-107,4181,332
2169447,-110,4179,334
2169448,-111,4172,322
2169449,-110,4173,317
2169450,-112,4178,318
2169451,-114,4175,312
2169452,-113,4168,307
2169453,-111,4166,316
2169454,-114,4172,318
2169455,-123,4174,302
2169456,-127,4171,284
2169457,-123,4176,277
2169458,-125,4185,286
2169459,-130,4194,288
2169460,-132,4199,290
2169461,-128,4203,306
2169462,-131,4204,310
2169463,-134,4196,305
2169464,-134,4181,309
2169465,-140,4167,315
2169466,-147,4158,311
2169467,-149,4153,303
2169468,-141,4146,297
2169469,-131,4139,298
2169470,-117,4135,298
2169471,-96,4123,286
2169472,-81,4107,269
2169473,-70,4097,254
2169474,-62,4097,246
2169475,-55,4103,242
2169476,-41,4110,242
2169477,-33,4119,237
2169478,-39,4126,227
2169479,-45,4129,211
2169480,-51,4130,189
2169481,-68,4135,182
2169482,-108,4137,218
2169483,-122,4132,217
2169484,-125,4135,221
2169485,-129,4151,235
2169486,-141,4161,243
2169487,-153,4162,246
2169488,-161,4166,250
2169489,-162,4168,253
2169490,-156,4166,249
2169491,-156,4174,251
2169492,-156,4185,260
2169493,-151,4184,269
2169494,-145,4182,270
2169495,-140,4181,265
2169496,-145,4175,263
2169497,-145,4176,266
2169498,-133,4178,267
2169499,-119,4172,261
2169500,-108,4168,263
2169501,-99,4167,265
2169502,-88,4161,262
2169503,-76,4151,261
2169504,-66,4143,255
2169505,-61,4133,250
2169506,-55,4126,251
2169507,-51,4119,246
2169508,-48,4116,242
2169509,-44,4121,243
2169510,-45,4121,237
2169511,-45,4111,229
2169512,-46,4103,226
2169513,-51,4102,224
2169514,-53,4100,217
2169515,-62,4100,206
2169516,-74,4101,199
2169517,-65,4109,187
2169518,-64,4105,184
2169519,-64,4093,187
2169520,-70,4090,188
2169521,-81,4092,188
2169522,-86,4094,188
2169523,-82,4092,189
2169524,-78,4092,189
2169525,-80,4099,185
2169526,-93,4109,176
2169527,-103,4121,182
2169528,-102,4123,201
2169529,-91,4119,207
2169530,-76,4115,210
2169531,-73,4112,218
2169532,-78,4113,210
2169533,-80,4111,196
2169534,-85,4106,190
2169535,-91,4102,184
2169536,-85,4102,190
2169537,-68,4110,196
2169538,-59,4117,192
2169539,-62,4113,194
2169540,-71,4107,207
2169541,-80,4114,221
2169542,-91,4125,226
2169543,-96,4133,227
2169544,-95,4142,228
2169545,-100,4158,240
2169546,-102,4171,266
2169547,-103,4180,297
2169548,-108,4192,327
2169549,-107,4203,347
2169550,-116,4217,390
2169551,-117,4222,424
2169552,-121,4228,447
2169553,-128,4230,460
2169554,-131,4229,464
2169555,-129,4229,462
2169556,-119,4233,464
2169557,-105,4235,478
2169558,-96,4235,493
2169559,-101,4236,499
2169560,-106,4241,493
2169561,-95,4239,483
2169562,-80,4234,476
2169563,-76,4229,466
2169564,-81,4218,458
2169565,-84,4209,460
2169566,-76,4203,453
2169567,-66,4194,430
2169568,-63,4180,420
2169569,-64,4163,411
2169570,-63,4155,395
2169571,-63,4152,380
2169572,-63,4139,364
2169573,-66,4128,340
2169574,-69,4125,313
2169575,-67,4124,294
2169576,-68,4125,280
2169577,-70,4122,269
2169578,-76,4115,264
2169579,-79,4111,260
2169580,-78,4110,245
2169581,-76,4112,230
2169582,-77,4113,216
2169583,-80,4113,207
2169584,-82,4110,195
2169585,-86,4101,190
2169586,-86,4101,195
2169587,-94,4110,190
2169588,-97,4113,193
2169589,-90,4113,199
2169590,-88,4110,203
2169591,-94,4100,210
2169592,-95,4095,216
2169593,-86,4101,219
2169594,-77,4107,214
2169595,-71,4101,201
2169596,-65,4090,189
2169597,-65,4089,201
2169598,-70,4097,220
2169599,-74,4104,226
2169600,-76,4110,232
2169601,-69,4113,240
2169602,-61,4117,244
2169603,-58,4119,238
2169604,-60,4109,238
2169605,-68,4099,248
2169606,-72,4090,257
2169607,-67,4089,260
2169608,-60,4097,256
2169609,-55,4103,260
2169610,-60,4106,265
2169611,-67,4103,257
2169612,-66,4102,247
2169613,-64,4107,252
2169614,-69,4114,266
2169615,-73,4121,268
2169616,-73,4122,260
2169617,-73,4121,257
2169618,-77,4121,257
2169619,-80,4116,251
2169620,-78,4111,241
2169621,-74,4111,231
2169622,-66,4116,236
2169623,-72,4118,244
2169624,-81,4118,240
2169625,-85,4124,224
2169626,-88,4133,214
2169627,-88,4140,219
2169628,-81,4139,231
2169629,-71,4136,244
2169630,-77,4140,250
2169631,-91,4142,251
2169632,-100,4142,254
2169633,-105,4144,250
2169634,-101,4148,247
2169635,-101,4148,256
2169636,-108,4155,265
2169637,-111,4171,272
2169638,-115,4185,286
2169639,-120,4197,294
2169640,-122,4205,297
2169641,-126,4209,304
2169642,-134,4210,314
2169643,-140,4213,320
2169644,-149,4217,332
2169645,-166,4221,349
2169646,-180,4228,360
2169647,-187,4231,365
2169648,-189,4228,370
2169649,-191,4221,383
2169650,-194,4209,394
2169651,-188,4196,401
2169652,-180,4189,417
2169653,-184,4176,433
2169654,-179,4156,444
2169655,-168,4139,453
2169656,-155,4126,448
2169657,-134,4118,437
2169658,-114,4112,431
2169659,-81,4117,390
2169660,-71,4123,365
2169661,-62,4128,348
2169662,-48,4134,330
2169663,-36,4148,307
2169664,-27,4161,291
2169665,-19,4172,289
2169666,-22,4174,278
2169667,-32,4167,273
2169668,-39,4166,285
2169669,-46,4161,302
2169670,-60,4148,307
2169671,-70,4131,308
2169672,-81,4119,314
2169673,-91,4117,316
2169674,-89,4120,327
2169675,-83,4119,352
2169676,-81,4112,358
2169677,-82,4104,358
2169678,-81,4101,372
2169679,-70,4098,376
2169680,-56,4097,369
2169681,-50,4100,352
2169682,-39,4100,333
2169683,-22,4096,320
2169684,-7,4095,315
2169685,0,4103,321
2169686,0,4105,327
2169687,6,4101,321
2169688,14,4093,317
2169689,14,4089,320
2169690,-4,4109,326
2169691,-17,4123,326
2169692,-29,4139,332
2169693,-33,4141,348
2169694,-38,4136,369
2169695,-52,4138,385
2169696,-67,4135,390
2169697,-73,4123,390
2169698,-79,4110,387
2169699,-87,4105,378
2169700,-89,4106,370
2169701,-89,4104,366
2169702,-81,4104,365
2169703,-65,4104,367
2169704,-52,4102,365
2169705,-40,4105,353
2169706,-30,4107,343
2169707,-25,4110,337
2169708,-30,4106,329
2169709,-42,4097,324
2169710,-45,4093,320
2169711,-36,4093,315
2169712,-32,4093,303
2169713,-32,4093,295
2169714,-35,4090,302
2169715,-42,4092,307
2169716,-45,4093,307
2169717,-48,4086,309
2169718,-59,4086,309
2169719,-69,4092,305
2169720,-71,4096,305
2169721,-74,4100,303
2169722,-83,4101,295
2169723,-90,4108,295
2169724,-89,4116,302
2169725,-81,4117,299
2169726,-80,4116,311
2169727,-82,4121,333
2169728,-84,4132,338
2169729,-97,4136,345
2169730,-108,4132,358
2169731,-110,4136,357
2169732,-109,4148,349
2169733,-110,4157,337
2169734,-114,4159,317
2169735,-114,4157,308
2169736,-107,4152,316
2169737,-91,4150,327
2169738,-70,4146,344
2169739,-47,4147,356
2169740,-29,4152,359
2169741,-21,4154,362
2169742,-22,4161,367
2169743,-28,4172,375
2169744,-34,4179,379
2169745,-42,4188,376
2169746,-41,4191,373
2169747,-42,4178,374
2169748,-52,4169,386
2169749,-61,4166,393
2169750,-64,4167,382
2169751,-54,4174,374
2169752,-42,4177,366
2169753,-40,4179,351
2169754,-41,4187,329
2169755,-40,4194,315
2169756,-41,4195,326
2169757,-46,4196,341
2169758,-62,4196,343
2169759,-84,4193,327
2169760,-95,4198,311
2169761,-104,4203,296
2169762,-115,4207,276
2169763,-148,4223,282
2169764,-150,4222,281
2169765,-143,4219,271
2169766,-133,4219,252
2169767,-130,4218,245
2169768,-133,4218,257
2169769,-140,4217,259
2169770,-145,4211,259
2169771,-137,4206,271
2169772,-128,4208,282
2169773,-132,4208,292
2169774,-142,4206,300
2169775,-140,4204,300
2169776,-124,4202,298
2169777,-115,4207,298
2169778,-111,4211,298
2169779,-100,4211,290
2169780,-87,4209,284
2169781,-82,4204,280
2169782,-80,4201,266
2169783,-88,4206,259
2169784,-98,4207,264
2169785,-102,4203,262
2169786,-108,4201,256
2169787,-114,4200,258
2169788,-116,4203,270
2169789,-117,4207,273
2169790,-118,4205,262
2169791,-121,4203,248
2169792,-127,4197,241
2169793,-135,4192,244
2169794,-134,4191,252
2169795,-127,4193,261
2169796,-128,4192,266
2169797,-136,4191,261
2169798,-143,4188,253
2169799,-149,4177,269
2169800,-154,4170,281
2169801,-150,4168,283
2169802,-133,4161,293
2169803,-115,4137,308
2169804,-104,4119,308
2169805,-96,4116,302
2169806,-83,4110,300
2169807,-66,4100,294
2169808,-56,4094,298
2169809,-57,4084,304
2169810,-54,4069,303
2169811,-48,4057,302
2169812,-48,4051,301
2169813,-45,4052,296
2169814,-35,4055,282
2169815,-35,4053,271
2169816,-52,4051,274
2169817,-66,4056,279
2169818,-61,4064,272
2169819,-47,4070,258
2169820,-41,4077,248
2169821,-49,4089,243
2169822,-57,4099,247
2169823,-61,4104,256
2169824,-66,4110,272
2169825,-69,4110,292
2169826,-76,4106,307
2169827,-89,4103,326
2169828,-104,4109,344
2169829,-113,4115,356
2169830,-113,4116,366
2169831,-116,4117,367
2169832,-121,4113,362
2169833,-120,4108,358
2169834,-113,4107,361
2169835,-86,4102,378
2169836,-68,4098,381
2169837,-55,4093,369
2169838,-51,4091,350
2169839,-51,4096,341
2169840,-47,4106,338
2169841,-41,4116,340
2169842,-36,4120,351
2169843,-35,4124,358
2169844,-34,4121,353
2169845,-42,4114,351
2169846,-55,4113,353
2169847,-60,4115,353
2169848,-61,4120,353
2169849,-69,4128,350
2169850,-77,4137,341
2169851,-83,4135,329
2169852,-92,4130,332
2169853,-98,4136,341
2169854,-101,4146,344
2169855,-100,4155,349
2169856,-101,4154,358
2169857,-107,4150,372
2169858,-116,4153,382
2169859,-113,4158,386
2169860,-102,4156,397
2169861,-97,4152,406
2169862,-95,4150,402
2169863,-86,4149,386
2169864,-71,4148,373
2169865,-66,4145,373
2169866,-67,4142,371
2169867,-65,4142,362
2169868,-54,4142,356
2169869,-35,4133,354
2169870,-23,4123,350
2169871,-31,4103,342
2169872,-43,4098,339
2169873,-52,4106,333
2169874,-63,4116,327
2169875,-81,4126,320
2169876,-100,4136,318
2169877,-116,4142,319
2169878,-124,4142,324
2169879,-129,4141,319
2169880,-139,4145,307
2169881,-144,4152,301
2169882,-146,4158,288
2169883,-140,4166,274
2169884,-133,4175,262
2169885,-139,4178,247
2169886,-141,4184,245
2169887,-130,4185,242
2169888,-123,4178,240
2169889,-123,4176,257
2169890,-118,4182,273
2169891,-116,4183,270
2169892,-127,4170,262
2169893,-141,4162,258
2169894,-141,4162,255
2169895,-130,4164,251
2169896,-117,4162,244
2169897,-105,4153,240
2169898,-93,4150,246
2169899,-80,4158,262
2169900,-67,4154,270
2169901,-60,4144,264
2169902,-60,4146,253
2169903,-58,4151,241
2169904,-60,4152,252
2169905,-59,4159,249
2169906,-66,4168,246
2169907,-80,4181,246
2169908,-89,4200,247
2169909,-95,4207,259
2169910,-102,4200,277
2169911,-113,4205,292
2169912,-121,4212,298
2169913,-118,4204,301
2169914,-118,4193,303
2169915,-117,4187,298
2169916,-114,4182,296
2169917,-112,4181,300
2169918,-111,4185,299
2169919,-117,4180,294
2169920,-115,4168,292
2169921,-111,4158,286
2169922,-106,4154,274
2169923,-100,4151,252
2169924,-99,4146,220
2169925,-90,4144,203
2169926,-73,4139,201
2169927,-61,4137,193
2169928,-60,4139,195
2169929,-58,4132,206
2169930,-50,4121,215
2169931,-43,4113,217
2169932,-42,4115,209
2169933,-47,4122,209
2169934,-51,4121,229
2169935,-55,4125,246
2169936,-62,4134,244
2169937,-68,4134,237
2169938,-70,4127,243
2169939,-72,4125,251
2169940,-82,4118,247
2169941,-80,4108,242
2169942,-76,4105,248
2169943,-80,4113,254
2169944,-86,4119,258
2169945,-86,4122,264
2169946,-79,4125,261
2169947,-80,4127,252
2169948,-91,4127,246
2169949,-102,4127,246
2169950,-109,4127,253
2169951,-109,4122,258
2169952,-100,4122,260
2169953,-99,4130,264
2169954,-100,4133,273
2169955,-98,4123,275
2169956,-96,4114,260
2169957,-96,4108,253
2169958,-98,4101,260
2169959,-95,4105,273
2169960,-93,4108,280
2169961,-97,4104,277
2169962,-100,4108,276
2169963,-93,4109,288
2169964,-89,4105,294
2169965,-94,4109,296
2169966,-93,4119,298
2169967,-95,4119,299
2169968,-108,4117,302
2169969,-120,4121,294
2169970,-118,4132,288
2169971,-111,4151,288
2169972,-108,4164,287
2169973,-104,4164,290
2169974,-113,4158,281
2169975,-117,4153,268
2169976,-123,4160,254
2169977,-121,4171,242
2169978,-110,4178,243
2169979,-103,4181,242
2169980,-107,4181,229
2169981,-120,4178,234
2169982,-134,4173,239
2169983,-137,4174,236
2169984,-130,4178,229
2169985,-130,4183,218
2169986,-135,4178,210
2169987,-132,4164,211
2169988,-129,4156,217
2169989,-132,4148,226
2169990,-133,4140,239
2169991,-134,4129,245
2169992,-136,4119,261
2169993,-132,4112,277
2169994,-121,4103,275
2169995,-111,4101,273
2169996,-104,4107,278
2169997,-96,4117,286
2169998,-85,4129,295
2169999,-79,4137,300
2170000,-78,4146,307
2170001,-74,4157,320
2170002,-73,4165,325
2170003,-72,4169,317
2170004,-64,4178,310
2170005,-53,4185,318
2170006,-50,4185,335
2170007,-59,4188,347
2170008,-71,4198,356
2170009,-78,4210,369
2170010,-82,4227,385
2170011,-87,4223,381
2170012,-90,4218,387
2170013,-94,4213,396
2170014,-96,4208,391
2170015,-97,4198,382
2170016,-96,4186,379
2170017,-96,4178,370
2170018,-99,4178,359
2170019,-99,4176,365
2170020,-85,4164,372
2170021,-72,4154,380
2170022,-69,4149,380
2170023,-65,4146,360
2170024,-65,4146,348
2170025,-65,4152,345
2170026,-69,4157,334
2170027,-75,4147,312
2170028,-71,4143,289
2170029,-68,4150,278
2170030,-70,4156,277
2170031,-76,4156,258
2170032,-78,4152,229
2170033,-78,4157,215
2170034,-86,4164,210
2170035,-101,4158,210
2170036,-114,4156,212
2170037,-125,4166,218
2170038,-130,4175,220
2170039,-133,4175,219
2170040,-134,4171,212
2170041,-131,4162,206
2170042,-132,4146,209
2170043,-124,4139,205
2170044,-111,4139,204
2170045,-105,4140,209
2170046,-98,4142,208
2170047,-95,4124,200
2170048,-101,4113,197
2170049,-93,4104,196
2170050,-82,4097,198
2170051,-76,4097,198
2170052,-70,4093,185
2170053,-54,4087,171
2170054,-38,4083,168
2170055,-31,4074,170
2170056,-34,4071,159
2170057,-38,4072,151
2170058,-37,4079,154
2170059,-47,4089,158
2170060,-57,4094,162
2170061,-55,4097,173
2170062,-57,4098,178
2170063,-76,4096,179
2170064,-88,4098,185
2170065,-88,4105,183
2170066,-89,4107,182
2170067,-86,4106,190
2170068,-85,4105,198
2170069,-90,4101,197
2170070,-94,4097,194
2170071,-97,4094,195
2170072,-95,4093,197
2170073,-88,4096,200
2170074,-85,4097,205
2170075,-85,4095,213
2170076,-83,4091,224
2170077,-78,4085,230
2170078,-74,4083,232
2170079,-71,4092,242
2170080,-68,4103,253
2170081,-69,4115,259
2170082,-76,4129,269
2170083,-88,4162,296
2170084,-92,4177,324
2170085,-93,4189,365
2170086,-97,4204,391
2170087,-99,4214,401
2170088,-100,4219,411
2170089,-103,4227,421
2170090,-105,4234,441
2170091,-104,4232,477
2170092,-104,4218,500
2170093,-101,4205,503
2170094,-92,4199,504
2170095,-87,4193,504
2170096,-81,4190,493
2170097,-67,4195,478
2170098,-52,4202,472
2170099,-45,4201,463
2170100,-46,4200,445
2170101,-44,4201,442
2170102,-48,4200,451
2170103,-57,4194,455
2170104,-62,4188,454
2170105,-68,4184,459
2170106,-79,4184,472
2170107,-88,4181,487
2170108,-92,4173,499
2170109,-99,4169,515
2170110,-104,4177,524
2170111,-104,4188,519
2170112,-109,4190,517
2170113,-111,4187,506
2170114,-103,4187,485
2170115,-101,4193,464
2170116,-105,4197,452
2170117,-99,4195,450
2170118,-90,4189,438
2170119,-91,4192,400
2170120,-96,4189,390
2170121,-95,4188,383
2170122,-94,4184,369
2170123,-95,4176,357
2170124,-99,4170,350
2170125,-104,4168,333
2170126,-103,4162,316
2170127,-104,4150,307
2170128,-108,4147,302
2170129,-103,4156,283
2170130,-95,4147,257
2170131,-101,4131,251
2170132,-107,4129,258
2170133,-102,4130,252
2170134,-106,4124,238
2170135,-114,4118,243
2170136,-115,4118,258
2170137,-111,4116,254
2170138,-112,4105,239
2170139,-114,4094,228
2170140,-113,4097,215
2170141,-113,4104,203
2170142,-122,4102,200
2170143,-118,4099,200
2170144,-93,4101,195
2170145,-81,4106,180
2170146,-84,4102,171
2170147,-85,4088,176
2170148,-84,4078,178
2170149,-83,4076,183
2170150,-84,4078,186
2170151,-82,4083,177
2170152,-78,4086,165
2170153,-79,4088,168
2170154,-80,4093,183
2170155,-86,4096,183
2170156,-94,4111,170
2170157,-93,4112,196
2170158,-82,4110,215
2170159,-75,4109,219
2170160,-82,4107,227
2170161,-93,4103,254
2170162,-95,4101,275
2170163,-93,4102,280
2170164,-95,4103,280
2170165,-99,4106,273
2170166,-104,4114,261
2170167,-102,4119,250
2170168,-94,4122,248
2170169,-88,4131,253
2170170,-85,4134,261
2170171,-90,4128,265
2170172,-99,4123,262
2170173,-95,4122,262
2170174,-86,4122,259
2170175,-79,4124,254
2170176,-84,4128,251
2170177,-91,4131,259
2170178,-89,4134,269
2170179,-89,4139,272
2170180,-95,4143,283
2170181,-99,4146,291
2170182,-92,4150,285
2170183,-90,4157,283
2170184,-96,4163,294
2170185,-97,4169,315
2170186,-99,4171,330
2170187,-101,4169,334
2170188,-103,4175,347
2170189,-100,4184,359
2170190,-98,4189,363
2170191,-96,4194,365
2170192,-100,4199,363
2170193,-105,4209,343
2170194,-105,4215,331
2170195,-109,4219,329
2170196,-115,4217,331
2170197,-118,4210,343
2170198,-118,4202,355
2170199,-111,4198,351
2170200,-104,4195,339
2170201,-96,4194,335
2170202,-90,4192,331
2170203,-89,4190,328
2170204,-89,4191,331
2170205,-89,4190,334
2170206,-84,4178,335
2170207,-80,4167,324
2170208,-85,4165,309
2170209,-89,4173,302
2170210,-88,4180,303
2170211,-76,4175,306
2170212,-66,4168,298
2170213,-78,4170,293
2170214,-90,4173,303
2170215,-94,4174,308
2170216,-101,4179,307
2170217,-103,4187,308
2170218,-103,4196,322
2170219,-105,4195,336
2170220,-104,4186,325
2170221,-104,4181,309
2170222,-102,4177,299
2170223,-96,4175,294
2170224,-89,4172,290
2170225,-90,4164,285
2170226,-96,4164,287
2170227,-96,4166,281
2170228,-94,4169,270
2170229,-107,4158,255
2170230,-111,4152,244
2170231,-117,4145,229
2170232,-113,4132,218
2170233,-102,4134,220
2170234,-104,4141,220
2170235,-109,4139,199
2170236,-105,4126,181
2170237,-98,4104,180
2170238,-93,4102,197
2170239,-93,4126,212
2170240,-88,4140,202
2170241,-70,4131,191
2170242,-55,4121,184
2170243,-47,4118,180
2170244,-39,4114,190
2170245,-44,4111,197
2170246,-54,4119,192
2170247,-63,4128,185
2170248,-80,4129,169
2170249,-101,4126,151
2170250,-128,4124,141
2170251,-162,4115,138
2170252,-196,4096,135
2170253,-225,4081,134
2170254,-260,4070,135
2170255,-285,4060,146
2170256,-283,4054,168
2170257,-264,4055,177
2170258,-239,4063,172
2170259,-206,4076,167
2170260,-169,4088,164
2170261,-127,4098,163
2170262,-87,4101,171
2170263,-57,4096,180
2170264,-38,4092,181
2170265,-38,4094,166
2170266,-36,4086,163
2170267,-30,4077,175
2170268,-20,4073,191
2170269,-21,4074,206
2170270,-35,4084,218
2170271,-51,4088,223
2170272,-62,4085,226
2170273,-64,4084,233
2170274,-62,4095,237
2170275,-65,4109,229
2170276,-69,4112,227
2170277,-71,4116,230
2170278,-78,4129,229
2170279,-88,4145,239
2170280,-109,4155,248
2170281,-131,4162,250
2170282,-140,4173,257
2170283,-142,4179,263
2170284,-145,4175,273
2170285,-149,4166,294
2170286,-141,4164,322
2170287,-123,4162,343
2170288,-113,4158,346
2170289,-105,4154,335
2170290,-95,4150,329
2170291,-85,4153,335
2170292,-64,4154,348
2170293,-41,4161,361
2170294,-36,4170,354
2170295,-44,4167,344
2170296,-48,4159,342
2170297,-62,4155,340
2170298,-174,4156,340
2170299,-228,4151,342
2170300,-236,4145,349
2170301,-205,4145,365
2170302,-144,4147,368
2170303,-77,4144,338
2170304,-26,4145,290
2170305,18,4148,241
2170306,48,4149,206
2170307,69,4155,188
2170308,95,4164,179
2170309,123,4167,190
2170310,151,4158,210
2170311,163,4141,231
2170312,153,4136,260
2170313,124,4136,294
2170314,73,4135,333
2170315,5,4139,376
2170316,-66,4148,419
2170317,-123,4157,446
2170318,-161,4160,453
2170319,-185,4161,453
2170320,-183,4167,452
2170321,-164,4177,449
2170322,-141,4191,444
2170323,-115,4206,435
2170324,-97,4221,423
2170325,-70,4231,398
2170326,-61,4238,384
2170327,-61,4244,391
2170328,-64,4244,408
2170329,-78,4241,419
2170330,-94,4232,434
2170331,-104,4216,446
2170332,-105,4207,449
2170333,-100,4205,456
2170334,-94,4206,458
2170335,-85,4207,445
2170336,-80,4201,433
2170337,-73,4189,426
2170338,-59,4178,424
2170339,-41,4169,425
2170340,-37,4164,420
2170341,-37,4165,397
2170342,-20,4165,365
2170343,-3,4166,347
2170344,7,4167,355
2170345,10,4163,364
2170346,7,4155,348
2170347,-2,4140,339
2170348,-15,4132,340
2170349,-25,4134,338
2170350,-34,4133,337
2170351,-43,4129,337
2170352,-55,4124,333
2170353,-61,4132,332
2170354,-63,4130,326
2170355,-71,4125,333
2170356,-75,4121,344
2170358,-68,4113,337
2170359,-59,4107,322
2170360,-55,4106,305
2170361,-52,4106,295
2170362,-51,4104,297
2170363,-42,4102,304
2170364,-37,4098,304
2170365,-38,4082,294
2170366,-46,4069,278
2170367,-49,4071,269
2170368,-40,4075,269
2170369,-36,4077,274
2170370,-34,4074,280
2170371,-39,4066,287
2170372,-43,4062,293
2170373,-39,4058,297
2170374,-38,4062,299
2170375,-46,4076,301
2170376,-52,4080,306
2170377,-49,4080,304
2170378,-44,4079,301
2170379,-44,4077,313
2170380,-47,4080,332
2170381,-42,4085,336
2170382,-32,4085,336
2170383,-32,4076,343
2170384,-33,4078,349
2170385,-33,4081,363
2170386,-29,4079,365
2170387,-29,4078,351
2170388,-32,4081,338
2170389,-32,4085,325
2170390,-37,4083,314
2170391,-48,4085,316
2170392,-54,4092,318
2170393,-56,4095,303
2170394,-60,4090,293
2170395,-61,4084,301
2170396,-60,4086,309
2170397,-72,4093,303
2170398,-91,4102,298
2170399,-102,4112,305
2170400,-117,4126,322
2170401,-134,4140,337
2170402,-142,4138,339
2170403,-149,4130,342
2170404,-148,4126,357
2170405,-137,4131,365
2170406,-127,4136,372
2170407,-128,4137,385
2170408,-127,4146,394
2170409,-112,4154,393
2170410,-96,4163,388
2170411,-85,4179,386
2170412,-84,4195,390
2170413,-83,4202,400
2170414,-73,4204,398
2170415,-72,4213,395
2170416,-73,4213,398
2170417,-69,4208,406
2170418,-70,4197,418
2170419,-77,4188,429
2170420,-83,4191,433
2170421,-90,4191,433
2170422,-96,4185,438
2170423,-91,4182,437
2170424,-76,4179,425
2170425,-65,4182,417
2170426,-61,4183,413
2170427,-58,4174,398
2170428,-52,4169,384
2170429,-48,4172,376
2170430,-52,4174,368
2170431,-53,4173,351
2170432,-47,4177,327
2170433,-49,4179,323
2170434,-54,4182,330
2170435,-58,4184,321
2170436,-70,4185,311
2170437,-80,4184,324
2170438,-93,4181,340
2170439,-107,4176,347
2170440,-107,4171,338
2170441,-102,4175,320
2170442,-109,4175,311
2170443,-121,4172,317
2170444,-124,4174,327
2170445,-122,4180,320
2170446,-122,4186,308
2170447,-120,4185,307
2170448,-117,4182,306
2170449,-117,4179,298
2170450,-119,4174,286
2170451,-122,4178,263
2170452,-113,4185,257
2170453,-101,4185,265
2170454,-97,4177,271
2170455,-101,4172,261
2170456,-102,4173,257
2170457,-95,4167,266
2170458,-86,4162,263
2170459,-83,4168,249
2170460,-86,4174,248
2170461,-87,4174,257
2170462,-96,4171,260
2170463,-104,4170,264
2170464,-105,4174,267
2170465,-110,4175,266
2170466,-124,4174,261
2170467,-128,4170,256
2170468,-123,4165,257
2170469,-113,4164,256
2170470,-99,4169,245
2170471,-95,4180,232
2170472,-96,4182,229
2170473,-97,4171,232
2170474,-100,4161,232
2170475,-100,4154,228
2170476,-100,4146,222
2170477,-99,4131,216
2170478,-94,4118,222
2170479,-89,4113,229
2170480,-84,4107,225
2170481,-74,4098,216
2170482,-71,4084,206
2170483,-72,4078,211
2170484,-71,4076,217
2170485,-69,4072,214
2170486,-62,4074,213
2170487,-75,4079,196
2170488,-75,4074,191
2170489,-67,4074,195
2170490,-62,4079,196
2170491,-65,4079,198
2170492,-68,4070,201
2170493,-70,4056,197
2170494,-76,4047,198
2170495,-76,4045,199
2170496,-75,4044,192
2170497,-81,4044,182
2170498,-85,4045,175
2170499,-83,4050,180
2170500,-84,4054,190
2170501,-86,4058,195
2170502,-96,4061,195
2170503,-103,4063,204
2170504,-103,4062,215
2170505,-101,4062,222
2170506,-96,4071,234
2170507,-99,4084,240
2170508,-98,4100,242
2170509,-88,4118,253
2170510,-86,4129,259
2170511,-92,4144,256
2170512,-91,4162,260
2170513,-81,4163,269
2170514,-73,4154,267
2170515,-70,4151,257
2170516,-76,4149,251
2170517,-87,4145,255
2170518,-89,4142,268
2170519,-84,4142,280
2170520,-83,4142,286
2170521,-86,4145,282
2170522,-89,4148,273
2170523,-93,4154,263
2170524,-89,4164,267
2170525,-89,4169,269
2170526,-99,4164,265
2170527,-110,4164,266
2170528,-115,4172,265
2170529,-118,4174,261
2170530,-125,4174,256
2170531,-127,4174,260
2170532,-118,4177,277
2170533,-112,4187,298
2170534,-111,4197,301
2170535,-120,4207,296
2170536,-126,4217,297
2170537,-128,4221,298
2170538,-131,4220,289
2170539,-129,4226,279
2170540,-121,4233,284
2170541,-117,4225,286
2170542,-122,4212,276
2170543,-126,4209,265
2170544,-123,4212,257
2170545,-120,4217,248
2170546,-125,4218,248
2170547,-131,4213,253
2170548,-137,4205,253
2170549,-141,4198,247
2170550,-145,4197,238
2170551,-148,4197,240
2170552,-144,4189,245
2170553,-137,4183,246
2170554,-130,4177,253
2170555,-119,4172,258
2170556,-111,4172,260
2170557,-111,4173,254
2170558,-114,4172,238
2170559,-105,4173,222
2170560,-99,4168,220
2170561,-94,4162,232
2170562,-94,4167,260
2170563,-88,4170,276
2170564,-79,4166,275
2170565,-75,4168,277
