,-259,4085,496
5084228,-264,4086,491
5084229,-259,4082,492
5084230,-251,4080,507
5084231,-239,4078,507
5084232,-224,4073,491
5084233,-209,4070,485
5084234,-189,4071,484
5084235,-170,4074,484
5084236,-161,4073,491
5084237,-162,4075,504
5084238,-158,4077,500
5084239,-150,4069,491
5084240,-160,4070,518
5084241,-169,4074,539
5084242,-168,4074,548
5084243,-165,4072,537
5084244,-168,4068,526
5084245,-172,4062,526
5084246,-173,4054,530
5084247,-170,4046,535
5084248,-167,4045,535
5084249,-173,4042,534
5084250,-175,4040,533
5084251,-174,4039,531
5084252,-176,4034,535
5084253,-179,4027,546
5084254,-186,4025,550
5084255,-191,4028,546
5084256,-186,4030,535
5084257,-178,4029,521
5084258,-176,4028,506
5084259,-180,4033,493
5084260,-184,4037,479
5084261,-191,4036,468
5084262,-201,4046,459
5084263,-206,4054,451
5084264,-208,4056,449
5084265,-211,4062,454
5084266,-222,4066,450
5084267,-241,4064,438
5084268,-245,4070,435
5084269,-260,4088,428
5084270,-275,4111,418
5084271,-278,4120,431
5084272,-288,4125,453
5084273,-302,4136,439
5084274,-300,4144,411
5084275,-285,4142,407
5084276,-278,4142,423
5084277,-287,4145,442
5084278,-293,4141,454
5084279,-293,4140,468
5084280,-295,4140,484
5084281,-302,4138,492
5084282,-309,4138,492
5084283,-302,4142,498
5084284,-288,4149,504
5084285,-277,4160,502
5084286,-272,4171,507
5084287,-270,4166,514
5084288,-263,4166,518
5084289,-252,4168,537
5084290,-244,4157,550
5084291,-239,4145,555
5084292,-231,4139,590
5084293,-232,4140,633
5084294,-231,4148,644
5084295,-222,4155,618
5084296,-214,4153,602
5084297,-208,4154,615
5084298,-207,4158,639
5084299,-207,4151,667
5084300,-199,4143,684
5084301,-189,4138,694
5084302,-176,4133,694
5084303,-142,4115,662
5084304,-130,4112,666
5084305,-134,4116,680
5084306,-131,4110,674
5084307,-115,4104,648
5084308,-99,4098,623
5084309,-85,4087,617
5084310,-89,4084,622
5084311,-101,4091,629
5084312,-109,4096,631
5084313,-106,4093,611
5084314,-103,4083,588
5084315,-118,4085,581
5084316,-133,4098,582
5084317,-137,4106,561
5084318,-125,4104,512
5084319,-105,4096,473
5084320,-115,4103,482
5084321,-146,4113,513
5084322,-162,4101,534
5084323,-175,4093,561
5084324,-198,4104,572
5084325,-213,4107,536
5084326,-212,4097,494
5084327,-212,4101,482
5084328,-231,4117,506
5084329,-243,4121,544
5084330,-241,4122,569
5084331,-243,4123,580
5084332,-236,4115,567
5084333,-207,4105,558
5084334,-193,4112,595
5084335,-199,4142,590
5084336,-153,4137,503
5084337,-93,4101,455
5084338,-110,4113,543
5084339,-93,4122,535
5084340,-78,4119,480
5084341,-59,4096,443
5084342,-55,4083,477
5084343,-97,4112,536
5084344,-123,4127,517
5084345,-93,4106,455
5084346,-80,4109,432
5084347,-120,4130,435
5084348,-136,4150,409
5084349,-123,4169,315
5084350,-101,4158,226
5084351,-111,4175,209
5084352,-145,4218,200
5084353,-147,4220,174
5084354,-157,4213,169
5084355,-187,4224,174
5084356,-210,4237,166
5084357,-222,4237,139
5084358,-240,4228,143
5084359,-283,4228,200
5084360,-332,4242,266
5084361,-350,4252,303
5084362,-349,4247,299
5084363,-337,4246,301
5084364,-332,4260,309
5084365,-327,4269,302
5084366,-309,4260,302
5084367,-305,4254,317
5084368,-311,4258,338
5084369,-290,4252,343
5084370,-260,4241,343
5084371,-252,4249,376
5084372,-253,4275,409
5084373,-232,4282,382
5084374,-178,4269,369
5084375,-199,4286,445
5084376,-210,4301,483
5084377,-185,4291,482
5084378,-181,4289,489
5084379,-199,4298,505
5084380,-194,4303,499
5084381,-174,4298,470
5084382,-165,4289,469
5084383,-174,4288,493
5084384,-185,4288,514
5084385,-192,4280,507
5084386,-196,4273,502
5084387,-212,4275,513
5084388,-233,4272,503
5084389,-240,4251,483
5084390,-262,4241,481
5084391,-295,4248,478
5084392,-301,4238,469
5084393,-305,4237,459
5084394,-309,4237,448
5084395,-295,4234,432
5084396,-277,4243,391
5084397,-247,4232,343
5084398,-216,4214,334
5084399,-219,4222,371
5084400,-233,4236,387
5084401,-216,4228,352
5084402,-206,4211,337
5084403,-229,4216,349
5084404,-235,4228,347
5084405,-225,4230,332
5084406,-234,4230,336
5084407,-248,4235,360
5084408,-234,4226,367
5084409,-211,4214,359
5084410,-205,4245,410
5084411,-194,4252,423
5084412,-187,4236,414
5084413,-198,4218,419
5084414,-211,4202,449
5084415,-211,4196,476
5084416,-205,4192,493
5084417,-193,4192,503
5084418,-189,4209,505
5084419,-192,4212,502
5084420,-190,4203,508
5084422,-192,4202,521
5084423,-200,4200,534
5084424,-198,4187,540
5084425,-198,4180,544
5084426,-197,4191,542
5084427,-180,4195,512
5084428,-168,4190,500
5084429,-175,4185,515
5084430,-187,4187,528
5084431,-179,4182,532
5084432,-170,4176,522
5084433,-169,4173,506
5084434,-171,4168,489
5084435,-173,4165,493
5084436,-180,4168,501
5084437,-189,4173,477
5084438,-167,4166,436
5084439,-165,4167,414
5084440,-195,4177,404
5084441,-206,4169,405
5084442,-221,4168,433
5084443,-250,4180,466
5084444,-268,4177,457
5084445,-263,4167,423
5084446,-262,4164,414
5084447,-269,4165,420
5084448,-266,4164,413
5084449,-264,4142,398
5084450,-264,4145,412
5084451,-260,4142,404
5084452,-256,4138,396
5084453,-262,4138,406
5084454,-272,4134,414
5084455,-274,4139,399
5084456,-273,4145,364
5084457,-269,4143,345
5084458,-260,4150,352
5084459,-259,4156,355
5084460,-256,4163,353
5084461,-255,4176,355
5084462,-267,4187,391
5084463,-281,4203,453
5084464,-291,4218,479
5084465,-286,4225,469
5084466,-282,4229,462
5084467,-289,4241,471
5084468,-288,4251,488
5084469,-276,4252,507
5084470,-279,4259,523
5084471,-291,4264,531
5084472,-291,4257,531
5084473,-290,4249,534
5084474,-288,4239,533
5084475,-279,4229,526
5084476,-266,4219,522
5084477,-255,4207,511
5084478,-236,4193,523
5084479,-232,4190,533
5084480,-233,4188,513
5084481,-239,4190,480
5084482,-245,4179,452
5084483,-236,4157,445
5084484,-243,4158,450
5084485,-251,4158,440
5084486,-243,4143,403
5084487,-246,4135,361
5084488,-268,4154,347
5084489,-269,4165,334
5084490,-266,4167,322
5084491,-266,4158,318
5084492,-277,4160,316
5084493,-287,4169,321
5084494,-294,4178,315
5084495,-294,4189,298
5084496,-301,4192,278
5084497,-308,4186,270
5084498,-309,4193,270
5084499,-317,4211,272
5084500,-316,4217,284
5084501,-324,4222,290
5084502,-345,4237,289
5084503,-367,4248,275
5084504,-367,4246,268
5084505,-367,4249,295
5084506,-382,4266,322
5084507,-377,4269,332
5084508,-366,4269,344
5084509,-361,4291,351
5084510,-350,4304,340
5084511,-332,4308,328
5084512,-327,4310,345
5084513,-331,4322,373
5084514,-321,4344,404
5084515,-325,4351,436
5084516,-324,4337,458
5084517,-320,4334,487
5084518,-325,4342,527
5084519,-317,4332,556
5084520,-304,4334,573
5084521,-297,4332,577
5084522,-289,4318,571
5084523,-279,4322,585
5084524,-279,4333,594
5084525,-271,4334,586
5084526,-275,4342,599
5084527,-272,4370,606
5084528,-264,4389,557
5084529,-241,4392,508
5084530,-239,4408,489
5084531,-263,4436,488
5084532,-265,4451,477
5084533,-267,4452,470
5084534,-289,4466,484
5084535,-311,4483,488
5084536,-321,4488,471
5084537,-321,4486,465
5084538,-337,4500,485
5084539,-370,4524,500
5084540,-393,4528,487
5084541,-393,4505,457
5084542,-393,4494,447
5084543,-399,4509,457
5084544,-398,4527,466
5084545,-393,4542,457
5084546,-381,4543,429
5084547,-373,4535,412
5084548,-377,4539,405
5084549,-379,4543,394
5084550,-380,4554,386
5084551,-375,4565,376
5084552,-377,4564,367
5084553,-393,4573,381
5084554,-413,4599,409
5084555,-420,4610,412
5084556,-407,4595,410
5084557,-403,4585,427
5084558,-399,4584,455
5084559,-387,4578,483
5084560,-371,4568,509
5084561,-347,4559,529
5084562,-322,4553,555
5084563,-305,4551,591
5084564,-262,4505,606
5084565,-247,4484,613
5084566,-247,4468,644
5084567,-235,4435,652
5084568,-206,4404,629
5084569,-186,4386,612
5084570,-170,4375,586
5084571,-147,4354,538
5084572,-125,4326,489
5084573,-129,4306,434
5084574,-143,4294,380
5084575,-166,4289,330
5084576,-206,4282,292
5084577,-251,4274,265
5084578,-303,4264,220
5084579,-347,4250,164
5084580,-390,4249,133
5084581,-442,4258,98
5084582,-479,4266,56
5084583,-511,4264,30
5084584,-551,4255,25
5084585,-573,4251,37
5084586,-583,4270,46
5084587,-597,4298,68
5084588,-600,4308,115
5084589,-580,4318,177
5084590,-562,4336,262
5084591,-553,4353,373
5084592,-545,4362,490
5084593,-535,4364,608
5084594,-518,4379,733
5084595,-493,4399,855
5084596,-450,4412,983
5084597,-403,4431,1126
5084598,-350,4458,1245
5084599,-266,4475,1340
5084600,-70,4489,1505
5084601,27,4489,1575
5084602,121,4498,1634
5084603,211,4511,1670
5084604,294,4513,1677
5084605,363,4502,1678
5084606,422,4483,1683
5084607,468,4463,1675
5084608,509,4448,1651
5084609,547,4430,1623
5084610,567,4409,1588
5084611,574,4387,1543
5084612,579,4359,1493
5084613,578,4334,1446
5084614,560,4303,1401
5084615,534,4260,1346
5084616,509,4217,1278
5084617,473,4176,1204
5084618,425,4141,1135
5084619,374,4121,1062
5084620,320,4111,970
5084621,261,4107,872
5084622,197,4102,776
5084623,124,4100,664
5084624,46,4104,557
5084625,-33,4103,459
5084626,-120,4104,349
5084627,-204,4112,242
5084628,-277,4130,143
5084629,-338,4154,54
5084630,-391,4179,-18
5084631,-441,4200,-71
5084632,-486,4215,-118
5084633,-527,4238,-159
5084634,-575,4278,-207
5084635,-579,4283,-218
5084636,-582,4286,-214
5084637,-580,4285,-199
5084638,-569,4284,-170
5084639,-551,4274,-134
5084640,-531,4262,-99
5084641,-505,4259,-60
5084642,-466,4254,0
5084643,-420,4241,62
5084644,-377,4214,107
5084645,-340,4188,149
5084646,-306,4173,189
5084647,-270,4165,222
5084648,-240,4163,246
5084649,-213,4158,259
5084650,-182,4150,260
5084651,-155,4147,253
5084652,-132,4153,246
5084653,-116,4163,248
5084654,-109,4176,248
5084655,-101,4189,236
5084656,-93,4204,216
5084657,-91,4214,194
5084658,-94,4217,171
5084659,-96,4216,157
5084660,-106,4214,146
5084661,-129,4211,124
5084662,-169,4211,125
5084663,-186,4213,117
5084664,-204,4200,118
5084665,-226,4180,139
5084666,-246,4163,147
5084667,-260,4143,133
5084668,-268,4115,124
5084669,-262,4086,122
5084670,-260,4062,112
5084671,-267,4040,103
5084672,-264,4019,91
5084673,-256,4001,78
5084674,-253,3988,73
5084675,-247,3975,72
5084676,-234,3964,75
5084677,-213,3953,71
5084678,-190,3939,63
5084679,-168,3927,63
5084680,-143,3917,66
5084681,-116,3905,67
5084682,-90,3896,63
5084683,-56,3887,67
5084685,-20,3877,77
5084686,8,3864,92
5084687,33,3852,118
5084689,77,3829,197
5084690,130,3787,215
5084691,149,3756,245
5084693,158,3728,270
5084694,170,3707,285
5084695,188,3684,293
5084696,194,3661,298
5084697,194,3647,307
5084698,204,3634,313
5084699,206,3615,303
5084700,204,3600,269
5084701,200,3588,246
5084702,192,3577,232
5084703,184,3564,209
5084704,171,3558,184
5084705,157,3555,154
5084706,142,3545,127
5084707,124,3534,111
5084708,113,3530,93
5084709,102,3533,73
5084710,89,3535,62
5084711,75,3535,38
5084712,65,3538,3
5084713,59,3544,-25
5084714,48,3551,-48
5084715,37,3552,-66
5084716,25,3557,-69
5084717,17,3559,-58
5084718,6,3557,-48
5084719,-9,3564,-40
5084720,-4,3576,-31
5084721,4,3593,-19
5084722,-16,3621,31
5084723,-28,3625,58
5084724,-35,3632,84
5084725,-40,3648,113
5084726,-41,3665,127
5084727,-45,3677,140
5084728,-54,3696,171
5084729,-60,3720,204
5084730,-64,3746,224
5084731,-60,3763,239
5084732,-49,3773,259
5084733,-40,3788,278
5084734,-34,3798,299
5084735,-31,3796,320
5084736,-29,3787,342
5084737,-14,3780,372
5084738,-3,3768,396
5084739,4,3746,412
5084740,19,3728,427
5084741,41,3722,442
5084742,58,3714,444
5084743,68,3703,446
5084744,75,3694,460
5084745,75,3690,462
5084746,74,3696,457
5084747,80,3701,447
5084748,84,3703,430
5084749,83,3705,427
5084750,85,3701,423
5084751,94,3702,406
5084752,101,3702,399
5084753,100,3702,393
5084754,104,3700,371
5084755,110,3696,371
5084756,109,3698,379
5084757,106,3693,386
5084758,105,3679,378
5084759,109,3670,369
5084760,107,3671,376
5084761,99,3673,393
5084762,97,3674,403
5084763,99,3668,402
5084764,93,3657,393
5084765,92,3654,392
5084766,106,3659,397
5084767,111,3664,390
5084768,101,3666,386
5084769,91,3664,390
5084770,83,3656,397
5084771,78,3651,396
5084772,82,3658,387
5084773,87,3668,371
5084774,76,3677,357
5084775,56,3679,348
5084776,37,3679,351
5084777,24,3691,368
5084778,15,3708,388
5084779,8,3717,382
5084780,4,3729,363
5084781,6,3745,360
5084782,4,3757,368
5084783,-1,3768,383
5084784,5,3781,399
5084785,13,3795,408
5084786,12,3804,414
5084787,15,3806,436
5084788,24,3811,467
5084789,30,3814,485
5084790,31,3814,490
5084791,23,3815,511
5084792,12,3801,558
5084793,13,3792,557
5084794,15,3787,565
5084795,14,3784,580
5084796,11,3779,584
5084797,17,3776,587
5084798,24,3775,581
5084799,27,3771,561
5084800,33,3779,533
5084801,45,3795,505
5084802,53,3803,483
5084803,49,3801,466
5084804,49,3793,453
5084805,54,3795,446
5084806,50,3807,440
5084807,46,3822,430
5084808,47,3831,408
5084809,44,3834,393
5084810,35,3837,387
5084811,24,3842,370
5084812,16,3842,359
5084813,8,3834,364
5084814,4,3833,378
5084815,4,3836,391
5084816,1,3835,392
5084817,6,3837,397
5084818,10,3848,408
5084819,9,3865,414
5084820,10,3880,430
5084821,14,3893,455
5084822,19,3894,475
5084823,26,3884,501
5084824,35,3885,529
5084825,38,3888,550
5084826,38,3889,564
5084827,47,3896,569
5084828,56,3895,575
5084829,65,3889,579
5084830,70,3884,555
5084831,60,3890,532
5084832,55,3903,509
5084833,49,3924,493
5084834,42,3942,480
5084835,40,3953,452
5084836,33,3965,420
5084837,17,3976,391
5084838,-1,3997,365
5084839,-17,4020,357
5084840,-32,4027,355
5084841,-50,4036,338
5084842,-71,4059,315
5084843,-90,4083,304
5084844,-106,4093,304
5084845,-130,4093,304
5084846,-154,4101,300
5084847,-171,4116,305
5084848,-184,4125,310
5084849,-199,4132,305
5084850,-216,4150,299
5084851,-224,4173,291
5084852,-224,4183,291
5084853,-232,4185,303
5084854,-238,4193,313
5084855,-233,4207,302
5084856,-226,4221,291
5084857,-215,4234,303
5084858,-207,4250,321
5084859,-206,4272,328
5084860,-204,4293,334
5084861,-199,4314,335
5084862,-200,4338,332
5084863,-198,4356,342
5084864,-187,4368,376
5084865,-175,4381,418
5084866,-164,4396,446
5084867,-149,4398,507
5084868,-141,4393,530
5084869,-132,4379,550
5084870,-124,4371,581
5084871,-114,4373,621
5084872,-101,4378,656
5084873,-94,4378,681
5084874,-97,4368,692
5084875,-98,4354,696
5084876,-93,4340,697
5084877,-91,4331,697
5084878,-86,4321,696
5084879,-75,4316,687
5084880,-60,4318,670
5084881,-42,4322,646
5084882,-27,4325,620
5084883,-14,4314,595
5084884,-7,4306,572
5084885,-9,4308,555
5084886,-14,4307,539
5084887,-22,4304,516
5084888,-33,4304,491
5084889,-40,4299,472
5084890,-53,4294,460
5084891,-69,4296,456
5084892,-78,4300,463
5084893,-87,4303,467
5084894,-96,4308,469
5084895,-106,4310,469
5084896,-120,4305,454
5084897,-130,4305,452
5084898,-132,4309,473
5084899,-134,4309,491
5084900,-135,4305,502
5084901,-140,4278,510
5084902,-143,4268,520
5084903,-135,4257,523
5084904,-124,4236,525
5084905,-115,4211,527
5084906,-114,4194,535
5084907,-105,4177,542
5084908,-92,4166,541
5084909,-82,4157,531
5084910,-72,4140,520
5084911,-69,4130,509
5084912,-65,4127,492
5084913,-58,4123,474
5084914,-50,4122,459
5084915,-48,4118,445
5084916,-56,4117,426
5084917,-51,4122,414
5084918,-34,4124,405
5084919,-22,4123,392
5084920,-23,4113,396
5084921,-33,4106,407
5084922,-39,4107,411
5084923,-45,4110,429
5084924,-46,4110,453
5084925,-40,4107,464
5084926,-44,4104,468
5084927,-50,4095,479
5084928,-51,4089,487
5084929,-55,4086,487
5084930,-65,4080,488
5084931,-71,4075,501
5084932,-77,4066,522
5084933,-85,4054,525
5084934,-85,4043,510
5084935,-80,4035,510
5084936,-69,4031,517
5084937,-49,4027,515
5084938,-30,4021,513
5084939,-9,4002,500
5084940,3,3988,481
5084941,7,3969,464
5084942,12,3945,470
5084943,20,3927,486
5084944,20,3917,493
5084945,23,3906,487
5084946,36,3896,474
5084947,41,3891,462
5084948,38,3879,458
5084949,32,3865,461
5084950,15,3853,464
5084951,-3,3847,465
5084952,-17,3852,463
5084953,-34,3855,461
5084954,-52,3857,457
5084955,-64,3865,446
5084956,-73,3873,428
5084957,-80,3880,414
5084958,-90,3889,407
5084959,-101,3901,406
5084960,-105,3917,401
5084961,-105,3937,395
5084962,-107,3952,401
5084963,-114,3963,416
5084964,-119,3981,420
5084965,-117,4000,418
5084966,-120,4011,423
5084967,-119,4018,431
5084968,-118,4023,435
5084969,-124,4036,438
5084970,-124,4051,451
5084971,-118,4052,469
5084972,-115,4054,490
5084973,-117,4070,506
5084974,-118,4078,525
5084975,-118,4079,556
5084976,-122,4083,570
5084977,-124,4087,580
5084978,-122,4087,577
5084979,-117,4093,572
5084980,-117,4107,586
5084981,-130,4117,599
5084982,-144,4123,602
5084983,-155,4128,613
5084984,-167,4136,619
5084985,-173,4149,608
5084986,-172,4160,591
5084987,-170,4171,586
5084988,-166,4180,590
5084989,-162,4185,587
5084990,-163,4191,571
5084991,-159,4202,560
5084992,-150,4208,565
5084993,-147,4210,575
5084994,-148,4210,574
5084995,-147,4202,573
5084996,-149,4193,583
5084997,-157,4191,583
5084998,-162,4194,579
5084999,-160,4198,586
5085000,-154,4202,586
5085001,-150,4202,572
5085002,-145,4203,568
5085003,-137,4203,563
5085004,-137,4198,542
5085005,-141,4202,524
5085006,-142,4212,514
5085007,-140,4219,511
5085008,-134,4221,513
5085009,-134,4223,518
5085010,-143,4222,519
5085011,-145,4219,509
5085012,-137,4225,505
5085013,-138,4231,492
5085014,-139,4241,457
5085015,-134,4248,437
5085016,-140,4247,443
5085017,-150,4255,449
5085018,-157,4255,455
5085019,-163,4258,463
5085020,-169,4263,471
5085021,-181,4254,479
5085022,-191,4249,492
5085023,-190,4261,509
5085024,-185,4273,522
5085025,-184,4276,540
5085026,-186,4281,557
5085027,-181,4286,568
5085028,-172,4285,582
5085029,-167,4281,591
5085030,-158,4280,593
5085031,-139,4301,597
5085032,-106,4316,598
5085033,-63,4308,596
5085034,-18,4295,609
5085035,22,4285,636
5085036,50,4279,656
5085037,57,4271,660
5085038,54,4271,671
5085039,58,4263,700
5085040,64,4246,726
5085041,71,4238,741
5085042,80,4233,754
5085043,93,4230,761
5085044,102,4223,760
5085045,97,4214,760
5085046,84,4211,773
5085047,67,4215,779
5085048,53,4215,775
5085049,42,4214,764
5085050,31,4224,744
5085051,21,4233,734
5085052,8,4233,726
5085053,-6,4235,708
5085054,-35,4246,646
5085055,-57,4255,618
5085056,-81,4265,605
5085057,-104,4269,596
5085058,-123,4273,580
5085059,-139,4281,566
5085060,-148,4288,557
5085061,-151,4292,545
5085062,-153,4290,518
5085063,-163,4290,486
5085064,-168,4292,461
5085065,-165,4285,441
5085066,-167,4279,434
5085067,-175,4272,446
5085068,-179,4268,468
5085069,-176,4271,487
5085070,-180,4267,486
5085071,-186,4258,473
5085072,-193,4250,465
5085073,-203,4247,466
5085074,-205,4244,467
5085075,-203,4232,463
5085076,-199,4228,465
5085077,-193,4239,470
5085078,-188,4245,461
5085079,-180,4250,447
5085080,-164,4260,449
5085081,-155,4267,452
5085082,-149,4276,453
5085083,-139,4287,449
5085084,-141,4297,428
5085085,-150,4304,410
5085086,-144,4303,402
5085087,-131,4297,393
5085088,-128,4294,388
5085089,-138,4297,391
5085090,-154,4304,396
5085091,-171,4313,391
5085092,-182,4331,366
5085093,-191,4330,374
5085094,-196,4323,385
5085095,-206,4320,389
5085096,-214,4320,389
5085097,-210,4312,391
5085098,-211,4309,394
5085099,-210,4309,394
5085100,-202,4294,394
5085101,-195,4284,387
5085102,-202,4292,378
5085103,-216,4301,369
5085104,-221,4300,364
5085105,-222,4294,370
5085106,-221,4290,378
5085107,-222,4280,378
5085108,-226,4267,374
5085109,-234,4264,363
5085110,-244,4269,348
5085111,-255,4278,338
5085112,-269,4280,337
5085113,-263,4269,350
5085114,-249,4260,368
5085115,-229,4253,381
5085116,-206,4242,379
5085117,-191,4230,364
5085118,-184,4218,354
5085119,-184,4210,356
5085120,-190,4211,352
5085121,-202,4216,328
5085122,-212,4217,298
5085123,-205,4217,276
5085124,-195,4219,266
5085125,-198,4222,257
5085126,-203,4226,246
5085127,-211,4226,246
5085128,-235,4218,246
5085129,-283,4203,250
5085130,-304,4205,259
5085131,-329,4207,265
5085132,-349,4206,274
5085133,-365,4206,281
5085134,-371,4205,285
5085135,-364,4201,305
5085136,-358,4196,335
5085137,-358,4190,353
5085138,-352,4187,362
5085139,-347,4190,389
5085140,-350,4187,422
5085141,-352,4173,442
5085142,-350,4161,459
5085143,-339,4155,482
5085144,-331,4150,491
5085145,-319,4148,495
5085146,-301,4148,509
5085147,-278,4153,513
5085148,-239,4152,509
5085149,-196,4145,506
5085150,-170,4140,493
5085151,-155,4124,475
5085152,-144,4117,476
5085153,-152,4126,469
5085154,-165,4127,436
5085155,-169,4124,399
5085156,-173,4127,373
5085157,-178,4141,355
5085158,-181,4143,332
5085159,-181,4132,310
5085160,-189,4126,292
5085162,-203,4128,278
5085163,-208,4130,259
5085164,-209,4127,251
5085165,-232,4142,288
5085166,-241,4138,302
5085167,-251,4128,314
5085168,-255,4118,327
5085169,-270,4115,344
5085170,-282,4114,359
5085171,-285,4118,366
5085172,-296,4124,376
5085173,-294,4127,395
5085174,-261,4122,416
5085175,-221,4111,421
5085176,-190,4108,410
5085177,-159,4110,408
5085178,-132,4111,423
5085179,-122,4112,443
5085180,-124,4116,456
5085181,-136,4110,481
5085182,-143,4098,518
5085183,-147,4090,541
5085184,-157,4082,560
5085185,-163,4073,566
5085186,-155,4056,560
5085187,-146,4048,555
5085188,-151,4058,554
5085189,-152,4065,555
5085190,-131,4067,554
5085191,-98,4072,545
5085192,-77,4072,535
5085193,-70,4066,541
5085194,-54,4059,554
5085195,-35,4052,568
5085196,-22,4048,577
5085197,-11,4045,576
5085198,-6,4032,576
5085199,-4,4025,580
5085200,-13,4038,584
5085201,-26,4049,576
5085202,-42,4051,568
5085203,-67,4054,544
5085204,-77,4067,529
5085205,-88,4078,533
5085206,-97,4081,539
5085207,-111,4079,525
5085208,-134,4079,510
5085209,-159,4082,515
5085210,-187,4087,526
5085211,-212,4091,528
5085212,-227,4092,525
5085213,-235,4087,530
5085214,-240,4081,534
5085215,-240,4079,534
5085216,-233,4077,540
5085217,-224,4072,550
5085218,-217,4071,563
5085219,-205,4071,576
5085220,-186,4075,599
5085221,-173,4082,623
5085222,-157,4091,639
5085223,-131,4094,651
5085224,-111,4090,663
5085225,-103,4088,682
5085226,-93,4085,703
5085227,-89,4087,724
5085228,-92,4096,743
5085229,-73,4105,730
5085230,-30,4103,697
5085231,-14,4110,689
5085232,-36,4142,705
5085233,-55,4167,723
5085234,-54,4174,721
5085235,-53,4177,702
5085236,-74,4177,689
5085237,-102,4180,703
5085238,-123,4188,723
5085239,-134,4195,725
5085240,-139,4203,708
5085241,-142,4210,678
5085242,-160,4200,710
5085243,-179,4196,733
5085244,-185,4188,733
5085245,-187,4186,722
5085246,-177,4190,704
5085247,-151,4177,670
5085248,-129,4170,650
5085249,-134,4176,664
5085250,-148,4177,692
5085251,-143,4170,704
5085252,-126,4159,705
5085253,-105,4158,696
5085254,-74,4160,663
5085255,-41,4152,617
5085256,-24,4142,585
5085257,-23,4136,588
5085258,-38,4130,623
5085259,-51,4126,666
5085260,-62,4132,704
5085261,-76,4145,719
5085262,-63,4153,679
5085263,-25,4150,616
5085264,-8,4150,608
5085265,-23,4160,658
5085266,-36,4171,698
5085267,-50,4170,703
5085268,-72,4161,686
5085269,-74,4149,659
5085270,-76,4143,651
5085271,-102,4141,679
5085272,-126,4133,707
5085273,-133,4131,707
5085274,-131,4129,702
5085275,-134,4124,711
5085276,-146,4135,725
5085277,-157,4149,730
5085278,-150,4155,704
5085279,-115,4152,653
5085280,-76,4138,584
5085281,-95,4144,594
5085282,-103,4148,596
5085283,-93,4142,577
5085284,-99,4136,569
5085285,-126,4138,586
5085286,-150,4143,604
5085287,-144,4150,584
5085288,-123,4137,546
5085289,-138,4123,543
5085290,-158,4133,563
5085291,-155,4129,579
5085292,-169,4125,596
5085293,-183,4136,608
5085294,-176,4138,600
5085295,-173,4144,588
5085296,-167,4142,585
5085297,-162,4133,596
5085298,-175,4139,613
5085299,-170,4146,591
5085300,-135,4133,527
5085301,-118,4116,499
5085302,-128,4118,525
5085303,-132,4125,548
5085304,-121,4121,543
5085305,-129,4121,523
5085306,-141,4125,497
5085307,-120,4127,479
5085308,-113,4131,496
5085309,-130,4130,517
5085310,-132,4134,519
5085311,-126,4149,509
5085312,-119,4156,502
5085313,-116,4172,499
5085314,-112,4199,484
5085315,-95,4205,439
5085316,-84,4192,368
5085317,-110,4209,418
5085318,-129,4216,460
5085319,-145,4199,503
5085320,-185,4206,537
5085321,-209,4222,508
5085322,-182,4200,469
5085323,-171,4203,475
5085324,-176,4215,473
5085325,-152,4194,450
5085326,-146,4188,443
5085327,-164,4196,452
5085328,-165,4208,465
5085329,-169,4219,469
5085330,-170,4221,462
5085331,-162,4220,467
5085332,-187,4218,498
5085333,-208,4221,535
5085334,-215,4224,549
5085335,-222,4214,553
5085336,-213,4199,568
5085337,-204,4209,589
5085338,-196,4214,588
5085339,-155,4200,578
5085340,-135,4198,569
5085341,-137,4194,564
5085342,-127,4197,556
5085343,-121,4206,530
5085344,-119,4209,518
5085345,-126,4216,521
5085346,-134,4220,531
5085347,-137,4224,526
5085348,-138,4227,508
5085349,-143,4229,495
5085350,-147,4231,499
5085351,-163,4239,510
5085352,-174,4263,535
5085353,-184,4269,575
5085354,-192,4273,605
5085355,-202,4272,603
5085356,-196,4268,599
5085357,-196,4267,599
5085358,-211,4271,601
5085359,-213,4268,610
5085360,-215,4264,624
5085361,-209,4256,622
5085362,-192,4249,618
5085363,-188,4243,608
5085364,-196,4232,608
5085365,-200,4227,615
5085366,-192,4209,590
5085367,-179,4188,577
5085368,-175,4183,566
5085369,-163,4176,547
5085370,-135,4159,549
5085371,-141,4152,566
5085372,-150,4135,581
5085373,-132,4113,603
5085374,-131,4102,615
5085375,-120,4086,622
5085376,-103,4079,638
5085377,-97,4081,640
5085378,-85,4080,636
5085379,-68,4079,625
5085380,-56,4082,605
5085381,-62,4085,599
5085382,-63,4081,581
5085383,-56,4063,562
5085384,-74,4053,574
5085385,-107,4051,602
5085386,-136,4050,626
5085387,-173,4043,627
5085388,-202,4042,631
5085389,-227,4041,627
5085390,-236,4032,622
5085391,-245,4040,631
5085392,-255,4044,627
5085393,-251,4036,607
5085394,-241,4042,575
5085395,-216,4040,547
5085396,-192,4033,537
5085397,-178,4026,534
5085398,-164,4034,529
5085399,-145,4046,518
5085400,-135,4045,515
5085401,-125,4040,547
5085402,-109,4029,577
5085403,-106,4037,583
5085404,-107,4046,555
5085405,-88,4039,518
5085406,-71,4019,528
5085407,-97,4029,562
5085408,-119,4042,542
5085409,-110,4030,509
5085410,-123,4033,526
5085411,-151,4038,567
5085412,-166,4057,590
5085413,-163,4069,563
5085414,-158,4062,527
5085415,-171,4064,548
5085416,-183,4064,576
5085417,-180,4066,601
5085418,-185,4089,603
5085419,-202,4105,579
5085420,-191,4097,570
5085421,-189,4098,579
5085422,-204,4105,585
5085423,-196,4104,570
5085424,-191,4103,558
5085425,-186,4100,550
5085426,-180,4100,539
5085427,-181,4104,542
5085428,-187,4109,550
5085429,-196,4117,546
5085430,-200,4121,537
5085431,-194,4115,560
5085432,-212,4121,596
5085433,-243,4129,625
5085434,-254,4129,638
5085435,-254,4135,635
5085436,-246,4136,626
5085437,-236,4133,609
5085438,-230,4139,610
5085439,-233,4153,620
5085440,-223,4163,611
5085441,-207,4164,598
5085442,-204,4163,600
5085443,-194,4166,610
5085444,-191,4166,621
5085445,-197,4168,639
5085446,-204,4167,636
5085447,-203,4164,638
5085448,-200,4153,653
5085449,-216,4150,680
5085450,-229,4152,707
5085451,-224,4140,704
5085452,-199,4124,650
5085453,-185,4130,643
5085454,-176,4131,623
5085455,-167,4124,595
5085456,-167,4122,577
5085457,-161,4109,585
5085458,-167,4104,602
5085459,-187,4106,629
5085460,-204,4105,631
5085461,-215,4111,599
5085462,-224,4114,577
5085463,-228,4123,573
5085464,-227,4132,559
5085465,-218,4141,536
5085466,-207,4151,521
5085467,-206,4159,517
5085468,-210,4172,540
5085469,-210,4182,564
5085470,-206,4181,575
5085471,-209,4185,581
5085472,-201,4184,588
5085473,-197,4187,596
5085474,-192,4198,590
5085475,-187,4212,576
5085476,-189,4219,574
5085477,-192,4215,588
5085478,-206,4202,599
5085479,-209,4189,622
5085480,-217,4190,641
5085481,-210,4175,664
5085482,-204,4157,698
5085483,-198,4155,730
5085484,-186,4156,751
5085485,-185,4159,756
5085486,-180,4156,743
5085487,-169,4153,711
5085488,-146,4164,698
5085489,-99,4210,663
5085490,-87,4228,645
5085491,-103,4243,645
5085492,-126,4265,662
5085493,-149,4283,680
5085494,-150,4289,682
5085495,-141,4301,677
5085496,-153,4315,696
5085497,-176,4336,733
5085498,-196,4359,744
5085499,-181,4361,727
5085500,-169,4358,716
5085501,-169,4372,735
5085502,-165,4376,752
5085503,-180,4379,779
5085504,-191,4383,813
5085505,-205,4379,803
5085506,-201,4364,786
5085507,-202,4346,804
5085508,-208,4335,842
5085509,-211,4328,851
5085510,-210,4321,840
5085511,-197,4309,828
5085512,-191,4307,803
5085513,-173,4304,764
5085514,-158,4301,729
5085515,-154,4294,696
5085516,-147,4285,678
5085517,-145,4282,654
5085518,-140,4275,622
5085519,-141,4276,593
5085520,-155,4283,553
5085521,-159,4276,489
5085522,-164,4270,432
5085523,-187,4268,401
5085524,-210,4269,383
5085525,-277,4280,333
5085526,-306,4275,296
5085527,-333,4275,259
5085528,-355,4286,231
5085529,-377,4290,197
5085530,-392,4292,179
5085531,-417,4299,178
5085532,-434,4305,183
5085533,-430,4312,174
5085534,-416,4296,139
5085535,-410,4289,146
5085536,-424,4311,192
5085537,-415,4318,220
5085538,-382,4311,233
5085539,-366,4307,264
5085540,-358,4314,322
5085541,-336,4320,364
5085542,-298,4323,395
5085543,-262,4336,434
5085544,-233,4355,467
5085545,-203,4361,487
5085546,-171,4362,534
5085547,-150,4377,586
5085549,-116,4381,603
5085550,-83,4382,618
5085551,-76,4385,637
5085552,-63,4388,661
5085553,-56,4399,685
5085554,-57,4405,717
5085555,-69,4419,744
5085556,-81,4424,732
5085557,-72,4408,716
5085558,-78,4413,719
5085559,-85,4442,697
5085560,-104,4448,679
5085561,-128,4452,670
5085562,-145,4453,661
5085563,-150,4460,643
5085564,-165,4472,615
5085565,-186,4465,582
5085566,-194,4451,551
5085567,-214,4462,528
5085568,-242,4473,506
5085569,-262,4472,474
5085570,-288,4473,443
5085571,-311,4470,420
5085572,-337,4472,399
5085573,-358,4477,377
5085574,-365,4479,342
5085575,-366,4483,293
5085576,-365,4489,224
5085577,-372,4495,150
5085578,-383,4496,97
5085579,-385,4491,72
5085580,-380,4492,91
5085581,-384,4496,140
5085582,-386,4490,198
5085583,-378,4476,276
5085584,-373,4462,380
5085585,-367,4442,479
5085586,-363,4421,564
5085587,-363,4407,668
5085588,-342,4397,772
5085589,-301,4387,859
5085590,-268,4376,943
5085591,-229,4372,1030
5085592,-177,4374,1113
5085593,-116,4381,1176
5085594,9,4395,1270
5085595,72,4411,1350
5085596,136,4424,1388
5085597,196,4424,1386
5085598,258,4425,1393
5085599,308,4430,1401
5085600,351,4429,1391
5085601,389,4430,1373
5085602,418,4438,1361
5085603,438,4429,1352
5085604,440,4408,1336
5085605,423,4387,1312
5085606,399,4368,1289
5085607,370,4344,1255
5085608,325,4323,1209
5085609,271,4310,1160
5085610,211,4298,1108
5085611,154,4281,1063
5085612,100,4258,1019
5085613,37,4242,969
5085614,-13,4235,914
5085615,-47,4228,866
5085616,-77,4221,816
5085617,-103,4212,755
5085618,-128,4211,685
5085619,-151,4214,619
5085620,-172,4213,555
5085621,-182,4210,493
5085622,-188,4215,438
5085623,-200,4230,379
5085624,-207,4242,324
5085625,-211,4259,279
5085626,-217,4281,246
5085627,-218,4298,231
5085628,-213,4309,229
5085629,-194,4316,227
5085630,-171,4321,241
5085631,-143,4328,301
5085632,-140,4318,333
5085633,-143,4299,374
5085634,-141,4279,417
5085635,-130,4271,453
5085636,-119,4274,493
5085637,-105,4269,528
5085638,-86,4254,557
5085639,-63,4235,587
5085640,-48,4223,614
5085641,-35,4216,643
5085642,-13,4204,678
5085643,7,4186,699
5085644,22,4161,695
5085645,40,4134,681
5085646,47,4119,668
5085647,47,4109,651
5085648,57,4097,633
5085649,73,4082,622
5085650,84,4068,590
5085651,83,4050,545
5085652,80,4027,521
5085653,78,4010,506
5085654,71,4001,483
5085655,59,3987,456
5085656,49,3960,419
5085657,42,3936,374
5085658,36,3925,333
5085659,23,3918,295
5085660,-5,3908,255
5085661,-33,3892,213
5085662,-45,3877,187
5085663,-55,3870,177
5085664,-68,3863,158
5085665,-79,3858,125
5085666,-86,3854,96
5085667,-99,3850,94
5085668,-139,3842,122
5085669,-159,3837,122
5085670,-178,3832,118
5085671,-201,3824,131
5085672,-217,3820,142
5085673,-218,3821,146
5085674,-218,3820,149
5085675,-217,3809,145
5085676,-206,3799,145
5085677,-178,3790,154
5085678,-156,3777,159
5085679,-150,3769,169
5085680,-139,3761,187
5085681,-118,3751,195
5085682,-97,3736,193
5085683,-83,3723,191
5085684,-67,3714,187
5085685,-58,3704,182
5085686,-62,3699,178
5085687,-64,3695,169
5085688,-59,3696,168
5085689,-51,3706,164
5085690,-43,3717,149
5085691,-39,3725,141
5085692,-36,3734,141
5085693,-33,3740,137
5085694,-37,3742,137
5085695,-50,3740,130
5085696,-67,3743,128
5085697,-74,3747,136
5085698,-80,3757,145
5085699,-95,3767,150
5085700,-109,3768,159
5085701,-111,3773,187
5085702,-107,3776,241
5085703,-108,3777,263
5085704,-110,3775,284
5085705,-115,3759,303
5085706,-116,3743,318
5085707,-113,3735,331
5085708,-109,3731,336
5085709,-95,3722,338
5085710,-72,3711,344
5085711,-49,3701,351
5085712,-23,3685,354
5085713,8,3666,358
5085714,32,3657,369
5085715,49,3649,369
5085716,70,3635,355
5085717,85,3627,347
5085718,93,3619,338
5085719,102,3607,320
5085720,108,3595,306
5085721,114,3588,308
5085722,114,3585,307
5085723,103,3573,298
5085724,87,3559,298
5085725,73,3551,304
5085726,62,3544,309
5085727,51,3533,312
5085728,40,3498,299
5085729,26,3487,297
5085730,2,3489,290
5085731,-24,3488,275
5085732,-46,3487,261
5085733,-57,3489,247
5085734,-60,3491,241
5085735,-64,3493,240
5085736,-69,3495,228
5085737,-71,3495,215
5085738,-71,3500,189
5085739,-72,3513,167
5085740,-71,3527,167
5085741,-71,3539,172
5085742,-73,3545,176
5085743,-72,3547,177
5085744,-67,3552,171
5085745,-65,3561,170
5085746,-65,3567,186
5085747,-56,3568,201
5085748,-45,3561,210
5085749,-36,3559,222
5085751,-28,3562,238
5085752,-21,3564,255
5085753,-17,3575,276
5085754,-12,3585,297
5085755,-3,3593,320
5085756,3,3603,346
5085757,4,3628,377
5085758,11,3635,389
5085759,20,3648,388
5085760,23,3661,388
5085761,19,3671,405
5085762,2,3683,421
5085763,-13,3705,428
5085764,-20,3735,438
5085765,-26,3757,443
5085766,-37,3776,446
5085767,-46,3796,467
5085768,-45,3809,486
5085769,-45,3820,500
5085770,-44,3837,521
5085771,-39,3856,552
5085772,-39,3871,592
5085773,-41,3883,631
5085774,-35,3891,662
5085775,-20,3886,687
5085776,-1,3875,701
5085777,14,3876,707
5085778,16,3886,724
5085779,10,3887,754
5085780,10,3880,778
5085781,18,3886,791
5085782,23,3896,802
5085783,27,3893,814
5085784,37,3885,821
5085785,52,3881,814
5085786,63,3886,795
5085787,73,3900,785
5085788,84,3917,785
5085789,82,3930,779
5085790,79,3940,773
5085791,77,3953,753
5085792,84,3978,709
5085793,82,3998,695
5085794,67,4010,695
5085795,48,4018,704
5085796,33,4026,691
5085797,23,4033,680
5085798,13,4041,677
5085799,-2,4050,661
5085800,-22,4064,648
5085801,-36,4081,649
5085802,-46,4088,645
5085803,-62,4087,640
5085804,-79,4094,638
5085805,-85,4104,629
5085806,-90,4106,623
5085807,-96,4112,611
5085808,-95,4120,602
5085809,-86,4122,595
5085810,-73,4129,577
5085811,-67,4140,558
5085812,-62,4148,557
5085813,-58,4160,571
5085814,-51,4175,571
5085815,-42,4183,555
5085816,-23,4186,550
5085817,-1,4192,555
5085818,4,4200,566
5085819,6,4208,565
5085820,11,4209,538
5085821,1,4211,519
5085822,-9,4227,517
5085823,-8,4246,512
5085824,-11,4255,511
5085825,-30,4252,511
5085826,-60,4265,488
5085827,-74,4279,487
5085828,-90,4290,495
5085829,-99,4300,494
5085830,-105,4315,477
5085831,-121,4328,461
5085832,-139,4345,449
5085833,-151,4364,437
5085834,-162,4386,426
5085835,-175,4407,410
5085836,-184,4412,389
5085837,-182,4416,369
5085838,-188,4423,345
5085839,-200,4433,322
5085840,-203,4451,310
5085841,-203,4451,309
5085842,-203,4441,316
5085843,-197,4443,329
5085844,-196,4442,352
5085845,-199,4432,364
5085846,-204,4421,362
5085847,-207,4411,367
5085848,-205,4408,371
5085849,-200,4404,372
5085850,-199,4398,377
5085851,-203,4390,384
5085852,-201,4382,395
5085853,-184,4377,400
5085854,-176,4370,398
5085855,-173,4361,386
5085856,-160,4350,377
5085857,-149,4341,382
5085858,-140,4335,391
5085859,-126,4329,395
5085860,-114,4329,385
5085861,-99,4338,364
5085862,-94,4350,344
5085863,-93,4362,336
5085864,-87,4371,334
5085865,-83,4373,335
5085866,-83,4370,339
5085867,-80,4373,340
5085868,-83,4380,339
5085869,-91,4382,350
5085870,-97,4387,374
5085871,-100,4392,403
5085872,-111,4388,431
5085873,-131,4376,453
5085874,-146,4365,474
5085875,-157,4351,500
5085876,-170,4337,532
5085877,-188,4322,557
5085878,-201,4308,571
5085879,-204,4291,587
5085880,-202,4271,604
5085881,-199,4249,605
5085882,-190,4231,604
5085883,-169,4217,610
5085884,-144,4202,600
5085885,-126,4191,574
5085886,-118,4180,548
5085887,-104,4165,531
5085888,-77,4145,509
5085889,-59,4126,472
5085890,-56,4111,447
5085891,-51,4095,436
5085892,-49,4077,417
5085893,-51,4062,400
5085894,-54,4051,392
5085895,-61,4039,392
5085896,-88,4024,387
5085897,-105,4030,386
5085898,-121,4029,388
5085899,-123,4026,390
5085900,-120,4024,382
5085901,-115,4022,373
5085902,-108,4019,376
5085903,-100,4010,394
5085904,-89,3998,399
5085905,-76,3992,388
5085906,-66,3987,396
5085907,-54,3979,419
5085908,-44,3965,430
5085909,-38,3948,438
5085910,-34,3934,458
5085911,-32,3929,471
5085912,-28,3933,474
5085913,-23,3931,470
5085914,-19,3924,465
5085915,-4,3919,464
5085916,14,3922,466
5085917,18,3921,463
5085918,20,3915,456
5085919,26,3913,447
5085920,25,3919,429
5085921,24,3929,412
5085922,24,3937,401
5085923,13,3945,395
5085924,-4,3947,393
5085925,-18,3951,387
5085926,-32,3962,376
5085927,-49,3975,352
5085928,-70,3990,321
5085929,-100,4008,291
5085930,-136,4020,259
5085931,-163,4028,235
5085932,-210,4048,209
5085933,-235,4062,180
5085934,-250,4076,151
5085935,-259,4088,128
5085936,-271,4102,114
5085937,-279,4111,105
5085938,-280,4119,105
5085939,-277,4123,95
5085940,-277,4127,75
5085941,-279,4126,67
5085942,-278,4121,66
5085943,-277,4128,75
5085944,-273,4130,88
5085945,-267,4123,89
5085946,-261,4123,92
5085947,-255,4128,101
5085948,-249,4126,104
5085949,-251,4123,104
5085950,-254,4124,98
5085951,-245,4120,91
5085952,-230,4122,87
5085953,-229,4127,83
5085954,-229,4128,94
5085955,-212,4127,111
5085956,-191,4127,121
5085957,-175,4138,131
5085958,-160,4154,156
5085959,-142,4162,177
5085960,-122,4167,186
5085961,-111,4169,196
5085962,-107,4169,211
5085963,-106,4173,231
5085964,-117,4178,269
5085965,-123,4183,313
5085966,-114,4193,347
5085967,-105,4198,379
5085968,-95,4199,416
5085969,-89,4197,450
5085970,-74,4208,489
5085971,-67,4211,530
5085972,-66,4213,574
5085973,-71,4217,610
5085974,-75,4218,636
5085975,-69,4219,639
5085976,-56,4220,638
5085977,-46,4211,651
5085978,-39,4197,664
5085980,-29,4196,662
5085981,-24,4203,657
5085982,-16,4201,650
5085983,-6,4197,629
5085984,1,4196,600
5085985,3,4195,574
5085986,-5,4201,559
5085987,-15,4213,542
5085988,-23,4222,516
5085989,-28,4228,480
5085990,-40,4231,444
5085991,-67,4228,413
5085992,-95,4224,393
5085993,-124,4231,370
5085994,-137,4238,355
5085995,-161,4242,349
5085996,-183,4249,335
5085997,-208,4257,328
5085998,-230,4272,336
5085999,-244,4289,340
5086000,-256,4297,333
5086001,-266,4299,340
5086002,-268,4297,356
5086003,-261,4304,364
5086004,-254,4312,378
5086005,-250,4311,404
5086006,-247,4310,431
5086007,-247,4306,450
5086008,-247,4295,468
5086009,-239,4288,478
5086010,-220,4290,483
5086011,-198,4289,501
5086012,-180,4276,527
5086013,-157,4258,547
5086014,-143,4248,563
5086015,-137,4241,569
5086016,-125,4225,565
5086017,-104,4213,565
5086018,-78,4205,570
5086019,-59,4201,571
5086020,-50,4203,569
5086021,-39,4195,549
5086022,-26,4181,529
5086023,-19,4175,522
5086024,-19,4177,516
5086025,-22,4183,505
5086026,-34,4181,488
5086027,-50,4168,474
5086028,-60,4165,463
5086029,-97,4171,428
5086030,-120,4163,415
5086031,-141,4153,409
5086032,-154,4150,403
5086033,-164,4142,400
5086034,-177,4124,404
5086035,-184,4111,417
5086036,-180,4106,435
5086037,-168,4106,445
5086038,-149,4110,443
5086039,-139,4109,430
5086040,-143,4111,409
5086041,-148,4114,390
5086042,-149,4111,384
5086043,-146,4111,397
5086044,-141,4110,410
5086045,-138,4109,407
5086046,-139,4112,389
5086047,-137,4118,378
5086048,-123,4120,384
5086049,-114,4123,380
5086050,-118,4130,381
5086051,-121,4130,402
5086052,-122,4130,420
5086053,-123,4134,429
5086054,-127,4140,441
5086055,-136,4140,458
5086056,-156,4134,473
5086057,-179,4130,488
5086058,-200,4131,498
5086059,-213,4133,499
5086060,-220,4134,508
5086061,-231,4140,522
5086062,-239,4146,517
5086063,-244,4153,509
5086064,-247,4156,506
5086065,-243,4151,510
5086066,-236,4141,519
5086067,-201,4146,532
5086068,-186,4148,507
5086069,-172,4138,482
5086070,-158,4131,462
5086071,-147,4126,442
5086072,-146,4122,418
5086073,-153,4116,396
5086074,-169,4107,377
5086075,-189,4101,357
5086076,-198,4102,334
5086077,-212,4110,314
5086078,-239,4111,293
5086079,-262,4109,269
5086080,-274,4115,254
5086081,-287,4126,241
5086082,-298,4138,222
5086083,-305,4147,205
5086084,-315,4154,198
5086085,-319,4159,194
5086086,-311,4161,191
5086087,-302,4163,197
5086088,-300,4170,225
5086089,-301,4171,258
5086090,-297,4163,282
5086091,-290,4149,306
5086092,-277,4136,330
5086093,-263,4130,341
5086094,-254,4126,340
5086095,-240,4125,350
5086096,-218,4115,375
5086097,-198,4096,395
5086098,-178,4095,396
5086099,-155,4102,392
5086100,-135,4093,402
5086101,-113,4083,422
5086102,-94,4084,438
5086103,-82,4086,453
5086104,-74,4089,455
5086105,-63,4094,448
5086106,-56,4089,440
5086107,-60,4077,442
5086108,-71,4078,440
5086109,-88,4086,433
5086110,-106,4097,424
5086111,-117,4106,417
5086112,-128,4108,410
5086113,-136,4103,405
5086114,-138,4098,399
5086115,-147,4107,394
5086116,-165,4113,382
5086117,-186,4111,366
5086118,-212,4116,356
5086119,-221,4124,356
5086120,-212,4132,349
5086121,-204,4135,327
5086122,-205,4129,314
5086123,-212,4122,312
5086124,-220,4112,302
5086125,-233,4104,289
5086126,-243,4101,279
5086127,-240,4101,281
5086128,-231,4101,292
5086129,-228,4105,304
5086130,-219,4110,314
5086131,-210,4109,312
5086132,-206,4108,308
5086133,-204,4102,313
5086134,-205,4096,325
5086135,-206,4103,333
5086136,-199,4113,344
5086137,-185,4122,363
5086138,-177,4130,388
5086139,-171,4137,404
5086140,-158,4146,409
5086141,-143,4147,415
5086142,-142,4149,424
5086143,-145,4169,429
5086144,-152,4192,440
5086145,-161,4199,458
5086146,-172,4192,480
5086147,-179,4189,501
5086148,-176,4182,514
5086149,-170,4175,530
5086150,-173,4169,546
5086151,-174,4164,558
5086152,-161,4158,563
5086153,-144,4147,575
5086154,-133,4134,589
5086155,-124,4130,592
5086156,-124,4134,592
5086157,-133,4132,582
5086158,-141,4135,572
5086159,-147,4135,563
5086160,-150,4127,558
5086161,-148,4118,543
5086162,-152,4111,517
5086163,-159,4108,504
5086164,-162,4104,487
5086165,-169,4104,464
5086166,-175,4115,451
5086167,-167,4120,441
5086168,-155,4116,430
5086169,-150,4119,421
5086170,-148,4126,410
5086171,-147,4129,404
5086172,-144,4133,401
5086173,-146,4140,393
5086174,-156,4150,389
5086175,-162,4161,397
5086176,-169,4165,410
5086177,-181,4166,416
5086178,-187,4171,409
5086179,-187,4182,409
5086180,-190,4195,417
5086181,-198,4199,425
5086182,-208,4198,429
5086183,-219,4194,438
5086184,-222,4197,448
5086185,-215,4205,441
5086186,-214,4208,434
5086187,-211,4203,433
5086188,-204,4192,434
5086189,-201,4183,439
5086190,-191,4175,427
5086191,-189,4169,409
5086192,-195,4175,412
5086193,-196,4180,422
5086194,-202,4179,428
5086195,-217,4173,422
5086196,-235,4176,407
5086197,-237,4183,393
5086198,-225,4178,376
5086199,-223,4175,357
5086200,-230,4180,343
5086201,-238,4190,318
5086202,-245,4205,293
5086203,-250,4222,292
5086204,-254,4231,291
5086205,-256,4236,282
5086206,-250,4240,267
5086207,-247,4238,262
5086208,-247,4240,273
5086209,-240,4246,284
5086210,-237,4245,309
5086211,-237,4241,341
5086212,-231,4241,378
5086213,-214,4229,410
5086214,-194,4207,428
5086215,-174,4189,451
5086217,-150,4169,498
5086218,-135,4161,503
5086219,-120,4145,507
5086220,-115,4130,508
5086221,-98,4120,495
5086222,-89,4107,481
5086223,-87,4099,471
5086224,-79,4102,438
5086225,-71,4105,393
5086226,-72,4108,369
5086227,-81,4121,353
5086228,-80,4132,337
5086229,-81,4138,324
5086230,-94,4146,314
5086231,-109,4157,321
5086232,-125,4167,343
5086233,-147,4166,357
5086234,-173,4155,380
5086235,-204,4157,415
5086236,-235,4163,448
5086237,-251,4150,479
5086238,-269,4140,508
5086239,-284,4135,538
5086240,-288,4115,568
5086241,-287,4097,591
5086242,-282,4090,608
5086243,-273,4091,631
5086244,-256,4093,650
5086245,-232,4090,653
5086246,-199,4084,638
5086247,-165,4074,618
5086248,-134,4071,594
5086249,-110,4069,568
5086250,-102,4070,561
5086251,-98,4071,553
5086252,-86,4063,543
5086253,-87,4058,538
5086254,-96,4062,531
5086255,-97,4063,527
5086256,-103,4044,530
5086257,-123,4044,536
5086258,-127,4038,534
5086259,-123,4026,523
5086260,-127,4023,524
5086261,-141,4027,542
5086262,-152,4034,548
5086263,-158,4035,525
5086264,-167,4024,519
5086265,-189,4021,530
5086266,-210,4025,521
5086267,-213,4024,510
5086268,-216,4028,494
5086269,-211,4027,451
5086270,-199,4017,416
5086271,-209,4018,410
5086272,-226,4020,400
5086273,-242,4012,386
5086274,-258,4012,381
5086275,-260,4019,368
5086276,-250,4016,351
5086277,-255,4022,356
5086278,-268,4033,364
5086279,-267,4030,359
5086280,-256,4026,364
5086281,-248,4033,366
5086282,-230,4039,349
5086283,-203,4037,350
5086284,-201,4049,375
5086285,-207,4072,397
5086286,-198,4085,390
5086287,-196,4092,384
5086288,-199,4098,387
5086289,-192,4100,377
5086290,-182,4113,380
5086291,-172,4129,411
5086292,-191,4156,500
5086293,-177,4169,489
5086294,-155,4154,467
5086295,-139,4153,474
5086296,-132,4162,517
5086297,-138,4164,559
5086298,-135,4157,574
5086299,-129,4147,594
5086300,-134,4159,622
5086301,-132,4175,612
5086302,-124,4158,583
5086303,-140,4140,588
5086304,-173,4145,615
5086305,-184,4155,610
5086306,-169,4147,559
5086307,-166,4126,539
5086308,-183,4134,562
5086309,-190,4152,545
5086310,-177,4146,474
5086311,-170,4134,404
5086312,-187,4136,373
5086313,-216,4151,379
5086314,-246,4165,405
5086315,-273,4177,430
5086316,-281,4191,408
5086317,-276,4189,364
5086318,-282,4184,361
5086319,-301,4200,409
5086320,-317,4224,454
5086321,-307,4254,444
5086322,-273,4275,388
5086323,-254,4276,361
5086324,-255,4285,424
5086325,-252,4317,492
5086326,-239,4332,501
5086327,-234,4333,486
5086328,-236,4336,518
5086329,-263,4339,611
5086330,-289,4348,689
5086331,-242,4337,683
5086332,-243,4339,700
5086333,-221,4339,685
5086334,-189,4328,701
5086335,-205,4333,722
5086336,-184,4323,672
5086337,-117,4290,632
5086338,-112,4297,646
5086339,-124,4301,631
5086340,-101,4272,578
5086341,-93,4252,573
5086342,-130,4255,618
5086343,-154,4254,630
5086344,-146,4237,608
5086345,-147,4224,574
5086346,-148,4219,541
5086347,-146,4220,523
5086348,-147,4226,515
5086349,-152,4228,486
5086350,-143,4221,430
5086351,-128,4223,404
5086352,-143,4237,400
5086353,-153,4249,366
5086354,-147,4249,314
5086355,-156,4252,271
5086356,-169,4260,245
5086357,-180,4269,226
5086358,-211,4265,226
5086359,-244,4246,248
5086360,-271,4233,254
5086361,-298,4229,249
5086362,-316,4216,258
5086363,-342,4214,264
5086364,-355,4213,235
5086365,-342,4196,217
5086366,-337,4194,220
5086367,-323,4188,244
5086368,-296,4185,248
5086369,-219,4170,234
5086370,-213,4174,256
5086371,-208,4177,254
5086372,-191,4172,234
5086373,-174,4162,238
5086374,-171,4159,273
5086375,-183,4162,302
5086376,-179,4155,312
5086377,-172,4134,330
5086378,-180,4134,380
5086379,-187,4143,409
5086380,-181,4146,415
5086381,-176,4167,417
5086382,-174,4187,403
5086383,-168,4200,405
5086384,-174,4212,419
5086385,-192,4231,420
5086386,-191,4236,420
5086387,-185,4249,430
5086388,-197,4269,428
5086389,-203,4283,444
5086390,-201,4292,464
5086391,-197,4287,477
5086392,-201,4286,502
5086393,-202,4273,520
5086394,-197,4254,569
5086395,-206,4249,622
5086396,-199,4244,645
5086397,-177,4232,662
5086398,-161,4225,699
5086399,-150,4218,732
5086400,-132,4191,729
5086401,-106,4160,723
5086402,-95,4148,724
5086403,-89,4157,721
5086404,-82,4165,722
5086405,-89,4163,732
5086406,-96,4172,743
5086407,-96,4188,731
5086408,-90,4191,696
5086409,-84,4184,657
5086410,-83,4186,618
5086411,-83,4188,607
5086412,-88,4194,627
5086413,-100,4197,640
5086414,-108,4192,642
5086415,-116,4194,643
5086416,-131,4194,656
5086417,-139,4186,664
5086418,-142,4183,664
5086419,-149,4180,656
5086420,-151,4177,649
5086421,-153,4178,660
5086422,-149,4164,679
5086423,-141,4161,699
5086424,-136,4162,699
5086425,-126,4155,694
5086426,-121,4158,705
5086427,-119,4164,715
5086428,-112,4164,690
5086429,-91,4154,657
5086430,-87,4149,649
5086431,-105,4154,655
5086432,-106,4138,652
5086433,-103,4127,659
5086434,-121,4131,661
5086435,-127,4133,627
5086436,-115,4124,589
5086437,-131,4120,575
5086438,-151,4132,577
5086439,-159,4146,548
5086440,-157,4160,504
5086441,-165,4175,464
5086442,-170,4179,448
5086443,-181,4187,462
5086444,-205,4202,459
5086445,-213,4208,441
5086446,-218,4215,443
5086447,-222,4213,453
5086448,-219,4207,451
5086449,-205,4200,435
5086450,-187,4199,430
5086451,-177,4190,434
5086452,-168,4170,460
5086453,-153,4165,511
5086454,-148,4164,551
5086455,-137,4156,572
5086456,-128,4142,579
5086457,-132,4140,591
5086458,-129,4143,583
5086459,-113,4129,569
5086460,-108,4139,585
5086461,-126,4162,594
5086462,-124,4160,575
5086463,-121,4168,547
5086464,-146,4188,530
5086465,-151,4206,520
5086466,-142,4228,476
5086467,-135,4239,429
5086468,-126,4249,416
5086469,-121,4257,415
5086470,-120,4273,431
5086471,-133,4286,439
5086472,-155,4286,459
5086473,-178,4283,497
5086474,-193,4274,538
5086475,-205,4269,565
5086476,-215,4265,572
5086477,-213,4259,585
5086478,-213,4262,625
5086479,-214,4257,649
5086480,-191,4247,669
5086481,-174,4270,713
5086482,-151,4265,725
5086483,-141,4269,728
5086484,-124,4271,699
5086485,-86,4263,675
5086486,-64,4281,670
5086487,-56,4297,653
5086488,-48,4291,629
5086489,-62,4283,611
5086491,-88,4291,612
5086492,-106,4307,599
5086493,-110,4316,591
5086494,-137,4340,585
5086495,-160,4356,557
5086496,-155,4346,549
5086497,-173,4350,561
5086498,-198,4367,565
5086499,-203,4375,563
5086500,-205,4373,557
5086501,-214,4363,567
5086502,-233,4361,600
5086503,-246,4362,619
5086504,-237,4352,616
5086505,-227,4342,612
5086506,-217,4316,616
5086507,-206,4297,621
5086508,-204,4292,610
5086509,-199,4267,597
5086510,-194,4258,603
5086511,-195,4247,598
5086512,-186,4231,591
5086513,-193,4227,572
5086514,-201,4217,533
5086515,-187,4224,466
5086516,-190,4229,430
5086517,-175,4215,399
5086518,-177,4225,395
5086519,-202,4245,376
5086520,-204,4251,354
5086521,-199,4264,341
5086522,-209,4288,324
5086523,-217,4291,303
5086524,-218,4287,314
5086525,-227,4288,340
5086526,-229,4280,364
5086527,-225,4270,378
5086528,-221,4267,400
5086529,-223,4248,434
5086530,-212,4224,466
5086531,-210,4213,507
5086532,-226,4195,548
5086533,-221,4171,557
5086534,-215,4142,542
5086535,-213,4111,544
5086536,-207,4093,557
5086537,-203,4085,552
5086538,-199,4069,531
5086539,-198,4054,516
5086540,-196,4055,497
5086541,-181,4065,486
5086542,-175,4076,457
5086543,-169,4086,411
5086544,-161,4105,381
5086545,-156,4129,348
5086546,-144,4148,314
5086547,-137,4179,296
5086548,-136,4209,288
5086549,-147,4221,274
5086550,-169,4224,264
5086551,-192,4232,262
5086552,-219,4243,261
5086553,-263,4255,306
5086554,-279,4258,321
5086555,-295,4261,307
5086556,-293,4269,312
5086557,-283,4280,346
5086558,-290,4291,357
5086559,-282,4293,341
5086560,-253,4291,347
5086561,-234,4301,375
5086562,-235,4319,390
5086563,-227,4328,405
5086564,-214,4330,447
5086565,-216,4339,492
5086566,-224,4361,507
5086567,-215,4390,520
5086568,-199,4414,564
5086569,-189,4431,608
5086570,-175,4451,633
5086571,-162,4481,643
5086572,-163,4517,659
5086573,-167,4548,688
5086574,-158,4570,709
5086575,-146,4583,740
5086576,-149,4590,794
5086577,-142,4593,847
5086578,-121,4588,881
5086579,-113,4578,893
5086580,-109,4567,922
5086581,-95,4558,987
5086582,-71,4552,1067
5086583,-44,4538,1133
5086584,-35,4514,1173
5086585,-37,4495,1207
5086586,-33,4475,1230
5086587,-24,4457,1220
5086588,5,4430,1167
5086589,17,4415,1131
5086590,35,4414,1078
5086591,47,4417,1013
5086592,46,4424,934
5086593,35,4439,849
5086594,23,4450,775
5086595,5,4453,702
5086596,-25,4456,621
5086597,-55,4459,542
5086598,-88,4469,473
5086599,-124,4483,418
5086600,-156,4489,378
5086601,-182,4490,340
5086602,-206,4492,302
5086603,-236,4497,286
5086604,-269,4497,286
5086605,-294,4490,301
5086606,-321,4484,327
5086607,-341,4475,339
5086608,-339,4464,352
5086609,-314,4456,383
5086610,-289,4448,429
5086611,-285,4437,462
5086612,-278,4423,480
5086613,-252,4402,502
5086614,-181,4379,524
5086615,-151,4360,530
5086616,-117,4335,535
5086617,-76,4313,534
5086618,-42,4298,547
5086619,-13,4288,559
5086620,11,4283,553
5086621,36,4284,543
5086622,58,4278,547
5086623,65,4270,551
5086624,64,4261,538
5086625,60,4245,527
5086626,46,4229,522
5086627,27,4218,519
5086628,19,4214,525
5086629,11,4210,535
5086630,-8,4197,545
5086631,-20,4176,546
5086632,-24,4157,540
5086633,-30,4137,545
5086634,-35,4117,549
5086635,-39,4106,544
5086636,-45,4090,540
5086637,-45,4069,534
5086638,-46,4052,539
5086639,-51,4043,558
5086640,-52,4041,573
5086641,-52,4032,580
5086642,-54,4011,581
5086643,-49,3994,576
5086644,-36,3974,577
5086645,-39,3963,579
5086646,-40,3952,575
5086647,-30,3947,569
5086648,-16,3943,567
5086649,-4,3935,565
5086650,5,3926,553
5086651,16,3921,536
5086652,36,3920,522
5086653,48,3917,518
5086654,51,3911,526
5086655,59,3904,535
5086656,66,3897,529
5086657,70,3883,517
5086658,74,3858,503
5086659,76,3832,482
5086660,81,3813,474
5086661,92,3796,471
5086662,94,3777,457
5086663,86,3756,432
5086664,77,3732,408
5086665,68,3708,392
5086666,55,3692,367
5086667,34,3676,324
5086668,21,3664,286
5086669,13,3661,251
5086670,-6,3657,202
5086671,-32,3647,163
5086672,-51,3642,137
5086673,-66,3648,110
5086674,-78,3652,75
5086675,-83,3647,42
5086676,-108,3660,10
5086678,-118,3677,14
5086679,-122,3695,13
5086680,-134,3709,15
5086681,-146,3717,34
5086682,-147,3719,71
5086683,-145,3727,110
5086684,-136,3737,153
5086685,-116,3735,198
5086686,-99,3730,234
5086687,-82,3728,278
5086688,-65,3732,333
5086689,-48,3736,388
5086690,-28,3732,436
5086691,-4,3722,479
5086692,20,3720,518
5086693,44,3717,555
5086694,76,3703,593
5086695,107,3692,617
5086696,139,3682,626
5086697,173,3674,640
5086698,192,3669,663
5086699,206,3663,674
5086700,216,3656,672
5086701,218,3648,671
5086702,218,3643,672
5086703,221,3643,674
5086704,221,3645,672
5086705,204,3646,671
5086706,178,3650,677
5086707,151,3659,679
5086708,121,3672,667
5086709,86,3685,646
5086710,47,3698,633
5086711,12,3710,625
5086712,-32,3726,576
5086713,-52,3732,557
5086714,-64,3747,533
5086715,-72,3768,505
5086716,-78,3786,482
5086717,-83,3796,469
5086718,-95,3802,468
5086719,-108,3807,468
5086720,-111,3804,467
5086721,-108,3792,469
5086722,-112,3785,469
5086723,-121,3787,471
5086724,-126,3790,482
5086725,-132,3785,496
5086726,-136,3775,495
5086727,-132,3769,483
5086728,-124,3763,486
5086729,-114,3756,498
5086730,-99,3749,507
5086731,-81,3744,511
5086732,-63,3735,510
5086733,-50,3727,513
5086734,-39,3723,510
5086735,-28,3722,500
5086736,-22,3724,504
5086737,-14,3732,514
5086738,-5,3746,510
5086739,5,3762,504
5086740,13,3772,501
5086741,15,3776,497
5086742,9,3780,503
5086743,7,3787,504
5086744,11,3792,503
5086745,6,3796,516
5086746,-6,3803,531
5086747,-23,3801,534
5086748,-42,3787,559
5086749,-45,3792,580
5086750,-49,3791,592
5086751,-53,3788,596
5086752,-51,3786,600
5086753,-47,3779,603
5086754,-47,3776,597
5086755,-44,3779,582
5086756,-35,3782,566
5086757,-19,3787,538
5086758,-3,3796,510
5086759,4,3805,503
5086760,11,3806,493
5086761,24,3809,483
5086762,36,3820,478
5086763,38,3831,468
5086764,41,3842,461
5086765,43,3844,472
5086766,41,3847,486
5086767,37,3862,480
5086768,36,3875,482
5086769,33,3884,507
5086770,24,3886,535
5086771,13,3886,554
5086772,5,3895,567
5086773,5,3904,575
5086774,4,3915,596
5086775,-2,3921,625
5086776,-9,3928,644
5086777,-10,3940,650
5086778,-5,3946,656
5086779,4,3953,651
5086780,17,3970,635
5086781,22,3977,633
5086782,32,3972,632
5086783,28,3985,627
5086784,25,4001,624
5086785,18,4011,625
5086786,7,4009,632
5086787,3,4009,641
5086788,1,4011,650
5086789,-6,4013,668
5086790,-8,4015,674
5086791,2,4017,657
5086792,9,4018,648
5086793,10,4015,649
5086794,15,4010,647
5086795,15,4007,660
5086796,12,4004,673
5086797,25,3991,678
5086798,36,3978,692
5086799,33,3977,703
5086800,25,3982,693
5086801,15,3987,672
5086802,0,3999,665
5086803,-12,4015,669
5086804,-18,4022,657
5086805,-32,4026,632
5086806,-49,4030,608
5086807,-55,4041,594
5086808,-55,4054,580
5086809,-57,4061,562
5086810,-61,4065,549
5086811,-63,4071,530
5086812,-68,4077,517
5086813,-75,4081,522
5086814,-76,4080,524
5086815,-70,4078,509
5086816,-68,4073,498
5086817,-68,4064,498
5086818,-70,4059,498
5086819,-76,4050,499
5086820,-79,4027,497
5086821,-73,4022,493
5086822,-73,4019,496
5086823,-70,4016,489
5086824,-57,4022,482
5086825,-49,4031,471
5086826,-43,4038,450
5086827,-35,4046,434
5086828,-31,4062,430
5086829,-35,4083,424
5086830,-40,4111,415
5086831,-51,4141,403
5086832,-69,4159,392
5086833,-81,4178,392
5086834,-85,4199,384
5086835,-103,4214,378
5086836,-130,4222,388
5086837,-146,4226,396
5086838,-150,4234,402
5086839,-149,4241,425
5086840,-154,4247,458
5086841,-164,4250,478
5086842,-171,4240,497
5086843,-174,4229,525
5086844,-180,4231,557
5086845,-178,4238,579
5086846,-167,4239,577
5086847,-159,4238,569
5086848,-151,4236,560
5086849,-133,4233,553
5086850,-115,4235,556
5086851,-102,4245,553
5086852,-88,4251,545
5086853,-55,4263,513
5086854,-37,4270,482
5086855,-12,4275,461
5086856,6,4280,456
5086857,13,4279,450
5086858,11,4283,443
5086859,7,4289,455
5086860,-1,4287,471
5086861,-13,4287,473
5086862,-29,4287,469
5086863,-49,4286,474
5086864,-73,4279,487
5086865,-97,4268,492
5086866,-114,4262,490
5086867,-126,4263,492
5086868,-142,4260,490
5086869,-160,4254,475
5086870,-165,4255,455
5086871,-157,4254,436
5086872,-144,4246,421
5086873,-135,4241,410
5086874,-128,4242,400
5086875,-130,4241,395
5086876,-133,4239,392
5086877,-129,4245,384
5086878,-138,4269,349
5086879,-135,4267,338
5086880,-127,4273,324
5086881,-128,4284,319
5086882,-140,4290,320
5086883,-156,4288,315
5086884,-164,4283,304
5086885,-162,4282,285
5086886,-164,4280,275
5086887,-167,4273,282
5086888,-167,4269,293
5086889,-182,4264,312
5086890,-208,4263,328
5086891,-224,4269,335
5086892,-237,4275,335
5086893,-249,4275,340
5086894,-255,4272,350
5086895,-262,4272,361
5086897,-266,4279,379
5086898,-262,4296,396
5086899,-259,4312,417
5086900,-259,4316,447
5086901,-251,4312,475
5086902,-240,4309,495
5086903,-227,4313,503
5086904,-210,4310,515
5086905,-193,4298,532
5086906,-179,4280,544
5086907,-163,4269,554
5086908,-132,4263,559
5086909,-101,4248,564
5086910,-73,4223,563
5086911,-36,4204,560
5086912,3,4197,567
5086913,72,4157,547
5086914,88,4150,533
5086915,95,4160,524
5086916,102,4169,520
5086917,101,4170,524
5086918,90,4162,527
5086919,86,4155,528
5086920,86,4159,536
5086921,74,4172,556
5086922,44,4189,586
5086923,8,4209,617
5086924,-35,4221,641
5086925,-80,4220,669
5086926,-116,4219,696
5086927,-151,4226,710
5086928,-182,4239,716
5086929,-193,4249,720
5086930,-187,4258,731
5086931,-168,4263,742
5086932,-148,4256,734
5086933,-128,4250,717
5086934,-102,4247,701
5086935,-71,4238,681
5086936,-36,4227,665
5086937,-13,4217,666
5086938,-2,4204,654
5086939,9,4196,619
5086940,16,4193,587
5086941,26,4185,564
5086942,27,4181,535
5086943,14,4181,498
5086944,-4,4175,456
5086945,-20,4160,415
5086946,-39,4144,382
5086947,-66,4129,361
5086948,-95,4112,345
5086949,-158,4119,277
5086950,-180,4121,231
5086951,-191,4135,186
5086952,-212,4187,141
5086953,-246,4239,85
5086954,-268,4245,31
5086955,-280,4202,-5
5086956,-294,4146,0
5086957,-309,4106,38
5086958,-314,4081,79
5086959,-306,4072,115
5086960,-291,4077,136
5086961,-270,4082,137
5086962,-241,4078,131
5086963,-216,4081,122
5086964,-206,4088,116
5086965,-197,4088,112
5086966,-184,4092,114
5086967,-172,4097,132
5086968,-167,4096,153
5086969,-157,4096,175
5086970,-130,4106,199
5086971,-106,4123,221
5086972,-93,4132,244
5086973,-91,4140,271
5086974,-97,4151,294
5086975,-110,4159,322
5086976,-121,4159,355
5086977,-125,4155,375
5086978,-119,4147,384
5086979,-108,4135,393
5086980,-91,4128,393
5086981,-39,4121,381
5086982,-11,4123,378
5086983,14,4123,369
5086984,32,4116,372
5086985,39,4103,388
5086986,41,4097,393
5086987,41,4100,383
5086988,28,4099,375
5086989,6,4095,376
5086990,-19,4097,385
5086991,-35,4106,397
5086992,-39,4117,405
5086993,-33,4129,401
5086994,-21,4134,405
5086995,-13,4139,416
5086996,-10,4144,413
5086997,-10,4147,412
5086998,-9,4155,438
5086999,-11,4164,473
5087000,-16,4174,482
5087001,-21,4180,478
5087002,-20,4178,481
5087003,-10,4173,477
5087004,-7,4171,479
5087005,-14,4176,489
5087006,-23,4180,499
5087007,-30,4177,515
5087008,-30,4176,523
5087009,-36,4179,507
5087010,-46,4179,484
5087011,-51,4174,477
5087012,-55,4170,472
5087013,-53,4172,450
5087014,-54,4176,433
5087015,-55,4183,423
5087016,-60,4191,414
5087017,-73,4196,410
5087018,-103,4193,387
5087019,-109,4199,372
5087020,-113,4200,359
5087021,-117,4192,348
5087022,-125,4183,337
5087023,-126,4170,333
5087024,-124,4161,323
5087025,-131,4158,308
5087026,-144,4148,299
5087027,-151,4136,288
5087028,-153,4124,277
5087029,-163,4112,279
5087030,-178,4100,279
5087031,-185,4083,262
5087032,-187,4060,247
5087033,-181,4036,237
5087034,-176,4021,221
5087035,-175,4016,210
5087036,-165,4009,206
5087037,-157,4000,199
5087038,-150,3993,194
5087039,-133,3984,186
5087040,-118,3974,174
5087041,-112,3979,155
5087042,-109,3987,138
5087043,-103,3986,126
5087044,-100,3989,115
5087045,-107,3996,117
5087046,-120,4003,132
5087047,-134,4011,144
5087048,-141,4018,167
5087049,-149,4022,199
5087050,-166,4026,225
5087051,-184,4028,254
5087052,-198,4027,282
5087053,-200,4024,311
5087054,-193,4015,334
5087055,-187,4000,363
5087056,-177,3985,397
5087057,-158,3945,424
5087058,-138,3919,450
5087059,-106,3904,472
5087060,-56,3887,471
5087061,-5,3874,457
5087062,37,3874,444
5087063,71,3873,432
5087064,98,3868,434
5087065,125,3860,443
5087066,151,3855,453
5087067,164,3853,462
5087068,168,3859,465
5087069,172,3870,467
5087070,169,3873,473
5087071,163,3870,484
5087072,147,3878,503
5087073,125,3891,521
5087074,107,3898,519
5087075,85,3905,517
5087076,69,3913,528
5087077,55,3922,547
5087078,36,3929,564
5087079,18,3932,569
5087080,6,3935,571
5087081,-1,3937,577
5087082,-13,3939,576
5087083,-21,3946,564
5087084,-25,3956,550
5087085,-29,3962,533
5087086,-30,3968,521
5087087,-32,3978,520
5087088,-33,3994,513
5087089,-36,4008,509
5087090,-45,4012,507
5087091,-62,4016,496
5087092,-78,4024,484
5087093,-84,4034,478
5087094,-98,4044,468
5087095,-117,4055,448
5087096,-129,4054,442
5087097,-141,4057,436
5087098,-159,4074,420
5087099,-165,4092,409
5087100,-166,4110,401
5087101,-173,4134,392
5087102,-183,4155,375
5087103,-190,4167,351
5087104,-193,4170,336
5087105,-195,4170,340
5087106,-194,4177,345
5087107,-193,4179,344
5087108,-202,4176,346
5087109,-209,4172,339
5087110,-204,4165,329
5087111,-201,4161,322
5087112,-203,4157,318
5087113,-205,4150,320
5087114,-204,4144,320
5087115,-199,4142,320
5087116,-189,4139,326
5087117,-173,4138,327
5087118,-163,4137,322
5087119,-158,4139,316
5087120,-149,4147,311
5087121,-139,4156,309
5087122,-127,4165,302
5087123,-123,4179,308
5087124,-136,4186,334
5087125,-153,4186,347
5087126,-159,4193,346
5087127,-160,4203,354
5087128,-162,4211,381
5087129,-170,4215,413
5087130,-186,4218,429
5087131,-206,4213,417
5087132,-199,4214,426
5087133,-190,4216,441
5087134,-177,4214,448
5087135,-157,4212,451
5087136,-137,4214,457
5087137,-125,4212,472
5087138,-120,4201,482
5087139,-112,4193,479
5087140,-97,4188,489
5087141,-81,4196,501
5087142,-65,4209,490
5087143,-44,4210,475
5087144,-25,4207,471
5087145,-27,4202,481
5087146,-41,4201,497
5087147,-45,4206,497
5087148,-47,4216,490
5087149,-59,4228,490
5087150,-75,4243,495
5087151,-91,4258,493
5087152,-101,4269,488
5087153,-103,4274,497
5087154,-97,4275,517
5087155,-96,4274,529
5087156,-103,4270,540
5087157,-112,4269,551
5087158,-120,4274,562
5087159,-121,4276,568
5087160,-126,4265,568
5087161,-140,4253,577
5087162,-145,4248,593
5087163,-139,4246,602
5087164,-132,4238,614
5087165,-131,4228,628
5087166,-127,4226,631
5087167,-121,4226,631
5087168,-116,4200,648
5087169,-112,4195,646
5087170,-106,4195,629
5087171,-102,4192,613
5087172,-101,4188,598
5087173,-103,4189,586
5087174,-108,4199,571
5087175,-104,4210,536
5087176,-101,4211,498
5087177,-103,4210,484
5087178,-108,4223,479
5087179,-119,4232,475
5087180,-127,4233,466
5087181,-132,4241,456
5087182,-142,4242,458
5087183,-152,4237,467
5087184,-158,4234,471
5087185,-162,4235,488
5087186,-168,4236,504
5087187,-168,4228,516
5087188,-165,4222,527
5087189,-165,4217,509
5087190,-157,4213,496
5087191,-148,4215,489
5087192,-144,4220,472
5087193,-134,4217,469
5087194,-125,4207,466
5087195,-118,4203,465
5087196,-108,4200,463
5087197,-103,4188,452
5087198,-103,4179,451
5087199,-104,4173,452
5087200,-100,4167,455
5087201,-104,4164,469
5087202,-115,4157,477
5087203,-112,4151,473
5087204,-103,4144,473
5087205,-106,4132,484
5087206,-95,4117,518
5087207,-95,4115,528
5087208,-95,4113,528
5087209,-89,4109,525
5087210,-89,4107,529
5087211,-91,4107,531
5087212,-89,4100,528
5087213,-90,4089,524
5087214,-93,4082,509
5087215,-96,4073,486
5087216,-98,4072,463
5087218,-106,4084,447
5087219,-119,4085,429
5087220,-127,4085,405
5087221,-127,4092,379
5087222,-131,4097,352
5087223,-143,4097,324
5087224,-150,4099,313
5087225,-157,4106,309
5087226,-163,4114,289
5087227,-165,4120,269
5087228,-170,4130,251
5087229,-182,4142,243
5087230,-198,4146,249
5087231,-220,4147,248
5087232,-241,4146,250
5087233,-247,4149,256
5087234,-253,4150,259
5087235,-259,4156,265
5087236,-263,4164,261
5087237,-260,4170,244
5087238,-252,4172,238
5087239,-253,4169,243
5087240,-264,4164,247
5087241,-275,4158,257
5087242,-280,4161,272
5087243,-272,4165,279
5087244,-265,4167,291
5087245,-258,4167,305
5087246,-250,4168,314
5087247,-242,4178,325
5087248,-232,4180,339
5087249,-232,4177,354
5087250,-230,4176,378
5087251,-224,4170,405
5087252,-223,4164,419
5087253,-217,4161,427
5087254,-207,4160,436
5087255,-198,4165,443
5087256,-192,4170,450
5087257,-180,4164,457
5087258,-164,4159,447
5087259,-149,4161,438
5087260,-140,4159,437
5087261,-142,4158,433
5087262,-141,4159,435
5087263,-138,4148,435
5087264,-141,4134,426
5087265,-148,4130,418
5087266,-157,4136,426
5087267,-169,4157,449
5087268,-171,4161,446
5087269,-170,4156,449
5087270,-171,4152,461
5087271,-177,4160,457
5087272,-189,4166,450
5087273,-206,4175,465
5087274,-215,4185,474
5087275,-220,4181,479
5087276,-230,4181,492
5087277,-237,4185,506
5087278,-235,4179,515
5087279,-233,4179,544
5087280,-238,4193,586
5087281,-240,4210,607
5087282,-234,4218,608
5087283,-219,4217,603
5087284,-197,4215,619
5087285,-181,4224,640
5087286,-169,4234,640
5087287,-159,4227,634
5087288,-148,4217,636
5087289,-141,4217,656
5087290,-143,4212,675
5087291,-152,4196,685
5087292,-164,4178,705
5087293,-171,4167,726
5087294,-169,4157,729
5087295,-171,4133,714
5087296,-182,4116,711
5087297,-200,4107,722
5087298,-204,4095,726
5087299,-195,4090,701
5087300,-185,4089,657
5087301,-179,4083,609
5087302,-184,4083,565
5087303,-196,4081,543
5087304,-201,4078,536
5087305,-191,4084,505
5087306,-194,4083,499
5087307,-203,4095,496
5087308,-208,4109,489
5087309,-204,4115,485
5087310,-203,4121,496
5087311,-207,4120,504
5087312,-196,4113,501
5087313,-180,4105,494
5087314,-176,4097,505
5087315,-179,4102,537
5087316,-179,4099,550
5087317,-165,4080,551
5087318,-158,4078,562
5087319,-158,4089,587
5087320,-128,4078,593
5087321,-87,4064,588
5087322,-74,4068,608
5087323,-63,4077,614
5087324,-24,4068,601
5087325,-6,4056,609
5087326,-25,4068,633
5087327,-34,4078,615
5087328,-37,4078,578
5087329,-59,4084,575
5087330,-71,4098,586
5087331,-62,4107,587
5087332,-65,4105,599
5087333,-93,4113,631
5087334,-117,4136,639
5087335,-120,4146,614
5087336,-122,4150,602
5087337,-140,4163,629
5087338,-169,4174,640
5087339,-172,4166,637
5087340,-197,4170,659
5087341,-231,4169,694
5087342,-253,4178,721
5087343,-256,4185,700
5087344,-239,4162,683
5087345,-245,4149,745
5087346,-279,4167,826
5087347,-273,4179,819
5087348,-227,4169,764
5087349,-202,4157,747
5087350,-198,4159,753
5087351,-184,4166,741
5087352,-174,4166,718
5087353,-162,4160,695
5087354,-145,4153,685
5087355,-141,4148,687
5087356,-140,4149,691
5087357,-133,4154,683
5087358,-114,4146,646
5087359,-108,4133,618
5087360,-127,4130,622
5087361,-144,4145,615
5087362,-135,4149,569
5087363,-132,4135,535
5087364,-155,4136,548
5087365,-165,4142,550
5087366,-166,4153,526
5087367,-180,4172,479
5087368,-190,4179,415
5087369,-190,4184,360
5087370,-196,4198,310
5087371,-195,4204,255
5087372,-196,4197,195
5087373,-216,4190,175
5087374,-242,4187,169
5087375,-250,4174,166
5087376,-319,4183,222
5087377,-330,4178,224
5087378,-342,4179,214
5087379,-346,4183,191
5087380,-330,4177,170
5087381,-320,4181,173
5087382,-306,4200,188
5087383,-295,4203,191
5087384,-271,4203,213
5087385,-260,4213,255
5087386,-229,4220,301
5087387,-185,4230,317
5087388,-164,4240,301
5087389,-145,4233,298
5087390,-148,4231,339
5087391,-143,4240,387
5087392,-126,4246,389
5087393,-114,4245,378
5087394,-117,4249,393
5087395,-118,4250,420
5087396,-107,4248,434
5087397,-99,4247,443
5087398,-96,4255,451
5087399,-100,4257,441
5087400,-106,4243,422
5087401,-122,4221,437
5087402,-145,4215,507
5087403,-171,4219,560
5087404,-180,4208,559
5087405,-192,4212,550
5087406,-218,4217,525
5087407,-224,4202,483
5087408,-213,4190,483
5087409,-222,4196,505
5087410,-222,4195,491
5087411,-199,4188,465
5087412,-210,4188,487
5087413,-212,4196,499
5087414,-192,4190,486
5087415,-164,4186,498
5087416,-153,4199,522
5087417,-146,4206,524
5087418,-120,4205,521
5087419,-105,4216,525
5087420,-96,4213,544
5087421,-81,4206,582
5087422,-77,4200,616
5087423,-80,4187,649
5087424,-79,4183,665
5087425,-68,4185,674
5087426,-56,4185,710
5087427,-54,4183,733
5087428,-40,4171,746
5087429,-24,4151,779
5087430,-32,4150,819
5087431,-45,4158,829
5087432,-42,4143,803
5087433,-29,4137,801
5087434,-30,4143,819
5087435,-28,4133,820
5087436,-17,4122,798
5087437,-5,4112,768
5087438,5,4095,761
5087439,5,4091,750
5087440,-10,4101,748
5087441,-29,4102,748
5087442,-42,4106,735
5087443,-50,4094,707
5087444,-51,4088,694
5087445,-65,4096,697
5087446,-74,4080,684
5087447,-63,4058,672
5087448,-75,4064,690
5087449,-73,4064,663
5087450,-68,4061,614
5087451,-60,4063,569
5087452,-74,4076,533
5087453,-89,4089,519
5087454,-111,4110,506
5087455,-138,4132,473
5087456,-162,4136,461
5087457,-188,4143,468
5087458,-207,4159,486
5087459,-221,4164,472
5087460,-218,4167,439
5087461,-228,4176,430
5087462,-239,4176,442
5087463,-225,4175,459
5087464,-213,4173,458
5087465,-204,4167,447
5087466,-194,4178,485
5087467,-194,4192,553
5087468,-183,4192,584
5087469,-154,4173,592
5087470,-145,4151,620
5087471,-136,4142,648
5087472,-108,4135,648
5087473,-76,4118,626
5087474,-52,4104,621
5087475,-45,4094,655
5087476,-53,4089,682
5087477,-47,4086,689
5087478,-42,4085,681
5087479,-68,4091,690
5087480,-99,4100,716
5087481,-122,4101,721
5087482,-133,4129,712
5087483,-152,4144,696
5087484,-154,4159,666
5087485,-163,4175,662
5087486,-192,4203,678
5087487,-197,4230,656
5087488,-190,4248,629
5087489,-200,4269,643
5087490,-229,4295,666
5087491,-243,4311,652
5087492,-225,4322,636
5087493,-229,4342,641
5087494,-230,4358,650
5087495,-231,4378,652
5087496,-240,4394,651
5087497,-246,4400,651
5087498,-246,4400,673
5087499,-240,4404,704
5087500,-226,4402,731
5087501,-223,4393,767
5087502,-231,4395,783
5087503,-227,4397,767
5087504,-228,4388,725
5087505,-223,4363,704
5087506,-227,4356,725
5087507,-239,4357,733
5087508,-238,4347,702
5087509,-237,4349,678
5087510,-255,4356,666
5087511,-268,4354,620
5087512,-257,4345,555
5087513,-268,4356,521
5087514,-273,4367,510
5087515,-259,4376,489
5087516,-258,4391,454
5087517,-270,4395,411
5087518,-279,4400,385
5087519,-289,4411,394
5087520,-310,4425,426
5087521,-338,4417,458
5087522,-335,4417,453
5087523,-321,4434,448
5087524,-302,4441,434
5087525,-288,4443,435
5087526,-274,4445,470
5087527,-252,4441,517
5087528,-240,4450,555
5087529,-228,4452,566
5087530,-210,4438,569
5087531,-202,4440,581
5087532,-190,4441,591
5087533,-163,4428,585
5087534,-139,4416,586
5087535,-137,4408,586
5087536,-131,4407,561
5087537,-121,4410,518
5087538,-121,4404,500
5087539,-124,4397,510
5087540,-137,4407,526
5087541,-160,4418,507
5087542,-177,4412,484
5087543,-201,4410,497
5087544,-240,4422,527
5087545,-263,4434,548
5087546,-275,4440,537
5087547,-281,4445,531
5087548,-298,4464,532
5087549,-300,4484,524
5087550,-289,4492,528
5087551,-292,4494,546
5087552,-296,4500,570
5087553,-302,4507,576
5087554,-293,4498,572
5087555,-285,4495,588
5087556,-278,4482,615
5087557,-265,4467,658
5087558,-262,4462,683
5087559,-242,4441,681
5087560,-193,4398,699
5087561,-175,4399,719
5087562,-163,4395,699
5087563,-149,4377,672
5087564,-148,4367,644
5087565,-161,4369,602
5087566,-183,4386,564
5087567,-213,4407,522
5087568,-244,4419,477
5087569,-282,4428,441
5087570,-325,4448,404
5087571,-366,4470,354
5087572,-397,4476,299
5087573,-428,4478,263
5087574,-459,4481,254
5087575,-478,4485,240
5087576,-500,4480,208
5087577,-532,4468,191
5087578,-566,4464,191
5087579,-591,4460,165
5087580,-608,4451,122
5087581,-637,4444,80
5087582,-675,4437,31
5087583,-709,4431,-9
5087584,-744,4436,-41
5087585,-772,4451,-71
5087586,-774,4457,-74
5087587,-748,4461,-18
5087589,-706,4470,69
5087590,-656,4475,150
5087591,-590,4478,271
5087592,-507,4481,451
5087593,-332,4462,778
5087594,-247,4449,924
5087595,-184,4456,1075
5087596,-100,4467,1212
5087597,5,4475,1335
5087598,110,4483,1462
5087599,219,4487,1582
5087600,325,4482,1659
5087601,416,4468,1707
5087602,495,4443,1739
5087603,566,4416,1753
5087604,620,4394,1748
5087605,655,4364,1734
5087606,662,4318,1723
5087607,644,4276,1697
5087608,605,4246,1654
5087609,552,4207,1601
5087610,497,4164,1533
5087611,448,4126,1441
5087612,397,4090,1338
5087613,331,4067,1238
5087614,262,4060,1138
5087615,200,4057,1033
5087616,135,4051,935
5087617,65,4055,842
5087618,-10,4063,736
5087619,-81,4064,625
5087620,-131,4076,525
5087621,-173,4096,440
5087622,-210,4108,372
5087623,-234,4111,323
5087624,-248,4112,283
5087625,-265,4116,246
5087626,-284,4125,223
5087627,-295,4126,210
5087628,-298,4122,206
5087629,-289,4119,225
5087630,-267,4115,248
5087631,-244,4109,266
5087632,-188,4098,326
5087633,-154,4092,356
5087634,-123,4090,393
5087635,-86,4085,422
5087636,-45,4068,442
5087637,-4,4057,461
5087638,27,4056,485
5087639,45,4056,510
5087640,61,4057,522
5087641,72,4062,527
5087642,69,4065,532
5087643,67,4062,525
5087644,61,4061,514
5087645,47,4058,521
5087646,32,4051,526
5087647,14,4055,524
5087648,0,4068,523
5087649,-9,4075,517
5087650,-17,4064,513
5087651,-21,4042,522
5087652,-22,4020,538
5087653,-22,4002,556
5087654,-23,3990,571
5087655,-29,3977,584
5087656,-37,3959,579
5087657,-38,3953,560
5087658,-41,3954,558
5087659,-45,3943,563
5087660,-37,3930,563
5087661,-18,3916,558
5087662,3,3897,545
5087663,21,3878,545
5087664,35,3863,539
5087665,40,3848,511
5087666,39,3833,484
5087667,40,3824,464
5087668,38,3815,448
5087669,32,3802,431
5087670,31,3793,416
5087671,37,3784,360
5087672,35,3772,322
5087673,24,3755,295
5087674,8,3739,277
5087675,-4,3720,253
5087676,-10,3705,217
5087677,-23,3700,192
5087678,-44,3694,178
5087679,-66,3683,164
5087680,-78,3678,143
5087681,-82,3677,119
5087682,-91,3674,94
5087683,-109,3671,57
5087684,-128,3669,24
5087685,-131,3665,14
5087686,-125,3659,16
5087687,-122,3655,3
5087688,-117,3653,-21
5087689,-111,3654,-36
5087690,-103,3650,-38
5087691,-91,3642,-37
5087692,-80,3636,-31
5087693,-78,3634,-27
5087694,-64,3625,-33
5087695,-54,3626,-32
5087696,-44,3631,-14
5087697,-33,3624,14
5087698,-23,3619,34
5087699,-21,3621,54
5087700,-27,3620,78
5087701,-32,3619,99
5087702,-30,3625,113
5087703,-21,3635,132
5087704,-18,3642,168
5087705,-15,3647,199
5087706,-7,3654,211
5087707,-5,3667,214
5087708,-1,3686,221
5087709,9,3698,242
5087710,20,3715,262
5087711,27,3735,280
5087712,28,3747,301
5087713,32,3757,315
5087714,44,3764,330
5087715,56,3763,360
5087716,64,3744,388
5087717,76,3724,407
5087718,83,3714,423
5087719,91,3707,438
5087720,103,3694,451
5087721,114,3673,463
5087722,123,3620,484
5087723,127,3608,494
5087724,134,3603,495
5087725,141,3598,484
5087726,150,3586,466
5087727,161,3573,441
5087728,167,3573,418
5087729,166,3584,406
5087730,156,3602,390
5087731,140,3625,361
5087732,118,3644,330
5087733,96,3665,320
5087734,76,3686,319
5087735,55,3700,318
5087736,32,3709,311
5087737,16,3721,300
5087738,-2,3739,303
5087739,-26,3753,317
5087740,-38,3762,336
5087741,-40,3772,362
5087742,-40,3783,379
5087743,-41,3791,393
5087744,-45,3802,418
5087745,-48,3816,441
5087746,-42,3830,459
5087747,-38,3840,478
5087748,-36,3847,503
5087749,-26,3850,530
5087750,-13,3846,549
5087751,-4,3841,563
5087752,4,3841,584
5087753,10,3844,601
5087754,20,3852,608
5087755,32,3860,621
5087756,42,3863,632
5087757,33,3871,638
5087758,32,3885,652
5087759,32,3899,651
5087760,35,3915,640
5087761,44,3934,643
5087762,52,3952,657
5087763,55,3969,665
5087764,49,3987,657
5087765,42,4010,654
5087766,42,4031,657
5087767,43,4044,656
5087768,41,4051,657
5087769,38,4054,654
5087770,34,4053,659
5087771,35,4055,687
5087772,37,4054,717
5087773,35,4038,733
5087774,35,4028,735
5087775,35,4027,735
5087776,23,4023,747
5087777,3,4015,759
5087778,-5,4005,749
5087779,0,3998,726
5087780,12,3984,715
5087781,23,3971,707
5087782,29,3967,683
5087783,39,3963,643
5087784,62,3967,603
5087785,84,3976,579
5087786,94,3974,566
5087787,100,3975,551
5087788,107,3983,524
5087789,109,3989,490
5087790,102,3998,474
5087791,96,4006,468
5087792,86,4014,457
5087793,72,4027,431
5087794,55,4046,413
5087795,29,4063,407
5087796,-19,4080,421
5087797,-50,4088,449
5087798,-88,4096,470
5087799,-122,4099,484
5087800,-141,4103,487
5087801,-148,4109,487
5087802,-151,4122,505
5087803,-148,4142,525
5087804,-134,4153,535
5087805,-116,4161,530
5087806,-93,4166,517
5087807,-68,4172,522
5087808,-38,4187,544
5087810,-12,4203,556
5087811,8,4211,567
5087812,29,4211,590
5087813,41,4209,607
5087814,52,4210,612
5087815,64,4216,609
5087816,63,4217,600
5087817,57,4213,604
5087818,49,4211,618
5087819,37,4209,631
5087820,31,4205,637
5087821,20,4200,637
5087822,-3,4200,630
5087823,-25,4204,607
5087824,-37,4213,582
5087825,-48,4218,561
5087826,-57,4219,534
5087827,-61,4223,510
5087828,-74,4239,491
5087829,-86,4257,468
5087830,-99,4279,420
5087831,-110,4283,381
5087832,-120,4294,357
5087833,-134,4296,358
5087834,-154,4291,371
5087835,-171,4290,372
5087836,-188,4274,359
5087837,-204,4257,348
5087838,-209,4252,355
5087839,-215,4243,372
5087840,-222,4233,380
5087841,-215,4223,393
5087842,-203,4206,418
5087843,-195,4198,426
5087844,-175,4195,419
5087845,-142,4192,417
5087846,-107,4191,413
5087847,-71,4192,411
5087848,-41,4194,411
5087849,-12,4196,398
5087850,12,4203,386
5087851,26,4218,390
5087852,27,4227,397
5087853,13,4233,406
5087854,-4,4240,416
5087855,-20,4244,422
5087856,-34,4248,443
5087857,-43,4252,465
5087858,-49,4256,468
5087859,-61,4265,472
5087860,-77,4276,496
5087861,-88,4283,524
5087862,-92,4291,539
5087863,-97,4292,546
5087864,-106,4284,544
5087865,-113,4282,548
5087866,-111,4280,573
5087867,-104,4272,596
5087868,-79,4251,630
5087869,-60,4245,646
5087870,-36,4247,651
5087871,-17,4250,644
5087872,-10,4246,644
5087873,-8,4234,647
5087874,4,4219,641
5087875,20,4214,642
5087876,30,4216,647
5087877,32,4215,656
5087878,27,4218,655
5087879,19,4229,637
5087880,7,4239,624
5087881,-10,4250,620
5087882,-22,4264,624
5087883,-33,4278,626
5087884,-58,4289,620
5087885,-78,4300,617
5087886,-89,4307,612
5087887,-101,4310,607
5087888,-107,4312,616
5087889,-109,4316,639
5087890,-115,4318,652
5087891,-119,4315,652
5087892,-116,4307,647
5087893,-110,4290,648
5087894,-108,4278,660
5087895,-106,4272,672
5087896,-89,4260,684
5087897,-69,4248,685
5087898,-56,4234,674
5087899,-52,4224,666
5087900,-44,4218,669
5087901,-23,4214,669
5087902,4,4213,653
5087903,25,4209,639
5087904,45,4201,635
5087905,62,4198,611
5087906,68,4195,578
5087907,79,4185,559
5087908,69,4182,552
5087909,40,4178,532
5087910,8,4174,507
5087911,-16,4174,488
5087912,-43,4177,470
5087913,-70,4171,447
5087914,-94,4157,429
5087915,-116,4142,412
5087916,-136,4137,392
5087917,-153,4135,374
5087918,-162,4127,361
5087919,-171,4126,350
5087920,-176,4128,333
5087921,-177,4122,311
5087922,-180,4114,297
5087923,-178,4114,282
5087924,-176,4117,253
5087925,-172,4122,226
5087926,-168,4126,218
5087927,-171,4129,210
5087928,-171,4134,196
5087929,-164,4138,190
5087930,-159,4137,195
5087931,-154,4138,202
5087932,-146,4142,209
5087933,-134,4143,221
5087934,-122,4148,247
5087935,-121,4150,277
5087936,-119,4138,312
5087937,-113,4122,346
5087938,-111,4121,374
5087939,-108,4118,414
5087940,-105,4118,463
5087941,-103,4124,500
5087942,-89,4117,524
5087943,-89,4116,537
5087944,-75,4124,550
5087945,-48,4125,562
5087946,-26,4119,572
5087947,-7,4120,581
5087948,11,4125,581
5087949,26,4127,588
5087950,26,4126,609
5087951,19,4126,623
5087952,22,4119,635
5087953,22,4105,640
5087954,11,4091,640
5087955,-2,4079,646
5087956,-13,4068,646
5087957,-23,4057,640
5087958,-31,4049,632
5087959,-37,4050,615
5087960,-48,4048,592
5087961,-55,4045,559
5087962,-58,4049,529
5087963,-61,4042,511
5087964,-61,4037,484
5087965,-60,4043,449
5087966,-63,4047,420
5087967,-79,4060,395
5087968,-97,4075,377
5087969,-102,4079,370
5087970,-107,4081,371
5087971,-116,4084,371
5087972,-118,4092,370
5087973,-114,4094,375
5087974,-112,4087,393
5087975,-113,4085,414
5087976,-116,4090,443
5087977,-113,4091,472
5087978,-105,4078,483
5087979,-74,4024,512
5087980,-57,4010,523
5087981,-32,4005,541
5087982,-2,4000,557
5087983,18,3996,565
5087984,29,3989,577
5087985,41,3978,589
5087986,62,3967,580
5087987,83,3962,556
5087988,94,3967,541
5087989,96,3974,536
5087990,93,3979,521
5087991,89,3981,497
5087992,88,3977,479
5087993,80,3973,459
5087994,60,3973,436
5087995,38,3976,432
5087996,22,3982,438
5087997,6,3986,427
5087998,-14,3990,407
5087999,-30,3994,397
5088000,-57,3991,397
5088001,-84,3989,394
5088002,-103,3990,397
5088003,-114,3991,410
5088004,-121,3992,415
5088005,-130,3996,415
5088006,-140,4000,431
5088007,-140,4002,465
5088008,-128,4000,486
5088009,-116,3997,492
5088010,-104,4001,500
5088011,-87,4007,516
5088012,-68,4013,534
5088013,-47,4011,548
5088014,-19,4008,560
5088015,9,4016,575
5088016,31,4025,584
5088017,58,4040,583
5088018,56,4046,568
5088019,58,4055,548
5088020,48,4063,534
5088021,23,4068,539
5088022,2,4068,541
5088023,-19,4060,543
5088024,-46,4056,549
5088025,-76,4055,548
5088026,-101,4050,549
5088027,-114,4047,547
5088028,-115,4049,542
5088029,-117,4054,532
5088030,-133,4058,521
5088031,-148,4058,508
5088032,-153,4056,489
5088033,-163,4064,481
5088034,-181,4090,484
5088035,-185,4109,479
5088036,-175,4108,471
5088037,-170,4102,475
5088038,-170,4091,474
5088039,-177,4085,469
5088040,-192,4086,482
5088041,-208,4086,497
5088042,-209,4086,500
5088043,-201,4089,495
5088044,-196,4089,484
5088045,-185,4081,472
5088046,-174,4070,463
5088047,-162,4056,456
5088048,-144,4046,453
5088049,-120,4042,454
5088050,-92,4041,456
5088051,-61,4040,462
5088052,-41,4039,466
5088053,-29,4042,469
5088054,-25,4045,482
5088055,-32,4045,502
5088056,-53,4037,500
5088057,-61,4035,499
5088058,-67,4038,508
5088059,-76,4046,519
5088060,-87,4049,524
5088061,-95,4051,530
5088062,-106,4054,534
5088063,-118,4058,527
5088064,-114,4064,528
5088065,-106,4073,537
5088066,-104,4080,544
5088067,-98,4084,537
5088068,-101,4096,522
5088069,-113,4108,528
5088070,-119,4118,545
5088071,-122,4126,550
5088072,-127,4128,565
5088073,-138,4127,599
5088074,-143,4127,622
5088075,-143,4126,634
5088076,-139,4118,649
5088077,-135,4109,658
5088078,-128,4111,664
5088079,-114,4121,668
5088080,-108,4124,669
5088081,-99,4121,663
5088082,-88,4117,652
5088083,-86,4111,639
5088084,-88,4106,615
5088085,-89,4109,594
5088086,-91,4117,593
5088087,-99,4122,600
5088088,-116,4118,592
5088089,-138,4114,574
5088090,-157,4123,554
5088091,-162,4138,528
5088092,-160,4153,499
5088093,-170,4174,484
5088094,-182,4189,477
5088095,-188,4197,477
5088096,-185,4196,485
5088097,-180,4197,490
5088098,-184,4195,503
5088099,-190,4191,524
5088100,-186,4187,537
5088101,-181,4175,556
5088102,-177,4163,576
5088103,-178,4152,579
5088104,-176,4141,573
5088105,-175,4128,570
5088106,-169,4115,563
5088107,-157,4107,554
5088108,-146,4099,545
5088109,-125,4099,540
5088110,-101,4101,543
5088111,-89,4103,540
5088112,-88,4107,527
5088113,-83,4104,509
5088114,-80,4098,491
5088115,-84,4107,467
5088116,-94,4127,439
5088117,-98,4142,414
5088118,-104,4143,398
5088119,-123,4140,397
5088120,-146,4144,404
5088121,-168,4144,410
5088122,-181,4141,414
5088123,-193,4150,424
5088124,-209,4167,444
5088125,-220,4163,474
5088126,-230,4152,494
5088127,-223,4153,508
5088128,-198,4155,524
5088129,-185,4153,534
5088130,-172,4146,545
5088131,-150,4139,562
5088132,-123,4138,584
5088133,-93,4132,602
5088134,-51,4098,622
5088135,-42,4087,641
5088136,-38,4080,653
5088137,-23,4069,657
5088138,2,4060,661
5088139,26,4056,661
5088140,32,4054,660
5088141,22,4048,646
5088142,8,4046,628
5088143,-8,4047,612
5088144,-21,4051,596
5088145,-38,4061,589
5088146,-60,4079,572
5088147,-73,4097,551
5088148,-91,4108,533
5088149,-114,4121,508
5088150,-135,4144,488
5088151,-159,4166,475
5088152,-180,4182,467
5088153,-194,4196,463
5088154,-208,4205,461
5088155,-224,4208,473
5088156,-238,4218,502
5088157,-243,4231,539
5088158,-244,4233,574
5088159,-241,4226,600
5088160,-227,4222,616
5088161,-211,4217,629
5088162,-198,4212,643
5088163,-175,4212,648
5088164,-143,4203,646
5088165,-112,4188,645
5088166,-89,4178,646
5088167,-76,4169,650
5088168,-65,4158,657
5088169,-57,4149,668
5088170,-59,4142,677
5088171,-63,4138,672
5088172,-43,4136,629
5088173,-42,4140,608
5088174,-51,4146,586
5088175,-61,4154,582
5088176,-68,4159,576
5088177,-82,4160,559
5088178,-92,4159,551
5088179,-96,4160,564
5088180,-103,4162,582
5088181,-115,4159,591
5088182,-126,4151,596
5088183,-135,4145,603
5088184,-136,4142,602
5088185,-130,4136,598
5088186,-129,4131,598
5088187,-127,4131,603
5088188,-127,4129,618
5088189,-134,4115,631
5088190,-135,4098,634
5088191,-125,4092,633
5088192,-117,4093,636
5088193,-117,4097,639
5088194,-114,4097,640
5088195,-112,4088,636
5088196,-116,4074,624
5088197,-112,4065,606
5088198,-106,4063,586
5088199,-107,4063,566
5088200,-116,4070,541
5088201,-130,4085,516
5088202,-143,4100,497
5088203,-152,4106,479
5088204,-155,4108,459
5088205,-158,4113,445
5088206,-162,4110,433
5088207,-167,4104,421
5088208,-177,4112,418
5088209,-186,4127,414
5088210,-187,4138,409
5088211,-198,4135,418
5088212,-205,4142,421
5088213,-213,4146,442
5088214,-217,4150,463
5088215,-222,4158,476
5088216,-227,4154,494
5088217,-231,4145,510
5088218,-230,4136,528
5088219,-220,4127,542
5088220,-206,4123,545
5088221,-184,4128,534
5088222,-151,4138,519
5088223,-119,4148,498
5088224,-95,4156,485
5088225,-74,4165,477
5088226,-62,4174,461
5088227,-59,4180,447
5088228,-59,4187,434
5088229,-60,4199,422
5088230,-66,4205,417
5088231,-86,4207,425
5088232,-108,4205,441
5088233,-134,4200,460
5088234,-157,4197,482
5088235,-174,4198,486
5088236,-195,4203,483
5088237,-208,4203,486
