5534433,120,4122,559
5534434,113,4121,544
5534435,106,4123,522
5534436,99,4131,498
5534437,100,4137,481
5534438,98,4139,467
5534439,88,4139,444
5534440,77,4139,419
5534441,68,4145,396
5534442,66,4157,384
5534443,56,4164,364
5534444,30,4164,335
5534445,4,4164,321
5534446,-13,4170,315
5534447,-20,4171,319
5534448,-18,4159,328
5534449,-27,4145,335
5534450,-45,4141,343
5534451,-45,4146,354
5534452,-33,4147,368
5534453,-19,4145,375
5534454,-10,4135,362
5534455,-8,4120,348
5534456,-6,4119,349
5534457,-2,4129,351
5534458,12,4128,345
5534459,52,4125,349
5534460,72,4117,369
5534461,98,4110,391
5534462,127,4113,407
5534463,156,4114,423
5534464,183,4106,446
5534465,212,4095,463
5534466,233,4091,476
5534467,234,4093,489
5534468,239,4090,501
5534469,255,4080,514
5534470,263,4077,522
5534471,257,4087,531
5534472,250,4099,545
5534473,245,4102,550
5534474,237,4105,546
5534475,221,4109,547
5534476,202,4112,550
5534477,190,4121,551
5534478,178,4127,555
5534479,167,4125,558
5534480,157,4124,558
5534481,146,4122,559
5534482,130,4119,564
5534483,117,4118,561
5534484,121,4114,547
5534485,132,4117,533
5534486,136,4124,519
5534487,128,4128,509
5534488,122,4129,505
5534489,125,4119,514
5534490,137,4111,526
5534491,139,4119,528
5534492,128,4127,534
5534493,129,4127,544
5534494,142,4134,546
5534495,147,4136,547
5534496,140,4138,556
5534497,128,4151,541
5534498,126,4147,536
5534499,125,4149,541
5534500,120,4149,531
5534501,117,4155,505
5534502,116,4166,491
5534503,109,4170,495
5534504,108,4164,505
5534505,111,4162,509
5534506,118,4158,508
5534507,130,4147,511
5534508,141,4146,509
5534509,142,4153,503
5534510,138,4157,516
5534511,135,4158,529
5534512,133,4159,527
5534513,133,4157,520
5534514,137,4151,519
5534515,141,4151,529
5534516,139,4155,531
5534517,133,4156,528
5534518,125,4162,515
5534519,123,4166,497
5534520,130,4158,486
5534521,139,4155,483
5534522,144,4160,486
5534523,143,4160,491
5534524,140,4148,486
5534525,135,4137,471
5534526,133,4136,465
5534527,125,4140,465
5534528,114,4143,465
5534529,108,4142,466
5534530,105,4136,474
5534531,107,4134,484
5534532,104,4137,475
5534533,100,4145,463
5534534,102,4144,451
5534535,103,4133,435
5534536,102,4131,413
5534537,102,4126,413
5534538,115,4124,414
5534539,123,4130,414
5534540,119,4135,417
5534541,119,4136,427
5534542,127,4135,426
5534543,131,4132,431
5534544,132,4121,445
5534545,147,4111,454
5534546,163,4110,464
5534547,169,4116,470
5534548,169,4121,471
5534549,166,4120,461
5534550,162,4121,445
5534551,160,4126,445
5534552,161,4126,451
5534553,160,4116,454
5534554,148,4115,459
5534555,135,4126,460
5534556,123,4134,454
5534557,110,4136,448
5534558,106,4140,450
5534559,112,4141,460
5534560,121,4139,467
5534561,130,4136,474
5534562,142,4132,487
5534563,150,4127,490
5534564,156,4129,484
5534565,160,4139,478
5534566,165,4139,478
5534567,183,4131,478
5534568,203,4130,480
5534569,210,4129,497
5534570,204,4123,512
5534571,194,4123,508
5534572,189,4130,500
5534573,188,4141,489
5534574,185,4147,485
5534575,178,4148,488
5534576,170,4140,483
5534577,167,4129,480
5534578,174,4136,502
5534579,182,4137,509
5534580,182,4134,507
5534581,179,4144,500
5534582,183,4154,493
5534583,189,4152,492
5534584,183,4145,493
5534585,173,4146,496
5534586,171,4153,511
5534587,173,4154,528
5534588,178,4151,532
5534589,180,4143,525
5534590,179,4135,524
5534591,179,4140,525
5534592,173,4149,522
5534593,161,4145,525
5534594,149,4139,523
5534595,136,4139,517
5534596,123,4134,513
5534597,115,4134,505
5534598,112,4141,503
5534599,109,4142,503
5534600,103,4135,499
5534601,98,4128,491
5534602,89,4129,489
5534603,72,4135,491
5534604,66,4137,491
5534605,67,4135,484
5534606,62,4133,482
5534607,51,4132,476
5534608,43,4129,469
5534609,37,4127,471
5534610,31,4124,470
5534611,27,4119,466
5534612,29,4122,462
5534613,36,4126,463
5534614,44,4131,466
5534615,46,4138,456
5534616,45,4144,440
5534617,44,4150,430
5534618,69,4132,414
5534619,84,4132,418
5534620,90,4126,415
5534621,85,4120,422
5534622,81,4120,438
5534623,92,4113,440
5534624,106,4109,435
5534625,113,4117,438
5534626,117,4123,445
5534627,117,4119,455
5534628,122,4118,461
5534629,126,4119,463
5534630,127,4116,459
5534631,134,4114,454
5534632,133,4109,464
5534633,121,4106,479
5534634,115,4109,487
5534635,114,4116,486
5534636,112,4121,489
5534637,116,4118,496
5534638,131,4113,483
5534639,151,4114,450
5534640,173,4119,428
5534641,189,4124,410
5534642,195,4126,375
5534643,201,4126,344
5534644,201,4130,327
5534645,196,4137,319
5534646,192,4144,324
5534647,198,4150,330
5534648,211,4153,336
5534649,216,4155,345
5534650,214,4156,349
5534651,200,4154,360
5534652,176,4146,376
5534653,157,4142,391
5534654,145,4144,399
5534655,135,4151,408
5534656,119,4148,420
5534657,107,4136,430
5534658,104,4135,435
5534659,98,4138,450
5534660,90,4143,455
5534661,73,4140,463
5534662,61,4132,469
5534663,56,4130,471
5534664,58,4124,466
5534665,60,4117,448
5534666,63,4118,425
5534667,67,4121,406
5534668,70,4125,405
5534669,80,4132,420
5534670,93,4137,426
5534671,102,4138,421
5534672,102,4137,422
5534673,104,4132,428
5534674,115,4132,430
5534675,125,4144,427
5534676,143,4152,428
5534677,166,4154,433
5534678,182,4153,429
5534679,190,4156,428
5534680,191,4159,435
5534681,197,4156,439
5534682,206,4151,432
5534683,214,4152,411
5534684,224,4145,396
5534685,232,4137,407
5534686,234,4138,430
5534687,233,4141,439
5534688,235,4141,440
5534689,235,4147,452
5534690,229,4154,473
5534691,219,4150,490
5534692,208,4148,489
5534693,203,4147,476
5534694,203,4148,471
5534695,191,4142,466
5534696,167,4135,465
5534697,138,4145,452
5534698,119,4152,438
5534699,141,4140,476
5534700,155,4131,502
5534701,168,4125,525
5534702,173,4125,546
5534703,164,4125,568
5534704,146,4121,575
5534705,131,4115,570
5534706,127,4110,568
5534707,132,4113,584
5534708,129,4122,593
5534709,128,4134,570
5534710,137,4139,556
5534711,140,4134,548
5534712,141,4127,536
5534713,144,4126,514
5534714,141,4131,481
5534715,136,4136,458
5534716,125,4133,440
5534717,121,4132,422
5534718,126,4137,412
5534719,129,4140,402
5534720,129,4142,382
5534721,125,4150,365
5534722,118,4158,360
5534723,116,4153,361
5534724,126,4146,358
5534725,133,4144,357
5534726,129,4145,349
5534727,121,4144,340
5534728,115,4144,337
5534729,115,4148,323
5534730,117,4151,315
5534731,114,4150,318
5534732,111,4148,315
5534733,111,4149,306
5534734,110,4150,298
5534735,101,4151,292
5534736,78,4145,289
5534737,-15,4136,293
5534738,-41,4145,288
5534739,-29,4150,286
5534740,12,4150,310
5534741,66,4147,339
5534742,118,4142,362
5534743,164,4136,394
5534744,194,4130,422
5534745,206,4123,443
5534746,217,4116,470
5534747,237,4108,491
5534748,254,4104,498
5534749,263,4110,510
5534750,270,4123,531
5534751,280,4134,539
5534752,285,4137,538
5534753,284,4137,540
5534754,285,4140,560
5534755,287,4147,590
5534756,282,4143,610
5534757,273,4132,620
5534758,261,4126,613
5534759,252,4128,594
5534760,256,4133,591
5534761,271,4144,601
5534762,290,4149,612
5534763,312,4142,609
5534764,338,4130,601
5534765,358,4123,608
5534766,367,4120,618
5534767,361,4122,622
5534768,344,4129,620
5534769,324,4131,614
5534770,311,4130,604
5534771,305,4120,598
5534772,301,4110,595
5534773,297,4116,583
5534774,293,4129,562
5534775,285,4134,535
5534776,273,4134,525
5534777,267,4140,519
5534778,249,4148,516
5534779,234,4149,516
5534780,225,4138,502
5534781,216,4129,485
5534782,214,4121,469
5534783,214,4118,455
5534784,200,4121,446
5534785,177,4123,439
5534786,157,4123,434
5534787,143,4123,434
5534788,132,4131,436
5534789,119,4140,430
5534790,102,4136,419
5534791,90,4134,404
5534792,88,4141,395
5534793,82,4141,398
5534794,72,4135,396
5534795,70,4127,391
5534796,65,4115,392
5534797,57,4105,407
5534798,48,4104,427
5534799,43,4107,432
5534800,45,4111,431
5534801,44,4125,433
5534802,43,4138,434
5534803,49,4139,446
5534804,62,4130,463
5534805,71,4123,471
5534806,80,4127,473
5534807,96,4126,474
5534808,105,4125,474
5534809,110,4127,463
5534810,123,4127,443
5534811,131,4127,433
5534812,134,4130,430
5534813,148,4137,425
5534814,165,4143,419
5534815,169,4149,417
5534816,170,4148,416
5534817,167,4142,421
5534818,169,4142,435
5534819,170,4145,450
5534820,173,4144,449
5534821,175,4145,435
5534822,166,4147,426
5534823,160,4142,430
5534824,161,4142,442
5534825,157,4147,445
5534826,158,4146,435
5534827,167,4138,428
5534828,166,4134,440
5534829,160,4137,456
5534830,160,4139,451
5534831,164,4138,426
5534832,166,4145,410
5534833,159,4157,417
5534834,149,4156,424
5534835,141,4149,424
5534836,139,4142,420
5534837,139,4137,421
5534838,136,4136,433
5534839,137,4136,452
5534840,136,4135,460
5534841,138,4132,460
5534842,142,4125,470
5534843,145,4116,475
5534844,139,4113,467
5534845,121,4119,458
5534846,111,4122,450
5534847,113,4122,452
5534848,114,4126,461
5534849,108,4123,467
5534850,106,4117,467
5534851,111,4119,461
5534852,114,4120,459
5534853,110,4123,453
5534854,118,4125,451
5534855,127,4125,451
5534856,125,4117,448
5534857,116,4115,439
5534858,114,4122,438
5534859,123,4131,440
5534860,137,4134,441
5534861,143,4130,451
5534862,141,4131,451
5534863,142,4132,439
5534864,146,4126,429
5534865,151,4125,431
5534866,155,4128,440
5534867,159,4130,449
5534868,169,4134,453
5534869,179,4133,457
5534870,187,4131,472
5534871,188,4128,492
5534872,186,4116,501
5534873,186,4111,504
5534874,183,4115,509
5534875,184,4123,514
5534876,191,4127,522
5534877,194,4125,528
5534878,194,4122,532
5534879,190,4121,546
5534880,186,4123,568
5534881,196,4124,578
5534882,208,4123,565
5534883,211,4127,557
5534884,216,4133,565
5534885,232,4141,575
5534886,246,4147,580
5534887,250,4149,570
5534888,243,4149,559
5534889,236,4144,556
5534890,239,4138,555
5534891,234,4141,547
5534892,205,4143,519
5534893,191,4141,518
5534894,185,4141,520
5534895,177,4139,516
5534896,167,4135,510
5534897,156,4132,508
5534898,144,4136,498
5534899,134,4144,476
5534900,127,4150,462
5534901,122,4152,460
5534902,116,4153,452
5534903,115,4155,438
5534904,118,4155,420
5534905,120,4154,405
5534906,123,4151,402
5534907,126,4143,402
5534908,126,4138,398
5534909,124,4135,392
5534910,122,4134,378
5534911,121,4135,358
5534912,119,4134,354
5534913,120,4131,359
5534914,119,4126,361
5534915,108,4131,363
5534916,98,4134,369
5534917,93,4124,388
5534918,86,4123,398
5534919,84,4129,388
5534920,88,4129,373
5534921,90,4126,363
5534922,90,4124,358
5534923,88,4125,352
5534924,87,4128,344
5534925,88,4129,333
5534926,93,4129,323
5534927,98,4130,326
5534928,93,4133,330
5534929,91,4137,334
5534930,92,4137,349
5534931,88,4135,368
5534932,86,4137,385
5534933,89,4131,419
5534934,91,4128,433
5534935,89,4124,439
5534936,92,4122,449
5534937,98,4120,471
5534938,111,4113,503
5534939,125,4111,522
5534940,135,4114,525
5534941,147,4116,536
5534942,160,4121,544
5534943,174,4128,541
5534944,182,4132,543
5534945,190,4136,549
5534946,198,4139,558
5534947,201,4140,566
5534948,208,4137,562
5534949,214,4136,553
5534950,213,4138,541
5534951,206,4141,519
5534952,198,4148,506
5534953,200,4152,510
5534954,204,4153,510
5534955,209,4150,503
5534956,206,4152,497
5534957,199,4156,483
5534958,198,4154,477
5534959,193,4149,482
5534960,185,4141,480
5534961,185,4139,468
5534962,191,4143,460
5534963,191,4142,458
5534964,183,4137,454
5534965,180,4133,462
5534966,175,4124,475
5534967,168,4116,492
5534968,163,4119,497
5534969,159,4132,490
5534970,154,4144,484
5534971,142,4148,471
5534972,138,4143,464
5534973,151,4137,445
5534974,158,4139,434
5534975,157,4143,426
5534976,154,4146,426
5534977,151,4150,428
5534978,149,4154,421
5534979,154,4151,407
5534980,161,4141,402
5534981,163,4132,401
5534982,163,4128,401
5534983,161,4129,402
5534984,159,4137,402
5534985,153,4142,409
5534986,147,4139,406
5534987,144,4136,397
5534988,147,4132,405
5534989,151,4131,407
5534990,157,4127,391
5534991,163,4129,382
5534992,161,4138,376
5534993,158,4141,370
5534994,156,4144,374
5534995,151,4143,393
5534996,148,4138,417
5534997,149,4143,442
5534998,150,4148,461
5534999,149,4145,472
5535000,147,4136,489
5535001,148,4131,497
5535002,155,4133,508
5535003,174,4138,529
5535004,197,4136,541
5535005,210,4125,540
5535006,217,4115,547
5535007,221,4113,553
5535008,219,4117,552
5535009,214,4121,562
5535010,219,4122,582
5535011,228,4121,583
5535012,242,4122,574
5535013,242,4120,583
5535014,238,4120,583
5535015,232,4122,579
5535016,227,4125,581
5535017,226,4128,584
5535018,229,4133,586
5535019,235,4133,573
5535020,236,4132,537
5535021,235,4134,525
5535022,237,4141,536
5535023,233,4146,533
5535024,222,4142,519
5535025,212,4136,506
5535026,206,4132,496
5535027,198,4134,485
5535028,193,4136,489
5535029,184,4138,499
5535030,171,4141,496
5535031,164,4145,486
5535032,162,4145,472
5535033,156,4136,466
5535034,145,4125,470
5535035,137,4119,466
5535036,134,4118,456
5535037,129,4126,455
5535038,117,4139,456
5535039,111,4145,447
5535040,108,4137,445
5535041,104,4128,447
5535042,102,4131,440
5535043,99,4131,439
5535044,99,4127,430
5535045,100,4129,405
5535046,103,4137,380
5535047,111,4146,367
5535048,113,4149,356
5535049,108,4149,346
5535050,101,4145,358
5535051,104,4148,361
5535052,101,4147,361
5535053,94,4146,356
5535054,89,4144,354
5535055,80,4141,355
5535056,72,4139,354
5535057,71,4136,349
5535058,70,4132,343
5535059,69,4138,342
5535060,72,4143,352
5535061,76,4139,363
5535062,76,4132,367
5535063,71,4125,375
5535064,64,4121,387
5535065,64,4119,394
5535066,70,4120,409
5535067,69,4124,428
5535068,69,4125,435
5535069,77,4123,432
5535070,85,4120,433
5535071,92,4118,432
5535072,97,4122,426
5535073,98,4135,412
5535074,96,4147,404
5535075,103,4150,406
5535076,121,4151,399
5535077,134,4153,377
5535078,140,4148,366
5535079,151,4145,370
5535080,162,4152,371
5535081,171,4157,380
5535082,180,4156,403
5535083,180,4145,421
5535084,175,4138,437
5535085,169,4139,455
5535086,162,4138,464
5535087,159,4129,473
5535088,158,4123,474
5535089,162,4132,483
5535090,154,4133,486
5535091,150,4132,482
5535092,146,4130,478
5535093,145,4126,472
5535094,143,4129,459
5535095,134,4135,445
5535096,128,4140,435
5535097,133,4144,423
5535098,139,4147,418
5535099,135,4149,414
5535100,128,4149,393
5535101,130,4147,381
5535102,131,4146,393
5535103,129,4146,396
5535104,129,4140,398
5535105,131,4128,397
5535106,128,4125,392
5535107,122,4130,398
5535108,117,4137,405
5535109,113,4137,416
5535110,109,4130,428
5535111,105,4130,434
5535112,96,4136,434
5535113,89,4141,428
5535114,84,4135,425
5535115,83,4120,432
5535116,90,4117,444
5535117,90,4123,461
5535118,88,4125,478
5535119,95,4125,487
5535120,108,4130,497
5535121,123,4135,499
5535122,132,4136,492
5535123,136,4136,497
5535124,147,4134,510
5535125,169,4134,506
5535126,191,4141,495
5535127,203,4144,489
5535128,204,4140,505
5535129,200,4142,513
5535130,193,4131,512
5535131,188,4120,510
5535132,179,4120,507
5535133,169,4126,501
5535134,162,4130,504
5535135,150,4129,516
5535136,133,4126,524
5535137,115,4127,513
5535138,103,4130,498
5535139,96,4130,487
5535140,88,4127,483
5535141,77,4134,487
5535142,68,4148,480
5535143,71,4158,458
5535144,76,4162,440
5535145,82,4160,443
5535146,98,4157,457
5535147,115,4152,453
5535148,124,4146,440
5535149,126,4145,436
5535150,130,4146,443
5535151,131,4142,456
5535152,126,4132,457
5535153,126,4124,457
5535154,129,4125,467
5535155,126,4134,479
5535156,137,4136,484
5535157,157,4139,478
5535158,170,4146,466
5535159,180,4151,455
5535160,172,4152,444
5535161,160,4148,432
5535162,168,4150,425
5535163,171,4159,416
5535164,176,4157,395
5535165,185,4143,376
5535166,181,4140,365
5535167,162,4158,359
5535168,158,4154,358
5535169,148,4155,361
5535170,131,4156,358
5535171,130,4152,352
5535172,142,4141,347
5535173,149,4127,354
5535174,151,4125,374
5535175,155,4132,384
5535176,162,4135,384
5535177,173,4121,381
5535178,185,4108,373
5535179,185,4115,376
5535180,181,4129,377
5535181,172,4127,367
5535182,161,4114,378
5535183,152,4113,398
5535184,143,4119,408
5535185,138,4121,410
5535186,131,4123,397
5535187,116,4125,379
5535188,103,4124,364
5535189,101,4126,346
5535190,95,4135,330
5535191,92,4139,319
5535192,94,4132,319
5535193,93,4129,321
5535194,94,4134,323
5535195,91,4148,324
5535196,85,4154,318
5535197,83,4151,316
5535198,82,4147,324
5535199,79,4140,346
5535200,85,4133,375
5535201,91,4131,396
5535202,97,4134,404
5535203,104,4132,410
5535204,106,4132,428
5535205,112,4140,452
5535206,116,4143,476
5535207,122,4148,484
5535208,127,4148,480
5535209,130,4147,478
5535210,140,4146,472
5535211,153,4146,460
5535212,164,4151,456
5535213,173,4155,448
5535214,184,4159,436
5535215,202,4165,431
5535216,215,4170,423
5535217,214,4177,407
5535218,205,4181,387
5535219,199,4179,374
5535220,200,4170,355
5535221,195,4165,334
5535222,173,4169,322
5535223,146,4173,318
5535224,128,4176,319
5535225,101,4172,329
5535226,68,4160,340
5535227,50,4151,351
5535228,36,4151,361
5535229,22,4159,356
5535230,7,4156,349
5535231,-7,4143,348
5535232,-23,4137,341
5535233,-37,4138,335
5535234,-42,4136,344
5535235,-48,4122,365
5535236,-49,4114,381
5535237,-48,4119,385
5535238,-50,4123,386
5535239,-42,4127,380
5535240,-25,4131,375
5535241,-24,4132,382
5535242,-28,4117,384
5535243,-5,4118,382
5535244,4,4120,384
5535245,9,4116,393
5535246,28,4112,409
5535247,49,4109,422
5535248,61,4107,425
5535249,65,4108,424
5535250,84,4106,436
5535251,111,4104,443
5535252,116,4110,444
5535253,113,4103,445
5535254,128,4091,450
5535255,157,4093,465
5535256,177,4103,481
5535257,188,4110,488
5535258,212,4112,485
5535259,234,4114,486
5535260,241,4115,490
5535261,244,4108,482
5535262,248,4098,473
5535263,250,4096,466
5535264,247,4100,451
5535265,234,4114,432
5535266,220,4126,415
5535267,211,4124,413
5535268,198,4123,409
5535269,179,4133,399
5535270,164,4144,396
5535271,167,4148,395
5535272,178,4153,392
5535273,182,4159,392
5535274,180,4155,405
5535275,177,4142,430
5535276,184,4134,442
5535277,194,4130,452
5535278,199,4125,470
5535279,201,4130,475
5535280,201,4133,475
5535281,200,4132,482
5535282,199,4135,498
5535283,211,4141,506
5535284,207,4138,488
5535285,195,4139,466
5535286,189,4145,449
5535287,181,4155,449
5535288,181,4158,451
5535289,195,4156,453
5535290,207,4153,459
5535291,218,4149,455
5535292,229,4145,444
5535293,232,4139,439
5535294,240,4135,449
5535295,248,4135,466
5535296,251,4137,473
5535297,250,4139,474
5535298,246,4143,480
5535299,243,4144,476
5535300,246,4134,458
5535301,246,4126,452
5535302,243,4127,468
5535303,235,4137,487
5535304,226,4145,493
5535305,222,4152,498
5535306,208,4158,506
5535307,188,4156,499
5535308,183,4148,484
5535309,191,4143,477
5535310,194,4137,475
5535311,198,4134,485
5535312,209,4132,497
5535313,212,4129,489
5535314,209,4129,495
5535315,206,4128,518
5535316,204,4121,525
5535317,199,4114,524
5535318,186,4110,522
5535319,174,4104,522
5535320,172,4098,522
5535321,153,4111,512
5535322,139,4117,503
5535323,126,4118,496
5535324,122,4123,490
5535325,126,4120,491
5535326,132,4111,480
5535327,138,4119,458
5535328,147,4137,436
5535329,157,4146,423
5535330,165,4143,428
5535331,169,4137,434
5535332,173,4133,434
5535333,176,4133,436
5535334,181,4136,444
5535335,193,4142,452
5535336,206,4146,457
5535337,210,4144,459
5535338,210,4137,459
5535339,216,4126,456
5535340,230,4128,449
5535341,245,4139,452
5535342,249,4144,465
5535343,239,4143,475
5535344,220,4140,470
5535345,216,4140,457
5535346,219,4149,462
5535347,216,4162,473
5535348,213,4165,473
5535349,211,4157,472
5535350,203,4152,473
5535351,198,4155,462
5535352,201,4157,436
5535353,197,4148,426
5535354,195,4141,432
5535355,198,4155,438
5535356,212,4181,427
5535357,245,4193,401
5535358,264,4190,393
5535359,262,4170,406
5535360,270,4168,407
5535361,275,4163,397
5535362,271,4156,402
5535363,257,4155,438
5535364,239,4158,468
5535365,222,4159,469
5535366,209,4156,454
5535367,195,4155,441
5535368,176,4153,438
5535369,160,4156,447
5535370,151,4165,456
5535371,145,4169,448
5535372,137,4160,431
5535373,128,4151,415
5535374,115,4148,408
5535375,96,4145,406
5535376,88,4138,393
5535377,88,4129,379
5535378,92,4122,381
5535379,94,4129,393
5535380,88,4151,402
5535381,85,4155,406
5535382,89,4141,393
5535383,91,4132,377
5535384,90,4130,372
5535385,91,4135,373
5535386,94,4135,376
5535387,90,4129,384
5535388,78,4128,398
5535389,68,4130,405
5535390,63,4128,402
5535391,51,4124,405
5535392,34,4120,415
5535393,29,4113,415
5535394,35,4107,417
5535395,42,4103,429
5535396,44,4101,431
5535397,50,4103,433
5535398,52,4099,445
5535399,53,4098,460
5535400,68,4100,471
5535401,88,4100,474
5535402,96,4101,479
5535403,104,4100,480
5535404,114,4094,467
5535405,119,4090,461
5535406,113,4099,462
5535407,102,4111,465
5535408,94,4108,468
5535409,86,4098,458
5535410,86,4097,441
5535411,99,4094,442
5535412,108,4092,454
5535413,109,4094,458
5535414,112,4097,469
5535415,115,4099,473
5535416,115,4105,470
5535417,105,4112,469
5535418,90,4119,464
5535419,79,4126,458
5535420,76,4124,445
5535421,74,4127,426
5535422,63,4141,412
5535423,51,4147,410
5535424,47,4140,410
5535425,47,4131,401
5535426,39,4133,393
5535427,23,4134,401
5535428,8,4139,409
5535429,-3,4156,401
5535430,-8,4168,387
5535431,-8,4162,373
5535432,-20,4148,369
5535433,-37,4142,377
5535434,-56,4169,375
5535435,-64,4174,373
5535436,-69,4175,380
5535437,-71,4169,392
5535438,-75,4169,392
5535439,-70,4175,388
5535440,-57,4176,386
5535441,-51,4171,387
5535442,-38,4164,390
5535443,-27,4157,400
5535444,-22,4159,406
5535445,-20,4171,412
5535446,-16,4174,419
5535447,-6,4172,411
5535448,1,4169,406
5535449,-1,4166,410
5535450,3,4162,419
5535451,16,4156,424
5535452,28,4153,436
5535453,38,4155,447
5535454,41,4158,443
5535455,49,4149,430
5535456,67,4139,420
5535457,84,4137,412
5535458,94,4144,403
5535459,94,4146,405
5535460,92,4143,401
5535461,96,4146,388
5535462,103,4152,389
5535463,112,4145,396
5535464,125,4134,387
5535465,137,4137,377
5535466,140,4142,377
5535467,140,4135,381
5535468,152,4107,404
5535469,158,4102,407
5535470,167,4114,417
5535471,178,4125,438
5535472,177,4125,460
5535473,171,4118,466
5535474,165,4116,471
5535475,162,4118,487
5535476,158,4117,494
5535477,149,4118,495
5535478,141,4122,491
5535479,132,4124,480
5535480,128,4129,470
5535481,129,4131,467
5535482,134,4127,467
5535483,143,4132,469
5535484,151,4141,471
5535485,155,4143,473
5535486,162,4136,471
5535487,173,4131,464
5535488,169,4134,454
5535489,163,4135,449
5535490,168,4135,449
5535491,172,4129,442
5535492,180,4119,439
5535493,200,4111,445
5535494,210,4110,450
5535495,197,4120,448
5535496,190,4138,447
5535497,188,4139,455
5535498,176,4122,451
5535499,157,4108,438
5535500,143,4107,425
5535501,136,4117,409
5535502,135,4126,401
5535503,144,4129,404
5535504,145,4125,401
5535505,133,4126,394
5535506,116,4120,399
5535507,99,4118,409
5535508,84,4152,422
5535509,83,4153,416
5535510,82,4149,400
5535511,85,4143,380
5535512,74,4147,367
5535513,53,4161,364
5535514,43,4170,368
5535515,38,4169,376
5535516,37,4165,387
5535517,37,4162,399
5535518,35,4165,404
5535519,27,4174,397
5535520,15,4180,399
5535521,5,4186,412
5535522,0,4194,413
5535523,-1,4199,418
5535524,3,4197,427
5535525,12,4184,441
5535526,20,4174,467
5535527,26,4169,497
5535528,33,4170,536
5535529,49,4175,569
5535530,76,4166,592
5535531,98,4153,605
5535532,104,4149,616
5535533,104,4150,630
5535534,100,4151,627
5535535,90,4151,611
5535536,89,4149,599
5535537,94,4144,587
5535538,105,4152,573
5535539,116,4160,549
5535540,116,4156,516
5535541,111,4153,487
5535542,112,4158,469
5535543,116,4161,465
5535544,113,4160,457
5535545,104,4159,446
5535546,96,4158,434
5535547,109,4161,413
5535548,116,4161,414
5535549,118,4157,419
5535550,111,4151,423
5535551,106,4149,438
5535552,115,4144,459
5535553,128,4135,476
5535554,135,4132,487
5535555,137,4132,496
5535556,138,4133,500
5535557,142,4137,494
5535558,149,4145,490
5535559,156,4153,490
5535560,160,4156,482
5535561,168,4147,473
5535562,181,4136,459
5535563,184,4129,436
5535564,191,4125,424
5535565,199,4126,437
5535566,193,4129,462
5535567,187,4135,476
5535568,179,4134,473
5535569,172,4124,465
5535570,173,4120,465
5535571,175,4121,466
5535572,169,4126,456
5535573,166,4124,438
5535574,165,4121,427
5535575,159,4124,419
5535576,160,4116,411
5535577,165,4107,409
5535578,165,4103,409
5535579,164,4112,407
5535580,164,4127,413
5535581,164,4129,421
5535582,168,4126,422
5535583,175,4126,418
5535584,176,4125,418
5535585,162,4124,421
5535586,147,4124,448
5535587,136,4121,451
5535588,130,4117,453
5535589,129,4118,455
5535590,134,4115,453
5535591,145,4114,450
5535592,155,4119,452
5535593,162,4116,455
5535594,166,4111,450
5535595,169,4114,443
5535596,172,4118,441
5535597,173,4122,451
5535598,175,4124,460
5535599,174,4126,459
5535600,174,4131,464
5535601,171,4130,465
5535602,158,4127,469
5535603,156,4126,478
5535604,163,4125,480
5535605,166,4130,481
5535606,164,4135,482
5535607,155,4132,478
5535608,150,4128,474
5535609,156,4124,474
5535610,153,4121,468
5535611,136,4125,463
5535612,122,4133,462
5535613,115,4135,464
5535614,112,4128,455
5535615,113,4121,434
5535616,108,4121,426
5535617,101,4127,434
5535618,100,4127,446
5535619,100,4128,449
5535620,96,4135,444
5535621,88,4138,437
5535622,82,4139,439
5535623,86,4139,447
5535624,94,4136,457
5535625,103,4131,485
5535626,105,4140,488
5535627,105,4141,479
5535628,99,4140,472
5535629,98,4137,465
5535630,106,4130,446
5535631,108,4128,430
5535632,101,4130,420
5535633,91,4132,429
5535634,84,4133,448
5535635,80,4140,461
5535636,76,4150,466
5535637,73,4156,460
5535638,74,4157,448
5535639,73,4154,440
5535640,63,4153,442
5535641,56,4151,440
5535642,55,4148,427
5535643,50,4152,425
5535644,49,4166,427
5535645,59,4175,425
5535646,62,4174,417
5535647,53,4171,403
5535648,47,4166,394
5535649,37,4155,399
5535650,27,4149,415
5535651,25,4152,427
5535652,26,4149,433
5535653,32,4146,443
5535654,45,4145,448
5535655,61,4140,448
5535656,72,4128,461
5535657,84,4123,476
5535658,101,4128,486
5535659,115,4132,503
5535660,123,4135,504
5535661,127,4140,515
5535662,124,4136,509
5535663,129,4129,501
5535664,134,4127,505
5535665,127,4136,505
5535666,122,4145,501
5535667,128,4140,504
5535668,128,4135,495
5535669,123,4139,484
5535670,123,4143,489
5535671,119,4142,488
5535672,112,4140,476
5535673,110,4134,461
5535674,110,4122,448
5535675,111,4113,443
5535676,104,4125,455
5535677,87,4144,460
5535678,70,4150,443
5535679,70,4148,434
5535680,75,4147,429
5535681,73,4151,415
5535682,71,4157,410
5535683,72,4164,402
5535684,74,4166,388
5535685,72,4162,383
5535686,70,4163,375
5535687,68,4167,361
5535688,58,4158,355
5535689,49,4145,358
5535690,46,4146,355
5535691,45,4143,341
5535692,41,4131,337
5535693,42,4127,340
5535694,55,4126,341
5535695,69,4123,344
5535696,72,4127,339
5535697,69,4130,332
5535698,72,4122,339
5535699,74,4112,344
5535700,74,4102,346
5535701,76,4102,348
5535702,85,4109,357
5535703,101,4117,372
5535704,116,4114,383
5535705,129,4110,382
5535706,139,4111,389
5535707,150,4112,405
5535708,167,4107,408
5535709,189,4109,414
5535710,203,4115,427
5535711,223,4114,436
5535712,248,4117,443
5535713,262,4117,456
5535714,274,4103,477
5535715,290,4088,495
5535716,297,4087,510
5535717,307,4092,518
5535718,316,4093,523
5535719,320,4085,533
5535720,321,4090,530
5535721,316,4110,522
5535722,308,4120,517
5535723,301,4118,510
5535724,302,4117,508
5535725,305,4114,504
5535726,300,4114,506
5535727,293,4120,519
5535728,287,4123,527
5535729,268,4121,537
5535730,242,4120,545
5535731,219,4130,545
5535732,200,4135,543
5535733,181,4132,541
5535734,166,4127,539
5535735,157,4124,535
5535736,141,4132,528
5535737,119,4140,518
5535738,93,4136,505
5535739,67,4134,494
5535740,43,4146,497
5535741,-9,4160,479
5535742,-24,4162,464
5535743,-32,4161,459
5535744,-42,4160,456
5535745,-49,4157,449
5535747,-41,4153,443
5535748,-34,4147,440
5535749,-36,4143,444
5535750,-31,4148,448
5535751,-31,4148,435
5535752,-40,4138,426
5535753,-44,4135,420
5535754,-47,4137,415
5535755,-51,4139,414
5535756,-46,4145,405
5535757,-34,4146,405
5535758,-23,4142,408
5535759,-19,4140,400
5535760,-19,4145,386
5535761,-19,4143,377
5535762,-11,4138,370
5535763,7,4136,368
5535764,23,4136,384
5535765,40,4140,396
5535766,62,4141,392
5535767,79,4136,393
5535768,87,4125,398
5535769,95,4116,412
5535770,112,4116,437
5535771,122,4129,446
5535772,138,4133,445
5535773,153,4128,443
5535774,163,4126,450
5535775,165,4127,462
5535776,170,4128,475
5535777,181,4124,485
5535778,194,4119,480
5535779,213,4114,474
5535780,234,4113,479
5535781,250,4121,483
5535782,255,4122,485
5535783,257,4117,484
5535784,257,4117,479
5535785,258,4125,473
5535786,262,4135,475
5535787,259,4141,482
5535788,257,4138,495
5535789,255,4125,506
5535790,251,4120,501
5535791,246,4123,493
5535792,248,4129,500
5535793,258,4129,501
5535794,260,4122,492
5535795,259,4117,488
5535796,265,4104,504
5535797,271,4092,519
5535798,271,4095,523
5535799,264,4104,535
5535800,263,4100,548
5535801,264,4093,545
5535802,258,4088,545
5535803,252,4079,559
5535804,252,4077,563
5535805,248,4083,568
5535806,241,4086,575
5535807,228,4087,574
5535808,211,4101,569
5535809,194,4114,572
5535810,182,4116,577
5535811,170,4127,576
5535812,151,4144,544
5535813,144,4144,533
5535814,145,4151,525
5535815,144,4154,523
5535816,141,4151,522
5535817,129,4145,511
5535818,120,4137,506
5535819,112,4134,511
5535820,95,4138,511
5535821,71,4143,507
5535822,47,4148,499
5535823,27,4147,493
5535824,12,4138,492
5535825,-7,4133,490
5535826,-24,4137,489
5535827,-26,4145,489
5535828,-22,4151,481
5535829,-27,4150,469
5535830,-30,4153,457
5535831,-18,4153,442
5535832,-4,4150,426
5535833,8,4149,420
5535834,22,4144,421
5535835,35,4139,416
5535836,48,4139,409
5535837,65,4138,411
5535838,86,4136,417
5535839,104,4135,424
5535840,120,4135,433
5535841,138,4135,448
5535842,156,4140,472
5535843,172,4145,496
5535844,183,4143,515
5535845,201,4136,529
5535846,227,4127,537
5535847,263,4120,534
5535848,273,4121,549
5535849,285,4124,565
5535850,298,4125,573
5535851,305,4119,571
5535852,317,4112,563
5535853,328,4106,547
5535854,341,4096,529
5535855,347,4095,525
5535856,340,4100,532
5535857,332,4100,540
5535858,318,4104,550
5535859,302,4113,547
5535860,282,4118,522
5535861,265,4118,503
5535862,254,4115,506
5535863,238,4108,514
5535864,228,4100,504
5535865,222,4100,492
5535866,207,4102,496
5535867,192,4101,509
5535868,174,4104,506
5535869,158,4110,486
5535870,152,4112,470
5535871,149,4111,463
5535872,146,4113,460
5535873,140,4119,463
5535874,139,4122,462
5535875,139,4125,458
5535876,142,4132,455
5535877,142,4135,452
5535878,140,4126,457
5535879,140,4115,464
5535880,142,4115,463
5535881,144,4122,458
5535882,144,4117,457
5535883,144,4115,447
5535884,148,4128,438
5535885,153,4133,436
5535886,154,4127,435
5535887,160,4136,415
5535888,164,4133,405
5535889,168,4133,409
5535890,175,4132,414
5535891,178,4141,419
5535892,181,4154,424
5535893,184,4160,431
5535894,184,4150,434
5535895,186,4134,437
5535896,180,4134,451
5535897,164,4140,471
5535898,150,4142,486
5535899,147,4139,488
5535900,144,4127,484
5535901,140,4123,488
5535902,133,4131,491
5535903,130,4134,492
5535904,145,4127,499
5535905,156,4120,510
5535906,157,4123,515
5535907,156,4130,510
5535908,155,4136,508
5535909,153,4143,510
5535910,148,4147,508
5535911,148,4151,506
5535912,147,4150,499
5535913,139,4146,488
5535914,124,4146,487
5535915,109,4141,477
5535916,95,4134,465
5535917,93,4126,468
5535918,95,4127,474
5535919,90,4134,474
5535920,92,4140,472
5535921,101,4139,470
5535922,102,4139,467
5535923,95,4144,463
5535924,95,4144,464
5535925,115,4148,492
5535926,121,4150,509
5535927,130,4135,507
5535928,143,4115,498
5535929,144,4115,507
5535930,146,4122,525
5535931,155,4132,529
5535932,161,4143,520
5535933,168,4148,519
5535934,173,4147,520
5535935,181,4147,507
5535936,196,4150,492
5535937,207,4146,495
5535938,209,4146,497
5535939,209,4162,488
5535940,211,4177,483
5535941,201,4173,480
5535942,169,4169,479
5535943,136,4177,475
5535944,113,4175,454
5535945,99,4159,432
5535946,88,4158,424
5535947,78,4168,415
5535948,70,4175,399
5535949,60,4179,388
5535950,48,4182,384
5535951,35,4186,381
5535952,27,4180,382
5535953,26,4166,380
5535954,29,4157,385
5535955,32,4156,387
5535956,35,4160,377
5535957,35,4162,382
5535958,32,4162,386
5535959,26,4168,375
5535960,15,4172,367
5535961,-3,4171,365
5535962,-21,4169,363
5535963,-29,4159,374
5535964,-28,4155,372
5535965,-31,4154,368
5535966,-25,4155,367
5535967,-17,4157,373
5535968,-14,4158,386
5535969,-12,4163,399
5535970,-10,4165,406
5535971,-6,4160,414
5535972,7,4157,426
5535973,20,4151,435
5535974,25,4142,437
5535975,36,4134,437
5535976,54,4127,440
5535977,68,4122,446
5535978,77,4122,453
5535979,85,4122,455
5535980,99,4120,460
5535981,108,4122,461
5535982,118,4130,457
5535983,125,4129,464
5535984,125,4119,474
5535985,126,4117,480
5535986,138,4118,484
5535987,156,4118,487
5535988,168,4114,492
5535989,171,4109,492
5535990,170,4109,485
5535991,178,4116,469
5535992,191,4124,462
5535993,199,4120,478
5535994,199,4112,488
5535995,192,4110,485
5535996,192,4110,482
5535997,193,4107,481
5535998,186,4106,479
5535999,183,4108,476
5536000,189,4114,475
5536001,192,4128,476
5536002,186,4125,483
5536003,187,4124,489
5536004,189,4125,496
5536005,187,4118,496
5536006,182,4115,503
5536007,171,4119,507
5536008,161,4125,505
5536009,156,4128,503
5536010,153,4126,501
5536011,148,4127,498
5536012,137,4133,494
5536013,122,4144,503
5536014,109,4151,506
5536015,103,4148,486
5536016,94,4143,478
5536017,86,4142,485
5536018,84,4148,475
5536019,86,4154,461
5536020,91,4148,468
5536021,96,4141,472
5536022,94,4140,465
5536023,88,4140,461
5536024,87,4141,456
5536025,84,4144,443
5536026,79,4141,426
5536027,75,4141,414
5536028,71,4140,413
5536029,69,4136,417
5536030,71,4135,412
5536031,66,4132,406
5536032,62,4127,403
5536033,68,4129,404
5536034,73,4136,410
5536035,70,4144,414
5536036,69,4148,417
5536037,70,4146,412
5536038,69,4147,405
5536039,74,4144,404
5536040,71,4141,401
5536041,75,4139,397
5536042,78,4137,390
5536043,78,4133,384
5536044,87,4132,386
5536045,100,4130,393
5536046,102,4133,402
5536047,102,4135,413
5536048,106,4137,427
5536049,105,4138,436
5536050,103,4139,438
5536051,102,4138,436
5536052,109,4131,432
5536053,121,4124,437
5536054,125,4124,441
5536055,129,4129,447
5536056,137,4127,463
5536057,140,4126,473
5536058,138,4133,480
5536059,130,4141,480
5536060,121,4141,472
5536061,112,4140,464
5536062,102,4138,446
5536063,100,4134,436
5536064,101,4135,432
5536065,98,4141,426
5536066,99,4144,427
5536067,103,4148,432
5536068,103,4149,438
5536069,99,4146,441
5536070,100,4147,436
5536071,102,4148,421
5536072,99,4149,413
5536073,105,4148,422
5536074,116,4141,437
5536075,119,4135,449
5536076,114,4129,444
5536077,118,4123,430
5536078,150,4118,433
5536079,168,4122,446
5536080,179,4132,452
5536081,185,4134,444
5536082,190,4132,440
5536083,196,4127,453
5536084,194,4127,468
5536085,187,4137,487
5536086,182,4140,510
5536087,169,4139,511
5536088,158,4138,509
5536089,152,4132,515
5536090,154,4129,505
5536091,161,4127,495
5536092,161,4125,491
5536093,163,4124,482
5536094,164,4125,479
5536095,157,4136,475
5536096,148,4145,468
5536097,138,4146,458
5536098,130,4145,450
5536099,118,4146,450
5536100,100,4148,443
5536101,89,4152,426
5536102,88,4151,415
5536103,87,4147,406
5536104,83,4138,411
5536105,81,4131,424
5536106,85,4134,432
5536107,99,4139,440
5536108,123,4140,442
5536109,136,4139,444
5536110,140,4135,455
5536111,150,4133,460
5536112,154,4129,471
5536113,154,4124,497
5536114,152,4125,511
5536115,150,4124,510
5536116,149,4120,506
5536117,155,4118,502
5536118,162,4121,491
5536119,160,4126,471
5536120,156,4127,456
5536121,156,4129,447
5536122,153,4132,443
5536123,145,4128,447
5536124,143,4130,461
5536125,137,4140,471
5536126,122,4145,469
5536127,110,4147,467
5536128,106,4146,472
5536129,97,4140,487
5536130,88,4135,492
5536131,88,4135,480
5536132,94,4136,479
5536133,102,4134,489
5536134,99,4130,496
5536135,95,4125,496
5536136,99,4124,495
5536137,106,4123,496
5536138,113,4121,492
5536139,119,4116,492
5536140,124,4115,492
5536141,127,4117,487
5536142,128,4117,483
5536143,124,4120,475
5536144,125,4124,469
5536145,138,4123,467
5536146,149,4127,472
5536147,146,4127,487
5536148,138,4125,498
5536149,140,4131,496
5536150,141,4132,493
5536151,132,4125,500
5536152,128,4122,503
5536153,127,4126,495
5536154,124,4133,486
5536155,101,4135,473
5536156,103,4129,459
5536157,101,4126,453
5536158,93,4127,442
5536159,89,4129,427
5536160,96,4123,419
5536161,103,4124,416
5536162,99,4134,424
5536163,97,4133,431
5536164,94,4127,419
5536165,95,4128,406
5536166,104,4135,413
5536167,109,4133,423
5536168,109,4132,427
5536169,113,4135,432
5536170,117,4141,432
5536171,122,4145,428
5536172,132,4145,422
5536173,139,4146,422
5536174,148,4144,443
5536175,155,4139,462
5536176,161,4139,470
5536177,166,4145,477
5536178,163,4151,478
5536179,158,4151,481
5536180,154,4143,487
5536181,148,4136,489
5536182,139,4134,491
5536183,133,4134,490
5536184,130,4139,485
5536185,139,4142,469
5536186,152,4137,448
5536187,150,4136,443
5536188,144,4141,446
5536189,133,4146,442
5536190,115,4150,434
5536191,105,4160,433
5536192,98,4165,436
5536193,92,4159,435
5536194,83,4140,433
5536195,75,4147,456
5536196,75,4148,459
5536197,91,4142,453
5536198,97,4142,446
5536199,92,4147,435
5536200,92,4143,438
5536201,101,4135,440
5536202,110,4134,443
5536203,113,4136,443
5536204,116,4137,427
5536205,120,4136,418
5536206,124,4134,430
5536207,122,4133,443
5536208,119,4132,442
5536209,124,4132,437
5536210,126,4128,434
5536211,122,4123,431
5536212,117,4120,436
5536213,115,4117,445
5536214,115,4116,438
5536215,116,4115,421
5536216,126,4115,409
5536217,135,4118,401
5536218,133,4120,404
5536219,129,4120,418
5536220,132,4121,419
5536221,134,4123,411
5536222,134,4121,425
5536223,129,4119,451
5536224,126,4124,462
5536225,123,4130,465
5536226,116,4131,470
5536227,112,4126,475
5536228,105,4119,485
5536229,87,4116,490
5536230,81,4122,487
5536231,92,4130,483
5536232,104,4130,474
5536233,107,4126,433
5536234,106,4127,435
5536235,104,4132,448
5536236,108,4138,456
5536237,115,4138,461
5536238,128,4137,459
5536239,138,4139,452
5536240,145,4143,448
5536241,150,4141,451
5536242,152,4135,452
5536243,157,4129,458
5536244,166,4126,467
5536245,170,4133,477
5536246,172,4141,490
5536247,173,4144,495
5536248,164,4140,494
5536249,161,4140,496
5536250,162,4143,497
5536251,157,4144,490
5536252,152,4147,479
5536253,145,4143,479
5536254,136,4132,489
5536255,132,4126,496
5536256,136,4135,493
5536257,142,4144,481
5536258,142,4138,463
5536259,133,4132,454
5536260,118,4139,459
5536261,100,4145,459
5536262,90,4143,455
5536263,93,4146,461
5536264,102,4146,470
5536265,104,4140,466
5536266,99,4136,455
5536267,95,4136,454
5536268,102,4142,463
5536269,118,4145,469
5536270,131,4141,475
5536271,130,4142,497
5536272,136,4144,507
5536273,149,4142,498
5536274,158,4140,490
5536275,161,4140,493
5536276,154,4135,496
5536277,144,4136,498
5536278,145,4141,494
5536279,147,4142,480
5536280,143,4146,456
5536281,140,4146,442
5536282,140,4143,449
5536283,137,4145,462
5536284,133,4147,458
5536285,123,4148,444
5536286,110,4149,435
5536287,101,4147,434
5536288,92,4146,444
5536289,84,4147,453
5536290,80,4151,449
5536291,74,4151,442
5536292,76,4145,447
5536293,82,4133,463
5536294,85,4121,477
5536295,87,4118,488
5536296,97,4126,491
5536297,110,4133,493
5536298,116,4135,488
5536299,117,4141,476
5536300,115,4144,469
5536301,121,4152,459
5536302,126,4157,444
5536303,130,4153,434
5536304,135,4149,427
5536305,134,4147,428
5536306,130,4146,425
5536307,135,4139,427
5536308,143,4130,432
5536309,153,4134,429
5536310,163,4147,433
5536311,166,4156,426
5536312,160,4155,427
5536313,156,4141,431
5536314,160,4131,425
5536315,158,4130,420
5536316,152,4128,421
5536317,153,4120,426
5536318,165,4117,433
5536319,180,4117,439
5536320,186,4112,454
5536321,187,4119,472
5536322,192,4122,482
5536323,196,4112,492
5536324,198,4113,504
5536325,195,4117,507
5536326,194,4115,497
5536327,199,4111,478
5536328,204,4110,460
5536329,214,4118,452
5536330,222,4125,458
5536331,224,4122,463
5536332,229,4118,458
5536333,233,4125,459
5536334,228,4129,469
5536335,223,4128,469
5536336,220,4128,474
5536337,211,4126,476
5536338,200,4124,473
5536339,187,4121,479
5536340,176,4116,483
5536341,172,4119,474
5536342,171,4120,459
5536343,166,4125,453
5536344,155,4134,464
5536345,142,4135,474
5536346,134,4146,481
5536347,135,4160,485
5536348,130,4156,482
5536349,99,4144,478
5536350,91,4143,488
5536351,83,4147,489
5536352,75,4148,480
5536353,67,4146,472
5536354,61,4150,473
5536355,58,4160,484
5536356,60,4165,494
5536357,71,4165,506
5536358,81,4165,516
5536359,85,4167,511
5536360,87,4163,507
5536361,78,4152,507
5536362,62,4150,498
5536363,52,4152,487
5536364,48,4153,479
5536365,44,4153,468
5536366,28,4157,449
5536367,14,4164,433
5536368,10,4161,422
5536369,8,4159,419
5536370,0,4159,422
5536371,-8,4164,418
5536372,-11,4173,411
5536373,-18,4181,403
5536374,-25,4187,394
5536375,-26,4182,394
5536376,-29,4173,396
5536377,-37,4172,385
5536378,-48,4172,379
5536379,-51,4167,380
5536380,-43,4162,387
5536381,-28,4154,394
5536382,-14,4143,395
5536383,2,4146,407
5536384,16,4144,395
5536385,32,4144,374
5536386,46,4148,372
5536387,65,4145,384
5536388,82,4140,389
5536389,95,4138,384
5536390,108,4144,379
5536391,122,4149,375
5536392,131,4145,377
5536393,124,4142,384
5536394,111,4146,391
5536395,109,4151,397
5536396,113,4150,406
5536397,113,4144,410
5536398,115,4141,412
5536399,116,4138,421
5536400,110,4136,423
5536401,109,4132,410
5536402,112,4132,398
5536403,114,4138,392
5536404,125,4134,390
5536405,136,4125,389
5536406,141,4116,397
5536407,146,4113,417
5536408,141,4113,428
5536409,137,4112,441
5536410,136,4115,455
5536411,140,4125,453
5536412,152,4128,441
5536413,165,4123,433
5536414,175,4119,423
5536415,183,4113,425
5536416,194,4108,435
5536417,204,4104,437
5536418,208,4099,439
5536419,213,4092,446
5536420,223,4086,463
5536421,221,4099,494
5536422,220,4108,493
5536423,220,4112,505
5536424,221,4124,524
5536425,233,4133,536
5536426,237,4130,551
5536427,226,4127,562
5536428,219,4121,566
5536429,212,4115,583
5536430,206,4110,602
5536431,203,4102,613
5536432,202,4098,615
5536433,202,4101,610
5536434,198,4099,612
5536435,195,4100,617
5536436,196,4101,601
5536437,202,4097,585
5536438,209,4097,581
5536439,214,4099,578
5536440,215,4097,573
5536441,216,4094,554
5536442,220,4095,533
5536443,217,4096,528
5536444,201,4091,521
5536445,189,4096,500
5536446,184,4109,483
5536447,174,4112,479
5536448,168,4112,476
5536449,170,4117,460
5536450,167,4123,443
5536451,156,4130,436
5536452,145,4140,442
5536453,135,4147,455
5536454,128,4145,463
5536455,133,4131,464
5536456,143,4123,463
5536457,145,4125,467
5536458,145,4124,473
5536459,143,4121,468
5536460,131,4122,475
5536461,117,4123,471
5536462,98,4136,459
5536463,83,4148,451
5536464,70,4152,442
5536465,57,4154,430
5536466,51,4154,423
5536467,50,4152,419
5536468,52,4147,417
5536469,49,4142,419
5536470,47,4142,421
5536471,47,4148,417
5536472,42,4144,412
5536473,40,4132,408
5536474,44,4130,402
5536475,47,4128,403
5536476,51,4123,398
5536477,61,4122,392
5536478,71,4122,394
5536479,76,4121,391
5536480,78,4124,398
5536481,81,4127,411
5536482,86,4131,406
5536483,92,4135,394
5536484,93,4141,396
5536485,93,4142,398
5536486,97,4143,393
5536487,96,4140,388
5536488,91,4133,395
5536489,83,4132,413
5536490,79,4139,429
5536491,85,4145,443
5536492,94,4139,445
5536493,101,4132,440
5536494,111,4130,437
5536495,122,4123,432
5536496,133,4118,426
5536497,139,4125,423
5536498,161,4141,434
5536499,171,4146,444
5536500,171,4149,439
5536501,166,4148,433
5536502,170,4148,433
5536503,172,4153,425
5536504,176,4156,425
5536505,180,4149,427
5536506,179,4135,427
5536507,184,4130,432
5536508,193,4130,438
5536509,198,4133,438
5536510,196,4133,433
5536511,199,4127,437
5536512,200,4130,453
5536513,200,4133,472
5536514,202,4126,474
5536515,201,4118,462
5536516,206,4120,458
5536517,213,4121,457
5536518,216,4118,460
5536519,225,4119,464
5536520,235,4119,461
5536521,239,4115,463
5536522,246,4113,468
5536523,247,4117,468
5536524,232,4126,457
5536525,206,4135,449
5536526,191,4129,447
5536527,194,4105,445
5536528,193,4093,457
5536529,195,4088,472
5536530,204,4085,480
5536531,203,4089,491
5536532,189,4093,499
5536533,172,4096,507
5536534,161,4093,529
5536535,158,4083,556
5536536,160,4079,565
5536537,174,4090,545
5536538,181,4088,547
5536539,193,4087,548
5536540,203,4094,536
5536541,196,4098,524
5536542,183,4106,526
5536543,171,4119,534
5536544,162,4127,538
5536545,163,4133,534
5536546,174,4133,531
5536547,191,4124,528
5536548,211,4116,519
5536549,228,4111,509
5536550,238,4110,494
5536551,245,4115,478
5536552,251,4115,464
5536553,258,4114,455
5536554,253,4116,451
5536555,241,4120,435
5536556,230,4127,410
5536557,219,4128,399
5536558,203,4133,394
5536559,166,4151,382
5536560,127,4162,371
5536561,97,4165,361
5536562,70,4170,347
5536563,52,4170,335
5536564,44,4171,325
5536565,39,4177,313
5536566,33,4186,307
5536567,30,4189,307
5536568,29,4187,312
5536569,20,4190,311
5536570,1,4186,306
5536571,-17,4174,292
5536572,-34,4167,285
5536573,-53,4158,303
5536574,-59,4141,362
5536575,-68,4141,388
5536576,-76,4146,414
5536578,-73,4152,427
5536579,-68,4157,425
5536580,-60,4159,418
5536581,-46,4159,411
5536582,-28,4158,415
5536583,-6,4154,420
5536584,23,4148,417
5536585,54,4141,428
5536586,79,4134,444
5536587,105,4133,454
5536588,136,4137,465
5536589,156,4140,478
5536590,164,4137,482
5536591,178,4135,474
5536592,187,4135,473
5536593,178,4128,489
5536593,157,4116,509
5536594,148,4111,528
5536595,150,4112,538
5536596,159,4122,543
5536597,165,4136,544
5536598,164,4138,533
5536599,167,4132,531
5536600,165,4133,533
5536601,158,4131,521
5536602,160,4128,516
5536603,169,4127,518
5536604,182,4126,502
5536605,189,4131,486
5536606,192,4138,485
5536607,193,4138,488
5536608,192,4142,494
5536609,192,4142,494
5536610,188,4133,490
5536611,177,4135,486
5536612,169,4144,466
5536613,165,4148,443
5536614,155,4157,423
5536615,143,4159,420
5536616,129,4155,430
5536617,119,4151,440
5536618,116,4147,432
5536620,108,4146,425
5536621,103,4148,425
5536622,101,4145,429
5536623,95,4139,436
5536624,91,4137,429
5536625,93,4136,441
5536626,93,4135,467
5536627,85,4135,476
5536628,75,4136,495
5536629,73,4133,512
5536630,80,4134,510
5536631,92,4141,500
5536632,114,4140,486
5536633,144,4133,474
5536634,165,4126,468
5536635,169,4127,471
5536636,173,4135,479
5536637,187,4134,480
5536638,201,4127,473
5536639,209,4126,467
5536640,225,4126,467
5536641,240,4122,470
5536642,241,4125,470
5536643,243,4130,470
5536644,245,4132,471
5536645,242,4127,474
5536646,230,4123,492
5536647,208,4131,503
5536648,190,4132,505
5536649,175,4128,514
5536650,163,4128,517
5536651,154,4127,513
5536652,132,4122,513
5536653,118,4127,513
5536654,103,4130,503
5536655,97,4129,490
5536656,105,4123,480
5536657,113,4120,476
5536658,120,4119,476
5536659,129,4124,475
5536660,139,4130,475
5536661,146,4132,486
5536662,150,4134,495
5536663,157,4132,496
5536664,170,4130,498
5536665,187,4126,499
5536666,195,4127,498
5536667,201,4139,490
5536668,208,4140,483
5536669,208,4131,482
5536670,209,4122,494
5536671,219,4115,501
5536672,230,4120,488
5536673,234,4134,484
5536674,228,4141,488
5536675,222,4140,489
5536676,223,4138,503
5536677,225,4140,509
5536678,218,4142,502
5536679,207,4143,496
5536680,199,4138,491
5536681,194,4129,481
5536682,191,4129,465
5536683,185,4135,450
5536684,170,4139,444
5536685,152,4139,446
5536686,140,4136,443
5536687,132,4135,424
5536688,118,4138,403
5536689,107,4147,397
5536690,97,4150,401
5536691,82,4141,394
5536692,70,4134,403
5536693,64,4134,421
5536694,63,4141,433
5536695,63,4144,433
5536696,70,4139,430
5536697,81,4135,439
5536698,86,4134,447
5536699,83,4138,445
5536700,81,4142,446
5536701,88,4146,449
5536702,101,4141,442
5536703,109,4131,437
5536704,114,4126,434
5536705,118,4124,427
5536706,111,4124,429
5536707,100,4127,429
5536708,97,4129,421
5536709,90,4124,415
5536710,79,4124,404
5536711,73,4125,390
5536712,84,4131,377
5536713,99,4139,375
5536714,105,4135,382
5536715,109,4132,383
5536716,107,4143,362
5536717,95,4149,345
5536718,94,4148,339
5536719,99,4147,337
5536720,93,4146,347
5536721,83,4149,355
5536722,77,4153,362
5536723,76,4147,365
5536724,73,4143,368
5536725,70,4143,391
5536726,70,4140,407
5536727,79,4132,409
5536728,90,4130,409
5536729,99,4144,422
5536730,106,4144,433
5536731,113,4146,432
5536732,117,4149,434
5536733,122,4150,438
5536734,128,4156,434
5536735,128,4156,441
5536736,123,4147,444
5536737,123,4142,442
5536738,129,4137,453
5536739,128,4139,458
5536740,125,4140,452
5536741,129,4139,443
5536742,125,4144,436
5536743,111,4144,436
5536744,101,4139,437
5536745,92,4139,429
5536746,84,4138,405
5536747,74,4137,384
5536748,65,4133,377
5536749,64,4133,376
5536750,65,4138,374
5536751,61,4147,365
5536752,56,4151,370
5536753,58,4152,378
5536754,60,4155,376
5536755,51,4151,372
5536756,37,4147,369
5536757,31,4144,370
5536758,33,4143,366
5536759,35,4143,361
5536760,36,4143,367
5536761,33,4143,365
5536762,26,4138,350
5536763,27,4134,348
5536764,33,4134,358
5536765,38,4129,358
5536766,50,4119,353
5536767,64,4134,350
5536768,78,4145,368
5536769,93,4151,375
5536770,95,4149,367
5536771,93,4140,370
5536772,103,4132,385
5536773,109,4130,388
5536774,106,4128,387
5536775,106,4127,394
5536776,110,4129,396
5536777,112,4132,387
5536778,105,4136,385
5536779,98,4132,397
5536780,97,4121,409
5536781,98,4116,418
5536782,98,4123,426
5536783,92,4126,439
5536784,89,4122,448
5536785,88,4124,452
5536786,82,4130,454
5536787,80,4132,460
5536788,87,4128,462
5536789,90,4129,455
5536790,92,4132,442
5536791,97,4130,430
5536792,97,4125,422
5536793,99,4120,410
5536794,107,4120,409
5536795,112,4123,427
5536796,120,4130,437
5536797,131,4132,431
5536798,137,4129,426
5536799,135,4131,419
5536800,134,4128,422
5536801,149,4121,432
5536802,162,4115,438
5536803,164,4111,452
5536804,173,4113,466
5536805,180,4116,476
5536806,182,4110,486
5536807,197,4105,481
5536808,201,4112,472
5536809,202,4115,466
5536810,211,4110,465
5536811,217,4101,466
5536812,218,4101,463
5536813,223,4100,459
5536814,221,4098,452
5536815,212,4099,446
5536816,211,4101,435
5536817,215,4111,431
5536818,213,4130,436
5536819,209,4142,430
5536820,207,4140,407
5536821,205,4141,390
5536822,193,4144,394
5536823,171,4147,412
5536824,148,4154,427
5536825,127,4153,432
5536826,108,4149,437
5536827,92,4155,436
5536828,77,4166,429
5536829,66,4165,430
5536830,54,4154,441
5536831,39,4150,457
5536832,27,4152,458
5536833,20,4151,456
5536834,13,4149,459
5536835,4,4147,467
5536836,5,4153,477
5536837,14,4156,474
5536838,23,4153,461
5536839,37,4154,457
5536840,44,4154,462
5536841,50,4155,472
5536842,70,4160,473
5536843,90,4166,469
5536844,97,4171,475
5536845,101,4171,482
5536846,119,4162,487
5536847,120,4158,484
5536848,132,4154,473
5536849,145,4153,482
5536850,147,4151,497
5536851,144,4148,496
5536852,155,4145,494
5536853,162,4137,502
5536854,156,4134,509
5536855,150,4138,504
5536856,142,4138,497
5536857,133,4145,499
5536858,130,4156,499
5536859,130,4156,486
5536860,123,4159,467
5536861,115,4160,454
5536862,113,4154,449
5536863,104,4148,444
5536864,94,4145,437
5536865,90,4148,421
5536866,83,4146,421
5536867,79,4143,437
5536868,86,4142,452
5536869,98,4137,452
5536870,108,4131,438
5536871,117,4125,427
5536872,128,4120,430
5536873,143,4122,433
5536874,156,4124,428
5536875,160,4123,440
5536876,159,4127,456
5536877,167,4132,460
5536878,189,4127,471
5536879,205,4118,481
5536880,212,4116,488
5536881,225,4118,493
5536882,229,4119,497
5536883,212,4121,509
5536884,199,4120,513
5536885,170,4117,486
5536886,157,4124,473
5536887,151,4132,464
5536888,143,4136,462
5536889,133,4131,456
5536890,119,4125,451
5536891,107,4129,445
5536892,95,4135,436
5536893,83,4139,420
5536894,72,4144,409
5536895,68,4139,406
5536896,65,4130,397
5536897,50,4132,399
5536898,40,4143,406
5536899,39,4150,404
5536900,41,4150,397
5536901,41,4145,393
5536902,41,4139,401
5536903,42,4134,409
5536904,47,4132,407
5536905,54,4135,404
5536906,62,4143,409
5536907,78,4143,408
5536908,99,4131,404
5536909,114,4118,412
5536910,123,4117,425
5536911,139,4119,446
5536912,154,4114,458
5536913,163,4108,456
5536914,174,4109,459
5536915,178,4113,467
5536916,176,4118,469
5536917,179,4125,458
5536918,180,4131,453
5536919,176,4140,464
5536920,168,4142,467
5536921,165,4136,463
5536922,166,4136,459
5536923,164,4132,457
5536924,157,4123,458
5536925,153,4129,463
5536926,155,4132,468
5536927,158,4136,464
5536928,155,4137,452
5536929,154,4134,454
5536930,165,4125,457
5536931,170,4121,450
5536932,170,4125,455
5536933,177,4128,471
5536934,180,4127,480
5536935,183,4121,476
5536936,191,4117,466
5536937,196,4118,464
5536938,198,4119,477
5536939,204,4115,489
5536940,206,4116,491
5536941,202,4126,482
5536942,199,4140,480
5536943,195,4141,489
5536944,187,4136,489
5536945,179,4136,498
5536946,169,4139,501
5536947,164,4141,485
5536948,160,4138,473
5536949,156,4134,478
5536950,156,4138,494
5536951,151,4148,504
5536952,133,4156,505
5536953,103,4161,504
5536954,73,4156,506
5536955,45,4148,512
5536956,21,4142,512
5536957,3,4141,507
5536958,-12,4148,510
5536959,-18,4157,520
5536960,-10,4161,524
5536961,2,4156,523
5536962,30,4146,512
5536963,43,4142,492
5536964,61,4144,469
5536965,84,4152,463
5536966,105,4157,465
5536967,122,4155,467
5536968,139,4146,470
5536969,150,4137,464
5536970,146,4141,463
5536971,133,4147,461
5536972,124,4149,460
5536973,116,4149,454
5536974,104,4148,440
5536975,90,4151,436
5536976,79,4154,443
5536977,66,4158,450
5536978,55,4159,440
5536979,43,4157,422
5536980,37,4157,413
5536981,46,4157,410
5536982,57,4151,409
5536983,69,4145,415
5536984,80,4145,418
5536985,91,4146,415
5536986,104,4146,407
5536987,113,4142,400
5536988,123,4136,407
5536989,137,4130,416
5536990,144,4137,418
5536991,146,4144,416
5536992,147,4137,414
5536993,144,4131,401
5536994,138,4128,391
5536995,136,4123,403
5536996,143,4123,419
5536997,155,4126,423
5536998,165,4127,414
5536999,169,4128,406
5537000,168,4130,405
5537001,177,4136,414
5537002,176,4131,424
5537003,170,4124,436
5537004,169,4118,432
5537005,171,4114,427
5537006,169,4112,423
5537007,173,4113,418
5537008,179,4116,421
5537009,171,4115,417
5537010,162,4114,409
5537011,164,4119,401
5537012,165,4123,402
5537013,162,4125,415
5537014,158,4130,424
5537015,153,4124,428
5537016,155,4111,423
5537017,165,4105,417
5537018,170,4106,425
5537019,172,4108,441
5537020,177,4114,446
5537021,183,4123,438
5537022,190,4127,442
5537023,187,4127,450
5537024,181,4126,449
5537025,181,4123,442
5537026,176,4127,433
5537027,167,4131,428
5537028,156,4126,427
5537029,140,4128,421
5537030,128,4139,414
5537031,121,4141,414
5537032,118,4131,416
5537033,112,4128,427
5537034,99,4123,442
5537035,89,4117,443
5537036,80,4118,441
5537037,74,4128,438
5537038,70,4133,433
5537039,33,4138,446
5537040,12,4142,448
5537041,7,4138,437
5537042,8,4141,427
5537043,5,4149,430
5537044,6,4149,431
5537045,15,4148,419
5537046,25,4148,407
5537047,29,4144,407
5537048,30,4141,408
5537049,28,4138,409
5537050,25,4140,411
5537051,27,4147,404
5537052,30,4152,398
5537053,36,4152,397
5537054,40,4148,406
5537055,39,4148,417
5537056,36,4149,423
5537057,35,4144,430
5537058,36,4139,426
5537059,40,4137,418
5537060,40,4142,421
5537061,39,4145,419
5537062,44,4143,420
5537063,42,4146,429
5537064,33,4150,427
5537065,24,4153,431
5537066,24,4146,440
5537067,31,4135,443
5537068,37,4131,448
5537069,42,4129,457
5537070,52,4127,457
5537071,70,4125,450
5537072,94,4125,440
5537073,115,4128,431
5537074,120,4129,445
5537075,115,4131,460
5537076,120,4132,456
5537077,130,4131,458
5537078,136,4133,461
5537079,140,4118,460
5537080,135,4120,448
5537081,123,4113,437
5537082,105,4107,440
5537083,83,4116,449
5537084,67,4127,437
5537085,57,4127,416
5537086,50,4121,406
5537087,53,4118,404
5537088,61,4115,400
5537089,65,4115,385
5537090,57,4125,370
5537091,46,4134,365
5537092,43,4132,360
5537093,54,4133,353
5537094,68,4138,351
5537095,71,4146,356
5537096,68,4154,361
5537097,70,4155,361
5537098,82,4144,367
5537099,95,4137,380
5537100,110,4135,390
5537101,122,4134,393
5537102,132,4133,394
5537103,137,4135,397
5537104,133,4137,401
5537105,126,4136,411
5537106,118,4135,413
5537107,121,4135,412
5537108,124,4136,420
5537109,117,4133,437
5537110,104,4129,454
5537111,89,4132,454
5537112,71,4141,444
5537113,57,4146,444
5537114,53,4145,450
5537115,45,4141,446
5537116,42,4138,439
5537117,56,4130,444
5537118,52,4133,437
5537119,45,4133,419
5537120,44,4131,407
5537121,48,4137,416
5537122,52,4141,429
5537123,64,4137,436
5537124,76,4136,444
5537125,83,4138,440
5537126,91,4134,430
5537127,100,4129,424
5537128,103,4126,430
5537129,104,4120,445
5537130,102,4125,466
5537131,93,4130,475
5537132,90,4127,469
5537133,94,4131,461
5537134,99,4134,462
5537135,106,4136,464
5537136,110,4134,464
5537137,110,4126,466
5537138,104,4124,461
5537139,109,4124,457
5537140,121,4125,460
5537141,121,4131,459
5537142,118,4135,464
5537143,115,4137,467
5537144,113,4141,460
5537145,118,4148,467
5537146,121,4145,479
5537147,122,4135,475
5537148,117,4129,465
5537149,113,4129,464
5537150,113,4137,477
5537151,107,4139,485
5537152,101,4132,488
5537153,102,4126,488
5537154,107,4130,481
5537155,115,4134,475
5537156,134,4129,468
5537157,148,4128,465
5537158,150,4125,468
5537159,143,4122,474
5537160,148,4120,470
5537161,161,4117,465
5537162,169,4119,467
5537163,170,4127,479
5537164,167,4130,485
5537165,161,4123,472
5537166,153,4112,451
5537167,141,4105,436
5537168,130,4112,432
5537169,128,4121,431
5537170,131,4123,440
5537171,129,4126,451
5537172,121,4129,445
5537173,118,4129,435
5537174,121,4131,434
5537175,130,4132,435
5537176,135,4126,438
5537177,131,4122,447
5537178,122,4127,449
5537179,119,4133,441
5537180,115,4137,431
5537181,109,4134,424
5537182,108,4132,409
5537183,106,4134,385
5537184,100,4130,379
5537185,105,4132,384
5537186,102,4131,378
5537187,93,4132,369
5537188,94,4140,366
5537189,98,4142,374
5537190,102,4141,384
5537191,103,4139,389
5537192,100,4136,390
5537193,98,4130,389
5537194,97,4123,396
5537195,84,4124,395
5537196,81,4115,377
5537197,85,4113,379
5537198,91,4118,392
5537199,98,4118,398
5537200,109,4123,410
5537201,117,4127,426
5537202,125,4132,427
5537203,133,4142,417
5537204,134,4142,409
5537205,128,4142,410
5537206,122,4145,412
5537207,117,4145,427
5537208,120,4147,446
5537209,124,4149,459
5537210,121,4148,471
5537211,118,4146,475
5537212,113,4141,475
5537213,99,4141,478
5537214,86,4139,484
5537215,78,4135,491
5537216,77,4136,493
5537217,87,4136,481
5537218,90,4133,480
5537219,83,4130,480
5537220,76,4132,479
5537221,72,4134,497
5537222,74,4139,498
5537223,80,4145,475
5537224,92,4141,459
5537225,100,4133,446
5537226,94,4130,435
5537227,86,4132,442
5537228,86,4135,449
5537229,91,4132,454
5537230,98,4130,455
5537231,103,4126,444
5537232,101,4122,434
5537233,97,4112,409
5537234,100,4110,405
5537235,102,4119,412
5537236,102,4136,410
5537237,103,4141,415
5537238,100,4134,436
5537239,97,4134,446
5537240,102,4139,440
5537241,109,4139,431
5537242,107,4136,431
5537243,104,4133,424
5537244,109,4136,409
5537245,118,4144,405
5537246,124,4144,407
5537247,124,4139,418
5537248,122,4140,430
5537249,126,4142,437
5537250,132,4140,436
5537251,140,4138,430
5537252,153,4138,442
5537253,162,4136,461
5537254,165,4133,468
5537255,165,4134,478
5537256,157,4129,490
5537257,143,4121,496
5537258,136,4122,489
5537259,136,4128,486
5537260,140,4127,491
5537261,143,4126,490
5537262,141,4123,485
5537263,145,4121,483
5537264,153,4128,488
5537265,150,4134,491
5537266,143,4138,496
5537267,142,4147,507
5537268,139,4150,516
5537269,133,4142,509
5537270,124,4130,506
5537271,122,4128,529
5537272,113,4130,528
5537273,103,4127,522
5537274,102,4127,517
5537275,103,4133,516
5537276,105,4145,514
5537277,105,4149,499
5537278,103,4147,487
5537279,107,4147,484
5537280,116,4151,472
5537281,118,4150,465
5537282,114,4143,467
5537283,119,4135,473
5537284,118,4135,488
5537285,113,4142,503
5537286,112,4148,504
5537287,114,4150,506
5537288,122,4153,509
5537289,122,4149,494
5537290,119,4141,477
5537291,119,4146,466
5537292,119,4147,463
5537293,122,4144,460
5537294,123,4148,445
5537295,122,4149,428
5537296,118,4145,421
5537297,114,4145,412
5537298,115,4151,401
5537299,122,4158,401
5537300,119,4156,400
5537301,107,4150,401
5537302,108,4150,404
5537303,110,4151,409
5537304,109,4145,421
5537305,108,4139,431
5537306,106,4136,432
5537307,107,4129,431
5537308,107,4123,437
5537309,105,4121,442
5537310,106,4131,436
5537311,111,4129,440
5537312,120,4127,440
5537313,126,4129,437
5537314,139,4138,433
5537315,159,4138,431
5537316,169,4126,433
5537317,171,4122,437
5537318,178,4129,445
5537319,185,4134,446
5537320,186,4129,448
5537321,188,4130,466
5537322,195,4132,472
5537323,197,4127,458
5537324,192,4126,448
5537325,192,4123,446
5537326,189,4119,451
5537327,184,4123,466
5537328,184,4125,475
5537329,177,4127,479
5537330,169,4134,485
5537331,166,4141,484
5537332,160,4147,475
5537333,159,4151,476
5537334,153,4151,482
5537335,146,4149,490
5537336,145,4144,500
5537337,141,4139,497
5537338,139,4140,492
5537339,142,4139,500
5537340,145,4132,508
5537341,143,4136,510
5537342,131,4140,502
5537343,132,4135,494
5537344,142,4131,476
5537345,137,4125,452
5537346,123,4117,452
5537347,113,4110,456
5537348,89,4116,442
5537349,84,4119,442
5537350,89,4120,439
5537351,93,4117,435
5537352,101,4116,436
5537353,111,4117,443
5537354,119,4120,445
5537355,118,4126,437
5537356,116,4127,433
5537357,117,4123,436
5537358,116,4128,434
5537359,116,4138,423
5537360,120,4138,425
5537361,118,4130,433
5537362,107,4122,435
5537363,101,4119,440
5537364,104,4122,447
5537365,106,4121,438
5537366,103,4117,429
5537367,102,4124,433
5537368,112,4132,426
5537369,123,4138,420
5537370,138,4140,432
5537371,154,4134,449
5537372,161,4129,464
5537373,160,4125,478
5537374,161,4117,503
5537375,162,4116,513
5537376,164,4118,512
5537377,170,4114,510
5537378,179,4114,499
5537379,182,4121,490
5537380,176,4129,491
5537381,169,4133,486
5537382,157,4131,477
5537383,139,4130,493
5537384,122,4132,514
5537385,103,4130,510
5537386,88,4130,490
5537387,64,4136,455
5537388,60,4139,439
5537389,54,4140,424
5537390,38,4139,409
5537391,16,4145,404
5537392,1,4149,405
5537393,-3,4147,406
5537394,-14,4147,411
5537395,-23,4150,411
5537396,-12,4154,405
5537397,-4,4154,398
5537398,1,4158,391
5537399,10,4160,379
5537400,14,4157,372
5537401,15,4148,371
5537402,19,4140,375
5537403,22,4144,379
5537404,25,4144,380
5537405,31,4142,377
5537406,27,4146,378
5537407,16,4144,384
5537408,8,4140,381
5537409,2,4141,375
5537410,6,4141,376
5537411,22,4138,377
5537412,34,4139,382
5537413,39,4137,394
5537414,43,4134,404
5537415,50,4133,413
5537416,62,4128,413
5537417,66,4127,400
5537418,63,4130,386
5537419,66,4134,377
5537420,69,4143,385
5537421,72,4144,401
5537422,81,4135,415
5537423,99,4117,456
5537424,104,4108,464
5537425,111,4106,449
5537426,120,4114,439
5537427,130,4116,432
5537428,135,4117,419
5537429,133,4118,418
5537430,119,4117,434
5537431,105,4116,444
5537432,101,4114,448
5537433,92,4113,458
5537434,76,4113,472
5537435,67,4119,472
5537436,65,4128,457
5537437,64,4132,448
5537438,64,4129,441
5537439,66,4123,433
5537440,72,4121,434
5537441,79,4123,436
5537442,82,4126,434
5537443,83,4136,435
5537444,84,4142,429
5537445,85,4141,415
5537446,91,4135,413
5537447,99,4129,422
5537448,107,4128,431
5537449,110,4124,433
5537450,110,4127,434
5537451,111,4132,436
5537452,111,4130,438
5537453,108,4125,452
5537454,103,4120,467
5537455,98,4122,465
5537456,101,4124,454
5537457,106,4129,440
5537458,108,4141,431
5537459,109,4149,439
5537460,113,4151,457
5537461,115,4152,467
5537462,93,4148,458
5537463,77,4148,454
5537464,69,4146,446
5537465,67,4145,438
5537466,66,4154,427
5537467,67,4158,420
5537468,71,4155,421
5537469,70,4154,429
5537470,55,4152,433
5537471,43,4146,442
5537472,45,4144,456
5537473,51,4137,466
5537474,53,4128,463
5537475,54,4125,442
5537476,49,4124,440
5537477,42,4127,455
5537478,43,4126,451
5537479,40,4121,432
5537480,37,4124,426
5537481,39,4134,429
5537482,43,4142,426
5537483,41,4141,415
5537484,29,4140,412
5537485,20,4138,410
5537486,20,4133,407
5537487,26,4137,408
5537488,30,4139,397
5537489,36,4138,385
5537490,38,4143,377
5537491,41,4140,379
5537492,52,4131,390
5537493,64,4131,390
5537494,65,4138,384
5537495,54,4143,387
5537496,43,4149,389
5537497,35,4148,390
5537498,34,4139,400
5537499,32,4130,394
5537500,32,4134,382
5537501,24,4139,397
5537502,12,4136,404
5537503,8,4133,403
5537504,11,4135,406
5537505,15,4136,405
5537506,15,4139,401
5537507,15,4143,400
5537508,23,4133,399
5537509,31,4123,396
5537510,38,4124,397
5537511,43,4128,406
5537512,41,4132,413
5537513,42,4136,424
5537514,41,4134,429
5537515,40,4130,428
5537516,46,4136,432
5537517,51,4139,429
5537518,52,4132,418
5537519,58,4130,412
5537520,69,4129,413
5537521,74,4129,413
5537522,66,4128,405
5537523,59,4125,393
5537524,60,4127,387
5537525,61,4131,382
5537526,58,4135,379
5537527,60,4131,382
5537528,69,4128,389
5537529,74,4130,395
5537530,75,4127,396
5537531,73,4123,383
5537532,73,4118,378
5537533,76,4118,382
5537534,74,4130,377
5537535,64,4139,365
5537536,52,4135,366
5537537,52,4138,383
5537538,53,4146,397
5537539,47,4146,408
5537540,53,4138,410
5537541,55,4136,406
5537542,57,4140,397
5537543,65,4141,388
5537544,81,4132,391
5537545,95,4126,401
5537546,102,4123,406
5537547,104,4118,416
5537548,102,4121,432
5537549,99,4138,444
5537550,95,4152,446
5537551,92,4149,446
5537552,93,4139,449
5537553,94,4129,448
5537554,94,4129,444
5537555,89,4135,445
5537556,81,4139,446
5537557,79,4136,445
5537558,82,4133,431
5537559,83,4137,424
5537560,79,4139,440
5537561,66,4137,450
5537562,58,4137,449
5537563,62,4138,446
5537564,63,4133,457
5537565,68,4129,474
5537566,82,4131,474
5537567,98,4133,468
5537568,109,4136,472
5537569,124,4137,486
5537570,138,4139,507
5537571,142,4140,516
5537572,141,4147,510
5537573,146,4154,506
5537574,146,4142,516
5537575,142,4131,529
5537576,134,4128,539
5537577,142,4122,561
5537578,142,4127,568
5537579,141,4131,568
5537580,141,4133,567
5537581,145,4122,560
5537582,158,4107,531
5537583,124,4135,465
5537584,49,4183,403
5537585,13,4188,378
5537586,33,4163,393
5537587,78,4134,431
5537588,119,4117,466
5537589,145,4115,492
5537590,149,4118,512
5537591,135,4117,551
5537592,119,4110,606
5537593,111,4104,639
5537594,129,4108,647
5537595,171,4111,642
5537596,216,4110,616
5537597,249,4112,581
5537598,265,4115,558
5537599,264,4117,546
5537600,249,4123,535
5537601,227,4132,532
5537602,204,4141,549
5537603,181,4143,561
5537604,163,4136,555
5537605,144,4137,544
5537606,119,4139,527
5537607,102,4139,511
5537608,93,4145,504
5537609,95,4145,498
5537610,109,4140,491
5537611,128,4142,486
5537612,149,4147,482
5537613,170,4146,493
5537614,182,4142,509
5537615,193,4142,518
5537616,202,4125,532
5537617,198,4126,521
5537618,187,4132,506
5537619,167,4134,506
5537620,149,4134,522
5537621,138,4135,518
5537622,128,4139,505
5537623,122,4144,503
5537624,123,4140,498
5537625,127,4133,489
5537626,130,4132,486
5537627,134,4133,484
5537628,144,4138,477
5537629,150,4147,465
5537630,156,4148,456
5537631,166,4140,451
5537632,175,4126,451
5537633,182,4125,454
5537634,191,4126,457
5537635,195,4125,464
5537636,191,4131,473
5537637,179,4136,470
5537638,167,4138,465
5537639,165,4133,474
5537640,169,4128,484
5537641,169,4132,483
5537642,167,4143,471
5537643,173,4147,462
5537644,183,4146,460
5537645,178,4149,452
5537646,170,4146,445
5537647,163,4142,456
5537648,155,4145,464
5537649,153,4147,455
5537650,143,4145,446
5537651,136,4141,444
5537652,140,4135,458
5537653,139,4129,467
5537654,132,4135,437
5537655,126,4134,439
5537656,123,4135,430
5537657,118,4134,415
5537658,113,4134,405
5537659,110,4144,404
5537660,99,4151,400
5537661,85,4151,395
5537662,69,4148,408
5537663,65,4142,426
5537664,73,4148,428
5537665,77,4156,430
5537666,77,4153,433
5537667,77,4145,432
5537668,84,4134,448
5537669,91,4124,468
5537670,103,4123,478
5537671,111,4131,478
5537672,108,4140,477
5537673,104,4144,481
5537674,103,4144,485
5537675,100,4139,492
5537676,101,4133,499
5537677,109,4134,503
5537678,110,4139,507
5537679,106,4141,506
5537680,105,4143,499
5537681,94,4143,486
5537682,88,4140,473
5537683,89,4142,460
5537684,82,4138,448
5537685,83,4136,445
5537686,92,4142,443
5537687,90,4143,435
5537688,85,4144,429
5537689,85,4154,437
5537690,76,4159,449
5537691,54,4151,456
5537692,9,4139,443
5537693,3,4133,432
5537694,10,4136,428
5537695,14,4144,426
5537696,17,4136,421
5537697,23,4122,413
5537698,19,4122,409
5537699,7,4129,416
5537700,-4,4125,424
5537701,-8,4121,425
5537702,-3,4124,420
5537703,9,4122,410
5537704,21,4120,415
5537705,25,4126,435
5537706,28,4127,447
5537707,28,4121,437
5537708,27,4124,416
5537709,30,4129,406
5537710,34,4128,413
5537711,42,4126,423
5537712,50,4121,438
5537713,60,4117,448
5537714,69,4125,440
5537715,72,4135,435
5537716,78,4137,440
5537717,87,4133,442
5537718,84,4134,444
5537719,76,4135,439
5537720,80,4130,436
5537721,88,4125,428
5537722,91,4121,410
5537723,91,4123,406
5537724,90,4123,408
5537725,92,4123,411
5537726,96,4126,421
5537727,85,4124,417
5537728,67,4127,399
5537729,64,4129,404
5537730,53,4130,406
5537731,47,4130,400
5537732,53,4139,387
5537733,58,4146,383
5537734,56,4145,384
5537735,51,4143,376
5537736,54,4139,372
5537737,62,4133,376
5537738,74,4131,377
5537739,82,4136,389
5537740,84,4140,398
5537741,82,4143,402
5537742,81,4147,419
5537743,84,4149,435
5537744,89,4148,453
5537745,95,4142,471
5537746,102,4141,467
5537747,108,4136,460
5537748,116,4126,470
5537749,120,4128,486
5537750,125,4134,501
5537751,134,4135,501
5537752,142,4132,498
5537753,148,4130,499
5537754,147,4126,491
5537755,137,4122,468
5537756,130,4130,459
5537757,126,4140,461
5537758,121,4140,448
5537759,119,4138,441
5537760,118,4139,444
5537761,108,4141,436
5537762,92,4145,421
5537763,88,4150,407
5537764,90,4147,397
5537765,92,4148,390
5537766,87,4151,387
5537767,64,4142,378
5537768,56,4138,384
5537769,48,4144,395
5537770,50,4147,402
5537771,57,4147,397
5537772,63,4143,387
5537773,67,4136,395
5537774,64,4131,401
5537775,60,4128,398
5537776,61,4129,392
5537777,65,4130,388
5537778,63,4129,395
5537779,58,4124,399
5537780,61,4125,394
5537781,66,4138,382
5537782,68,4146,373
5537783,66,4147,381
5537784,64,4143,388
5537785,61,4138,390
5537786,56,4137,399
5537787,55,4138,408
5537788,62,4139,415
5537789,73,4139,427
5537790,84,4134,441
5537791,87,4125,448
5537792,89,4116,435
5537793,95,4112,417
5537794,108,4113,413
5537795,115,4114,416
5537796,115,4119,423
5537797,108,4125,422
5537798,92,4132,413
5537799,81,4133,409
5537800,76,4134,407
5537801,75,4132,409
5537802,76,4119,411
5537803,79,4106,412
5537804,80,4105,417
5537805,80,4115,418
5537806,65,4113,415
5537807,57,4111,427
5537808,52,4115,444
5537809,46,4123,451
5537810,40,4125,454
5537811,41,4125,461
5537812,48,4131,467
5537813,57,4140,465
5537814,61,4139,462
5537815,64,4132,467
5537816,63,4132,464
5537817,67,4138,458
5537818,79,4138,458
5537819,89,4137,462
5537820,99,4136,472
5537821,104,4135,482
5537822,112,4138,486
5537823,128,4136,496
5537824,149,4135,500
5537825,165,4135,503
5537826,178,4138,521
5537827,185,4147,532
5537828,177,4148,539
5537829,169,4143,551
5537830,171,4137,555
5537831,175,4137,549
5537832,173,4137,547
5537833,168,4135,545
5537834,157,4135,537
5537835,142,4136,535
5537836,130,4134,548
5537837,122,4131,560
5537838,114,4129,561
5537839,109,4130,565
5537840,103,4132,564
5537841,99,4131,541
5537842,105,4130,518
5537843,116,4131,513
5537844,126,4132,508
5537845,136,4142,463
5537846,127,4144,453
5537847,116,4133,456
5537848,116,4125,457
5537849,106,4124,451
5537850,98,4126,444
5537851,109,4128,441
5537852,121,4131,446
5537853,123,4133,451
5537854,119,4136,442
5537855,112,4134,444
5537856,102,4131,458
5537857,96,4134,473
5537858,99,4136,487
5537859,99,4138,492
5537860,88,4135,484
5537861,79,4131,470
5537862,83,4131,462
5537863,88,4138,464
5537864,90,4147,472
5537865,91,4148,472
5537866,87,4142,466
5537867,79,4136,456
5537868,82,4137,446
5537869,89,4140,444
5537870,87,4146,450
5537871,89,4143,466
5537872,103,4132,477
5537873,106,4130,473
5537874,93,4131,464
5537875,76,4128,445
5537876,58,4131,430
5537877,51,4140,429
5537878,52,4147,430
5537879,52,4141,427
5537880,55,4134,425
5537881,57,4130,422
5537882,54,4125,415
5537883,54,4130,415
5537884,61,4143,438
5537885,65,4145,443
5537886,64,4133,443
5537887,55,4121,447
5537888,44,4125,446
5537889,38,4129,440
5537890,36,4131,446
5537891,41,4132,448
5537892,52,4130,437
5537893,62,4127,438
5537894,66,4125,446
5537895,65,4125,454
5537896,68,4122,463
5537897,74,4115,466
5537898,64,4113,463
5537899,39,4117,446
5537900,29,4126,417
5537901,28,4135,419
5537902,28,4136,434
5537903,32,4133,425
5537904,36,4128,408
5537905,38,4125,394
5537906,50,4127,385
5537907,65,4135,377
5537908,69,4135,372
5537909,69,4128,371
5537910,73,4130,366
5537911,87,4138,354
5537912,94,4143,352
5537913,87,4143,365
5537914,79,4143,375
5537916,72,4144,384
5537917,64,4142,398
5537918,67,4142,403
5537919,69,4139,407
5537920,67,4134,417
5537921,71,4129,419
5537922,77,4133,423
5537923,97,4138,428
5537924,102,4143,424
5537925,103,4142,421
5537926,110,4133,426
5537927,125,4132,439
5537928,141,4134,438
5537929,147,4131,439
5537930,144,4130,450
5537931,142,4134,460
5537932,141,4133,459
5537933,139,4123,457
5537934,141,4121,465
5537935,139,4126,471
5537936,136,4131,474
5537937,135,4132,475
5537938,129,4133,480
5537939,120,4133,483
5537940,116,4131,482
5537941,112,4132,479
5537942,95,4137,488
5537943,82,4142,500
5537944,85,4142,501
5537945,91,4144,500
5537946,92,4147,487
5537947,88,4146,482
5537948,90,4149,503
5537949,99,4150,513
5537950,103,4144,508
5537951,94,4133,496
5537952,88,4121,479
5537953,84,4119,474
5537954,80,4128,477
5537955,85,4138,474
5537956,87,4138,484
5537957,73,4130,502
5537958,64,4127,499
5537959,66,4128,487
5537960,66,4124,491
5537961,68,4121,495
5537962,88,4122,486
5537963,89,4129,485
5537964,86,4137,490
5537965,88,4138,501
5537966,101,4138,502
5537967,108,4139,491
5537968,105,4138,473
5537969,102,4135,461
5537970,103,4132,465
5537971,99,4129,472
5537972,94,4131,475
5537973,90,4137,472
5537974,87,4140,458
5537975,85,4136,440
5537976,85,4126,433
5537977,87,4122,447
5537978,88,4126,465
5537979,89,4132,467
5537980,93,4133,461
5537981,101,4125,457
5537982,101,4119,449
5537983,96,4124,447
5537984,93,4128,450
5537985,87,4125,449
5537986,90,4126,452
5537987,95,4133,451
5537988,95,4138,445
5537989,105,4141,454
5537990,119,4135,465
5537991,115,4125,467
5537992,102,4124,470
5537993,92,4126,483
5537994,88,4129,496
5537995,96,4134,485
5537996,105,4139,467
5537997,112,4147,470
5537998,117,4149,473
5537999,118,4142,455
5538000,98,4136,434
5538001,95,4137,443
5538002,97,4133,434
5538003,91,4132,417
5538004,78,4128,404
5538005,69,4133,407
5538006,67,4145,414
5538007,66,4152,414
5538008,66,4154,418
5538009,73,4147,425
5538010,81,4140,423
5538011,81,4140,421
5538012,80,4139,424
5538013,76,4136,434
5538014,69,4129,443
5538015,71,4124,448
5538016,76,4124,454
5538017,77,4130,470
5538018,79,4137,489
5538019,85,4138,493
5538020,102,4140,490
5538021,118,4141,488
5538022,130,4137,491
5538023,134,4131,490
5538024,125,4127,483
5538025,117,4119,479
5538026,124,4118,476
5538027,137,4130,472
5538028,138,4134,465
5538029,137,4129,469
5538030,131,4132,488
5538031,115,4141,499
5538032,116,4143,502
5538033,130,4138,501
5538034,131,4132,498
5538035,128,4138,495
5538036,124,4146,494
5538037,112,4141,491
5538038,96,4132,483
5538039,67,4124,477
5538040,71,4130,477
5538041,74,4138,468
5538042,68,4144,450
5538043,69,4150,447
5538044,75,4150,456
5538045,65,4148,456
5538046,55,4144,447
5538047,59,4139,438
5538048,66,4136,433
5538049,71,4136,435
5538050,72,4139,436
5538051,69,4140,434
5538052,72,4143,442
5538053,82,4140,448
5538054,82,4130,438
5538055,73,4128,436
5538056,69,4133,454
5538057,65,4136,467
5538058,67,4136,465
5538059,73,4141,456
5538060,71,4148,444
5538061,76,4149,440
5538062,86,4147,446
5538063,85,4141,449
5538064,79,4136,446
5538065,80,4136,434
5538066,87,4129,422
5538067,88,4128,415
5538068,85,4135,411
5538069,75,4139,409
5538070,56,4140,405
5538071,36,4136,406
5538072,24,4134,406
5538073,23,4141,395
5538074,21,4145,379
5538075,19,4138,375
5538076,25,4131,389
5538077,42,4136,385
5538078,45,4139,386
5538079,50,4141,392
5538080,46,4145,401
5538081,35,4145,397
5538082,23,4145,380
5538083,11,4146,375
5538084,2,4141,373
5538085,2,4135,371
5538086,4,4132,376
5538087,0,4132,385
5538088,-3,4135,394
5538089,0,4135,398
5538090,7,4134,401
5538091,16,4133,399
5538092,29,4134,387
5538093,39,4135,382
5538094,40,4136,386
5538095,38,4136,393
5538096,34,4130,408
5538097,43,4122,415
5538098,57,4120,418
5538099,65,4120,427
5538100,72,4118,427
5538101,75,4121,431
5538102,74,4132,451
5538103,78,4137,473
5538104,93,4132,481
5538105,111,4127,485
5538106,123,4127,490
5538107,131,4129,499
5538108,148,4134,514
5538109,170,4137,521
5538110,178,4135,519
5538111,170,4135,507
5538112,159,4132,502
5538113,157,4131,513
5538114,166,4135,527
5538115,182,4142,530
5538116,195,4143,518
5538117,187,4150,518
5538118,172,4151,516
5538119,162,4145,516
5538120,152,4144,520
5538121,140,4148,514
5538122,132,4146,506
5538123,123,4137,502
5538124,119,4134,507
5538125,114,4133,511
5538126,111,4131,505
5538127,113,4137,505
5538128,111,4140,511
5538129,106,4137,515
5538130,104,4134,510
5538131,110,4132,496
5538132,112,4134,477
5538133,101,4130,459
5538134,93,4128,448
5538135,89,4134,436
5538136,85,4132,422
5538137,80,4128,412
5538138,73,4130,407
5538139,58,4134,401
5538140,41,4137,395
5538141,30,4131,395
5538142,26,4124,398
5538143,25,4120,392
5538144,29,4120,386
5538145,36,4130,387
5538146,44,4141,382
5538147,56,4146,380
5538148,71,4147,388
5538149,85,4145,395
5538150,91,4142,404
5538151,85,4136,410
5538152,76,4131,414
5538153,78,4134,420
5538154,94,4125,435
5538155,97,4132,431
5538156,103,4137,424
5538157,114,4135,423
5538158,115,4135,420
5538159,109,4138,427
5538160,117,4136,442
5538161,131,4135,448
5538162,135,4138,451
5538163,135,4138,449
5538164,136,4136,447
5538165,133,4136,452
5538166,123,4130,463
5538167,108,4124,468
5538168,92,4124,475
5538169,84,4124,481
5538170,87,4130,479
5538171,85,4141,472
5538172,73,4148,457
5538173,71,4148,456
5538174,78,4142,461
5538175,88,4139,466
5538176,104,4142,479
5538177,116,4141,495
5538178,122,4134,500
5538179,126,4128,496
5538180,141,4133,503
5538181,166,4143,518
5538182,183,4144,524
5538183,183,4144,521
5538184,177,4144,515
5538185,177,4136,511
5538186,176,4131,513
5538187,171,4135,511
5538188,164,4140,506
5538189,152,4141,517
5538190,147,4138,530
5538191,147,4129,537
5538192,156,4137,538
5538193,166,4144,533
5538194,176,4144,526
5538195,180,4139,520
5538196,181,4137,511
5538197,183,4140,518
5538198,180,4141,529
5538199,177,4143,525
5538200,170,4147,515
5538201,159,4149,505
5538202,156,4147,501
5538203,158,4142,500
5538204,155,4140,496
5538205,141,4142,492
5538206,126,4154,486
5538207,119,4163,474
5538208,112,4157,466
5538209,107,4151,458
5538210,95,4150,440
5538211,78,4147,417
5538212,67,4147,401
5538213,59,4146,399
5538214,56,4140,393
5538215,54,4136,383
5538216,44,4135,375
5538217,39,4135,375
5538218,42,4141,393
5538219,43,4143,406
5538220,45,4140,400
5538221,51,4142,397
5538222,59,4147,403
5538223,61,4148,415
5538224,58,4140,424
5538225,59,4126,427
5538226,56,4119,419
5538227,43,4116,417
5538228,40,4115,429
5538229,50,4123,430
5538230,69,4135,405
5538231,74,4139,408
5538232,84,4130,413
5538233,95,4126,416
5538234,100,4129,419
5538235,95,4133,425
5538236,85,4135,424
5538237,83,4129,421
5538238,94,4123,422
5538239,109,4131,430
5538240,110,4139,440
5538241,106,4134,438
5538242,104,4129,437
5538243,105,4126,444
5538244,114,4122,454
5538245,123,4123,464
5538246,127,4123,477
5538247,132,4123,490
5538248,137,4120,487
5538249,143,4116,481
5538250,157,4118,486
5538251,163,4127,497
5538252,156,4133,497
5538253,157,4128,489
5538254,157,4121,482
5538255,155,4117,479
5538256,153,4112,480
5538257,149,4114,480
5538258,147,4122,475
5538259,149,4122,469
5538260,147,4115,458
5538261,132,4113,452
5538262,115,4121,444
5538263,103,4127,418
5538264,96,4127,406
5538265,92,4123,413
5538266,79,4121,423
5538267,69,4129,435
5538268,65,4131,450
5538269,55,4133,465
5538270,47,4143,473
5538271,50,4148,476
5538272,61,4146,471
5538273,64,4148,468
5538274,70,4152,463
5538275,79,4151,463
5538276,91,4150,465
5538277,100,4146,459
5538278,99,4145,452
5538279,91,4148,437
5538280,82,4149,407
5538281,75,4152,383
5538282,61,4153,371
5538283,42,4158,363
5538284,30,4160,358
5538285,22,4155,354
5538286,9,4152,348
5538287,-13,4149,342
5538288,-29,4148,341
5538289,-38,4145,339
5538290,-44,4146,339
5538291,-49,4155,338
5538292,-49,4162,341
5538293,-46,4162,356
5538294,-49,4157,384
5538295,-47,4150,419
5538296,-36,4145,433
5538297,-31,4150,436
5538298,-25,4153,449
5538299,-21,4148,465
5538300,-22,4149,471
5538301,-7,4144,470
5538302,15,4139,475
5538303,23,4140,477
5538304,38,4143,478
5538305,87,4138,513
5538306,104,4137,522
5538307,127,4135,527
5538308,147,4124,531
5538309,165,4115,530
5538310,180,4119,518
5538311,199,4120,509
5538312,218,4123,503
5538313,225,4125,486
5538314,228,4122,480
5538315,234,4116,486
5538316,233,4111,494
5538317,228,4112,500
5538318,234,4119,501
5538319,237,4121,498
5538320,231,4118,497
5538321,221,4112,498
5538322,218,4109,505
5538323,214,4112,501
5538324,198,4118,483
5538325,177,4120,481
5538326,159,4121,487
5538327,146,4125,476
5538328,137,4129,467
5538329,137,4136,473
5538330,145,4140,471
5538331,152,4138,457
5538332,149,4134,444
5538333,139,4133,444
5538334,138,4133,444
5538335,141,4134,441
5538336,141,4137,436
5538337,142,4137,432
5538338,138,4132,440
5538339,129,4127,451
5538340,132,4129,458
5538341,132,4135,455
5538342,125,4138,448
5538343,126,4135,448
5538344,121,4136,453
5538345,115,4143,458
5538346,112,4134,446
5538347,110,4136,434
5538348,104,4144,413
5538349,96,4140,392
5538350,85,4133,385
5538351,67,4143,381
5538352,47,4152,373
5538353,26,4153,362
5538354,6,4151,350
5538355,-1,4145,342
5538356,-5,4137,340
5538357,-13,4137,341
5538358,-24,4142,334
5538359,-33,4143,338
5538360,-37,4142,355
5538361,-35,4145,367
5538362,-31,4147,375
5538363,-21,4144,380
5538364,-12,4143,381
5538365,-9,4142,387
5538366,-7,4146,395
5538367,0,4149,401
5538368,2,4150,407
5538369,3,4147,406
5538370,1,4142,401
5538371,0,4145,399
5538372,5,4147,396
5538373,8,4146,396
5538374,9,4146,402
5538375,11,4149,418
5538376,14,4151,437
5538377,17,4145,448
5538378,23,4138,458
5538379,28,4132,462
5538380,26,4130,458
5538381,29,4134,464
5538382,34,4136,479
5538383,48,4133,491
5538384,61,4126,492
5538385,75,4123,483
5538386,86,4122,479
5538387,91,4120,482
5538388,99,4118,488
5538389,106,4116,492
5538390,114,4117,484
5538391,128,4117,476
5538392,136,4113,472
5538393,143,4109,470
5538394,163,4106,470
5538395,181,4107,467
5538396,188,4105,456
5538397,190,4098,434
5538398,188,4103,407
5538399,188,4116,391
5538400,189,4124,388
5538401,187,4128,373
5538402,171,4130,357
5538403,154,4126,357
5538404,145,4124,357
5538405,131,4128,361
5538406,112,4131,367
5538407,101,4129,379
5538408,92,4128,392
5538409,77,4133,394
5538410,61,4140,392
5538411,54,4140,396
5538412,50,4138,404
5538413,41,4139,411
5538414,32,4137,415
5538415,31,4133,420
5538416,26,4132,431
5538417,18,4138,435
5538418,23,4138,438
5538419,33,4130,435
5538420,37,4124,426
5538421,38,4125,426
5538422,39,4135,427
5538423,36,4143,425
5538424,25,4157,414
5538425,22,4163,417
5538426,24,4158,436
5538427,32,4148,459
5538428,35,4145,475
5538429,30,4147,484
5538430,29,4147,490
5538431,34,4150,489
5538432,38,4153,488
5538433,40,4154,486
5538434,53,4153,482
5538435,76,4150,480
5538436,91,4153,482
5538437,100,4153,479
5538438,110,4143,479
