2155725,-248,4351,-109
2155726,-287,4343,-131
2155727,-349,4353,-96
2155728,-386,4365,-73
2155729,-376,4360,-93
2155730,-337,4352,-130
2155731,-285,4347,-154
2155732,-243,4342,-151
2155733,-165,4359,-227
2155734,-118,4358,-286
2155735,-117,4362,-288
2155736,-133,4363,-267
2155737,-134,4359,-253
2155738,-138,4348,-243
2155739,-157,4334,-215
2155740,-184,4323,-174
2155741,-210,4324,-132
2155742,-213,4329,-126
2155743,-186,4317,-146
2155744,-161,4313,-150
2155745,-136,4316,-155
2155747,-106,4304,-156
2155748,-93,4290,-140
2155749,-98,4279,-98
2155750,-111,4285,-50
2155751,-105,4298,-33
2155752,-76,4295,-44
2155753,-43,4290,-39
2155754,-21,4288,-31
2155755,-15,4277,-21
2155756,-29,4265,12
2155757,-55,4250,59
2155758,-79,4238,96
2155759,-97,4227,105
2155760,-108,4211,102
2155761,-105,4191,103
2155762,-103,4166,129
2155763,-115,4167,174
2155764,-114,4169,199
2155765,-95,4159,214
2155766,-78,4157,246
2155767,-70,4159,289
2155768,-65,4164,331
2155769,-45,4168,359
2155770,-15,4161,384
2155771,7,4154,432
2155772,35,4157,469
2155773,63,4155,469
2155774,93,4150,456
2155775,100,4163,472
2155776,120,4174,473
2155777,144,4175,473
2155778,137,4194,494
2155779,114,4214,527
2155780,87,4229,565
2155781,56,4246,605
2155782,39,4268,611
2155783,51,4293,556
2155784,69,4309,496
2155785,72,4332,461
2155786,73,4350,461
2155787,71,4367,469
2155788,75,4370,441
2155789,69,4372,431
2155790,40,4378,460
2155791,18,4358,474
2155792,9,4339,461
2155793,3,4335,439
2155794,8,4324,410
2155795,21,4301,386
2155796,11,4289,368
2155797,-17,4284,345
2155798,-50,4290,343
2155799,-70,4302,341
2155800,-86,4306,316
2155801,-109,4321,276
2155802,-127,4340,231
2155803,-154,4353,235
2155804,-200,4371,278
2155805,-231,4387,298
2155806,-248,4397,312
2155807,-266,4409,340
2155808,-280,4419,368
2155809,-292,4428,403
2155810,-299,4441,444
2155811,-309,4440,463
2155812,-316,4439,484
2155813,-323,4438,500
2155814,-321,4425,528
2155815,-328,4414,571
2155816,-336,4412,588
2155817,-302,4393,562
2155818,-248,4360,536
2155819,-219,4341,534
2155820,-212,4330,541
2155821,-211,4309,547
2155822,-202,4282,538
2155823,-185,4258,526
2155824,-161,4235,521
2155825,-141,4224,514
2155826,-129,4221,495
2155827,-108,4215,457
2155828,-82,4217,416
2155829,-75,4232,397
2155830,-74,4251,378
2155831,-54,4270,335
2155832,-34,4274,291
2155833,-40,4278,273
2155834,-67,4295,281
2155835,-87,4328,289
2155836,-81,4354,289
2155837,-77,4370,285
2155838,-94,4385,273
2155839,-122,4401,258
2155840,-166,4423,262
2155841,-219,4443,303
2155842,-278,4469,344
2155843,-326,4496,357
2155844,-337,4525,347
2155845,-302,4551,332
2155846,-277,4569,353
2155847,-244,4583,355
2155848,-230,4575,371
2155849,-245,4569,382
2155850,-285,4560,364
2155851,-341,4544,353
2155852,-409,4542,363
2155853,-456,4537,373
2155854,-436,4536,339
2155855,-366,4533,271
2155856,-296,4531,207
2155857,-249,4548,157
2155858,-233,4562,122
2155859,-248,4567,98
2155860,-288,4569,79
2155861,-315,4574,59
2155862,-312,4583,45
2155863,-300,4590,17
2155864,-290,4591,-29
2155865,-308,4589,-38
2155866,-347,4585,-4
2155867,-352,4588,24
2155868,-310,4589,17
2155869,-260,4585,-9
2155870,-232,4594,-18
2155871,-230,4621,4
2155872,-235,4649,27
2155873,-259,4659,33
2155874,-297,4657,50
2155875,-330,4650,76
2155876,-370,4602,133
2155877,-378,4584,159
2155878,-389,4580,158
2155879,-400,4573,133
2155880,-400,4573,131
2155881,-389,4589,155
2155882,-366,4611,172
2155883,-343,4631,171
2155884,-332,4637,163
2155885,-322,4636,175
2155886,-319,4644,206
2155887,-319,4653,226
2155888,-318,4652,262
2155889,-317,4647,330
2155890,-303,4646,375
2155891,-275,4638,394
2155892,-243,4626,400
2155893,-222,4614,407
2155894,-215,4600,438
2155895,-203,4585,465
2155896,-189,4566,479
2155897,-181,4545,491
2155898,-162,4522,483
2155899,-142,4497,484
2155900,-134,4472,513
2155901,-114,4445,529
2155902,-79,4411,531
2155903,-49,4376,545
2155904,-24,4358,560
2155905,-8,4342,563
2155906,-14,4322,591
2155907,-25,4307,628
2155908,-19,4298,635
2155909,17,4311,679
2155910,35,4307,709
2155911,50,4317,721
2155912,52,4337,744
2155913,51,4351,775
2155914,46,4362,789
2155915,52,4379,788
2155916,65,4401,786
2155917,79,4420,790
2155918,77,4428,805
2155919,63,4432,833
2155920,54,4444,856
2155921,61,4448,867
2155922,76,4435,878
2155923,78,4419,897
2155924,67,4402,925
2155925,59,4386,945
2155926,58,4365,948
2155927,55,4339,950
2155928,64,4316,954
2155929,77,4297,951
2155930,81,4288,937
2155931,81,4283,907
2155932,89,4262,853
2155933,99,4234,790
2155934,108,4216,734
2155935,131,4211,669
2155936,150,4210,608
2155937,159,4211,577
2155938,163,4217,562
2155939,152,4208,537
2155940,131,4183,504
2155941,106,4158,479
2155942,86,4138,446
2155943,67,4101,393
2155944,125,4106,367
2155945,120,4055,336
2155946,24,3973,335
2155947,-38,3950,369
2155948,-56,3932,361
2155949,-58,3914,337
2155950,-62,3899,338
2155951,-66,3880,348
2155952,-59,3857,361
2155953,-37,3831,359
2155954,0,3813,342
2155955,42,3798,319
2155956,77,3787,283
2155957,108,3782,245
2155958,135,3778,215
2155959,158,3770,200
2155960,173,3756,189
2155961,180,3746,182
2155962,192,3746,186
2155963,210,3753,200
2155964,223,3760,228
2155965,233,3761,259
2155966,243,3762,285
2155967,248,3763,314
2155968,251,3761,356
2155969,249,3759,402
2155970,240,3755,455
2155971,241,3752,464
2155972,241,3745,482
2155973,242,3738,508
2155974,239,3734,511
2155975,237,3723,484
2155976,248,3705,457
2155977,263,3695,435
2155978,272,3695,408
2155979,270,3692,368
2155980,268,3682,337
2155981,267,3671,306
2155982,264,3664,259
2155983,259,3662,216
2155984,241,3657,181
2155985,226,3655,137
2155986,218,3658,79
2155987,203,3651,18
2155988,190,3642,-35
2155989,180,3638,-80
2155990,162,3633,-131
2155991,144,3630,-175
2155992,128,3634,-206
2155993,108,3650,-238
2155994,84,3664,-279
2155995,55,3671,-326
2155996,18,3674,-365
2155997,-21,3673,-390
2155999,-52,3677,-409
2156000,-77,3690,-420
2156001,-127,3713,-426
2156002,-157,3725,-431
2156003,-184,3748,-430
2156004,-207,3774,-419
2156005,-230,3789,-413
2156006,-245,3788,-416
2156007,-251,3778,-413
2156008,-251,3770,-394
2156009,-248,3767,-364
2156010,-235,3770,-333
2156011,-215,3768,-306
2156012,-200,3755,-276
2156013,-196,3746,-228
2156014,-184,3743,-180
2156015,-162,3743,-151
2156016,-143,3743,-128
2156017,-128,3739,-94
2156018,-104,3738,-58
2156019,-69,3745,-26
2156020,-38,3751,9
2156021,-7,3760,37
2156022,48,3781,65
2156023,85,3779,87
2156024,117,3779,118
2156025,148,3783,140
2156026,175,3781,177
2156027,195,3781,205
2156028,216,3774,210
2156029,233,3756,220
2156030,240,3741,238
2156031,242,3736,252
2156032,241,3726,257
2156033,241,3709,263
2156034,247,3693,284
2156035,251,3679,302
2156036,244,3662,294
2156037,231,3649,286
2156038,228,3655,291
2156039,244,3656,291
2156040,276,3644,269
2156041,300,3640,228
2156042,309,3641,193
2156043,311,3645,172
2156044,295,3648,151
2156045,274,3654,137
2156046,256,3676,135
2156047,229,3702,132
2156048,193,3728,136
2156049,157,3752,153
2156050,134,3780,166
2156051,113,3806,167
2156052,88,3829,165
2156053,69,3854,178
2156054,44,3869,206
2156055,11,3876,243
2156056,-22,3883,280
2156057,-53,3892,316
2156058,-78,3902,358
2156059,-99,3908,404
2156060,-106,3914,438
2156061,-85,3918,464
2156062,-63,3918,471
2156063,-35,3910,472
2156064,5,3902,477
2156065,47,3900,480
2156066,81,3889,471
2156067,115,3864,457
2156068,154,3837,433
2156069,188,3818,404
2156070,224,3813,380
2156071,257,3822,350
2156072,289,3829,314
2156073,318,3825,289
2156074,337,3816,268
2156075,342,3813,242
2156076,342,3813,221
2156077,338,3814,198
2156078,323,3824,168
2156079,301,3838,145
2156080,277,3844,133
2156081,242,3849,116
2156082,211,3861,99
2156083,192,3877,89
2156084,170,3888,81
2156085,138,3898,77
2156086,100,3907,74
2156087,69,3910,69
2156088,48,3911,68
2156089,22,3919,60
2156090,-5,3932,48
2156091,-20,3939,32
2156092,-25,3936,18
2156093,-29,3931,20
2156094,-32,3930,30
2156095,-27,3923,39
2156096,-21,3909,37
2156097,-4,3904,57
2156098,4,3916,68
2156099,9,3926,66
2156100,15,3924,57
2156101,18,3927,47
2156102,20,3930,51
2156103,29,3933,61
2156104,41,3943,61
2156105,49,3954,64
2156106,50,3966,82
2156107,50,3983,102
2156108,55,3991,119
2156109,60,3993,143
2156110,66,4006,168
2156111,70,4015,173
2156112,66,4014,179
2156113,64,4012,194
2156114,66,4014,203
2156115,62,4021,213
2156116,52,4021,222
2156117,36,4017,217
2156118,25,4018,206
2156119,21,4026,197
2156120,21,4039,187
2156121,16,4052,181
2156122,0,4065,182
2156123,-18,4077,173
2156124,-30,4087,141
2156125,-35,4097,108
2156126,-40,4105,85
2156127,-56,4112,65
2156128,-72,4113,38
2156129,-87,4119,-2
2156130,-132,4162,-65
2156131,-157,4180,-73
2156132,-184,4186,-84
2156133,-204,4187,-99
2156134,-222,4193,-98
2156135,-240,4204,-89
2156136,-253,4206,-88
2156137,-262,4201,-84
2156138,-266,4203,-76
2156139,-262,4211,-60
2156140,-258,4216,-37
2156141,-257,4220,-20
2156142,-256,4225,-13
2156143,-255,4231,-1
2156144,-255,4239,26
2156145,-250,4246,64
2156146,-244,4248,95
2156147,-241,4249,121
2156148,-236,4257,164
2156149,-223,4272,198
2156150,-180,4296,263
2156151,-161,4297,294
2156152,-148,4297,320
2156153,-136,4293,359
2156154,-112,4286,402
2156155,-79,4279,431
2156156,-50,4269,454
2156157,-31,4261,481
2156158,-15,4245,496
2156159,6,4222,505
2156160,32,4207,515
2156161,49,4197,535
2156162,65,4178,557
2156163,81,4158,562
2156164,94,4149,559
2156165,107,4140,558
2156166,122,4121,551
2156167,134,4100,536
2156168,138,4082,512
2156169,141,4066,495
2156170,153,4061,476
2156171,163,4060,445
2156172,167,4049,419
2156173,168,4038,400
2156174,165,4041,388
2156175,164,4048,374
2156176,162,4052,357
2156177,155,4051,345
2156178,145,4052,338
2156179,135,4055,333
2156180,120,4055,331
2156181,100,4056,327
2156182,92,4066,329
2156183,88,4073,330
2156184,62,4079,337
2156185,49,4083,341
2156186,37,4082,342
2156187,32,4081,352
2156188,28,4075,355
2156189,20,4055,352
2156190,12,4039,345
2156191,13,4029,339
2156192,18,4020,348
2156193,27,4019,357
2156194,23,4015,359
2156195,12,4003,364
2156196,13,3995,378
2156197,20,3992,387
2156198,30,3986,380
2156199,46,3980,362
2156200,71,3984,330
2156201,94,3997,291
2156202,119,4009,252
2156203,141,4020,206
2156204,155,4032,162
2156205,161,4045,120
2156206,162,4061,79
2156207,163,4073,49
2156208,165,4080,34
2156209,161,4090,31
2156210,147,4106,23
2156211,129,4122,8
2156212,102,4134,6
2156213,75,4146,29
2156214,57,4161,62
2156215,30,4171,87
2156216,-3,4181,100
2156217,-28,4187,120
2156218,-53,4186,149
2156219,-87,4177,202
2156220,-102,4160,231
2156221,-118,4142,252
2156222,-124,4127,267
2156223,-118,4110,275
2156224,-109,4093,281
2156225,-101,4087,285
2156226,-82,4088,278
2156227,-52,4085,261
2156228,-18,4077,239
2156229,10,4064,233
2156230,30,4056,229
2156231,42,4062,209
2156232,57,4069,191
2156233,82,4071,192
2156234,108,4066,188
2156235,120,4059,177
2156236,118,4048,186
2156237,122,4039,200
2156238,129,4038,205
2156239,128,4044,200
2156240,127,4054,201
2156241,132,4061,206
2156242,136,4059,210
2156243,128,4055,204
2156244,112,4058,193
2156245,100,4060,194
2156246,90,4059,196
2156247,80,4060,187
2156248,61,4066,172
2156249,38,4069,153
2156250,27,4068,137
2156251,21,4069,127
2156252,0,4073,116
2156253,-33,4087,89
2156254,-30,4086,81
2156255,-22,4084,77
2156256,-22,4084,59
2156258,-21,4084,41
2156259,-18,4084,45
2156260,-9,4085,51
2156261,3,4080,44
2156262,10,4071,37
2156263,12,4066,38
2156264,14,4059,50
2156265,20,4047,69
2156266,23,4042,89
2156267,22,4042,103
2156268,17,4045,110
2156269,17,4051,112
2156270,15,4058,114
2156271,8,4072,124
2156272,5,4090,147
2156273,-2,4105,167
2156274,-15,4118,180
2156275,-30,4130,192
2156276,-43,4145,204
2156277,-60,4166,217
2156278,-78,4185,229
2156279,-89,4204,246
2156280,-97,4227,268
2156281,-115,4251,292
2156282,-123,4278,312
2156283,-98,4295,320
2156284,-105,4262,326
2156285,-213,4240,383
2156286,-244,4238,398
2156287,-276,4235,418
2156288,-302,4242,441
2156289,-305,4248,453
2156290,-285,4249,456
2156291,-256,4248,446
2156292,-226,4248,432
2156293,-198,4257,426
2156294,-171,4271,414
2156295,-143,4279,384
2156296,-121,4274,347
2156297,-105,4266,316
2156298,-93,4269,303
2156299,-98,4281,300
2156300,-113,4288,298
2156301,-121,4293,293
2156302,-121,4299,288
2156303,-132,4306,285
2156304,-153,4316,277
2156305,-166,4324,266
2156306,-169,4328,256
2156307,-177,4334,249
2156308,-197,4341,244
2156309,-219,4351,243
2156310,-238,4359,245
2156311,-251,4357,252
2156312,-264,4353,267
2156313,-277,4357,288
2156314,-282,4362,299
2156315,-270,4362,304
2156316,-248,4362,315
2156317,-233,4362,333
2156318,-221,4366,353
2156319,-197,4364,374
2156320,-172,4368,389
2156321,-138,4393,410
2156322,-115,4399,425
2156323,-80,4401,438
2156324,-53,4396,446
2156325,-31,4401,452
2156326,-9,4418,457
2156327,10,4425,467
2156328,15,4426,481
2156329,11,4422,498
2156330,8,4416,518
2156331,2,4407,537
2156332,-5,4397,544
2156333,-6,4392,544
2156334,-5,4379,549
2156335,-5,4357,559
2156336,0,4345,569
2156337,44,4359,566
2156338,118,4351,545
2156339,87,4290,512
2156340,-19,4258,523
2156341,-64,4261,549
2156342,-77,4258,554
2156343,-102,4256,565
2156344,-123,4247,558
2156345,-137,4237,543
2156346,-133,4230,535
2156347,-107,4228,516
2156348,-81,4231,481
2156349,-61,4231,451
2156350,-49,4225,431
2156351,-45,4224,413
2156352,-74,4242,375
2156353,-95,4245,363
2156354,-117,4239,367
2156355,-132,4237,372
2156356,-136,4236,369
2156357,-134,4221,367
2156358,-133,4200,378
2156359,-131,4186,386
2156360,-130,4172,379
2156361,-136,4152,356
2156362,-145,4130,337
2156363,-151,4112,330
2156364,-164,4101,329
2156365,-170,4090,325
2156366,-167,4081,314
2156367,-179,4076,298
2156368,-190,4070,275
2156369,-192,4065,246
2156370,-191,4071,223
2156371,-183,4076,207
2156372,-174,4065,195
2156373,-176,4052,182
2156374,-186,4051,155
2156375,-204,4059,131
2156376,-228,4074,134
2156377,-237,4092,148
2156378,-231,4107,152
2156379,-221,4117,155
2156380,-200,4113,168
2156381,-179,4106,184
2156382,-167,4104,207
2156383,-160,4110,242
2156384,-149,4111,265
2156385,-133,4099,282
2156386,-124,4094,310
2156387,-117,4097,329
2156388,-70,4094,358
2156389,-46,4087,381
2156390,-24,4076,387
2156391,-2,4073,384
2156392,17,4075,391
2156393,32,4079,402
2156394,38,4086,407
2156395,44,4087,413
2156396,52,4089,417
2156397,56,4098,419
2156398,64,4104,422
2156399,71,4113,428
2156400,74,4126,433
2156401,79,4136,435
2156402,79,4140,441
2156403,75,4139,461
2156404,71,4140,481
2156405,70,4148,497
2156406,75,4154,519
2156407,80,4157,539
2156408,75,4164,558
2156409,61,4162,585
2156410,50,4150,605
2156411,45,4147,628
2156412,42,4149,641
2156413,40,4149,632
2156414,44,4145,624
2156415,44,4134,614
2156416,39,4133,607
2156417,34,4138,606
2156418,31,4135,599
2156419,29,4139,587
2156420,19,4147,584
2156421,-2,4147,582
2156422,-35,4144,591
2156423,-65,4133,600
2156424,-114,4114,598
2156425,-146,4112,623
2156426,-172,4113,647
2156427,-185,4113,659
2156428,-194,4108,664
2156429,-198,4102,659
2156430,-189,4103,647
2156431,-172,4101,626
2156432,-163,4098,613
2156433,-160,4093,618
2156434,-154,4084,612
2156435,-156,4078,597
2156436,-163,4077,574
2156437,-165,4070,534
2156438,-163,4062,487
2156439,-156,4066,453
2156440,-152,4074,438
2156441,-147,4074,425
2156442,-136,4072,409
2156443,-128,4075,403
2156444,-121,4073,392
2156445,-107,4064,370
2156446,-90,4059,349
2156447,-71,4056,335
2156448,-45,4049,329
2156449,-13,4044,336
2156450,23,4045,360
2156451,55,4052,389
2156452,70,4064,418
2156453,64,4077,450
2156454,42,4086,482
2156455,21,4093,516
2156456,7,4087,560
2156457,-2,4070,609
2156458,-9,4062,642
2156459,-16,4059,658
2156460,-26,4043,690
2156461,-31,4037,697
2156462,-26,4039,694
2156463,-13,4046,672
2156464,-5,4056,633
2156465,-1,4067,598
2156466,8,4075,576
2156467,23,4076,558
2156468,27,4072,548
2156469,18,4074,554
2156470,7,4087,572
2156471,-10,4103,582
2156472,-28,4109,589
2156473,-47,4107,599
2156474,-69,4111,590
2156475,-81,4119,572
2156476,-87,4123,568
2156477,-91,4124,569
2156478,-86,4123,567
2156479,-68,4133,553
2156480,-44,4156,529
2156481,-29,4189,518
2156482,-18,4230,505
2156483,-13,4261,477
2156484,-20,4281,449
2156485,-18,4314,415
2156486,94,4355,399
2156487,125,4303,355
2156488,-62,4235,311
2156489,-213,4239,358
2156490,-269,4242,405
2156491,-364,4266,429
2156492,-367,4269,377
2156493,-333,4275,325
2156494,-279,4287,280
2156495,-226,4290,267
2156496,-197,4290,284
2156497,-197,4290,296
2156498,-195,4283,296
2156499,-192,4269,294
2156500,-207,4266,313
2156501,-232,4265,356
2156502,-256,4253,397
2156503,-275,4252,417
2156504,-277,4255,413
2156505,-254,4250,401
2156506,-227,4238,397
2156507,-218,4240,394
2156508,-198,4250,364
2156509,-146,4243,287
2156510,-93,4244,199
2156511,-71,4253,154
2156512,-87,4252,152
2156513,-133,4252,160
2156514,-192,4241,178
2156515,-251,4220,196
2156516,-292,4215,190
2156517,-303,4214,150
2156518,-295,4206,94
2156519,-285,4197,65
2156520,-290,4201,74
2156521,-302,4221,72
2156522,-313,4245,44
2156523,-306,4264,9
2156524,-282,4276,-23
2156525,-279,4296,-16
2156526,-295,4320,78
2156527,-295,4320,102
2156528,-272,4315,94
2156529,-245,4300,107
2156530,-239,4284,165
2156531,-256,4264,247
2156532,-282,4253,328
2156533,-281,4249,360
2156534,-239,4246,330
2156535,-178,4248,259
2156536,-116,4246,182
2156537,-65,4256,116
2156538,-40,4264,71
2156539,-33,4254,64
2156540,-39,4244,80
2156541,-62,4241,107
2156542,-92,4238,135
2156543,-126,4239,175
2156544,-168,4243,205
2156545,-208,4239,222
2156546,-237,4238,242
2156547,-244,4241,262
2156548,-242,4240,282
2156549,-233,4247,287
2156550,-222,4250,284
2156551,-218,4254,304
2156552,-219,4261,328
2156553,-227,4266,341
2156554,-229,4276,344
2156555,-228,4297,355
2156556,-239,4321,379
2156557,-288,4330,448
2156558,-270,4336,451
2156559,-254,4339,454
2156560,-242,4349,442
2156561,-222,4345,417
2156562,-230,4349,410
2156563,-253,4365,392
2156564,-243,4380,342
2156565,-220,4388,328
2156566,-223,4395,367
2156567,-234,4386,416
2156568,-236,4368,463
2156569,-226,4364,475
2156570,-209,4366,438
2156571,-177,4355,385
2156572,-144,4338,362
2156573,-138,4335,378
2156574,-140,4328,382
2156575,-129,4304,369
2156576,-129,4297,360
2156577,-128,4300,330
2156578,-119,4305,299
2156579,-113,4314,277
2156580,-111,4308,277
2156581,-135,4307,315
2156582,-161,4310,340
2156583,-149,4304,338
2156584,-125,4305,320
2156585,-117,4311,312
2156586,-115,4314,309
2156587,-115,4297,310
2156588,-122,4285,332
2156589,-128,4287,361
2156590,-136,4286,389
2156591,-137,4281,401
2156592,-128,4260,428
2156593,-158,4238,533
2156594,-174,4236,570
2156595,-174,4229,605
2156596,-170,4230,634
2156597,-151,4230,628
2156598,-122,4224,618
2156599,-111,4227,627
2156600,-122,4236,644
2156601,-122,4241,645
2156602,-100,4236,626
2156603,-84,4232,603
2156604,-76,4230,575
2156605,-74,4223,554
2156606,-88,4230,558
2156607,-113,4244,579
2156608,-135,4259,579
2156609,-140,4272,566
2156610,-137,4275,559
2156611,-146,4279,567
2156612,-164,4287,580
2156613,-178,4292,583
2156614,-172,4290,583
2156615,-162,4292,574
2156616,-176,4296,567
2156617,-198,4294,573
2156618,-199,4286,576
2156619,-192,4282,571
2156620,-188,4277,585
2156621,-189,4268,627
2156622,-197,4263,665
2156623,-192,4261,665
2156624,-170,4259,643
2156625,-153,4253,637
2156626,-154,4249,681
2156627,-154,4256,676
2156628,-147,4273,658
2156629,-128,4293,639
2156630,-110,4307,623
2156631,-107,4326,603
2156632,-109,4338,589
2156633,-126,4353,579
2156634,-155,4373,569
2156635,-171,4386,562
2156636,-178,4394,564
2156637,-193,4409,583
2156638,-211,4425,601
2156639,-234,4432,608
2156640,-251,4438,616
2156641,-263,4448,631
2156642,-276,4463,627
2156643,-275,4469,610
2156644,-263,4464,616
2156645,-260,4463,640
2156646,-260,4454,647
2156647,-261,4446,645
2156648,-254,4447,642
2156649,-248,4447,645
2156650,-252,4447,646
2156651,-259,4448,641
2156652,-259,4450,643
2156653,-244,4451,644
2156654,-230,4451,651
2156655,-226,4461,661
2156656,-220,4480,659
2156657,-205,4493,641
2156658,-192,4504,630
2156659,-185,4523,628
2156660,-175,4538,624
2156661,-158,4549,629
2156662,-148,4574,640
2156663,-131,4587,611
2156664,-124,4597,579
2156665,-125,4607,575
2156666,-131,4618,593
2156667,-142,4622,613
2156668,-147,4619,646
2156669,-159,4613,690
2156670,-181,4610,729
2156671,-190,4607,749
2156672,-187,4607,762
2156673,-180,4602,779
2156674,-168,4590,800
2156675,-164,4584,822
2156676,-160,4578,847
2156677,-152,4560,847
2156678,-142,4532,823
2156679,-127,4509,796
2156680,-121,4492,776
2156681,-122,4479,755
2156682,-118,4470,724
2156683,-119,4461,696
2156684,-131,4457,673
2156685,-150,4458,646
2156686,-162,4461,618
2156687,-163,4469,592
2156688,-168,4482,562
2156689,-177,4489,533
2156690,-188,4491,520
2156691,-204,4499,520
2156692,-219,4502,511
2156693,-237,4503,497
2156694,-263,4503,495
2156695,-286,4494,502
2156696,-307,4484,496
2156697,-317,4459,470
2156698,-320,4435,481
2156699,-336,4411,513
2156700,-345,4397,540
2156701,-340,4383,550
2156702,-332,4369,546
2156703,-321,4352,541
2156704,-300,4330,531
2156705,-254,4307,520
2156706,-203,4290,512
2156707,-168,4276,508
2156708,-130,4265,511
2156709,-97,4262,517
2156710,-85,4262,543
2156711,-78,4255,577
2156712,-62,4245,593
2156713,-37,4232,591
2156714,-16,4218,594
2156715,0,4220,614
2156716,17,4233,644
2156717,32,4238,671
2156718,49,4239,700
2156719,58,4243,746
2156720,52,4246,785
2156721,39,4240,811
2156722,35,4224,841
2156723,36,4208,865
2156724,39,4196,893
2156725,49,4150,930
2156726,50,4117,944
2156727,43,4089,942
2156728,39,4065,923
2156729,39,4047,892
2156730,42,4044,840
2156731,52,4049,783
2156732,60,4057,732
2156733,71,4057,680
2156734,85,4048,629
2156735,96,4052,586
2156736,95,4061,557
2156737,89,4066,532
2156738,87,4073,500
2156739,81,4078,466
2156740,66,4076,443
2156741,52,4067,434
2156742,38,4058,433
2156743,23,4055,438
2156744,9,4063,446
2156745,-9,4072,459
2156746,-29,4067,482
2156747,-47,4055,512
2156748,-55,4044,537
2156749,-50,4034,550
2156750,-40,4024,555
2156751,-31,4016,572
2156752,-15,4021,600
2156753,3,4027,624
2156754,21,4027,643
2156755,46,4022,658
2156756,79,4010,679
2156757,109,3996,692
2156758,156,3990,686
2156759,183,3985,685
2156760,205,3977,693
2156761,214,3972,692
2156762,220,3970,672
2156763,224,3970,654
2156764,223,3967,648
2156765,221,3962,655
2156766,208,3964,660
2156767,186,3962,655
2156768,168,3954,648
2156769,156,3953,638
2156770,151,3952,629
2156771,150,3952,618
2156772,142,3957,602
2156773,123,3964,588
2156774,101,3973,574
2156775,86,3982,562
2156776,67,3985,556
2156777,41,3982,557
2156778,21,3982,556
2156779,3,3981,546
2156780,-21,3984,528
2156781,-41,3983,501
2156782,-49,3970,475
2156783,-57,3951,455
2156784,-66,3930,433
2156785,-66,3907,414
2156786,-66,3882,400
2156787,-67,3868,388
2156788,-65,3854,364
2156789,-59,3837,329
2156790,-40,3815,273
2156791,-34,3809,248
2156792,-23,3806,211
2156793,-9,3800,179
2156794,4,3789,161
2156795,18,3781,140
2156796,35,3786,116
2156797,48,3801,97
2156798,62,3819,82
2156799,79,3836,77
2156800,85,3848,72
2156801,81,3864,64
2156802,84,3877,57
2156803,87,3887,52
2156804,86,3903,58
2156805,80,3923,81
2156806,70,3941,116
2156807,53,3948,143
2156808,37,3942,153
2156809,29,3940,159
2156810,21,3947,176
2156811,9,3955,213
2156812,2,3964,257
2156813,0,3972,290
2156814,4,3980,319
2156815,12,3989,347
2156816,21,3995,375
2156817,36,4001,399
2156818,52,4000,412
2156819,66,3995,420
2156820,84,3987,441
2156821,106,3983,466
2156822,123,3986,484
2156823,142,3988,508
2156824,166,4028,534
2156825,174,4043,553
2156826,182,4055,560
2156827,182,4068,562
2156828,179,4081,574
2156829,175,4086,599
2156830,169,4091,624
2156831,162,4104,643
2156832,152,4115,665
2156833,139,4120,675
2156834,135,4122,682
2156835,133,4112,700
2156836,126,4099,716
2156837,117,4093,722
2156838,109,4085,723
2156839,107,4074,714
2156840,111,4057,703
2156841,117,4036,682
2156842,120,4018,660
2156843,126,4003,639
2156844,141,3985,607
2156845,153,3964,577
2156846,158,3940,551
2156847,169,3916,528
2156848,177,3896,506
2156849,186,3871,468
2156850,204,3848,434
2156851,224,3827,413
2156852,237,3811,386
2156853,248,3801,354
2156854,258,3791,327
2156855,266,3778,304
2156856,270,3763,281
2156857,273,3761,250
2156858,276,3761,215
2156859,268,3759,186
2156860,260,3761,171
2156861,259,3774,150
2156862,251,3780,147
2156863,236,3790,149
2156864,218,3798,153
2156865,202,3805,167
2156866,189,3812,191
2156867,173,3818,207
2156868,160,3822,215
2156869,153,3830,238
2156870,150,3838,266
2156871,156,3842,289
2156872,160,3840,309
2156873,162,3837,318
2156874,161,3838,326
2156875,162,3843,349
2156876,171,3844,374
2156877,183,3842,393
2156878,191,3841,399
2156879,200,3847,401
2156880,211,3853,400
2156881,225,3854,384
2156882,244,3860,352
2156883,260,3870,323
2156884,267,3869,303
2156885,266,3863,283
2156886,262,3868,262
2156887,257,3869,238
2156888,244,3861,210
2156889,234,3856,179
2156890,218,3860,156
2156891,186,3863,142
2156892,154,3866,125
2156893,125,3864,104
2156894,98,3864,75
2156895,67,3881,41
2156896,36,3904,15
2156897,-1,3946,0
2156898,-21,3969,-6
2156899,-48,3987,-19
2156900,-70,4007,-28
2156902,-86,4025,-27
2156903,-96,4036,-17
2156904,-97,4040,-4
2156905,-99,4047,15
2156906,-109,4058,41
2156907,-115,4063,61
2156908,-110,4062,81
2156909,-106,4056,105
2156910,-103,4044,120
2156911,-95,4041,138
2156912,-81,4045,161
2156913,-59,4040,171
2156914,-43,4035,178
2156915,-30,4030,200
2156916,-5,4010,222
2156917,30,3992,237
2156918,53,3992,258
2156919,70,3996,281
2156920,90,3987,293
2156921,106,3969,303
2156922,127,3960,324
2156923,159,3960,371
2156924,157,3958,392
2156925,157,3949,408
2156926,155,3940,423
2156927,150,3933,442
2156928,151,3929,458
2156929,156,3923,473
2156930,158,3922,486
2156931,153,3922,485
2156932,149,3918,484
2156933,145,3914,489
2156934,145,3907,485
2156935,142,3902,479
2156936,131,3904,479
2156937,121,3907,478
2156938,111,3902,469
2156939,94,3893,453
2156940,67,3888,448
2156941,50,3889,449
2156942,41,3900,436
2156943,33,3917,415
2156944,35,3935,398
2156945,34,3949,383
2156946,27,3963,376
2156947,13,3985,383
2156948,-5,4001,391
2156949,-19,4011,387
2156950,-27,4029,372
2156951,-28,4048,356
2156952,-38,4059,349
2156953,-51,4061,353
2156954,-56,4065,364
2156955,-45,4070,369
2156956,-27,4079,371
2156957,-20,4088,375
2156958,-19,4086,374
2156959,-2,4066,378
2156960,17,4060,384
2156961,37,4053,395
2156962,45,4037,398
2156963,49,4024,387
2156964,60,4021,380
2156965,68,4023,378
2156966,69,4013,376
2156967,73,4000,370
2156968,84,3992,353
2156969,95,3986,338
2156970,99,3986,329
2156971,102,3994,317
2156972,104,4007,300
2156973,92,4024,274
2156974,71,4037,244
2156975,49,4049,215
2156976,31,4068,194
2156977,17,4093,191
2156978,1,4116,192
2156979,-17,4130,195
2156980,-42,4142,208
2156981,-69,4152,228
2156982,-82,4165,258
2156983,-91,4182,300
2156984,-105,4194,333
2156985,-114,4196,346
2156986,-119,4186,358
2156987,-121,4174,377
2156988,-126,4182,397
2156989,-127,4195,419
2156990,-121,4190,446
2156991,-110,4175,473
2156992,-91,4156,485
2156993,-65,4139,485
2156994,-41,4120,492
2156995,0,4081,482
2156996,26,4073,458
2156997,48,4072,438
2156998,76,4067,420
2156999,106,4062,408
2157000,127,4060,397
2157001,143,4059,387
2157002,155,4060,375
2157003,160,4060,358
2157004,160,4058,330
2157005,156,4050,311
2157006,155,4041,311
2157007,148,4036,302
2157008,133,4033,300
2157009,124,4031,305
2157010,109,4024,299
2157011,88,4023,289
2157012,72,4034,283
2157013,59,4043,281
2157014,41,4050,283
2157015,16,4053,294
2157016,-6,4056,303
2157017,-20,4060,311
2157018,-31,4063,316
2157019,-40,4065,328
2157020,-44,4065,347
2157021,-46,4068,352
2157022,-39,4067,346
2157023,-34,4058,339
2157024,-38,4050,334
2157025,-31,4050,331
2157026,-17,4052,327
2157027,-7,4052,324
2157028,8,4058,316
2157029,17,4061,290
2157030,22,4061,263
2157031,41,4078,254
2157032,46,4086,251
2157033,46,4093,248
2157034,43,4105,246
2157035,42,4112,242
2157036,36,4113,244
2157037,32,4111,250
2157038,26,4108,244
2157039,20,4103,231
2157040,5,4100,217
2157041,-14,4102,212
2157042,-16,4098,221
2157043,-14,4090,239
2157044,-24,4084,253
2157045,-30,4078,249
2157046,-28,4059,239
2157047,-30,4034,240
2157048,-31,4014,236
2157049,-33,4001,218
2157050,-30,3988,194
2157051,-24,3970,174
2157052,-19,3954,157
2157053,-9,3940,135
2157054,-1,3925,108
2157055,4,3911,80
2157056,18,3896,60
2157057,27,3883,39
2157058,28,3877,11
2157059,26,3873,-15
2157060,31,3870,-36
2157061,46,3876,-61
2157062,54,3882,-77
2157063,62,3885,-89
2157064,72,3891,-99
2157065,87,3913,-82
2157066,87,3924,-59
2157067,84,3925,-39
2157068,81,3930,-21
2157069,72,3948,8
2157070,64,3966,38
2157071,56,3989,68
2157072,49,4015,109
2157073,44,4038,149
2157074,40,4059,190
2157075,38,4075,227
2157076,25,4088,264
2157077,2,4099,306
2157078,-17,4115,343
2157079,-25,4132,383
2157080,-29,4144,433
2157081,-30,4150,493
2157082,-20,4157,548
2157083,-13,4167,578
2157084,-9,4174,596
2157085,-5,4177,613
2157086,-4,4172,629
2157087,3,4163,651
2157088,20,4162,669
2157089,39,4167,672
2157090,64,4166,672
2157091,86,4165,681
2157092,102,4170,682
2157093,115,4175,673
2157094,129,4182,661
2157095,141,4190,645
2157096,140,4195,632
2157097,131,4203,627
2157098,129,4219,624
2157099,130,4243,618
2157100,126,4252,602
2157101,123,4252,578
2157102,117,4250,562
2157103,97,4247,555
2157104,71,4241,540
2157105,54,4230,521
2157106,33,4215,502
2157107,5,4191,481
2157108,-17,4162,457
2157109,-35,4135,427
2157110,-57,4117,390
2157111,-76,4106,343
2157112,-83,4090,290
2157113,-81,4071,239
2157114,-73,4057,194
2157115,-70,4046,143
2157116,-71,4033,87
2157117,-62,4016,40
2157118,-47,4009,5
2157119,-32,4009,-22
2157120,-20,4003,-47
2157121,-11,3998,-76
2157122,-2,3995,-102
2157123,7,3992,-108
2157124,20,3996,-104
2157125,26,4001,-103
2157126,11,4023,-77
2157127,0,4022,-57
2157128,-10,4021,-21
2157129,-23,4025,21
2157130,-42,4028,59
2157131,-46,4032,101
2157132,-40,4036,135
2157133,-27,4037,157
2157134,-13,4036,182
2157135,-6,4053,219
2157136,0,4075,262
2157137,2,4086,309
2157138,-8,4100,352
2157139,-17,4112,395
2157140,-20,4117,428
2157141,-22,4122,454
2157142,-9,4128,474
2157143,14,4137,471
2157144,28,4145,463
2157145,32,4148,471
2157146,29,4145,492
2157147,19,4147,499
2157148,15,4147,485
2157149,23,4142,470
2157150,31,4138,463
2157151,30,4137,471
2157152,20,4143,484
2157153,20,4139,475
2157154,15,4138,473
2157155,16,4143,476
2157156,17,4153,484
2157157,13,4168,477
2157158,6,4177,461
2157159,-2,4183,452
2157160,-7,4182,451
2157161,-17,4180,451
2157162,-36,4174,443
2157163,-46,4162,437
2157164,-34,4161,447
2157165,-15,4162,455
2157166,-10,4153,455
2157167,-6,4137,454
2157168,4,4117,451
2157169,12,4100,455
2157170,14,4088,453
2157171,15,4081,445
2157172,21,4074,440
2157173,23,4068,443
2157174,17,4069,435
2157175,10,4074,400
2157176,10,4075,367
2157177,12,4070,344
2157178,11,4075,324
2157179,10,4089,308
2157180,6,4103,300
2157181,0,4119,293
2157182,-5,4138,292
2157183,-8,4160,301
2157184,-16,4181,312
2157185,-28,4195,327
2157186,-45,4221,372
2157187,-57,4235,405
2157188,-69,4248,436
2157189,-78,4255,458
2157190,-83,4258,489
2157191,-96,4263,523
2157192,-114,4274,561
2157193,-129,4282,596
2157194,-141,4275,614
2157195,-151,4259,618
2157196,-157,4249,624
2157197,-161,4243,640
2157198,-160,4227,646
2157199,-152,4208,636
2157200,-140,4194,623
2157201,-133,4184,604
2157202,-127,4175,595
2157203,-119,4160,586
2157204,-110,4153,546
2157205,-95,4148,494
2157206,-91,4139,463
2157207,-102,4136,440
2157208,-100,4133,405
2157209,-83,4127,382
2157211,-71,4124,367
2157212,-72,4124,347
2157213,-80,4128,336
2157214,-91,4137,337
2157215,-115,4146,352
2157216,-141,4151,375
2157217,-161,4152,400
2157218,-170,4153,420
2157219,-172,4157,437
2157220,-166,4161,456
2157221,-161,4161,483
2157222,-160,4156,510
2157223,-155,4148,524
2157224,-141,4140,537
2157225,-125,4125,548
2157226,-105,4101,546
2157227,-85,4081,550
2157228,-70,4061,561
2157229,-53,4037,557
2157230,-32,4020,550
2157231,-7,4007,550
2157232,11,4001,544
2157233,20,4001,533
2157234,32,4006,521
2157235,45,4012,511
2157236,62,4016,508
2157237,79,4023,508
2157238,90,4033,501
2157239,95,4048,494
2157240,90,4069,489
2157241,75,4088,478
2157242,57,4103,478
2157243,40,4120,486
2157244,13,4136,494
2157245,-23,4153,513
2157246,-50,4179,526
2157247,-75,4195,534
2157248,-106,4207,547
2157249,-142,4226,566
2157250,-178,4240,588
2157251,-225,4254,608
2157252,-228,4252,619
2157253,-235,4251,627
2157254,-239,4253,626
2157255,-225,4253,620
2157256,-200,4245,614
2157257,-184,4234,594
2157258,-166,4233,556
2157259,-136,4238,524
2157260,-103,4240,502
2157261,-76,4241,472
2157262,-46,4249,440
2157263,-18,4263,422
2157264,0,4282,404
2157265,17,4302,388
2157266,21,4320,375
2157267,17,4333,368
2157268,15,4349,369
2157269,7,4372,371
2157270,-7,4397,370
2157271,-25,4421,371
2157272,-38,4434,387
2157273,-55,4436,412
2157274,-86,4440,438
2157275,-117,4459,460
2157276,-145,4476,468
2157277,-170,4481,478
2157278,-194,4473,500
2157279,-217,4458,519
2157280,-234,4445,531
2157281,-245,4433,539
2157282,-258,4418,538
2157283,-268,4404,528
2157284,-269,4391,520
2157285,-260,4371,520
2157286,-242,4350,518
2157287,-208,4328,501
2157288,-199,4310,487
2157289,-185,4296,473
2157290,-167,4296,445
2157291,-149,4297,423
2157292,-133,4300,426
2157293,-125,4297,440
2157294,-116,4292,454
2157295,-106,4288,463
2157296,-103,4286,474
2157297,-106,4290,491
2157298,-103,4296,511
2157299,-89,4307,522
2157300,-80,4320,517
2157301,-65,4338,524
2157302,24,4365,544
2157303,66,4327,539
2157304,-15,4286,550
2157305,-75,4301,594
2157306,-91,4290,632
2157307,-111,4269,677
2157308,-130,4259,716
2157309,-132,4251,732
2157310,-113,4239,730
2157311,-87,4216,719
2157312,-55,4196,715
2157313,-13,4185,710
2157314,25,4174,690
2157315,50,4161,664
2157316,58,4145,643
2157317,60,4125,615
2157318,67,4109,574
2157319,85,4103,533
2157320,136,4105,508
2157321,169,4087,479
2157322,137,4063,457
2157323,68,4080,459
2157324,46,4088,468
2157325,22,4090,484
2157326,6,4089,491
2157327,-5,4088,501
2157328,-9,4087,518
2157329,-11,4092,536
2157330,-11,4090,553
2157331,-4,4078,582
2157332,-2,4074,622
2157333,-8,4073,664
2157334,-18,4071,687
2157335,-31,4070,692
2157336,-49,4061,700
2157337,-66,4052,712
2157338,-75,4047,726
2157339,-73,4042,726
2157340,-64,4043,711
2157341,-54,4048,706
2157342,-44,4048,705
2157343,-27,4042,690
2157344,-6,4043,664
2157345,1,4060,631
2157346,-2,4077,593
2157347,1,4087,560
2157348,7,4096,546
2157349,5,4108,539
2157350,-10,4119,537
2157351,-43,4129,532
2157352,-90,4140,527
2157353,-134,4145,525
2157354,-173,4157,529
2157355,-203,4176,547
2157356,-237,4185,577
2157357,-277,4187,604
2157358,-307,4183,622
2157359,-330,4176,687
2157360,-339,4171,721
2157361,-343,4167,733
2157362,-337,4166,728
2157363,-329,4158,722
2157364,-317,4148,726
2157365,-300,4144,726
2157366,-285,4134,711
2157367,-266,4128,690
2157368,-245,4129,672
2157369,-226,4129,653
2157370,-208,4128,625
2157371,-202,4125,599
2157372,-210,4117,581
2157373,-222,4113,561
2157374,-233,4115,539
2157375,-241,4116,529
2157376,-249,4114,527
2157377,-265,4115,527
2157378,-285,4125,530
2157379,-304,4127,540
2157380,-314,4116,542
2157381,-313,4108,525
2157382,-308,4106,516
2157383,-298,4105,523
2157384,-290,4099,534
2157385,-293,4091,546
2157386,-301,4084,550
2157387,-309,4078,533
2157388,-321,4077,524
2157389,-331,4079,528
2157390,-340,4074,525
2157391,-345,4063,509
2157392,-345,4045,479
2157393,-345,4030,448
2157394,-346,4019,426
2157395,-354,4014,370
2157396,-360,4013,339
2157397,-370,4013,319
2157398,-384,4008,282
2157399,-381,3992,247
2157400,-361,3986,213
2157401,-343,3984,162
2157402,-335,3976,138
2157403,-332,3977,149
2157404,-329,3991,153
2157405,-315,4001,130
2157406,-288,3999,110
2157407,-258,3990,125
2157408,-238,3985,178
2157409,-236,3983,238
2157410,-225,3979,290
2157411,-198,3988,320
2157412,-172,3993,331
2157413,-154,3993,346
2157414,-139,3986,380
2157415,-128,3968,443
2157416,-138,3958,517
2157417,-157,3951,570
2157418,-154,3945,599
2157419,-142,3949,626
2157420,-151,3965,671
2157421,-172,3976,731
2157422,-186,3989,779
2157423,-188,4014,788
2157424,-184,4049,788
2157425,-188,4096,795
2157426,-183,4139,783
2157427,-157,4177,749
2157428,-138,4218,702
2157429,-122,4253,669
2157430,-104,4278,678
2157431,-126,4309,756
2157432,-134,4321,781
2157433,-137,4327,798
2157434,-128,4321,824
2157435,-131,4318,861
2157436,-138,4312,898
2157437,-134,4303,922
2157438,-126,4298,929
2157439,-112,4293,953
2157440,-103,4284,988
2157441,-109,4267,1017
2157442,-130,4248,1057
2157443,-147,4233,1079
2157444,-133,4224,1050
2157445,-98,4206,1005
2157446,-81,4187,987
2157447,-92,4169,991
2157448,-107,4135,995
2157449,-133,4111,980
2157450,-157,4095,933
2157451,-182,4074,890
2157452,-220,4050,866
2157453,-268,4030,864
2157454,-314,4021,845
2157455,-349,4016,784
2157456,-366,4015,703
2157457,-369,4021,614
2157458,-372,4038,528
2157459,-356,4045,460
2157460,-338,4055,432
2157461,-331,4070,410
2157462,-305,4064,370
2157463,-278,4052,371
2157464,-269,4061,415
2157465,-198,4075,418
2157466,-162,4085,470
2157467,-145,4098,569
2157468,-113,4100,637
2157469,-91,4105,677
2157470,-68,4121,695
2157471,-17,4138,700
2157472,16,4149,733
2157473,17,4168,775
2157474,34,4185,772
2157475,61,4203,750
2157476,81,4224,740
2157477,86,4252,760
2157478,69,4280,799
2157479,39,4301,824
2157480,0,4336,822
2157481,-30,4376,810
2157482,-53,4403,835
2157483,-80,4421,875
2157484,-112,4437,912
2157485,-143,4450,954
2157486,-169,4457,991
2157487,-183,4457,997
2157488,-185,4461,981
2157489,-206,4472,997
2157490,-249,4472,1044
2157491,-285,4459,1091
2157492,-344,4429,1088
2157493,-452,4438,1104
2157494,-568,4476,1230
2157495,-650,4456,1377
2157496,-669,4412,1446
2157497,-586,4376,1384
2157498,-209,4366,1006
2157499,-21,4385,831
2157500,163,4394,659
2157501,347,4380,492
2157502,488,4364,390
2157503,571,4342,336
2157504,574,4321,344
2157505,540,4301,349
2157506,497,4296,357
2157507,440,4311,391
2157508,393,4317,419
2157509,352,4324,466
2157510,311,4341,540
2157511,261,4355,632
2157512,205,4371,719
2157513,177,4382,783
2157514,158,4392,855
2157515,120,4406,938
2157516,75,4399,1019
2157517,28,4395,1107
2157518,-13,4402,1194
2157519,-36,4404,1269
2157520,-56,4419,1328
2157521,-59,4431,1350
2157522,-36,4423,1360
2157523,-22,4414,1379
2157524,-19,4414,1388
2157525,-6,4413,1375
2157526,21,4402,1331
2157527,29,4392,1306
2157528,11,4379,1301
2157529,-7,4362,1287
2157530,-15,4334,1210
2157531,-3,4321,1164
2157532,-1,4316,1126
2157533,-13,4313,1107
2157534,-16,4308,1086
2157535,-16,4304,1058
2157536,-33,4298,1031
2157537,-61,4290,1010
2157538,-86,4280,986
2157539,-105,4273,946
2157540,-127,4269,918
2157541,-157,4277,903
2157542,-180,4294,868
2157543,-181,4302,831
2157544,-173,4313,804
2157545,-166,4322,778
2157546,-163,4325,758
2157547,-164,4326,756
2157548,-168,4324,765
2157549,-177,4320,782
2157550,-188,4305,811
2157551,-198,4288,837
2157552,-196,4276,840
2157553,-186,4264,828
2157554,-161,4243,795
2157555,-140,4237,800
2157556,-128,4234,802
2157557,-102,4234,772
2157558,-66,4230,739
2157559,-51,4231,713
2157560,-41,4226,690
2157561,-22,4213,678
2157562,-1,4212,681
2157563,20,4216,679
2157564,40,4221,659
2157565,55,4227,645
2157566,67,4231,635
2157567,68,4239,642
2157568,56,4252,651
2157569,54,4260,657
2157570,50,4270,685
2157571,27,4285,716
2157572,5,4293,729
2157573,-5,4297,740
2157574,-27,4308,762
2157575,-49,4326,767
2157576,-60,4340,753
2157577,-66,4348,753
2157578,-80,4360,777
2157579,-99,4365,797
2157580,-100,4361,795
2157581,-98,4368,776
2157582,-106,4378,755
2157583,-111,4382,745
2157584,-119,4393,744
2157585,-139,4407,749
2157586,-157,4414,748
2157587,-167,4438,745
2157588,-187,4463,755
2157589,-214,4487,781
2157590,-229,4505,816
2157591,-241,4520,834
2157592,-259,4542,846
2157593,-280,4571,862
2157594,-297,4590,869
2157595,-307,4607,868
2157596,-308,4626,864
2157597,-306,4632,861
2157598,-302,4636,866
2157599,-304,4645,874
2157600,-322,4653,879
2157601,-337,4662,874
2157602,-342,4668,859
2157603,-346,4673,848
2157604,-342,4671,838
2157605,-337,4662,812
2157606,-338,4649,776
2157607,-339,4622,759
2157608,-355,4601,762
2157609,-367,4580,759
2157610,-355,4551,740
2157611,-346,4532,726
2157612,-350,4517,719
2157613,-344,4500,695
2157614,-309,4474,656
2157615,-271,4451,618
2157616,-247,4431,592
2157617,-220,4407,588
2157618,-197,4385,581
2157619,-174,4363,545
2157620,-153,4345,506
2157621,-122,4313,474
2157622,-100,4304,457
2157623,-78,4294,436
2157624,-64,4282,416
2157625,-59,4268,398
2157626,-59,4263,392
2157627,-56,4264,392
2157628,-51,4267,398
2157629,-55,4275,414
2157630,-55,4286,425
2157631,-49,4300,430
2157632,-41,4311,451
2157633,-35,4324,484
2157634,-37,4333,523
2157635,-41,4331,559
2157636,-49,4323,586
2157637,-55,4312,608
2157638,-61,4303,627
2157639,-76,4298,652
2157640,-91,4288,679
2157641,-98,4268,702
2157642,-98,4248,722
2157643,-101,4233,736
2157644,-101,4223,744
2157645,-92,4208,756
2157646,-77,4185,770
2157647,-48,4175,783
2157648,-24,4166,778
2157649,-1,4151,781
2157650,17,4132,801
2157651,28,4115,828
2157652,42,4102,842
2157653,57,4094,842
2157654,73,4088,844
2157655,88,4080,855
2157656,96,4074,864
2157657,106,4075,866
2157658,112,4076,867
2157659,111,4068,878
2157660,113,4066,884
2157661,118,4068,882
2157662,116,4075,878
2157663,111,4088,881
2157664,112,4094,895
2157665,106,4090,904
2157666,99,4079,912
2157667,93,4068,922
2157668,88,4063,934
2157669,86,4062,944
2157670,78,4066,956
2157671,75,4068,971
2157672,74,4060,980
2157673,71,4046,991
2157674,69,4030,1005
2157675,68,4014,1018
2157676,73,3999,1026
2157677,85,3974,1028
2157678,99,3936,1027
2157679,116,3900,1020
2157680,133,3861,1014
2157681,152,3820,1002
2157682,203,3752,937
2157683,233,3715,894
2157684,248,3678,859
2157685,260,3656,815
2157686,278,3647,765
2157687,290,3650,725
2157688,287,3661,679
2157689,279,3678,632
2157690,270,3710,602
2157691,249,3732,584
2157692,224,3737,568
2157693,203,3733,552
2157694,175,3728,542
2157695,143,3730,540
2157696,105,3730,543
2157697,71,3721,550
2157698,42,3706,568
2157699,10,3689,590
2157700,-23,3664,619
2157701,-54,3629,649
2157702,-67,3595,667
2157703,-60,3574,675
2157704,-45,3558,670
2157705,-27,3537,657
2157706,-4,3518,639
2157707,25,3501,616
2157708,64,3486,595
2157709,112,3481,575
2157710,165,3482,557
2157711,201,3485,528
2157712,223,3492,481
2157713,238,3500,433
2157714,239,3515,397
2157715,242,3536,374
2157716,249,3550,361
2157717,248,3554,358
2157718,242,3564,367
2157719,197,3601,379
2157720,174,3616,381
2157721,147,3636,391
2157722,116,3656,407
2157723,86,3676,428
2157724,57,3700,452
2157725,19,3721,478
2157726,-20,3736,515
2157727,-46,3750,552
2157728,-62,3761,582
2157729,-57,3770,609
2157730,-42,3780,630
2157731,-39,3794,635
2157732,-27,3804,647
2157733,-7,3806,678
2157734,9,3811,709
2157736,29,3820,723
2157737,46,3824,726
2157738,66,3828,729
2157739,95,3828,730
2157740,122,3825,731
2157741,143,3827,745
2157742,156,3833,754
2157743,164,3835,745
2157743,171,3833,730
2157744,168,3826,716
2157745,158,3819,701
2157746,147,3824,691
2157747,133,3835,687
2157748,125,3842,683
2157749,125,3842,684
2157750,127,3833,678
2157751,124,3825,654
2157752,118,3818,618
2157753,112,3806,582
2157754,89,3786,570
2157755,74,3790,573
2157756,56,3792,571
2157757,33,3791,562
2157758,21,3779,540
2157759,19,3770,528
2157760,20,3779,532
2157761,30,3790,537
2157762,42,3790,532
2157763,54,3787,523
2157764,64,3789,524
2157765,71,3799,522
2157766,70,3807,521
2157767,67,3807,535
2157768,66,3811,546
2157769,61,3822,550
2157770,59,3826,543
2157771,64,3834,539
2157772,67,3851,539
2157773,72,3868,535
2157774,81,3885,530
2157775,92,3897,530
2157776,104,3906,544
2157777,111,3908,563
2157778,118,3898,574
2157779,121,3888,585
2157780,118,3880,604
2157781,117,3867,627
2157782,119,3857,644
2157783,121,3852,651
2157784,122,3854,659
2157785,121,3861,667
2157786,116,3866,666
2157787,101,3873,657
2157788,87,3884,641
2157789,76,3900,624
2157790,60,3941,584
2157791,61,3964,569
2157792,51,3993,559
2157793,47,4023,564
2157794,50,4046,579
2157795,42,4060,588
2157796,32,4069,598
2157797,24,4074,616
2157798,13,4069,638
2157799,15,4063,666
2157800,22,4066,703
2157801,16,4065,729
2157802,12,4049,752
2157803,14,4031,778
2157804,24,4020,786
2157805,38,4008,779
2157806,48,3999,767
2157807,59,3997,751
2157808,70,3988,735
2157809,85,3965,710
2157810,100,3941,687
2157811,101,3930,663
2157812,102,3927,636
2157813,111,3924,606
2157814,119,3922,563
2157815,115,3932,512
2157816,108,3954,472
2157817,98,3978,433
2157818,85,3996,398
2157819,67,4015,378
2157820,42,4045,367
2157821,18,4079,363
2157822,-13,4100,358
2157823,-45,4115,357
2157824,-71,4137,368
2157825,-90,4161,382
2157826,-104,4182,398
2157827,-139,4202,452
2157828,-153,4199,500
2157829,-166,4192,536
2157830,-178,4181,563
2157831,-178,4166,592
2157832,-166,4148,628
2157833,-156,4137,663
2157834,-144,4126,668
2157835,-113,4110,658
2157837,-82,4101,661
2157838,-60,4107,661
2157839,-30,4123,656
2157840,-2,4135,641
2157841,15,4154,616
2157842,33,4184,599
2157843,58,4213,589
2157844,83,4240,577
2157845,92,4271,567
2157846,94,4297,568
2157847,97,4311,585
2157848,94,4322,617
2157849,88,4332,659
2157850,75,4334,705
2157851,54,4328,759
2157852,34,4310,824
2157853,15,4293,876
2157854,-2,4277,917
2157855,-14,4257,944
2157856,-28,4241,958
2157857,-34,4221,975
2157858,-18,4189,979
2157859,41,4133,925
2157860,90,4109,874
2157861,142,4085,827
2157862,192,4057,792
2157863,230,4033,751
2157864,256,4016,708
2157865,278,3995,676
2157866,295,3984,644
2157867,308,3984,611
2157867,317,3989,590
2157868,324,3991,566
2157869,333,3998,534
2157870,341,4009,511
2157871,340,4012,499
2157872,328,4013,495
2157873,305,4020,491
2157874,282,4037,478
2157875,268,4049,457
2157876,249,4054,439
2157877,220,4068,428
2157878,186,4077,418
2157879,148,4072,397
2157881,105,4068,376
2157881,67,4064,352
2157883,43,4064,325
2157884,32,4065,301
2157885,22,4062,283
2157886,5,4062,263
2157886,-20,4064,225
2157888,-42,4068,185
2157889,-49,4075,148
2157890,-46,4083,111
2157891,-48,4099,88
2157892,-57,4112,68
2157893,-61,4121,45
2157894,-59,4137,49
2157895,-70,4144,72
2157896,-79,4151,88
2157897,-80,4155,106
2157898,-82,4156,145
2157899,-93,4158,189
2157900,-107,4154,231
2157901,-117,4145,270
2157902,-118,4134,304
2157903,-119,4127,342
2157904,-126,4121,377
2157905,-126,4116,405
2157906,-121,4114,419
2157907,-111,4107,421
2157908,-96,4100,436
2157909,-77,4096,459
2157910,-54,4092,471
2157911,-37,4090,470
2157912,-31,4100,473
2157913,-22,4122,481
2157914,11,4159,483
2157915,55,4208,498
2157916,91,4247,516
2157917,119,4270,538
2157918,132,4282,563
2157919,131,4290,588
2157920,123,4295,623
2157921,110,4297,664
2157922,89,4293,711
2157923,66,4284,752
2157924,46,4273,783
2157925,38,4258,799
2157926,43,4232,808
2157927,48,4200,823
2157928,48,4154,843
2157929,65,4137,824
2157930,96,4116,809
2157931,123,4089,797
2157932,146,4064,773
2157933,167,4036,735
2157934,187,4008,700
2157935,208,3986,679
2157936,233,3968,656
2157937,266,3954,629
2157938,315,3940,604
2157939,364,3929,583
2157940,396,3923,559
2157941,426,3920,533
2157942,461,3914,525
2157943,484,3917,536
2157944,486,3925,552
2157945,480,3924,560
2157946,465,3924,569
2157947,450,3928,575
2157948,439,3930,575
2157949,429,3925,577
2157950,418,3923,588
2157951,407,3930,603
2157952,400,3933,611
2157953,385,3933,612
2157954,363,3924,610
2157955,342,3907,601
2157956,327,3902,591
2157957,319,3902,590
2157958,302,3894,577
2157959,283,3883,553
2157960,274,3872,537
2157961,269,3871,513
2157962,269,3879,483
2157963,274,3892,449
2157964,276,3906,419
2157965,270,3917,397
2157966,248,3951,352
2157967,228,3968,336
2157968,203,3986,327
2157969,185,4008,325
2157970,157,4038,328
2157971,123,4070,343
2157972,92,4096,371
2157973,56,4116,399
2157974,21,4137,417
2157975,-18,4157,441
2157976,-64,4161,486
2157977,-91,4158,529
2157978,-105,4163,575
2157979,-118,4171,623
2157980,-124,4179,661
2157981,-119,4183,691
2157982,-102,4175,726
2157983,-84,4169,760
2157984,-67,4170,783
2157985,-43,4163,799
2157986,-9,4147,804
2157987,29,4129,801
2157988,60,4119,809
2157989,87,4121,824
2157990,113,4123,827
2157991,135,4114,827
2157992,153,4096,829
2157993,165,4081,822
2157994,181,4072,818
2157995,204,4062,831
2157996,218,4053,842
2157997,226,4042,838
2157998,228,4030,838
2157999,229,4022,841
2158000,239,4013,828
2158001,248,4001,808
2158002,253,3985,785
2158003,259,3975,767
2158004,261,3964,753
2158005,261,3955,744
2158006,263,3948,728
2158007,272,3945,700
2158008,282,3944,672
2158009,286,3938,642
2158010,286,3931,627
2158011,290,3921,620
2158012,284,3906,614
2158013,276,3896,603
2158014,264,3893,585
2158015,239,3889,577
2158016,222,3880,581
2158017,221,3872,576
2158018,223,3874,557
2158019,220,3890,538
2158020,210,3916,518
2158021,192,3942,496
2158022,163,3969,469
2158022,135,4003,447
2158023,120,4048,436
2158024,102,4088,433
2158025,81,4121,430
2158026,60,4152,440
2158027,37,4179,468
2158028,13,4206,500
2158029,-17,4220,535
2158031,-44,4224,578
2158032,-56,4224,629
2158033,-63,4221,680
2158034,-71,4212,716
2158035,-71,4196,745
2158036,-64,4176,779
2158037,-57,4159,809
2158038,-49,4152,823
2158039,-39,4146,820
2158040,22,4126,827
2158041,51,4118,813
2158042,81,4116,786
2158043,114,4122,749
2158044,142,4130,714
2158045,164,4144,682
2158046,183,4159,651
2158047,196,4168,627
2158047,194,4173,601
2158048,187,4170,574
2158049,183,4170,546
2158050,168,4175,512
2158051,140,4182,484
2158052,105,4181,467
2158053,67,4170,448
2158054,26,4160,427
2158055,-10,4150,400
2158056,-43,4141,383
2158057,-73,4136,379
2158059,-99,4122,357
2158060,-121,4103,330
2158061,-136,4088,321
2158062,-151,4075,323
2158063,-162,4065,313
2158064,-161,4069,299
2158065,-153,4078,296
2158066,-144,4079,286
2158067,-134,4077,283
2158068,-122,4076,289
2158069,-109,4069,293
2158070,-95,4066,301
2158071,-83,4074,307
2158072,-67,4083,304
2158073,-48,4089,309
2158074,-30,4091,332
2158075,-15,4085,359
2158076,10,4097,411
2158077,27,4101,430
2158078,44,4097,462
2158079,61,4083,506
2158080,78,4068,558
2158081,95,4062,610
2158082,111,4057,652
2158083,123,4046,694
2158084,134,4035,744
2158085,145,4035,776
2158086,159,4036,795
2158087,178,4035,813
2158088,195,4029,833
2158088,201,4024,846
2158089,194,4023,845
2158090,183,4031,837
2158091,177,4042,839
2158092,183,4046,835
2158093,185,4047,816
2158094,177,4052,808
2158095,172,4053,816
2158096,166,4050,818
2158097,156,4050,802
2158098,133,4044,780
2158099,117,4040,759
2158100,112,4043,736
2158101,94,4042,712
2158102,76,4040,699
2158103,62,4039,694
2158104,45,4035,679
2158105,35,4037,655
2158106,27,4047,622
2158107,18,4060,585
2158108,11,4079,548
2158109,7,4102,524
2158110,-6,4126,517
2158111,-28,4149,518
2158112,-51,4170,529
2158113,-97,4204,550
2158114,-112,4226,552
2158115,-127,4228,548
2158116,-138,4229,559
2158117,-143,4231,577
2158118,-152,4229,589
2158119,-158,4219,604
2158120,-164,4207,616
2158121,-165,4196,633
2158122,-154,4191,638
2158123,-146,4188,627
2158124,-129,4181,611
2158125,-103,4180,588
2158126,-74,4188,562
2158128,-42,4191,530
2158129,-17,4185,503
2158130,3,4180,491
2158131,27,4176,482
2158132,51,4179,463
2158133,75,4188,449
2158134,99,4195,447
2158135,126,4208,452
2158136,147,4224,458
2158137,155,4233,464
2158138,157,4231,475
2158139,156,4226,496
2158140,159,4220,517
2158141,159,4219,537
2158142,155,4220,565
2158143,150,4216,595
2158144,142,4211,617
2158145,139,4202,627
2158146,144,4190,642
2158147,158,4187,702
2158148,155,4195,719
2158149,154,4190,729
2158150,164,4175,734
2158151,179,4163,731
2158152,188,4154,726
2158153,196,4148,726
2158154,203,4146,727
2158154,203,4146,729
2158155,200,4144,729
2158156,205,4142,727
2158157,211,4144,734
2158158,205,4150,721
2158159,195,4159,698
2158160,187,4175,689
2158161,179,4197,686
2158162,176,4214,682
2158163,177,4237,682
2158164,170,4268,681
2158165,150,4296,689
2158166,134,4318,713
2158167,116,4340,742
2158168,83,4362,779
2158169,42,4393,819
2158170,4,4415,845
2158171,-39,4427,870
2158172,-84,4440,898
2158173,-123,4446,927
2158174,-151,4446,947
2158175,-174,4437,961
2158176,-202,4423,981
2158177,-226,4409,1001
2158178,-243,4401,1017
2158180,-248,4391,1015
2158181,-241,4367,997
2158182,-233,4344,979
2158183,-224,4328,964
2158184,-176,4296,896
2158185,-147,4280,864
2158186,-121,4259,841
2158187,-106,4240,802
2158188,-98,4231,768
2158189,-91,4224,740
2158190,-84,4208,703
2158191,-74,4191,664
2158192,-66,4175,629
2158193,-60,4162,598
2158194,-42,4161,578
2158195,-29,4172,573
2158196,-28,4179,564
2158197,-35,4177,557
2158198,-46,4172,568
2158199,-65,4166,583
2158200,-85,4154,599
2158201,-92,4137,617
2158202,-102,4118,631
2158203,-117,4102,640
2158204,-133,4094,637
2158205,-154,4090,625
2158206,-164,4089,619
2158207,-168,4091,626
2158208,-183,4091,631
2158209,-201,4091,630
2158210,-215,4092,631
2158211,-226,4087,626
2158212,-241,4085,623
2158213,-259,4087,627
2158214,-278,4074,633
2158215,-303,4055,650
2158216,-338,4040,681
2158217,-389,4037,701
2158218,-440,4033,729
2158219,-453,4024,752
2158220,-439,4014,755
2158221,-408,4007,750
2158222,-372,4002,744
2158223,-342,4001,748
2158224,-319,3997,753
2158225,-295,3989,761
2158226,-260,3981,775
2158227,-222,3974,792
2158228,-185,3960,804
2158229,-153,3953,815
2158230,-122,3959,838
2158231,-82,3965,860
2158232,-46,3969,875
2158233,-16,3967,890
2158234,13,3955,902
2158235,40,3937,909
2158236,66,3924,917
2158237,88,3914,934
2158238,112,3907,955
2158239,136,3914,968
2158240,146,3921,978
2158241,147,3922,985
2158242,149,3923,986
2158243,141,3924,997
2158244,125,3924,1002
2158245,117,3915,991
2158246,109,3910,967
2158247,93,3911,934
2158248,68,3903,903
2158249,37,3902,875
2158250,3,3918,859
2158251,-38,3937,858
2158252,-112,3965,813
2158253,-135,3982,776
2158254,-147,4007,744
2158255,-154,4031,702
2158256,-164,4048,659
2158257,-174,4069,627
2158258,-181,4099,587
2158259,-181,4134,538
2158260,-175,4171,481
2158261,-169,4194,426
2158262,-171,4202,409
2158263,-180,4210,406
2158264,-188,4214,391
2158265,-196,4218,381
2158266,-191,4218,372
2158267,-175,4216,371
2158268,-165,4219,380
2158269,-156,4219,361
2158270,-142,4214,337
2158271,-136,4213,341
2158272,-136,4213,345
2158273,-131,4216,347
2158274,-129,4231,354
2158275,-126,4246,354
2158276,-130,4258,381
2158277,-151,4269,442
2158278,-170,4274,484
2158279,-168,4275,479
2158280,-157,4281,448
2158281,-148,4286,442
2158282,-155,4284,490
2158283,-189,4286,559
2158284,-213,4298,610
2158285,-208,4297,625
2158286,-210,4282,636
2158287,-217,4278,652
2158288,-155,4230,595
2158289,-131,4216,590
2158290,-139,4199,604
2158291,-134,4181,605
2158292,-103,4158,584
2158293,-69,4133,562
2158294,-44,4107,547
2158295,-33,4090,561
2158296,-27,4093,602
2158297,-32,4108,621
2158298,-23,4119,596
2158299,7,4134,574
2158300,18,4155,589
2158301,-1,4155,633
2158302,-41,4146,698
2158303,-71,4145,738
2158304,-78,4138,754
2158305,-88,4146,782
2158306,-87,4155,811
2158307,-78,4161,825
2158308,-78,4172,831
2158309,-92,4182,832
2158310,-98,4186,831
2158311,-86,4182,855
2158312,-70,4181,866
2158313,-56,4180,839
2158314,-43,4179,828
2158315,-49,4184,860
2158316,-71,4199,899
2158317,-69,4215,894
2158318,-54,4221,882
2158319,-53,4235,891
2158320,-45,4249,877
2158321,-30,4259,849
2158322,-20,4268,833
2158323,-6,4266,833
2158324,-26,4287,848
2158325,-40,4299,857
2158326,-40,4319,850
2158327,-43,4338,862
2158328,-51,4357,873
2158329,-48,4366,851
2158330,-45,4375,831
2158331,-52,4388,841
2158332,-63,4400,855
2158333,-31,4440,860
2158334,19,4464,883
2158335,-2,4403,865
2158336,-75,4369,839
2158337,-104,4387,845
2158338,-104,4395,860
2158339,-133,4398,914
2158340,-149,4383,956
2158341,-139,4366,960
2158342,-110,4351,943
2158343,-69,4352,925
2158344,-32,4355,894
2158345,-2,4346,835
2158346,32,4340,769
2158347,27,4342,737
2158348,-26,4352,735
2158349,-77,4349,711
2158350,-97,4341,653
2158351,-94,4331,578
2158352,-95,4324,518
2158353,-102,4335,488
2158354,-112,4339,446
2158355,-137,4336,402
2158356,-169,4339,372
2158357,-176,4331,347
2158358,-171,4318,341
2158359,-175,4313,338
2158360,-179,4313,351
2158361,-184,4313,421
2158362,-187,4317,444
2158363,-190,4319,494
2158364,-194,4323,529
2158365,-170,4315,514
2158366,-140,4306,514
2158367,-130,4306,551
2158368,-131,4302,592
2158369,-146,4295,638
2158370,-159,4294,671
2158371,-158,4294,683
2158372,-159,4298,686
2158373,-157,4298,688
2158374,-150,4292,697
2158375,-140,4290,706
2158376,-119,4284,695
2158377,-99,4277,650
2158378,-88,4268,606
2158379,-90,4263,596
2158380,-97,4254,607
2158381,-111,4243,625
2158382,-126,4238,637
2158383,-108,4228,618
2158384,-73,4211,593
2158385,-57,4200,607
2158386,-49,4188,623
2158387,-37,4179,620
2158388,-32,4180,620
2158389,-37,4171,621
2158390,-58,4167,623
2158391,-79,4168,623
2158392,-86,4164,620
2158393,-86,4170,621
2158394,-94,4181,623
2158395,-97,4188,607
2158396,-92,4198,582
2158397,-90,4223,601
2158398,-110,4239,638
2158399,-137,4255,672
2158400,-153,4277,692
2158401,-160,4302,712
2158402,-171,4325,736
2158403,-182,4338,760
2158404,-192,4350,801
2158405,-212,4375,838
2158406,-215,4389,847
2158407,-195,4394,841
2158408,-190,4402,842
2158409,-199,4402,840
2158410,-193,4385,831
2158411,-188,4374,849
2158412,-199,4376,880
2158413,-203,4369,892
2158414,-191,4355,905
2158415,-180,4347,937
2158416,-162,4328,959
2158417,-143,4301,976
2158418,-144,4289,995
2158419,-136,4284,1001
2158420,-106,4290,1002
2158421,-77,4296,977
2158422,-48,4289,934
2158423,-7,4282,905
2158424,30,4283,899
2158425,36,4291,912
2158426,48,4287,918
2158427,71,4277,912
2158428,79,4279,913
2158429,83,4275,939
2158430,88,4269,979
2158431,99,4267,998
2158432,130,4261,971
2158433,148,4259,974
2158434,162,4270,979
2158435,174,4273,959
2158436,171,4276,942
2158437,162,4278,924
2158438,168,4279,896
2158439,182,4293,868
2158440,185,4313,834
2158441,167,4342,806
2158442,138,4367,788
2158443,107,4385,768
2158444,72,4408,744
2158445,47,4441,711
2158446,32,4483,661
2158447,10,4524,614
2158448,-28,4559,577
2158449,-71,4586,566
2158450,-115,4614,565
2158451,-156,4647,554
2158452,-188,4681,552
2158453,-228,4705,566
2158454,-268,4718,586
2158455,-299,4726,608
2158456,-323,4732,632
2158457,-335,4732,663
2158458,-339,4723,690
2158459,-344,4699,715
2158460,-355,4672,761
2158461,-357,4651,808
2158462,-337,4627,825
2158463,-304,4609,828
2158464,-256,4582,823
2158465,-199,4543,815
2158466,-152,4519,819
2158467,-106,4506,809
2158468,-56,4490,791
2158469,21,4465,764
2158470,60,4450,744
2158471,93,4439,720
2158472,118,4430,687
2158473,131,4427,666
2158474,133,4413,649
2158475,140,4396,636
2158476,147,4392,638
2158477,124,4404,653
2158478,88,4410,660
2158479,73,4396,654
2158480,64,4380,657
2158481,39,4364,671
2158482,8,4345,682
2158483,-15,4321,683
2158484,-35,4291,687
2158485,-53,4264,694
2158486,-61,4240,697
2158487,-70,4217,685
2158488,-83,4195,665
2158489,-91,4177,651
2158490,-89,4159,639
2158491,-81,4138,628
2158492,-71,4127,622
2158493,-61,4124,617
2158494,-53,4120,611
2158495,-41,4121,603
2158496,-31,4124,602
2158497,-30,4126,616
2158498,-26,4125,627
2158499,-17,4123,627
2158500,-14,4127,638
2158501,-21,4132,670
2158502,-35,4136,702
2158503,-50,4136,720
2158504,-62,4135,728
2158505,-100,4155,756
2158506,-112,4161,770
2158507,-119,4158,771
2158508,-126,4156,752
2158509,-127,4157,733
2158510,-119,4159,726
2158511,-109,4160,719
2158512,-106,4149,714
2158513,-105,4141,714
2158514,-111,4136,712
2158515,-114,4124,712
2158516,-105,4113,710
2158517,-101,4102,691
2158518,-101,4094,663
2158519,-103,4090,649
2158520,-101,4085,640
2158521,-96,4076,634
2158522,-98,4062,634
2158523,-98,4040,621
2158524,-85,4012,611
2158525,-71,3992,610
2158526,-61,3974,605
2158527,-58,3947,598
2158528,-56,3920,583
2158529,-48,3897,558
2158530,-29,3876,526
2158531,-1,3860,493
2158532,24,3846,469
2158533,44,3833,441
2158534,64,3816,397
2158535,91,3801,341
2158536,112,3793,293
2158537,123,3791,248
2158538,135,3793,207
2158539,153,3791,179
2158540,158,3791,144
2158541,151,3793,106
2158542,126,3784,65
2158543,110,3782,61
2158544,87,3788,61
2158545,65,3796,55
2158546,45,3797,51
2158547,17,3797,59
2158548,-10,3796,82
2158549,-28,3796,116
2158550,-41,3796,147
2158551,-49,3798,181
2158552,-54,3805,222
2158553,-66,3821,256
2158554,-69,3840,284
2158555,-55,3856,323
2158556,-37,3869,368
2158557,-27,3880,403
2158558,-26,3887,425
2158559,-24,3893,454
2158560,-7,3900,501
2158561,19,3907,543
2158562,42,3908,570
2158563,70,3905,598
2158564,96,3900,618
2158565,121,3891,631
2158566,143,3876,647
2158567,158,3857,659
2158568,172,3845,662
2158569,185,3840,657
2158570,202,3836,650
2158571,216,3824,649
2158572,224,3815,646
2158573,225,3813,627
2158574,224,3810,602
2158575,230,3819,573
2158576,230,3837,541
2158577,220,3847,505
2158578,212,3851,467
2158579,191,3851,412
2158580,178,3852,397
2158581,153,3863,383
2158582,116,3883,371
2158583,79,3904,366
2158584,45,3911,367
2158585,20,3905,376
2158586,-5,3898,392
2158587,-29,3893,423
2158588,-50,3885,459
2158589,-66,3874,490
2158590,-68,3857,530
2158591,-73,3843,562
2158592,-76,3832,574
2158593,-70,3823,582
2158594,-63,3811,584
2158595,-49,3796,567
2158596,-24,3791,542
2158597,2,3792,534
2158598,37,3793,528
2158599,73,3788,525
2158600,102,3785,538
2158601,134,3783,544
2158602,163,3778,546
2158603,190,3776,550
2158604,218,3780,544
2158605,245,3780,544
2158606,270,3773,546
2158607,285,3771,536
2158607,297,3766,519
2158608,310,3762,497
2158609,320,3772,473
2158610,320,3785,456
2158611,312,3786,446
2158612,305,3784,438
2158613,287,3779,432
2158614,257,3773,427
2158615,184,3776,429
2158616,157,3770,436
2158617,140,3771,432
2158618,117,3782,426
2158619,96,3794,424
2158620,84,3802,424
2158621,67,3809,420
2158622,46,3811,419
2158623,32,3818,429
2158624,27,3834,425
2158625,32,3847,413
2158626,35,3856,423
2158627,38,3868,427
2158628,41,3884,424
2158629,44,3905,417
2158630,52,3922,413
2158631,59,3933,419
2158632,63,3948,417
2158633,63,3971,406
2158634,60,3995,394
2158635,62,4016,397
2158636,68,4038,412
2158637,70,4062,432
2158638,71,4087,465
2158639,78,4104,498
2158640,88,4114,524
2158641,85,4118,553
2158642,66,4124,576
2158643,47,4134,593
2158644,40,4141,618
2158645,37,4147,652
2158646,34,4149,693
2158647,32,4142,723
2158648,35,4137,743
2158649,42,4135,761
2158650,44,4135,765
2158651,60,4151,768
2158652,72,4162,757
2158653,83,4173,744
2158654,97,4181,736
2158655,103,4187,716
2158656,106,4195,691
2158657,108,4198,664
2158658,110,4198,628
2158659,111,4204,595
2158660,103,4200,572
2158661,96,4188,550
2158662,82,4176,524
2158663,65,4164,499
2158664,52,4152,479
2158665,31,4138,468
2158666,20,4128,433
2158667,18,4120,360
2158668,-44,4105,351
2158670,-83,4090,362
2158671,-34,4075,300
2158672,-9,4058,264
2158673,-20,4050,258
2158674,-20,4048,232
2158675,-9,4046,198
2158676,-5,4042,171
2158677,-18,4030,159
2158678,-30,4014,134
2158679,-37,4007,109
2158680,-46,4003,104
2158681,-36,3995,97
2158682,-17,3991,98
2158683,-12,3993,101
2158684,-9,3994,98
2158685,7,3977,102
2158686,24,3974,109
2158687,46,3983,117
2158688,60,3996,125
2158689,65,4007,140
2158690,71,4010,157
2158691,74,4012,174
2158692,67,4023,198
2158693,64,4033,231
2158694,66,4044,267
2158695,63,4061,301
2158696,61,4073,328
2158697,60,4075,349
2158698,50,4074,375
2158699,51,4075,412
2158700,70,4077,458
2158701,90,4080,486
2158702,101,4081,508
2158703,116,4076,530
2158704,131,4069,548
2158705,137,4061,569
2158706,151,4051,582
2158707,172,4040,590
2158708,186,4030,589
2158709,197,4020,580
2158710,214,4004,576
2158711,233,3988,577
2158712,245,3972,575
2158713,249,3959,571
2158714,252,3945,564
2158715,254,3931,554
2158716,251,3925,546
2158716,241,3932,539
2158717,229,3936,516
2158718,211,3936,486
2158719,188,3949,458
2158720,171,3964,435
2158721,158,3972,431
2158722,142,3981,448
2158723,124,3994,461
2158724,104,4006,464
2158725,60,4015,464
2158726,32,4024,476
2158727,8,4045,486
2158728,-8,4063,490
2158729,-24,4075,502
2158730,-37,4082,514
2158731,-47,4073,521
2158732,-57,4068,518
2158733,-48,4098,526
2158734,-9,4131,550
2158736,28,4137,573
2158737,49,4131,598
2158738,80,4129,596
2158739,122,4134,577
2158740,155,4140,577
2158741,170,4147,579
2158741,160,4159,572
2158742,137,4173,571
2158743,109,4183,570
2158744,95,4187,571
2158745,91,4181,565
2158746,85,4175,562
2158747,76,4181,560
2158748,71,4193,536
2158749,67,4208,511
2158750,57,4218,489
2158751,50,4220,467
2158752,41,4217,447
2158753,25,4215,432
2158754,7,4219,424
2158755,-2,4224,415
2158756,-8,4229,405
2158757,-16,4228,388
2158759,-7,4208,359
2158760,4,4200,343
2158761,16,4191,318
2158762,15,4172,302
2158763,11,4155,289
2158764,7,4147,270
2158765,2,4139,261
2158766,1,4131,258
2158767,4,4123,248
2158768,13,4108,231
2158769,20,4098,217
2158770,22,4096,205
2158771,27,4093,198
2158772,33,4094,173
2158773,32,4108,140
2158774,26,4123,129
2158775,25,4135,126
2158776,20,4151,137
2158777,6,4167,162
2158778,6,4178,171
2158779,6,4189,177
2158780,-9,4201,194
2158781,-32,4216,219
2158782,-49,4232,243
2158783,-62,4240,273
2158784,-76,4232,306
2158785,-78,4223,331
2158786,-73,4222,359
2158787,-61,4221,378
2158788,-45,4222,389
2158789,-30,4220,405
2158790,-19,4209,438
2158791,-9,4188,477
2158792,11,4168,502
2158793,42,4155,527
2158794,104,4139,554
2158795,128,4137,563
2158796,152,4130,574
2158797,176,4125,589
2158797,191,4129,604
2158798,206,4130,617
2158799,224,4125,625
2158800,239,4126,627
2158801,244,4134,626
2158802,244,4145,625
2158803,238,4165,637
2158804,228,4188,646
2158805,224,4203,639
2158806,217,4215,632
2158807,192,4225,631
2158808,156,4230,625
2158809,115,4227,613
2158810,72,4220,603
2158811,33,4228,592
2158812,-4,4243,581
2158813,-39,4248,559
2158814,-62,4245,542
2158815,-81,4235,543
2158816,-98,4219,537
2158818,-106,4197,529
2158819,-111,4186,518
2158820,-118,4182,511
2158821,-115,4178,497
2158822,-101,4170,460
2158823,-85,4156,427
2158824,-70,4145,412
2158825,-51,4140,405
2158826,-34,4136,397
2158827,-31,4126,389
2158828,-34,4109,377
2158829,-24,4085,348
2158830,3,4079,349
2158831,28,4067,343
2158832,50,4062,339
2158833,79,4062,324
2158834,107,4055,296
2158835,120,4049,273
2158836,127,4046,268
2158837,127,4040,266
2158838,125,4037,266
2158839,113,4030,281
2158840,93,4027,293
2158841,85,4035,292
2158842,82,4033,276
2158843,77,4028,261
2158844,76,4036,254
2158845,80,4047,256
2158846,73,4047,261
2158847,54,4041,236
2158848,42,4028,210
2158849,38,4019,206
2158850,42,4024,213
2158851,37,4030,215
2158852,25,4028,201
2158853,27,4021,190
2158854,31,4016,192
2158855,24,4018,192
2158856,19,4031,184
2158857,19,4044,190
2158858,20,4057,217
2158859,17,4067,246
2158860,12,4073,271
2158861,3,4077,303
2158862,-2,4077,341
2158863,2,4075,367
2158864,-4,4082,415
2158865,-23,4075,444
2158866,-26,4066,478
2158867,-23,4058,523
2158868,-23,4057,565
2158869,-13,4066,591
2158870,2,4080,611
2158871,7,4084,626
2158872,17,4082,630
2158873,34,4084,628
2158874,55,4083,637
2158875,84,4084,644
2158876,119,4081,645
2158877,156,4078,652
2158878,194,4082,654
2158879,224,4085,658
2158880,247,4085,670
2158881,266,4079,675
2158882,280,4075,672
2158883,294,4082,656
2158884,303,4088,639
2158885,303,4092,636
2158886,299,4103,634
2158887,284,4116,624
2158888,262,4126,601
2158889,247,4134,584
2158890,238,4138,579
2158891,222,4131,582
2158892,171,4117,563
2158893,136,4111,560
2158894,109,4092,549
2158895,73,4073,530
2158896,29,4059,507
2158897,-5,4050,479
2158898,-31,4044,447
2158899,-46,4035,424
2158900,-57,4019,419
2158901,-71,4004,414
2158902,-82,3987,410
2158903,-86,3968,408
2158904,-84,3953,397
2158905,-71,3942,384
2158906,-45,3935,374
2158907,-17,3927,358
2158908,5,3923,340
2158909,26,3923,321
2158910,54,3924,300
2158911,92,3928,286
2158912,116,3941,276
2158913,120,3967,264
2158914,122,3992,253
2158915,123,4017,244
2158916,121,4037,241
2158917,112,4051,265
2158918,99,4063,316
2158919,85,4070,376
2158920,58,4082,443
2158921,33,4092,506
2158922,16,4091,553
2158923,-5,4081,633
2158924,-9,4067,669
2158925,-1,4056,686
2158926,16,4048,692
2158927,33,4046,700
2158928,51,4044,703
2158929,72,4039,697
2158930,89,4047,685
2158931,100,4062,654
2158932,98,4072,607
2158933,87,4086,576
2158934,80,4103,565
2158935,75,4114,548
2158936,67,4122,537
2158937,58,4128,538
2158938,49,4140,533
2158939,36,4153,522
2158940,15,4150,513
2158941,-8,4145,507
2158942,-25,4146,500
2158943,-42,4142,488
2158944,-57,4138,487
2158945,-67,4129,493
2158946,-77,4115,493
2158947,-92,4102,485
2158948,-101,4086,480
2158949,-100,4074,483
2158950,-94,4065,469
2158951,-86,4052,431
2158952,-78,4036,389
2158953,-72,4026,361
2158954,-61,4024,345
2158955,-40,4018,331
2158956,-18,4004,309
2158957,11,3987,265
2158958,24,3977,243
2158959,34,3972,218
2158960,35,3980,194
2158961,25,3996,183
2158962,11,4017,178
2158963,1,4036,168
2158964,-8,4056,155
2158965,-18,4080,138
2158966,-25,4101,122
2158967,-32,4121,128
2158968,-39,4143,154
2158969,-52,4160,191
2158970,-67,4169,229
2158971,-83,4174,277
2158972,-89,4177,331
2158973,-93,4165,385
2158974,-99,4143,436
2158975,-99,4124,486
2158976,-88,4098,531
2158977,-66,4071,575
2158978,-34,4054,624
2158979,4,4033,658
2158980,48,4009,678
2158981,97,3995,696
2158982,146,3989,710
2158983,196,3986,718
2158984,245,3985,712
2158985,292,3981,699
2158986,330,3980,692
2158987,351,3987,688
2158988,362,3998,679
2158989,371,4004,667
2158990,364,4010,663
2158991,313,4048,676
2158992,278,4064,680
2158993,234,4083,676
2158994,187,4100,677
2158995,143,4109,680
2158996,105,4120,676
2158997,60,4127,677
2158998,10,4119,686
2158999,-29,4112,706
2159000,-56,4107,717
2159001,-77,4096,711
2159002,-105,4087,700
2159003,-124,4082,676
2159004,-126,4082,635
2159005,-126,4078,599
2159006,-115,4060,577
2159007,-98,4038,548
2159008,-92,4026,521
2159009,-87,4018,496
2159010,-68,4011,466
2159011,-51,4006,438
2159012,-40,4010,401
2159013,-25,4023,365
2159014,-11,4039,338
2159015,9,4054,304
2159016,30,4060,283
2159017,40,4062,277
2159018,45,4065,267
2159019,48,4069,265
2159020,46,4076,278
2159021,34,4087,274
2159022,13,4095,266
2159023,-9,4096,270
2159024,-24,4099,272
2159025,-66,4114,269
2159026,-78,4121,260
2159027,-86,4129,257
2159028,-93,4137,255
2159029,-102,4145,252
2159030,-104,4148,253
2159031,-88,4143,259
2159032,-69,4149,274
2159033,-63,4159,295
2159034,-71,4157,317
2159035,-74,4150,343
2159036,-61,4147,367
2159037,-43,4141,384
2159038,-23,4132,417
2159039,-2,4127,450
2159040,16,4129,466
2159041,34,4131,485
2159042,65,4128,506
2159043,99,4121,523
2159044,138,4102,532
2159045,179,4083,533
2159046,213,4072,536
2159047,245,4067,544
2159048,277,4064,547
2159049,302,4055,555
2159050,319,4043,561
2159051,333,4041,563
2159052,338,4047,574
2159053,336,4056,587
2159054,333,4069,595
2159055,324,4078,596
2159056,309,4088,594
2159057,301,4101,585
2159058,299,4111,582
2159059,291,4119,596
2159060,279,4138,610
2159061,267,4172,618
2159062,257,4206,621
2159063,252,4228,635
2159064,246,4242,645
2159065,243,4261,660
2159066,240,4281,678
2159067,242,4300,692
2159068,260,4320,704
2159069,271,4339,713
2159070,266,4352,735
2159071,261,4364,759
2159072,260,4384,766
2159073,259,4400,773
2159074,263,4403,778
2159075,272,4403,777
2159076,274,4404,782
2159077,273,4408,793
2159078,269,4416,803
2159079,253,4422,805
2159080,226,4426,792
2159081,204,4428,770
2159082,181,4435,758
2159083,153,4452,732
2159084,118,4471,683
2159085,77,4489,639
2159086,39,4519,602
2159087,0,4551,560
2159088,-36,4576,528
2159089,-76,4585,506
2159090,-127,4578,485
2159091,-182,4580,467
2159092,-234,4587,463
2159093,-279,4581,471
2159094,-331,4573,483
2159095,-378,4562,498
2159096,-411,4544,516
2159097,-440,4527,525
2159098,-481,4483,498
2159099,-499,4470,484
2159100,-502,4456,480
2159101,-492,4431,462
2159102,-472,4402,423
2159103,-445,4387,394
2159104,-410,4373,377
2159105,-379,4344,348
2159106,-355,4323,314
2159107,-327,4312,287
2159108,-292,4302,263
2159109,-261,4292,223
2159110,-239,4274,190
2159111,-223,4259,180
2159112,-215,4259,171
2159113,-214,4260,165
2159114,-218,4259,165
2159115,-227,4264,167
2159116,-237,4265,176
2159117,-253,4260,190
2159118,-276,4260,214
2159119,-299,4258,252
2159120,-324,4253,290
2159121,-339,4246,329
2159122,-340,4241,362
2159123,-344,4229,381
2159124,-357,4212,402
2159125,-370,4200,435
2159126,-373,4180,464
2159127,-367,4158,486
2159128,-349,4137,512
2159129,-328,4120,534
2159130,-312,4109,559
2159131,-294,4098,582
2159132,-275,4083,585
2159133,-257,4063,584
2159134,-236,4042,586
2159135,-185,4004,583
2159136,-157,3984,583
2159137,-135,3970,581
2159138,-110,3963,584
2159139,-85,3961,591
2159140,-69,3958,594
2159141,-58,3948,598
2159142,-46,3939,597
2159143,-35,3938,599
2159144,-33,3941,612
2159145,-31,3937,613
2159146,-19,3926,604
2159147,-21,3927,601
2159148,-33,3927,600
2159149,-40,3913,594
2159150,-49,3906,594
2159151,-73,3902,602
2159152,-102,3894,605
2159153,-121,3896,598
2159154,-142,3910,582
2159155,-169,3924,562
2159156,-199,3933,547
2159157,-220,3952,538
2159158,-235,3976,537
2159159,-253,3991,519
2159160,-265,4004,496
2159161,-267,4024,490
2159162,-261,4045,485
2159163,-257,4064,474
2159164,-248,4075,457
2159165,-229,4079,447
2159166,-213,4087,463
2159167,-182,4103,504
2159168,-152,4110,526
2159169,-115,4106,543
2159170,-71,4104,545
2159171,-26,4107,545
2159172,10,4109,540
2159173,37,4110,529
2159174,66,4100,533
2159175,96,4090,537
2159176,121,4093,523
2159177,139,4092,499
2159178,152,4085,474
2159179,168,4074,448
2159180,178,4074,430
2159181,175,4077,417
2159182,168,4069,396
2159183,165,4057,371
2159184,160,4048,339
2159185,138,4040,312
2159186,105,4026,295
2159187,73,4015,278
2159188,53,3998,278
2159189,33,3969,290
2159190,3,3947,293
2159191,-30,3937,302
2159192,-59,3941,307
2159193,-69,3947,288
2159194,-73,3959,254
2159195,-79,3973,228
2159196,-75,3971,207
2159197,-77,3965,193
2159198,-93,3980,194
2159199,-109,4007,200
2159200,-115,4034,199
2159201,-122,4101,189
2159202,-123,4137,186
2159203,-116,4159,188
2159204,-117,4183,209
2159205,-122,4209,235
2159206,-116,4220,253
2159207,-115,4236,270
2159208,-128,4254,286
2159209,-141,4263,311
2159210,-158,4264,354
2159211,-170,4266,396
2159212,-175,4274,443
2159213,-171,4280,494
2159214,-161,4286,534
2159215,-151,4281,563
2159216,-136,4272,562
2159217,-109,4262,540
2159218,-85,4249,539
2159219,-84,4241,568
2159220,-75,4241,573
2159221,-38,4231,547
2159222,-9,4212,537
2159223,-7,4206,546
2159224,-14,4199,555
2159225,-16,4186,550
2159226,-15,4188,528
2159227,-25,4203,508
2159228,-47,4222,493
2159229,-63,4239,474
2159230,-71,4265,464
2159231,-83,4298,448
2159232,-95,4321,401
2159233,-97,4336,377
2159234,-109,4368,393
2159235,-133,4399,415
2159236,-151,4414,432
2159237,-181,4433,493
2159238,-222,4442,556
2159239,-235,4448,574
2159240,-220,4448,569
2159241,-218,4451,607
2159242,-232,4452,677
2159243,-246,4451,730
2159244,-228,4444,736
2159245,-188,4418,738
2159246,-165,4394,767
2159247,-140,4380,791
2159248,-105,4365,815
2159249,-90,4359,843
2159250,-94,4351,863
2159251,-101,4344,882
2159252,-95,4329,922
2159253,-94,4313,976
2159254,-107,4316,983
2159255,-88,4312,931
2159256,-54,4312,899
2159257,-33,4313,893
2159258,-7,4307,871
2159259,12,4311,850
2159260,16,4313,832
2159261,16,4307,810
2159262,8,4297,811
2159263,-12,4294,840
2159264,-34,4283,858
2159265,-64,4266,856
2159266,-78,4253,854
2159267,-58,4234,833
2159268,-41,4219,817
2159269,-48,4220,832
2159270,-42,4211,831
2159271,-13,4197,793
2159272,5,4185,778
2159273,-27,4170,867
2159274,3,4163,857
2159275,38,4166,832
2159276,53,4173,815
2159277,43,4183,807
2159278,25,4187,817
2159279,2,4196,826
2159280,-9,4207,822
2159281,4,4224,798
2159282,13,4241,778
2159283,8,4256,784
2159284,0,4284,786
2159285,-10,4306,756
2159286,-27,4318,727
2159287,-50,4339,736
2159288,-92,4359,758
2159289,-146,4369,763
2159290,-169,4377,752
2159291,-162,4382,740
2159292,-168,4385,739
2159293,-177,4382,743
2159294,-174,4378,764
2159295,-178,4372,801
2159296,-188,4360,824
2159297,-183,4351,832
2159298,-154,4337,822
2159299,-131,4324,803
2159300,-120,4316,798
2159301,-102,4304,788
2159302,-86,4289,777
2159303,-66,4273,781
2159304,-37,4257,793
2159305,-14,4243,800
2159306,-3,4231,771
2159307,-7,4226,728
2159308,-8,4221,704
2159309,28,4206,652
2159310,53,4211,610
2159311,62,4222,565
2159312,67,4226,507
2159313,57,4238,437
2159314,31,4249,384
2159315,-1,4261,367
2159316,-45,4286,367
2159317,-84,4302,350
2159318,-113,4309,315
2159319,-148,4320,296
2159320,-187,4329,298
2159321,-221,4341,318
2159322,-246,4357,339
2159323,-266,4374,337
2159324,-279,4382,314
2159325,-285,4384,299
2159326,-289,4396,292
2159327,-289,4403,291
2159328,-275,4408,290
2159329,-252,4414,281
2159330,-225,4409,271
2159331,-206,4401,279
2159332,-192,4390,301
2159333,-178,4381,316
2159334,-168,4378,318
2159335,-147,4368,315
2159336,-123,4361,323
2159337,-104,4371,336
2159338,-93,4385,365
2159339,-93,4397,408
2159340,-99,4421,440
2159341,-103,4453,467
2159342,-100,4483,494
2159343,-93,4509,513
2159344,-95,4571,577
2159345,-93,4596,622
2159346,-88,4616,671
2159347,-89,4641,722
2159348,-80,4657,747
2159349,-72,4669,771
2159350,-73,4670,823
2159351,-89,4663,895
2159352,-109,4668,953
2159353,-110,4672,986
2159354,-93,4670,1003
2159355,-67,4666,1006
2159356,-47,4658,1010
2159357,-28,4651,1017
2159358,-5,4646,1011
2159359,14,4643,988
2159360,34,4638,955
2159361,61,4628,930
2159362,74,4622,919
2159363,77,4620,897
2159364,93,4614,846
2159365,97,4607,795
2159366,80,4596,761
2159367,61,4580,726
2159368,41,4570,696
2159369,16,4572,662
2159370,2,4574,590
2159371,0,4575,506
2159372,-10,4576,446
2159373,-27,4572,400
2159374,-69,4571,305
2159375,-85,4575,264
2159376,-94,4574,233
2159377,-103,4567,216
2159378,-107,4562,203
2159379,-108,4557,178
2159380,-118,4558,150
2159381,-123,4567,131
2159382,-127,4572,131
2159383,-142,4571,152
2159384,-151,4571,173
2159385,-148,4573,182
2159386,-144,4572,185
2159387,-144,4568,171
2159388,-130,4552,153
2159389,-115,4533,148
2159390,-110,4525,173
2159391,-99,4522,218
2159392,-93,4521,246
2159393,-82,4518,244
2159394,-57,4511,232
2159395,-36,4503,228
2159396,-24,4499,232
2159397,-12,4498,224
2159399,0,4491,206
2159399,9,4485,189
2159400,9,4495,173
2159401,-2,4510,173
2159403,-20,4520,177
2159404,-43,4529,174
2159405,-95,4528,184
2159406,-128,4532,202
2159407,-160,4538,208
2159408,-184,4538,196
2159409,-215,4526,186
2159410,-261,4514,190
2159411,-306,4506,191
2159412,-344,4486,184
2159413,-368,4458,176
2159414,-378,4436,161
2159415,-376,4407,133
2159416,-364,4374,105
2159417,-345,4344,86
2159418,-322,4310,65
2159419,-302,4269,33
2159420,-281,4226,-5
2159421,-265,4191,-38
2159422,-257,4168,-73
2159423,-242,4145,-100
2159424,-202,4126,-107
2159425,-157,4099,-106
2159426,-132,4070,-127
2159427,-112,4052,-161
2159428,-63,4025,-160
2159429,-36,4015,-147
2159430,-7,4007,-150
2159431,20,3994,-148
2159432,41,3972,-118
2159433,64,3949,-81
2159434,82,3940,-49
2159435,95,3936,-26
2159436,93,3931,0
2159437,28,3881,31
2159438,-174,3808,10
2159439,-234,3926,71
2159440,-78,4026,250
2159441,30,3950,276
2159442,75,3909,207
2159443,169,3892,120
2159444,293,3887,31
2159445,323,3907,47
2159446,285,3927,102
2159447,211,3934,163
2159448,111,3930,226
2159449,20,3924,281
2159450,-28,3915,309
2159451,-43,3897,318
2159452,-46,3883,334
2159453,-40,3870,352
2159454,-48,3836,367
2159455,-47,3828,392
2159456,4,3861,456
2159457,127,3850,525
2159458,153,3831,527
2159459,180,3816,513
2159460,203,3812,501
2159461,218,3805,514
2159462,226,3800,538
2159463,227,3802,568
2159464,226,3793,613
2159465,229,3783,641
2159466,235,3783,642
2159467,244,3780,637
2159468,263,3771,644
2159469,285,3753,639
2159470,295,3727,613
2159471,297,3704,596
2159472,306,3692,591
2159473,314,3681,574
2159474,305,3671,541
2159475,289,3670,520
2159476,280,3663,499
2159477,273,3645,467
2159478,264,3630,432
2159479,250,3624,392
2159480,227,3618,346
2159481,202,3610,302
2159482,185,3607,269
2159483,170,3614,238
2159484,148,3620,211
2159485,117,3621,190
2159486,91,3626,171
2159487,65,3633,152
2159488,37,3639,140
2159489,15,3640,145
2159490,-1,3642,169
2159491,-15,3648,192
2159492,-18,3653,200
2159493,-11,3660,208
2159494,1,3661,223
2159495,11,3654,232
2159496,12,3650,253
2159497,21,3652,287
2159498,42,3656,304
2159499,50,3656,314
2159500,60,3645,324
2159501,82,3642,340
2159502,103,3639,355
2159503,123,3643,360
2159504,141,3648,361
2159505,159,3650,357
2159506,186,3664,353
2159507,206,3685,355
2159508,207,3701,343
2159509,200,3718,319
2159510,197,3736,293
2159511,196,3752,265
2159512,192,3767,254
2159513,183,3784,257
2159514,168,3802,259
2159515,144,3818,243
2159516,118,3832,211
2159517,87,3838,189
2159518,55,3840,168
2159519,28,3844,145
2159520,3,3852,127
2159521,-29,3858,120
2159522,-58,3862,118
2159523,-84,3869,132
2159524,-104,3872,150
2159525,-119,3875,144
2159526,-131,3884,139
2159527,-134,3898,148
2159528,-129,3915,158
2159529,-120,3932,174
2159530,-112,3944,190
2159531,-104,3942,210
2159532,-96,3933,232
2159533,-87,3929,253
2159534,-74,3930,283
2159535,-62,3928,307
2159536,-39,3915,352
2159537,-28,3916,371
2159538,-21,3908,386
2159539,-8,3899,406
2159540,4,3897,430
2159541,15,3894,452
2159542,26,3892,460
2159543,34,3892,457
2159544,42,3898,442
2159545,57,3911,413
2159546,71,3926,391
2159547,73,3938,377
2159548,64,3952,367
2159549,68,3961,356
2159550,72,3965,346
2159551,56,3979,330
2159552,39,4003,318
2159553,17,4026,325
2159554,-6,4037,340
2159555,-24,4043,356
2159556,-47,4055,369
2159557,-71,4065,377
2159558,-95,4064,380
2159559,-116,4061,374
2159560,-124,4060,364
2159561,-124,4054,366
2159562,-124,4045,380
2159563,-125,4036,389
2159564,-123,4025,394
2159565,-113,4010,403
2159566,-100,3998,414
2159567,-89,3989,423
2159568,-71,3973,421
2159569,-51,3958,416
2159570,-24,3939,406
2159571,1,3933,424
2159572,35,3931,442
2159573,74,3931,435
2159574,109,3938,426
2159575,127,3950,423
2159576,131,3955,415
2159577,127,3952,413
2159578,119,3949,416
2159579,116,3951,424
2159580,116,3951,443
2159581,123,3942,464
2159582,136,3940,484
2159583,137,3939,508
2159584,131,3935,527
2159585,133,3934,527
2159586,146,3944,524
2159587,154,3962,524
2159588,144,3971,520
2159589,127,3972,521
2159590,116,3973,518
2159591,111,3970,508
2159592,97,3958,504
2159593,84,3946,508
2159594,70,3936,513
2159595,54,3930,509
2159596,36,3930,501
2159597,18,3926,499
2159598,11,3917,489
2159599,3,3905,474
2159600,-8,3893,467
2159601,-11,3890,447
2159602,-10,3903,408
2159603,-15,3919,368
2159604,-20,3936,328
2159605,-15,3944,312
2159606,-16,3958,303
2159607,-18,3975,297
2159608,-22,3986,291
2159609,-31,4003,288
2159610,-37,4033,295
2159611,-40,4062,310
2159612,-54,4075,322
2159613,-73,4075,330
2159614,-87,4079,346
2159615,-108,4089,369
2159616,-125,4099,392
2159617,-129,4110,407
2159618,-122,4118,405
2159619,-112,4121,396
2159620,-103,4124,394
2159621,-88,4129,395
2159622,-72,4127,406
2159623,-52,4120,419
2159624,-34,4122,417
2159625,-11,4125,410
2159626,21,4124,403
2159627,48,4122,398
2159628,64,4117,393
2159629,78,4109,379
2159630,98,4106,361
2159631,114,4110,349
2159632,123,4105,333
2159633,129,4094,310
2159634,132,4083,292
2159635,131,4063,280
2159636,129,4012,299
2159637,116,3998,301
2159638,109,3985,293
2159639,116,3972,289
2159640,119,3959,279
2159641,110,3944,266
2159642,102,3935,254
2159643,104,3925,238
2159644,105,3913,225
2159645,100,3908,210
2159646,94,3909,192
2159647,87,3911,166
2159648,86,3915,127
2159649,79,3920,97
2159650,66,3927,74
2159651,48,3942,47
2159652,28,3964,26
2159653,15,3978,10
2159654,-4,3991,2
2159655,-25,4010,6
2159656,-41,4026,13
2159657,-50,4041,22
2159658,-54,4056,38
2159659,-61,4061,63
2159660,-67,4068,85
2159661,-70,4073,114
2159662,-70,4076,157
2159663,-69,4074,186
2159664,-64,4066,204
2159665,-56,4067,225
2159666,-49,4070,249
2159667,-24,4081,290
2159668,7,4080,303
2159669,43,4081,301
2159670,71,4093,302
2159671,81,4108,308
2159672,83,4121,313
2159673,99,4131,323
2159674,113,4141,337
2159675,116,4154,346
2159676,120,4162,351
2159677,116,4168,353
2159678,107,4179,356
2159679,96,4181,351
2159680,80,4176,350
2159681,66,4182,364
2159682,51,4193,380
2159683,36,4197,389
2159684,25,4189,388
2159685,13,4173,389
2159686,-1,4163,385
2159687,-8,4161,376
2159688,-10,4161,369
2159689,-9,4155,361
2159690,-6,4146,346
2159691,0,4148,324
2159692,10,4151,304
2159693,17,4150,285
2159694,18,4148,271
2159695,24,4139,260
2159696,30,4122,253
2159697,31,4106,244
2159698,21,4102,232
2159699,3,4108,223
2159700,-10,4111,210
2159701,-32,4119,201
2159702,-56,4126,204
2159703,-70,4140,246
2159704,-67,4164,264
2159705,-65,4185,271
2159706,-61,4209,286
2159707,-45,4223,300
2159708,-24,4229,309
2159709,-16,4240,342
2159710,-12,4247,396
2159711,-5,4246,441
2159712,11,4241,478
2159713,34,4232,511
2159714,51,4225,536
2159715,58,4217,559
2159716,67,4204,581
2159717,80,4188,614
2159718,84,4165,653
2159719,86,4143,675
2159720,99,4128,684
2159721,118,4125,689
2159722,136,4124,683
2159723,158,4116,658
2159724,177,4109,624
2159725,184,4098,590
2159726,190,4079,565
2159727,188,4067,534
2159728,170,4061,512
2159729,159,4059,512
2159730,155,4051,498
2159731,134,4048,471
2159732,98,4051,455
2159733,66,4054,430
