1966094,240,4206,106
1966095,445,4175,203
1966097,493,4144,305
1966098,309,4120,311
1966099,113,4108,271
1966100,-2,4112,257
1966101,-53,4125,289
1966102,-18,4136,320
1966103,75,4141,338
1966104,168,4145,383
1966105,224,4131,470
1966106,213,4078,562
1966107,143,4019,614
1966108,75,4002,639
1966109,57,4011,645
1966110,68,4020,596
1966111,78,4035,509
1966112,85,4051,423
1966113,102,4057,343
1966114,121,4062,261
1966115,122,4069,189
1966116,104,4075,143
1966117,69,4085,110
1966118,33,4102,102
1966119,13,4119,148
1966120,-8,4143,192
1966121,7,4166,228
1966122,50,4163,287
1966123,84,4131,382
1966124,106,4114,471
1966125,132,4122,498
1966126,157,4136,464
1966127,181,4152,398
1966128,192,4173,333
1966129,184,4190,292
1966130,162,4196,260
1966131,132,4187,223
1966132,95,4174,194
1966133,43,4180,195
1966134,-9,4196,214
1966135,-27,4204,224
1966136,-20,4204,230
1966137,-22,4208,256
1966138,-31,4214,294
1966139,-33,4222,332
1966140,-15,4234,359
1966141,23,4239,392
1966142,56,4218,438
1966143,72,4174,484
1966144,82,4135,528
1966145,106,4119,540
1966146,135,4123,506
1966147,144,4138,445
1966148,138,4153,368
1966149,134,4158,294
1966150,108,4166,252
1966151,49,4182,240
1966152,-12,4189,229
1966153,-55,4182,219
1966154,-105,4192,204
1966155,-110,4208,221
1966156,-96,4226,240
1966157,-56,4240,250
1966158,-7,4253,266
1966159,30,4257,306
1966160,58,4252,365
1966161,98,4246,391
1966162,159,4235,388
1966163,213,4213,415
1966164,228,4187,484
1966165,220,4166,555
1966166,220,4147,602
1966167,227,4135,634
1966168,246,4120,655
1966169,274,4088,652
1966170,291,4072,632
1966171,278,4088,622
1966172,245,4116,595
1966173,228,4140,502
1966174,223,4162,394
1966175,196,4184,335
1966176,146,4193,305
1966177,87,4192,296
1966178,38,4189,305
1966179,4,4184,311
1966180,-12,4182,296
1966181,-10,4184,280
1966182,2,4186,271
1966183,27,4174,249
1966184,48,4166,246
1966185,44,4180,290
1966186,42,4199,330
1966187,77,4201,330
1966188,130,4190,318
1966189,172,4178,333
1966190,197,4165,368
1966191,210,4155,410
1966192,215,4128,468
1966193,218,4078,518
1966194,230,4041,550
1966195,237,4030,571
1966196,229,4040,566
1966197,214,4059,522
1966198,189,4082,469
1966199,163,4108,422
1966200,138,4127,358
1966201,74,4155,253
1966202,49,4166,234
1966203,10,4182,249
1966204,-21,4197,284
1966205,-18,4200,288
1966206,8,4198,252
1966207,25,4205,265
1966208,25,4219,338
1966209,40,4216,403
1966210,73,4194,450
1966211,99,4193,485
1966212,104,4222,492
1966213,115,4243,460
1966214,162,4244,419
1966215,205,4235,414
1966216,228,4215,441
1966217,241,4187,471
1966218,220,4173,521
1966219,180,4175,571
1966220,182,4165,559
1966221,213,4158,523
1966222,212,4166,518
1966223,192,4162,526
1966224,182,4151,526
1966225,162,4160,550
1966226,138,4165,570
1966227,142,4151,539
1966228,155,4154,519
1966229,142,4175,534
1966230,120,4192,526
1966231,109,4203,498
1966232,110,4214,484
1966233,133,4223,457
1966234,167,4238,402
1966235,184,4263,340
1966236,172,4275,320
1966237,140,4272,373
1966238,123,4259,402
1966239,141,4244,337
1966240,153,4226,272
1966241,79,4242,338
1966242,-1,4269,402
1966243,-6,4277,375
1966244,29,4264,296
1966245,26,4261,281
1966246,-1,4269,324
1966247,-5,4270,335
1966248,36,4265,316
1966249,96,4260,309
1966250,124,4261,360
1966251,124,4247,462
1966252,132,4218,528
1966253,156,4202,549
1966254,180,4209,578
1966255,182,4230,595
1966256,184,4253,549
1966257,206,4278,463
1966258,224,4294,398
1966258,208,4307,369
1966259,158,4321,366
1966260,103,4328,372
1966262,66,4328,371
1966263,43,4327,372
1966264,19,4335,386
1966265,3,4339,387
1966265,14,4334,364
1966266,38,4330,336
1966268,49,4329,358
1966268,40,4328,455
1966269,33,4317,567
1966270,46,4286,632
1966271,100,4243,613
1966272,180,4218,543
1966273,215,4211,517
1966274,194,4212,541
1966275,167,4224,538
1966276,141,4253,494
1966277,123,4276,432
1966278,105,4267,306
1966279,81,4247,278
1966280,38,4239,295
1966281,-6,4238,316
1966283,-8,4228,276
1966284,3,4229,250
1966285,-13,4243,310
1966286,-15,4225,369
1966287,37,4174,369
1966288,86,4155,382
1966289,73,4173,412
1966290,46,4189,384
1966291,57,4205,317
1966292,74,4221,260
1966293,95,4221,211
1966294,120,4217,183
1966295,111,4219,193
1966296,91,4206,203
1966297,88,4183,203
1966298,65,4182,261
1966299,28,4181,376
1966300,35,4146,457
1966301,71,4109,481
1966302,90,4112,496
1966303,101,4134,502
1966304,130,4146,468
1966305,159,4164,417
1966306,178,4184,360
1966307,205,4182,291
1966308,207,4179,267
1966309,158,4183,307
1966310,113,4176,332
1966311,98,4170,321
1966312,94,4170,350
1966313,89,4155,431
1966314,73,4138,508
1966315,76,4134,517
1966316,118,4134,460
1966317,145,4203,479
1966318,147,4217,433
1966319,193,4220,348
1966320,188,4226,381
1966320,110,4229,500
1966321,63,4217,558
1966322,81,4201,528
1966323,100,4203,499
1966324,93,4188,520
1966325,96,4155,559
1966326,115,4146,610
1966327,118,4166,650
1966328,121,4187,641
1966329,149,4211,598
1966330,171,4237,561
1966331,172,4246,520
1966332,168,4249,480
1966333,154,4253,486
1966334,135,4236,524
1966335,117,4211,547
1966336,91,4202,548
1966337,83,4190,544
1966338,96,4174,572
1966339,70,4184,665
1966340,34,4212,711
1966341,92,4224,605
1966342,191,4237,466
1966343,211,4274,411
1966344,182,4308,393
1966345,170,4318,361
1966346,172,4319,332
1966347,160,4315,324
1966348,125,4304,338
1966349,69,4286,375
1966350,17,4277,403
1966351,2,4276,406
1966352,11,4250,410
1966353,4,4223,452
1966354,-49,4234,544
1966355,-99,4263,592
1966356,-67,4287,493
1966357,23,4368,273
1966358,-24,4390,305
1966359,-39,4377,320
1966360,-29,4364,313
1966361,-42,4368,349
1966362,-76,4375,432
1966363,-94,4378,505
1966364,-76,4367,514
1966365,-41,4354,493
1966366,-11,4353,537
1966368,6,4343,622
1966369,51,4311,632
1966370,123,4296,588
1966371,127,4312,618
1966372,82,4331,654
1966373,89,4338,583
1966374,122,4344,491
1966375,121,4359,459
1966376,114,4372,422
1966377,158,4368,312
1966378,218,4368,215
1966378,191,4386,232
1966379,111,4396,287
1966380,91,4382,296
1966381,95,4368,332
1966382,46,4372,429
1966383,-8,4371,506
1966385,-24,4360,541
1966386,-28,4360,582
1966387,-30,4362,627
1966388,-21,4362,666
1966389,-12,4380,716
1966390,-3,4391,736
1966391,92,4371,665
1966392,116,4361,684
1966393,125,4357,697
1966394,151,4349,654
1966395,182,4347,606
1966395,180,4354,575
1966396,164,4352,516
1966397,166,4349,449
1966398,161,4359,431
1966399,128,4364,436
1966400,96,4347,430
1966401,76,4328,438
1966402,54,4323,470
1966403,27,4320,494
1966404,10,4317,493
1966405,4,4333,491
1966406,-13,4356,504
1966407,-20,4363,519
1966408,3,4356,529
1966409,25,4361,564
1966410,30,4370,593
1966411,59,4363,572
1966412,102,4367,560
1966413,112,4379,590
1966414,113,4361,593
1966415,145,4330,559
1966416,169,4321,560
1966417,157,4327,596
1966418,142,4333,607
1966419,141,4330,582
1966420,153,4325,544
1966421,163,4321,506
1966422,152,4318,490
1966423,114,4322,518
1966424,78,4326,537
1966425,70,4325,514
1966426,59,4333,475
1966427,29,4347,452
1966428,5,4355,439
1966429,2,4366,415
1966430,-2,4379,398
1966431,-21,4384,404
1966432,-46,4383,417
1966433,-69,4392,434
1966434,-79,4398,440
1966435,-76,4399,434
1966436,-71,4401,435
1966437,-72,4401,446
1966438,-69,4391,436
1966440,-54,4384,409
1966441,-53,4377,398
1966442,-55,4366,391
1966443,-37,4360,377
1966444,-25,4358,382
1966445,-16,4354,399
1966446,-2,4338,422
1966447,7,4323,438
1966448,30,4305,420
1966449,54,4286,398
1966450,48,4272,403
1966451,32,4259,404
1966452,53,4249,362
1966453,90,4244,312
1966454,94,4242,319
1966455,81,4229,338
1966456,98,4206,305
1966457,130,4193,259
1966458,130,4185,259
1966459,113,4169,283
1966460,111,4150,281
1966461,113,4136,268
1966462,99,4130,270
1966463,80,4119,266
1966464,82,4106,257
1966465,82,4099,278
1966466,54,4095,311
1966467,41,4087,312
1966468,53,4080,295
1966469,47,4075,298
1966470,58,4066,309
1966471,73,4061,322
1966472,84,4057,334
1966473,88,4055,348
1966474,91,4050,365
1966475,111,4044,389
1966476,141,4036,399
1966477,164,4029,403
1966478,181,4028,419
1966479,194,4029,439
1966480,198,4025,458
1966481,197,4025,479
1966482,192,4028,490
1966483,185,4033,485
1966484,171,4042,480
1966485,153,4050,477
1966486,140,4055,472
1966487,133,4054,466
1966488,129,4050,452
1966489,128,4044,438
1966490,132,4038,431
1966491,133,4033,418
1966492,130,4033,395
1966493,137,4037,379
1966494,147,4044,376
1966495,153,4048,371
1966496,153,4045,371
1966497,145,4041,383
1966498,140,4039,388
1966499,147,4031,390
1966500,151,4019,394
1966501,145,4020,401
1966502,145,4027,408
1966503,156,4026,402
1966504,164,4023,397
1966505,175,4023,403
1966506,179,4019,401
1966507,169,4001,380
1966508,164,3999,368
1966508,158,3993,356
1966509,145,3983,345
1966510,137,3974,332
1966511,130,3964,328
1966512,126,3950,315
1966513,130,3938,290
1966514,136,3947,271
1966515,146,3959,250
1966516,155,3957,240
1966517,154,3955,244
1966518,157,3951,245
1966519,168,3942,239
1966520,159,3935,233
1966521,138,3932,241
1966522,124,3928,257
1966523,112,3923,272
1966524,98,3923,282
1966525,85,3936,285
1966526,82,3948,293
1966527,84,3951,307
1966528,88,3958,311
1966529,98,3968,310
1966530,103,3978,311
1966531,109,3995,310
1966532,114,4015,316
1966533,118,4027,325
1966534,126,4037,330
1966535,126,4045,332
1966536,128,4044,334
1966537,135,4042,339
1966538,138,4037,352
1966539,143,4033,364
1966540,142,4036,360
1966541,134,4029,351
1966542,120,4007,348
1966543,87,3993,346
1966544,62,3985,345
1966545,87,3950,342
1966546,144,3914,344
1966547,150,3911,347
1966548,131,3925,356
1966549,131,3927,367
1966550,138,3924,349
1966551,146,3923,321
1966552,150,3918,296
1966553,146,3910,280
1966554,140,3903,270
1966555,131,3900,263
1966556,115,3896,253
1966557,103,3882,243
1966558,104,3870,237
1966559,109,3861,224
1966560,112,3853,207
1966561,117,3850,203
1966562,124,3846,213
1966563,144,3836,219
1966564,163,3829,221
1966565,172,3828,228
1966566,178,3827,235
1966567,188,3824,244
1966568,207,3817,257
1966569,224,3801,267
1966570,231,3785,272
1966571,224,3778,282
1966572,204,3780,302
1966573,181,3791,316
1966574,169,3800,321
1966575,168,3800,309
1966576,174,3801,296
1966577,177,3809,296
1966578,176,3811,293
1966579,177,3817,280
1966580,176,3829,276
1966581,175,3837,279
1966582,174,3849,273
1966583,165,3864,269
1966584,153,3882,271
1966585,150,3906,267
1966586,153,3922,274
1966587,149,3916,301
1966588,161,3913,322
1966589,178,3908,349
1966590,192,3906,366
1966591,200,3904,390
1966592,206,3901,410
1966593,224,3904,418
1966594,241,3904,422
1966595,245,3892,430
1966596,245,3886,446
1966597,248,3886,453
1966598,263,3888,453
1966599,274,3887,447
1966600,273,3884,442
1966601,274,3886,437
1966602,275,3891,429
1966603,272,3894,420
1966604,264,3888,410
1966605,257,3883,402
1966606,252,3878,394
1966607,239,3871,382
1966608,223,3862,369
1966609,216,3853,358
1966610,203,3852,352
1966611,185,3861,342
1966612,169,3876,331
1966613,154,3886,333
1966614,141,3893,333
1966615,127,3902,317
1966616,115,3913,305
1966617,109,3922,310
1966618,107,3927,319
1966619,109,3933,309
1966620,113,3936,296
1966621,109,3939,298
1966622,100,3948,309
1966623,91,3956,323
1966624,84,3961,333
1966625,87,3968,345
1966626,93,3989,369
1966627,83,3992,377
1966628,77,3991,387
1966629,87,3984,394
1966630,114,3967,396
1966631,136,3954,408
1966632,144,3958,411
1966633,135,3969,392
1966634,131,3981,372
1966635,148,3981,363
1966636,169,3975,353
1966637,181,3974,335
1966638,181,3982,323
1966639,169,3991,312
1966640,161,3996,293
1966641,165,4004,283
1966642,167,4010,284
1966643,159,4019,284
1966644,148,4035,285
1966645,144,4046,297
1966646,146,4056,307
1966647,150,4067,311
1966648,149,4084,314
1966649,142,4103,330
1966650,140,4116,358
1966651,146,4121,378
1966652,156,4121,385
1966653,164,4124,388
1966654,177,4134,388
1966655,191,4140,393
1966656,206,4139,405
1966657,214,4135,413
1966658,216,4128,425
1966659,216,4127,454
1966660,218,4130,489
1966661,220,4123,509
1966662,211,4109,515
1966663,198,4095,517
1966664,187,4089,520
1966665,177,4086,516
1966666,152,4066,491
1966667,153,4062,471
1966668,161,4067,453
1966669,166,4079,431
1966670,174,4083,408
1966671,173,4084,395
1966672,156,4092,377
1966673,146,4098,367
1966674,145,4093,364
1966675,144,4089,345
1966676,142,4086,342
1966677,132,4082,369
1966678,119,4077,380
1966679,107,4067,368
1966680,107,4058,360
1966681,118,4044,361
1966682,122,4031,363
1966683,125,4028,367
1966684,134,4030,366
1966685,146,4029,361
1966686,150,4022,352
1966687,152,4013,335
1966688,161,4009,324
1966689,173,4014,329
1966690,184,4028,329
1966691,189,4040,317
1966692,192,4034,300
1966693,197,4019,290
1966694,199,4017,288
1966695,187,4028,277
1966696,172,4047,264
1966697,159,4070,256
1966698,146,4094,250
1966699,135,4115,247
1966700,127,4128,251
1966701,119,4147,261
1966702,106,4161,272
1966703,95,4159,299
1966704,93,4158,335
1966705,109,4160,361
1966706,121,4157,392
1966707,140,4149,412
1966708,164,4150,412
1966709,181,4149,408
1966710,190,4139,406
1966711,199,4130,404
1966712,206,4113,390
1966713,210,4092,382
1966714,209,4079,387
1966715,209,4062,382
1966716,214,4043,361
1966717,219,4036,333
1966718,230,4032,313
1966719,254,4025,302
1966720,278,4025,305
1966721,294,4020,296
1966722,305,4005,283
1966723,305,4003,292
1966724,303,4014,302
1966725,306,4023,299
1966726,300,4021,293
1966727,282,4016,293
1966728,258,4021,295
1966729,229,4030,296
1966730,211,4038,303
1966731,200,4039,312
1966732,184,4032,320
1966733,168,4025,331
1966734,148,4024,344
1966735,122,4029,364
1966736,106,4032,384
1966737,111,4028,396
1966738,122,4022,408
1966739,133,4031,413
1966740,146,4048,407
1966741,155,4057,396
1966742,169,4063,388
1966743,183,4065,384
1966744,208,4060,392
1966745,205,4063,392
1966746,193,4062,392
1966747,192,4062,390
1966748,202,4069,392
1966749,207,4077,398
1966750,217,4076,404
1966751,233,4080,414
1966752,248,4091,432
1966753,250,4102,450
1966754,243,4119,461
1966755,238,4134,477
1966756,243,4138,493
1966757,252,4140,496
1966758,257,4144,498
1966759,252,4139,507
1966760,240,4137,501
1966761,235,4139,493
1966762,235,4139,492
1966763,226,4145,488
1966764,215,4149,472
1966765,213,4147,447
1966766,213,4151,428
1966767,212,4158,412
1966768,217,4163,409
1966769,228,4160,417
1966770,244,4159,423
1966771,265,4155,426
1966772,281,4145,427
1966773,293,4132,426
1966774,297,4106,417
1966775,292,4075,416
1966776,285,4050,430
1966777,281,4033,438
1966778,282,4021,435
1966779,290,4013,415
1966780,303,4012,391
1966781,307,4027,392
1966782,317,4073,376
1966783,327,4099,345
1966784,329,4115,324
1966785,321,4118,334
1966786,314,4117,351
1966787,311,4112,348
1966788,301,4113,343
1966789,282,4122,349
1966790,269,4131,358
1966791,259,4135,366
1966792,237,4135,383
1966793,215,4147,397
1966794,205,4163,394
1966795,202,4166,373
1966796,201,4166,353
1966797,204,4163,350
1966798,214,4145,360
1966799,223,4135,371
1966800,219,4136,376
1966801,209,4137,385
1966802,207,4135,396
1966803,217,4135,402
1966804,233,4148,399
1966805,253,4163,392
1966806,274,4174,382
1966807,288,4189,370
1966808,285,4196,380
1966809,280,4195,406
1966810,288,4194,423
1966811,298,4195,436
1966812,308,4197,449
1966813,321,4189,453
1966814,332,4178,456
1966815,347,4173,481
1966816,359,4185,507
1966817,333,4213,503
1966818,278,4239,490
1966819,237,4245,491
1966820,217,4228,494
1966821,212,4218,488
1966822,210,4224,489
1966823,202,4244,478
1966824,195,4266,468
1966825,190,4277,461
1966826,183,4285,456
1966827,173,4302,458
1966828,165,4324,454
1966829,159,4337,451
1966830,149,4327,469
1966831,137,4311,499
1966832,127,4303,523
1966833,115,4296,529
1966834,108,4286,529
1966835,107,4267,543
1966836,108,4252,553
1966837,113,4247,552
1966838,118,4251,547
1966839,124,4251,538
1966840,136,4247,518
1966841,152,4257,481
1966842,175,4268,448
1966843,203,4269,431
1966844,230,4262,432
1966845,252,4242,440
1966846,261,4214,426
1966847,259,4186,407
1966848,244,4166,405
1966849,221,4161,412
1966850,202,4163,420
1966851,183,4161,418
1966852,169,4158,412
1966853,156,4161,407
1966854,142,4177,393
1966855,134,4203,377
1966856,131,4225,364
1966857,123,4241,359
1966858,111,4252,351
1966859,101,4263,341
1966860,72,4280,346
1966861,62,4280,354
1966862,62,4286,360
1966863,59,4291,374
1966864,56,4294,391
1966865,60,4296,405
1966866,51,4301,433
1966867,28,4301,456
1966868,22,4287,461
1966869,44,4270,470
1966870,75,4260,480
1966871,98,4254,488
1966872,125,4247,487
1966873,153,4239,479
1966874,166,4233,474
1966875,174,4230,459
1966876,194,4219,442
1966877,213,4207,446
1966878,216,4198,464
1966879,201,4181,483
1966880,183,4172,488
1966881,180,4177,492
1966882,173,4176,497
1966883,156,4167,489
1966884,150,4159,471
1966885,152,4159,457
1966886,154,4161,432
1966887,159,4153,406
1966888,160,4144,401
1966890,158,4139,408
1966891,158,4134,420
1966892,152,4130,413
1966893,142,4125,398
1966894,122,4138,394
1966895,100,4171,390
1966896,96,4199,383
1966897,121,4206,382
1966898,110,4204,389
1966899,98,4200,402
1966900,99,4188,411
1966901,95,4185,409
1966902,81,4189,414
1966903,75,4195,433
1966904,86,4200,452
1966905,106,4193,466
1966906,116,4184,478
1966907,112,4181,481
1966908,111,4173,469
1966909,112,4161,459
1966910,111,4159,471
1966911,105,4163,482
1966912,97,4165,470
1966913,90,4162,454
1966914,91,4155,439
1966915,96,4150,416
1966916,95,4150,401
1966917,96,4156,379
1966918,103,4162,344
1966919,119,4163,313
1966920,134,4161,298
1966921,144,4162,292
1966922,155,4158,290
1966923,159,4139,285
1966924,145,4127,288
1966925,133,4128,298
1966926,132,4123,309
1966927,117,4108,328
1966928,88,4099,348
1966929,60,4099,354
1966930,47,4102,351
1966931,53,4109,342
1966932,54,4118,326
1966933,44,4129,307
1966934,39,4144,287
1966935,44,4155,288
1966936,58,4154,295
1966937,56,4163,302
1966938,54,4175,315
1966939,59,4176,321
1966940,58,4171,326
1966941,64,4168,334
1966942,73,4168,355
1966943,77,4167,388
1966944,83,4162,418
1966945,89,4161,443
1966946,104,4160,465
1966947,126,4159,477
1966948,136,4165,478
1966949,131,4173,485
1966950,126,4174,492
1966951,131,4170,493
1966952,143,4164,497
1966953,154,4165,504
1966954,167,4167,504
1966955,175,4166,506
1966956,174,4165,507
1966957,172,4161,499
1966958,169,4164,501
1966959,169,4170,508
1966960,171,4170,497
1966961,172,4165,480
1966962,165,4159,471
1966963,151,4152,470
1966964,136,4145,467
1966965,124,4139,474
1966966,120,4127,479
1966967,107,4119,474
1966968,80,4123,474
1966969,68,4128,473
1966970,69,4125,465
1966971,78,4112,460
1966972,93,4096,458
1966973,98,4088,453
1966974,97,4088,448
1966975,98,4082,438
1966976,88,4076,419
1966977,93,4084,400
1966978,111,4095,382
1966979,133,4095,379
1966980,146,4092,385
1966981,148,4084,395
1966982,147,4071,396
1966983,140,4067,387
1966984,132,4070,375
1966985,127,4077,367
1966986,123,4086,371
1966987,112,4087,375
1966988,96,4083,379
1966989,86,4080,380
1966990,77,4075,370
1966991,67,4070,359
1966992,63,4064,363
1966993,70,4060,368
1966994,77,4062,370
1966995,78,4060,373
1966996,76,4064,373
1966997,79,4071,372
1966998,90,4066,371
1966999,107,4058,365
1967000,111,4055,372
1967001,114,4050,392
1967002,125,4045,397
1967003,136,4048,388
1967004,141,4057,383
1967005,145,4062,376
1967006,158,4059,369
1967007,168,4053,371
1967008,164,4051,375
1967009,154,4054,377
1967010,151,4067,383
1967011,157,4078,390
1967012,155,4083,397
1967013,153,4086,407
1967014,143,4098,407
1967015,129,4112,413
1967016,117,4136,419
1967017,100,4156,423
1967018,80,4171,435
1967019,67,4184,455
1967020,65,4187,471
1967021,65,4181,483
1967022,57,4176,498
1967023,47,4183,508
1967024,50,4192,512
1967025,62,4187,512
1967026,65,4177,517
1967027,62,4171,530
1967028,62,4168,546
1967029,70,4162,554
1967030,83,4154,548
1967031,95,4145,526
1967032,103,4137,498
1967033,100,4135,483
1967034,92,4135,482
1967035,92,4131,478
1967036,99,4128,464
1967037,103,4129,447
1967038,100,4128,435
1967039,90,4128,440
1967040,72,4136,460
1967041,64,4141,462
1967042,76,4144,442
1967043,108,4142,451
1967044,150,4101,486
1967045,174,4048,507
1967046,176,4042,498
1967047,175,4065,437
1967048,175,4091,324
1967049,149,4111,201
1967050,95,4130,109
1967051,38,4136,37
1967052,-20,4126,-25
1967053,-154,4102,-40
1967054,-203,4097,-9
1967055,-222,4109,16
1967056,-216,4130,44
1967057,-187,4160,76
1967058,-150,4184,107
1967059,-108,4193,149
1967060,-61,4200,212
1967061,-22,4211,301
1967062,0,4210,392
1967063,26,4191,453
1967064,64,4170,493
1967065,94,4156,537
1967066,109,4143,589
1967067,122,4136,625
1967068,145,4136,625
1967069,180,4136,608
1967070,206,4145,607
1967071,221,4154,614
1967072,241,4152,615
1967073,251,4149,604
1967074,242,4154,589
1967075,233,4179,579
1967076,228,4215,569
1967077,228,4233,555
1967078,237,4232,539
1967079,245,4229,530
1967080,241,4223,546
1967081,225,4215,574
1967082,205,4200,588
1967083,190,4185,600
1967084,169,4176,625
1967085,145,4159,643
1967086,144,4134,642
1967087,150,4115,635
1967088,141,4105,629
1967089,136,4094,619
1967090,147,4080,599
1967091,153,4073,560
1967092,175,4064,528
1967093,204,4054,482
1967094,221,4051,458
1967095,221,4051,461
1967096,232,4048,452
1967097,265,4045,427
1967098,270,4044,418
1967099,251,4042,434
1967100,243,4042,445
1967101,251,4046,442
1967102,259,4046,442
1967103,262,4043,438
1967104,253,4042,451
1967105,237,4042,488
1967106,222,4042,516
1967107,204,4035,537
1967108,198,4025,549
1967109,192,4007,540
1967110,159,3977,510
1967111,111,3978,477
1967112,85,4016,467
1967113,101,4052,474
1967114,146,4067,474
1967115,193,4065,470
1967116,218,4055,481
1967117,224,4040,508
1967118,218,4022,540
1967119,203,4000,545
1967120,197,3985,514
1967121,180,3993,471
1967122,156,4018,426
1967123,145,4048,426
1967124,133,4076,476
1967125,140,4084,509
1967126,184,4072,483
1967127,229,4064,458
1967128,243,4067,498
1967129,235,4062,568
1967130,236,4053,608
1967131,250,4048,609
1967132,260,4043,600
1967133,269,4032,596
1967134,297,4017,568
1967135,305,4009,557
1967136,303,4009,551
1967137,304,4007,549
1967138,295,3992,536
1967139,276,3979,509
1967140,263,3976,486
1967141,250,3979,449
1967142,237,3981,412
1967143,219,3978,404
1967144,193,3977,412
1967145,174,3977,431
1967146,168,3979,447
1967147,165,3992,460
1967148,153,4011,470
1967149,144,4021,469
1967150,147,4028,469
1967151,147,4035,485
1967152,142,4036,520
1967153,128,4029,552
1967154,107,4042,559
1967155,96,4076,551
1967156,99,4096,552
1967157,98,4111,563
1967158,102,4125,578
1967159,126,4139,585
1967160,165,4157,596
1967161,196,4176,616
1967162,209,4191,623
1967163,209,4199,635
1967164,195,4206,651
1967165,187,4213,652
1967166,206,4217,648
1967167,219,4222,664
1967168,204,4226,700
1967169,186,4230,712
1967170,184,4234,691
1967171,184,4239,658
1967172,179,4246,638
1967173,189,4248,625
1967174,209,4240,614
1967175,205,4238,600
1967176,190,4242,588
1967177,191,4244,584
1967178,191,4248,591
1967179,171,4262,604
1967180,139,4281,621
1967181,118,4287,632
1967182,106,4285,635
1967183,86,4289,629
1967184,66,4291,606
1967185,56,4289,578
1967186,47,4290,568
1967187,34,4286,571
1967188,20,4276,576
1967189,11,4261,573
1967190,17,4253,545
1967191,31,4262,514
1967192,39,4277,491
1967193,55,4285,457
1967194,76,4289,433
1967195,80,4290,449
1967196,73,4290,474
1967197,84,4294,477
1967198,111,4303,467
1967199,130,4312,452
1967200,136,4318,457
1967201,129,4314,493
1967202,117,4300,533
1967203,117,4296,564
1967204,122,4298,577
1967205,127,4293,574
1967206,152,4290,550
1967207,211,4283,503
1967208,257,4275,458
1967209,239,4278,475
1967210,197,4280,552
1967211,174,4273,616
1967212,164,4261,639
1967213,177,4253,626
1967214,178,4255,615
1967215,186,4257,610
1967216,209,4255,599
1967217,236,4264,573
1967218,248,4271,532
1967219,232,4273,519
1967220,185,4280,573
1967221,143,4277,624
1967222,141,4271,608
1967223,143,4273,584
1967224,136,4281,577
1967225,137,4290,562
1967226,129,4294,551
1967227,103,4302,570
1967228,77,4299,594
1967229,74,4282,596
1967230,85,4276,598
1967231,86,4279,601
1967232,88,4277,576
1967233,109,4270,533
1967234,120,4273,518
1967235,102,4280,543
1967236,98,4271,546
1967237,129,4248,514
1967238,142,4243,490
1967239,110,4258,482
1967240,83,4264,471
1967241,89,4262,461
1967242,100,4260,478
1967243,115,4249,502
1967244,142,4233,487
1967245,160,4216,456
1967246,151,4202,460
1967247,129,4195,494
1967248,122,4180,516
1967249,134,4158,504
1967250,136,4156,499
1967251,124,4162,513
1967252,165,4149,485
1967253,157,4155,506
1967254,154,4152,502
1967255,168,4143,465
1967256,163,4148,468
1967257,148,4152,498
1967258,164,4149,497
1967259,193,4147,489
1967260,199,4140,511
1967261,197,4134,512
1967262,216,4124,464
1967263,231,4110,428
1967264,209,4116,441
1967265,181,4131,465
1967266,170,4133,448
1967267,161,4142,400
1967268,145,4158,341
1967269,130,4168,284
1967270,91,4181,273
1967271,25,4186,298
1967272,-24,4188,308
1967273,-39,4198,328
1967274,-32,4210,379
1967275,5,4214,440
1967276,50,4190,526
1967277,89,4153,625
1967278,129,4147,704
1967279,172,4167,736
1967280,232,4182,678
1967281,299,4205,563
1967282,335,4236,490
1967283,337,4245,478
1967284,326,4243,476
1967285,301,4238,477
1967286,268,4213,497
1967287,236,4188,543
1967288,198,4171,621
1967289,142,4139,725
1967290,135,4149,754
1967291,142,4159,806
1967292,140,4178,859
1967293,155,4190,836
1967294,221,4197,727
1967295,267,4221,626
1967296,243,4240,587
1967297,195,4242,576
1967298,150,4224,573
1967299,108,4199,563
1967300,69,4186,549
1967301,36,4178,558
1967302,31,4173,580
1967303,45,4174,602
1967304,51,4185,643
1967305,75,4176,683
1967306,122,4143,684
1967307,154,4140,678
1967308,157,4175,682
1967309,164,4212,649
1967310,192,4241,581
1967311,213,4275,535
1967312,206,4304,511
1967313,193,4311,471
1967314,171,4306,449
1967315,112,4309,492
1967316,42,4313,550
1967317,4,4305,563
1967318,-10,4304,566
1967319,-23,4307,593
1967320,-28,4311,608
1967321,-13,4321,589
1967322,15,4327,580
1967323,34,4335,614
1967324,39,4346,668
1967325,72,4345,679
1967326,87,4351,704
1967327,95,4357,701
1967328,130,4352,658
1967329,152,4327,647
1967330,131,4290,679
1967331,119,4267,693
1967332,135,4270,669
1967333,134,4294,607
1967334,108,4321,521
1967335,86,4338,456
1967336,77,4343,417
1967337,70,4339,398
1967338,41,4341,424
1967339,-5,4350,482
1967340,-25,4347,508
1967341,-16,4334,499
1967342,-14,4337,536
1967343,-31,4356,614
1967344,-17,4368,643
1967345,39,4373,620
1967346,75,4380,628
1967347,85,4379,679
1967348,107,4367,726
1967349,130,4359,775
1967350,132,4344,823
1967351,148,4314,827
1967352,196,4292,794
1967353,236,4276,773
1967354,261,4253,780
1967355,280,4246,794
1967356,283,4261,799
1967357,267,4280,797
1967358,245,4284,809
1967359,235,4269,826
1967360,237,4251,819
1967361,230,4231,803
1967362,204,4214,801
1967363,173,4206,795
1967364,159,4195,775
1967365,156,4179,755
1967366,115,4166,753
1967367,131,4167,711
1967368,159,4174,655
1967369,171,4185,612
1967370,176,4189,588
1967371,179,4187,581
1967372,183,4188,564
1967373,191,4186,539
1967374,188,4183,530
1967375,163,4193,547
1967376,140,4194,575
1967377,138,4189,587
1967378,143,4189,594
1967379,141,4185,608
1967380,138,4190,619
1967381,140,4199,629
1967382,150,4207,628
1967383,166,4215,630
1967384,184,4216,646
1967385,206,4215,660
1967386,222,4211,673
1967387,231,4197,690
1967388,236,4175,714
1967389,225,4156,740
1967390,200,4131,754
1967391,181,4105,746
1967392,166,4087,737
1967393,150,4082,747
1967394,135,4091,756
1967395,137,4099,740
1967396,162,4109,699
1967397,189,4113,665
1967398,211,4106,642
1967399,227,4105,620
1967400,227,4117,617
1967401,211,4128,626
1967402,211,4128,606
1967403,211,4131,579
1967404,183,4132,585
1967405,173,4130,632
1967406,160,4131,665
1967407,144,4128,694
1967408,134,4129,709
1967409,116,4139,736
1967410,110,4151,754
1967411,144,4151,735
1967412,186,4137,717
1967413,197,4123,730
1967414,197,4111,744
1967415,211,4093,740
1967416,230,4078,725
1967417,244,4074,708
1967418,243,4081,696
1967419,238,4082,687
1967420,256,4069,665
1967421,270,4056,650
1967422,247,4048,666
1967423,218,4036,683
1967424,215,4023,672
1967425,228,4024,650
1967426,229,4034,638
1967427,218,4051,630
1967428,218,4069,621
1967429,232,4077,599
1967430,239,4081,578
1967431,235,4092,580
1967432,218,4106,592
1967433,198,4118,601
1967434,185,4139,613
1967435,163,4167,637
1967436,129,4185,671
1967437,117,4186,681
1967438,127,4180,666
1967439,126,4176,666
1967440,114,4176,700
1967441,108,4183,723
1967442,120,4189,704
1967443,134,4203,686
1967444,110,4236,667
1967445,119,4236,647
1967446,117,4237,645
1967447,90,4239,651
1967448,72,4248,641
1967449,68,4261,628
1967450,62,4273,618
1967451,67,4287,591
1967452,76,4301,567
1967453,67,4309,557
1967454,57,4307,558
1967455,66,4295,550
1967456,78,4287,530
1967457,78,4290,531
1967458,65,4304,556
1967459,55,4312,566
1967460,54,4307,562
1967461,46,4299,575
1967462,31,4291,591
1967463,26,4278,601
1967464,33,4267,605
1967465,31,4271,596
1967466,32,4277,586
1967467,38,4268,582
1967468,29,4252,578
1967469,22,4245,567
1967470,27,4249,546
1967471,35,4258,523
1967472,46,4268,507
1967473,50,4275,519
1967474,50,4281,534
1967475,58,4285,517
1967476,62,4287,497
1967477,58,4301,502
1967478,59,4316,517
1967479,61,4326,502
1967480,68,4343,486
1967481,74,4366,510
1967482,58,4380,553
1967483,38,4380,574
1967484,54,4384,560
1967485,60,4395,605
1967486,54,4402,640
1967487,54,4399,620
1967488,66,4399,587
1967489,80,4410,598
1967490,80,4412,637
1967491,68,4398,658
1967492,67,4381,657
1967493,81,4377,654
1967494,89,4378,648
1967495,88,4373,637
1967496,95,4364,633
1967497,100,4354,639
1967498,99,4348,644
1967499,103,4344,633
1967500,115,4333,617
1967501,124,4317,618
1967502,125,4306,632
1967503,123,4293,636
1967504,121,4284,632
1967505,125,4279,630
1967506,134,4272,623
1967507,135,4272,609
1967508,127,4275,581
1967509,123,4268,561
1967510,122,4262,565
1967511,128,4263,566
1967512,149,4257,539
1967513,167,4252,505
1967514,163,4254,484
1967515,142,4245,478
1967516,126,4227,473
1967517,134,4210,452
1967518,143,4195,442
1967519,147,4184,447
1967520,153,4167,455
1967521,149,4144,460
1967522,142,4114,469
1967523,156,4098,472
1967524,180,4083,478
1967525,204,4068,478
1967526,220,4052,464
1967527,220,4046,455
1967528,217,4042,454
1967529,224,4038,456
1967530,231,4033,469
1967531,225,4024,479
1967532,219,4020,478
1967533,215,4019,477
1967534,199,4020,478
1967535,182,4025,485
1967536,165,4029,507
1967537,154,4036,521
1967538,155,4044,527
1967539,152,4051,527
1967540,148,4059,522
1967541,145,4060,526
1967542,140,4062,531
1967543,138,4068,529
1967544,133,4071,521
1967545,136,4073,510
1967546,143,4080,493
1967547,145,4085,470
1967548,146,4086,460
1967549,150,4094,469
1967550,161,4096,492
1967551,174,4094,530
1967552,184,4100,561
1967553,196,4102,579
1967554,220,4100,600
1967555,249,4091,616
1967556,268,4075,612
1967557,277,4058,594
1967558,280,4037,585
1967559,283,4019,574
1967560,276,4000,551
1967561,253,3988,519
1967562,224,3997,472
1967563,186,3983,384
1967564,169,3964,378
1967565,151,3942,406
1967566,136,3925,450
1967567,126,3916,484
1967568,135,3913,508
1967569,161,3922,512
1967570,191,3938,496
1967571,233,3948,467
1967572,281,3959,441
1967573,315,3972,427
1967574,328,3984,408
1967575,314,3983,374
1967576,283,3982,329
1967577,255,4001,293
1967578,233,4019,258
1967579,205,4019,236
1967580,172,3998,257
1967581,141,3967,304
1967582,126,3941,355
1967583,128,3921,403
1967584,133,3903,440
1967585,149,3893,472
1967586,184,3897,484
1967587,229,3905,457
1967588,270,3908,430
1967589,298,3906,406
1967590,300,3901,375
1967591,282,3886,349
1967592,260,3868,321
1967593,235,3857,287
1967594,214,3848,250
1967595,203,3840,211
1967596,197,3837,169
1967597,190,3840,135
1967598,180,3849,113
1967599,164,3857,104
1967600,145,3868,112
1967601,107,3872,126
1967602,93,3873,148
1967603,82,3883,189
1967604,79,3880,220
1967605,86,3870,239
1967606,97,3859,268
1967607,113,3849,305
1967608,138,3844,330
1967609,164,3848,353
1967610,191,3857,376
1967611,216,3858,400
1967612,240,3856,423
1967613,269,3856,433
1967614,304,3859,437
1967615,336,3867,443
1967616,358,3881,442
1967617,371,3894,442
1967618,377,3904,434
1967619,384,3913,411
1967620,391,3929,402
1967621,387,3945,405
1967622,372,3949,409
1967623,351,3947,408
1967624,339,3945,406
1967625,331,3947,413
1967626,313,3948,417
1967627,291,3944,421
1967628,279,3929,437
1967629,281,3912,447
1967630,278,3898,443
1967631,265,3885,427
1967632,253,3885,398
1967633,238,3907,362
1967634,227,3921,320
1967635,222,3903,299
1967636,221,3873,319
1967637,226,3843,377
1967638,256,3792,436
1967639,330,3722,453
1967640,364,3786,500
1967641,324,3774,561
1967642,350,3760,544
1967643,401,3754,471
1967644,416,3750,432
1967645,405,3748,385
1967646,372,3766,303
1967647,325,3808,231
1967648,290,3844,157
1967649,261,3860,89
1967650,222,3864,63
1967651,184,3856,76
1967652,158,3840,123
1967653,155,3834,205
1967654,189,3839,307
1967655,249,3849,402
1967656,318,3863,458
1967657,366,3874,475
1967658,371,3879,459
1967659,349,3898,423
1967660,327,3926,381
1967661,301,3943,335
1967662,258,3942,311
1967663,204,3922,318
1967664,155,3899,331
1967665,114,3871,346
1967666,100,3844,367
1967667,114,3830,376
1967668,128,3830,364
1967669,138,3842,339
1967670,156,3857,319
1967671,193,3878,309
1967672,238,3902,286
1967673,265,3929,247
1967674,250,3957,192
1967675,211,3973,139
1967676,190,3977,111
1967677,202,3971,100
1967678,211,3959,110
1967679,171,3937,189
1967680,154,3942,236
1967681,146,3951,281
1967682,155,3963,309
1967683,180,3977,337
1967684,197,3999,360
1967685,206,4023,374
1967686,213,4038,388
1967687,212,4044,396
1967688,202,4041,392
1967689,192,4052,366
1967690,181,4084,334
1967691,168,4102,301
1967692,155,4094,271
1967693,140,4072,273
1967694,130,4052,311
1967695,137,4036,377
1967696,153,4014,447
1967697,169,3990,483
1967698,190,3973,480
1967699,223,3969,477
1967700,264,3977,475
1967701,307,3978,470
1967702,336,3971,474
1967703,353,3977,477
1967704,362,3986,466
1967705,358,3985,442
1967706,345,3987,410
1967707,328,3994,379
1967708,314,3995,354
1967709,303,4004,335
1967710,291,4015,314
1967711,282,4021,302
1967712,271,4038,299
1967713,257,4062,301
1967714,240,4076,303
1967715,224,4084,312
1967716,211,4093,344
1967717,180,4088,390
1967718,180,4078,410
1967719,180,4063,429
1967720,178,4047,452
1967721,179,4043,457
1967722,182,4037,453
1967723,195,4026,450
1967724,212,4023,446
1967725,220,4027,451
1967726,228,4037,457
1967727,243,4041,445
1967728,249,4037,430
1967729,251,4034,426
1967730,259,4026,424
1967731,257,4017,418
1967732,246,4007,424
1967733,232,3993,431
1967734,222,3994,421
1967735,218,4003,396
1967736,219,4015,373
1967737,225,4030,365
1967738,234,4049,364
1967739,234,4069,359
1967740,225,4078,341
1967741,214,4081,327
1967742,197,4085,325
1967743,176,4082,321
1967744,159,4070,322
1967745,156,4057,335
1967746,159,4050,352
1967747,156,4053,353
1967748,149,4064,346
1967749,148,4076,348
1967750,152,4086,354
1967751,159,4086,362
1967752,168,4077,368
1967753,171,4073,360
1967754,168,4072,359
1967755,171,4057,364
1967756,192,4021,345
1967757,198,4007,351
1967758,196,3995,360
1967759,197,3999,363
1967760,208,4010,351
1967761,217,4023,336
1967762,212,4039,328
1967763,200,4050,327
1967764,185,4062,335
1967765,169,4075,353
1967766,156,4085,374
1967767,151,4091,399
1967768,155,4093,429
1967769,161,4104,455
1967770,162,4126,477
1967771,162,4149,494
1967772,163,4171,517
1967773,164,4185,540
1967774,172,4199,567
1967775,182,4215,578
1967776,179,4228,565
1967777,174,4232,561
1967778,174,4226,558
1967779,168,4213,555
1967780,165,4201,550
1967781,175,4191,532
1967782,191,4176,524
1967783,197,4159,522
1967784,201,4152,516
1967785,209,4154,505
1967786,210,4149,484
1967787,207,4135,459
1967788,201,4116,443
1967789,204,4096,435
1967790,211,4080,430
1967791,206,4069,421
1967792,189,4058,403
1967793,166,4064,378
1967794,127,4106,328
1967795,127,4100,328
1967796,136,4085,361
1967797,140,4070,415
1967798,141,4056,473
1967799,152,4040,511
1967800,172,4021,530
1967801,185,4013,537
1967802,201,4015,524
1967803,228,4015,500
1967804,261,4013,465
1967805,286,4023,431
1967806,294,4033,404
1967807,295,4032,375
1967808,289,4031,332
1967809,268,4027,275
1967810,234,4022,213
1967811,195,4019,165
1967812,159,4018,148
1967813,126,4024,146
1967814,97,4035,147
1967815,73,4042,143
1967816,50,4047,132
1967817,36,4067,123
1967818,32,4100,126
1967819,23,4123,135
1967820,17,4143,152
1967821,7,4153,180
1967822,-5,4151,208
1967823,-6,4150,243
1967824,-3,4147,295
1967825,5,4141,343
1967826,27,4146,377
1967827,63,4157,405
1967828,106,4166,415
1967829,151,4175,424
1967830,189,4184,455
1967831,213,4183,487
1967832,232,4176,492
1967833,278,4172,527
1967834,293,4163,554
1967835,305,4149,560
1967836,316,4143,565
1967837,318,4133,571
1967838,311,4125,572
1967839,297,4121,563
1967840,283,4112,537
1967841,266,4105,511
1967842,251,4097,502
1967843,240,4091,497
1967844,226,4090,485
1967845,214,4091,466
1967846,202,4095,430
1967847,190,4101,394
1967848,185,4109,376
1967849,171,4125,359
1967850,151,4149,337
1967851,140,4162,312
1967852,132,4158,296
1967853,116,4156,297
1967854,98,4153,312
1967855,86,4147,322
1967856,75,4147,320
1967857,72,4148,316
1967858,82,4144,328
1967859,92,4136,353
1967860,101,4131,370
1967861,114,4144,378
1967862,132,4159,384
1967863,145,4163,387
1967864,152,4169,388
1967865,168,4168,396
1967866,176,4150,410
1967867,171,4125,424
1967868,171,4113,439
1967869,175,4115,453
1967870,183,4120,460
1967871,196,4127,464
1967872,233,4166,435
1967873,230,4197,428
1967874,209,4223,440
1967875,181,4229,467
1967876,150,4222,499
1967877,119,4207,531
1967878,93,4194,560
1967879,74,4181,585
1967880,58,4170,606
1967881,51,4163,619
1967882,69,4165,617
1967883,103,4164,611
1967884,144,4165,604
1967885,183,4178,594
1967886,221,4189,575
1967887,262,4198,548
1967888,302,4209,542
1967889,329,4214,527
1967890,338,4219,504
1967891,341,4202,522
1967892,348,4083,594
1967893,365,3932,703
1967894,387,3886,801
1967895,400,3925,823
1967896,400,3991,746
1967897,395,4066,600
1967898,377,4137,449
1967899,332,4181,357
1967900,273,4192,324
1967901,204,4181,315
1967902,132,4151,324
1967903,62,4121,337
1967904,0,4105,338
1967905,-42,4106,327
1967906,-61,4114,317
1967907,-67,4122,319
1967908,-64,4132,329
1967909,-42,4144,349
1967910,22,4161,396
1967911,63,4161,420
1967912,112,4154,434
1967913,162,4151,439
1967914,206,4152,436
1967915,238,4150,440
1967916,249,4138,449
1967917,245,4119,457
1967918,235,4100,474
1967919,222,4080,498
1967920,216,4063,508
1967921,214,4062,504
1967922,217,4070,482
1967923,237,4078,450
1967924,262,4090,424
1967925,280,4099,410
1967926,286,4111,419
1967927,284,4125,434
1967928,279,4131,431
1967929,268,4129,425
1967930,247,4116,447
1967931,221,4091,475
1967932,196,4068,490
1967933,170,4062,495
1967934,145,4062,492
1967935,125,4060,483
1967936,112,4062,470
1967937,105,4065,464
1967938,113,4072,467
1967939,135,4076,459
1967940,168,4072,444
1967941,198,4080,435
1967942,213,4102,413
1967943,211,4120,383
1967944,202,4125,375
1967945,198,4118,382
1967946,190,4102,382
1967947,177,4081,379
1967948,163,4065,388
1967949,132,4045,430
1967950,121,4048,439
1967951,114,4056,439
1967952,109,4068,429
1967953,116,4094,407
1967954,130,4123,381
1967955,140,4145,363
1967956,151,4153,352
1967957,149,4149,370
1967958,119,4134,413
1967959,92,4158,451
1967960,146,4174,423
1967961,243,4119,341
1967962,195,4095,368
1967963,12,4123,492
1967964,-72,4121,500
1967965,-20,4081,383
1967966,5,4079,338
1967967,-13,4114,402
1967968,13,4123,427
1967969,76,4122,372
1967970,122,4140,337
1967971,127,4155,352
1967972,126,4151,366
1967973,140,4148,347
1967974,153,4159,336
1967975,162,4171,359
1967976,177,4179,384
1967977,193,4195,388
1967978,226,4215,382
1967979,257,4231,361
1967980,215,4246,320
1967981,96,4275,328
1967982,11,4298,379
1967983,27,4303,398
1967984,85,4315,402
1967985,113,4333,429
1967986,109,4336,467
1967987,127,4346,479
1967988,184,4356,464
1967989,154,4362,496
1967990,138,4362,513
1967991,148,4359,516
1967992,167,4361,515
1967993,174,4359,510
1967994,174,4357,504
1967995,177,4344,497
1967996,190,4328,500
1967997,201,4325,506
1967998,200,4325,503
1967999,198,4326,506
1968000,206,4330,501
1968001,211,4341,484
1968002,217,4365,470
1968003,236,4374,459
1968004,248,4367,455
1968005,235,4369,445
1968006,215,4371,438
1968007,191,4370,450
1968008,159,4368,453
1968009,133,4366,448
1968010,119,4369,458
1968011,109,4371,467
1968012,105,4371,471
1968013,107,4377,485
1968014,107,4383,494
1968015,108,4382,501
1968016,112,4375,503
1968017,118,4369,497
1968018,118,4366,506
1968019,115,4361,519
1968020,120,4355,526
1968021,132,4349,539
1968022,145,4341,551
1968023,153,4327,548
1968024,152,4302,529
1968025,147,4278,517
1968026,148,4262,521
1968027,182,4227,529
1968028,227,4197,534
1968029,261,4184,530
1968030,250,4195,517
1968031,193,4212,502
1968032,141,4213,474
1968033,131,4186,444
1968034,146,4157,422
1968035,155,4146,401
1968036,141,4152,387
1968037,116,4160,390
1968038,107,4168,392
1968039,108,4175,382
1968040,101,4176,393
1968041,89,4169,405
1968042,83,4163,395
1968043,95,4164,388
1968044,106,4161,393
1968045,101,4156,407
1968046,94,4141,426
1968047,97,4123,442
1968048,107,4115,449
1968049,119,4106,458
1968050,131,4099,459
1968051,142,4087,462
1968052,159,4081,469
1968053,175,4090,456
1968054,186,4101,436
1968055,197,4105,431
1968056,211,4099,447
1968057,219,4094,463
1968058,224,4096,469
1968059,232,4098,482
1968060,246,4094,499
1968061,264,4082,506
1968062,279,4070,518
1968063,277,4076,527
1968064,249,4097,515
1968065,213,4121,511
1968066,205,4095,493
1968067,212,4075,487
1968068,211,4071,498
1968069,206,4073,503
1968070,201,4078,492
1968071,196,4083,486
1968072,196,4084,493
1968073,198,4081,499
1968074,208,4087,498
1968075,220,4087,488
1968076,240,4074,474
1968077,268,4061,469
1968078,279,4060,473
1968079,257,4076,478
1968080,226,4091,470
1968081,211,4092,451
1968082,207,4087,448
1968083,196,4082,459
1968084,182,4074,473
1968085,177,4072,480
1968086,175,4079,478
1968087,166,4085,493
1968088,153,4087,514
1968089,156,4082,519
1968090,174,4076,513
1968091,192,4071,512
1968092,200,4061,521
1968093,194,4060,521
1968094,181,4076,504
1968095,156,4091,486
1968096,125,4090,482
1968097,113,4079,482
1968098,117,4067,483
1968099,115,4059,488
1968100,108,4064,491
1968101,113,4072,496
1968102,125,4079,508
1968103,134,4089,529
1968104,141,4101,546
1968105,169,4125,572
1968106,177,4138,576
1968107,181,4145,574
1968108,196,4147,587
1968109,202,4162,599
1968110,194,4178,611
1968111,185,4179,627
1968112,175,4175,638
1968113,167,4178,658
1968114,164,4190,686
1968115,165,4199,707
1968116,167,4198,719
1968117,172,4199,724
1968118,177,4198,729
1968119,180,4189,732
1968120,194,4182,727
1968121,207,4173,724
1968122,212,4169,724
1968123,223,4163,723
1968124,235,4156,714
1968125,238,4151,692
1968126,234,4141,677
1968127,236,4139,673
1968128,239,4134,659
1968129,240,4129,631
1968130,241,4129,612
1968131,233,4118,612
1968132,216,4105,603
1968133,200,4105,594
1968134,197,4102,603
1968135,193,4091,603
1968136,177,4084,593
1968137,158,4078,586
1968138,142,4074,587
1968139,128,4074,576
1968140,125,4075,559
1968141,129,4071,550
1968142,128,4067,534
1968143,117,4070,518
1968144,120,4070,510
1968145,132,4071,513
1968146,138,4077,522
1968147,136,4071,533
1968148,131,4058,541
1968149,120,4056,540
1968150,106,4065,530
1968151,98,4068,494
1968152,84,4075,446
1968153,57,4097,387
1968154,24,4133,301
1968155,53,4158,228
1968156,171,4153,242
1968157,253,4128,305
1968158,197,4098,314
1968159,60,4090,298
1968160,-49,4092,301
1968161,-87,4103,321
1968162,-52,4120,353
1968163,17,4128,375
1968164,58,4133,389
1968165,33,4141,425
1968166,5,4141,473
1968167,21,4134,518
1968168,56,4124,573
1968169,68,4114,633
1968170,52,4117,675
1968171,54,4131,684
1968172,88,4155,672
1968173,124,4183,662
1968174,143,4204,659
1968175,160,4211,646
1968176,181,4209,621
1968177,199,4211,596
1968178,202,4211,575
1968179,196,4212,565
1968180,193,4221,553
1968181,181,4219,539
1968182,141,4203,526
1968183,126,4197,530
1968184,115,4195,540
1968185,103,4196,560
1968186,97,4198,572
1968187,101,4193,551
1968188,101,4187,522
1968189,100,4186,516
1968190,96,4181,530
1968191,92,4175,537
1968192,97,4165,518
1968193,114,4158,505
1968194,125,4160,499
1968195,131,4163,484
1968196,128,4161,488
1968197,107,4154,516
1968198,83,4144,530
1968199,74,4132,523
1968200,75,4120,504
1968201,59,4119,471
1968202,31,4123,445
1968203,9,4126,439
1968204,4,4124,426
1968205,17,4117,389
1968206,35,4118,376
1968207,42,4126,386
1968208,36,4131,381
1968209,32,4131,369
1968210,30,4127,373
1968211,14,4123,409
1968212,-3,4118,444
1968213,7,4117,443
1968214,25,4122,448
1968215,27,4127,474
1968216,31,4129,482
1968217,49,4134,479
1968218,62,4146,489
1968219,59,4150,503
1968220,57,4152,504
1968221,72,4153,446
1968222,72,4151,444
1968223,66,4146,463
1968224,50,4135,473
1968225,34,4122,480
1968226,36,4112,490
1968227,55,4102,483
1968228,75,4099,473
1968229,85,4101,471
1968230,84,4103,476
1968231,80,4102,472
1968232,88,4100,457
1968233,96,4101,456
1968234,83,4109,451
1968235,75,4115,420
1968236,88,4113,401
1968237,85,4111,424
1968238,59,4109,458
1968239,55,4112,457
1968240,64,4115,451
1968241,51,4123,479
1968242,48,4129,491
1968243,79,4120,463
1968244,104,4120,450
1968245,102,4127,469
1968246,92,4130,501
1968247,77,4134,552
1968248,63,4138,593
1968249,67,4140,601
1968250,76,4149,589
1968251,76,4159,559
1968252,86,4157,516
1968253,104,4153,495
1968254,102,4156,499
1968255,86,4159,483
1968256,89,4159,447
1968257,102,4157,424
1968258,98,4157,424
1968259,87,4153,421
1968260,66,4155,456
1968261,24,4159,501
1968262,1,4159,525
1968263,6,4162,531
1968264,21,4168,520
1968265,38,4173,498
1968266,47,4170,496
1968267,52,4158,526
1968268,52,4154,558
1968269,58,4154,554
1968270,80,4151,522
1968271,83,4152,511
1968272,53,4161,519
1968273,40,4174,514
1968274,54,4180,497
1968275,64,4179,486
1968276,68,4171,468
1968277,75,4164,449
1968278,66,4170,462
1968279,56,4175,475
1968280,67,4171,463
1968281,66,4172,475
1968282,36,4178,527
1968283,23,4178,554
1968284,52,4177,538
1968285,76,4184,527
1968286,79,4190,527
1968287,98,4193,518
1968288,120,4197,522
1968289,115,4199,554
1968290,96,4203,583
1968291,101,4198,563
1968292,142,4185,498
1968293,166,4191,464
1968294,143,4198,483
1968295,119,4187,525
1968296,112,4175,563
1968297,103,4171,578
1968298,108,4172,577
1968299,125,4180,542
1968300,128,4185,542
1968301,132,4189,561
1968302,128,4183,567
1968303,139,4180,558
1968304,145,4193,568
1968305,136,4200,566
1968306,149,4193,516
1968307,164,4191,491
1968308,152,4196,529
1968309,129,4194,576
1968310,124,4178,590
1968311,133,4161,582
1968312,139,4161,586
1968313,138,4159,607
1968314,137,4146,608
1968315,145,4137,579
1968316,152,4142,568
1968317,142,4150,603
1968318,141,4155,617
1968319,172,4164,571
1968320,195,4175,539
1968321,180,4188,548
1968322,150,4188,544
1968323,127,4179,531
1968324,109,4176,541
1968325,99,4175,552
1968326,105,4165,549
1968327,106,4154,562
1968328,83,4154,622
1968329,75,4152,677
1968330,116,4143,669
1968331,178,4146,654
1968332,216,4156,667
1968333,239,4156,675
1968334,258,4153,668
1968335,258,4155,661
1968336,249,4151,659
1968337,243,4141,636
1968338,236,4123,593
1968339,202,4131,609
1968340,178,4127,605
1968341,173,4115,589
1968342,151,4124,606
1968343,126,4131,638
1968344,146,4123,597
1968345,185,4117,527
1968345,177,4132,529
1968346,148,4143,558
1968347,151,4135,550
1968348,163,4131,545
1968349,151,4128,562
1968350,127,4125,589
1968351,118,4122,601
1968352,116,4117,590
1968353,103,4124,595
1968354,94,4138,593
1968355,108,4151,535
1968356,132,4159,470
1968357,125,4170,462
1968358,81,4180,498
1968359,55,4187,499
1968360,78,4198,440
1968361,94,4222,417
1968362,65,4244,460
1968363,43,4253,486
1968364,51,4269,480
1968365,50,4286,500
1968366,29,4291,527
1968367,19,4291,538
1968368,24,4286,535
1968369,32,4276,509
1968370,42,4270,486
1968371,44,4268,488
1968372,36,4259,501
1968373,40,4244,504
1968374,55,4234,488
1968375,71,4227,465
1968376,68,4214,470
1968377,58,4211,478
1968378,62,4203,486
1968379,74,4198,496
1968380,89,4198,496
1968381,106,4198,493
1968382,120,4197,488
1968383,123,4203,479
1968384,121,4210,465
1968385,123,4213,449
1968386,117,4215,456
1968387,97,4209,489
1968388,85,4200,545
1968389,76,4196,592
1968390,77,4200,590
1968391,108,4202,554
1968392,128,4203,533
1968393,111,4211,554
1968394,103,4215,577
1968395,124,4206,579
1968396,143,4197,592
1968397,126,4196,639
1968398,100,4190,678
1968399,112,4171,652
1968400,145,4157,616
1968401,160,4147,628
1968402,154,4142,638
1968403,167,4143,611
1968404,200,4146,572
1968405,210,4155,557
1968406,200,4164,558
1968407,195,4170,548
1968408,187,4178,528
1968409,164,4184,510
1968410,140,4183,513
1968411,116,4180,532
1968412,98,4182,529
1968413,96,4184,499
1968414,86,4189,497
1968415,61,4191,525
1968416,82,4181,512
1968417,79,4187,522
1968418,56,4199,531
1968419,62,4204,517
1968420,77,4210,499
1968421,87,4220,483
1968422,96,4228,471
1968423,95,4238,474
1968424,87,4245,487
1968425,90,4242,478
1968426,106,4241,460
1968427,109,4252,488
1968428,93,4263,542
1968429,89,4271,571
1968430,107,4278,580
1968431,112,4287,606
1968432,82,4305,651
1968433,59,4309,652
1968434,87,4298,588
1968435,104,4308,570
1968436,53,4333,646
1968437,-8,4340,698
1968438,-10,4326,670
1968439,-5,4323,652
1968440,-40,4333,665
1968441,-51,4332,642
1968442,-8,4326,573
1968444,27,4326,522
1968445,19,4330,542
1968446,0,4336,590
1968447,26,4330,584
1968448,91,4318,555
1968449,101,4321,573
1968450,54,4328,601
1968451,34,4328,593
1968452,38,4328,588
1968452,-37,4300,689
1968454,-55,4281,729
1968455,-64,4271,760
1968456,-69,4265,768
1968457,-64,4266,737
1968458,-53,4277,698
1968459,-55,4280,675
1968460,-52,4275,657
1968461,-41,4275,655
1968462,-28,4277,666
1968463,-1,4276,658
1968464,41,4288,634
1968465,83,4306,595
1968466,118,4326,551
1968467,139,4347,533
1968468,139,4350,539
1968469,144,4346,548
1968470,159,4341,558
1968471,149,4336,574
1968472,114,4335,607
1968473,78,4330,634
1968474,63,4318,635
1968475,63,4314,656
1968476,43,4314,704
1968477,16,4310,722
1968478,30,4308,708
1968479,57,4306,706
1968480,57,4303,705
1968481,50,4310,678
1968482,55,4332,631
1968483,74,4347,568
1968484,101,4343,523
1968485,103,4344,544
1968486,80,4353,594
1968487,87,4358,604
1968488,127,4406,586
1968489,113,4437,572
1968490,125,4459,550
1968491,127,4486,581
1968492,94,4514,634
1968493,66,4517,635
1968494,64,4508,622
1968495,40,4510,668
1968496,-9,4518,737
1968497,-12,4527,740
1968498,18,4533,695
1968499,21,4546,656
1968500,5,4573,644
1968501,1,4584,655
1968502,19,4574,660
1968503,24,4575,675
1968504,15,4576,690
1968505,36,4565,671
1968506,71,4569,672
1968507,63,4581,715
1968508,38,4563,730
1968509,61,4530,700
1968510,76,4515,700
1968511,52,4502,719
1968512,47,4483,695
1968513,58,4474,661
1968514,54,4467,635
1968515,63,4449,580
1968516,86,4428,557
1968517,70,4418,603
1968518,44,4408,611
1968519,69,4391,546
1968520,93,4382,490
1968521,78,4370,472
1968522,66,4338,449
1968523,60,4308,438
1968524,22,4301,475
1968525,-8,4298,488
1968526,15,4286,441
1968527,35,4274,439
1968528,32,4269,427
1968529,71,4259,385
1968530,88,4254,382
1968531,59,4249,419
1968532,35,4235,443
1968533,41,4222,436
1968534,52,4222,421
1968535,51,4232,432
1968536,49,4231,450
1968537,58,4220,450
1968538,74,4212,460
1968539,82,4210,486
1968540,95,4208,500
1968541,121,4198,492
1968542,138,4184,482
1968543,133,4171,487
1968544,122,4163,520
1968545,110,4160,571
1968546,102,4152,595
1968547,102,4142,579
1968548,109,4139,568
1968549,113,4137,572
1968550,113,4133,577
1968551,128,4125,586
1968552,157,4122,595
1968553,176,4127,604
1968554,178,4134,612
1968555,184,4130,613
1968556,200,4123,614
1968557,217,4121,617
1968557,233,4124,615
1968558,250,4130,620
1968559,268,4125,620
1968560,275,4121,613
1968561,269,4122,607
1968562,265,4122,594
1968563,263,4121,573
1968564,260,4109,550
1968565,251,4094,542
1968566,239,4085,540
1968567,215,4065,524
1968568,196,4050,523
1968569,188,4035,511
1968570,188,4019,494
1968571,184,4005,479
1968572,178,3995,476
1968573,168,3984,476
1968574,159,3973,472
1968575,158,3966,469
1968576,151,3956,459
1968577,150,3949,440
1968578,161,3946,416
1968579,168,3943,392
1968580,166,3944,378
1968581,164,3946,378
1968582,167,3946,388
1968583,168,3946,390
1968584,156,3945,382
1968585,134,3942,373
1968586,107,3942,369
1968587,77,3946,373
1968588,62,3950,387
1968589,92,3956,408
1968590,143,3960,432
1968591,167,3963,445
1968592,162,3963,444
1968593,142,3957,434
1968594,125,3954,415
1968595,126,3952,394
1968596,150,3949,371
1968597,191,3940,336
1968598,214,3924,306
1968599,212,3908,307
1968600,202,3894,335
1968601,205,3875,386
1968602,244,3858,444
1968603,302,3852,507
1968604,332,3848,572
1968605,322,3845,609
1968606,289,3847,610
1968607,245,3868,518
1968608,264,3888,455
1968609,284,3912,391
1968610,281,3931,338
1968611,265,3943,305
1968612,253,3952,293
1968613,246,3962,319
1968614,245,3965,375
1968615,234,3962,453
1968616,212,3959,525
1968617,191,3959,566
1968618,160,3960,579
1968619,122,3962,571
1968620,100,3965,541
1968621,98,3961,477
1968622,112,3958,396
1968623,132,3959,331
1968624,147,3951,284
1968625,164,3931,256
1968626,189,3912,256
1968627,214,3900,276
1968628,234,3888,316
1968629,247,3874,363
1968630,255,3858,392
1968631,259,3843,402
1968632,253,3838,383
1968633,235,3838,348
1968634,218,3836,321
1968635,212,3833,303
1968636,210,3831,292
1968637,207,3828,287
1968638,205,3832,289
1968639,197,3843,291
1968640,190,3856,295
1968641,180,3870,305
1968642,158,3887,324
1968643,140,3899,339
1968644,129,3911,355
1968645,121,3924,378
1968646,111,3938,401
1968647,97,3930,412
1968648,92,3920,441
1968649,100,3925,477
1968650,113,3935,495
1968651,137,3945,497
1968652,167,3959,489
1968653,199,3968,477
1968654,229,3966,475
1968655,258,3970,469
1968656,278,3980,472
1968657,292,3974,480
1968658,301,3962,485
1968659,304,3953,497
1968660,304,3937,507
1968661,294,3918,515
1968662,280,3904,528
1968663,275,3895,535
1968664,269,3878,520
1968665,259,3863,500
1968666,248,3858,486
1968667,243,3855,466
1968668,238,3855,444
1968669,233,3852,432
1968670,239,3847,422
1968671,244,3844,407
1968672,241,3850,388
1968673,237,3858,364
1968674,220,3860,344
1968675,193,3861,341
1968676,176,3867,357
1968677,168,3875,372
1968678,165,3876,378
1968679,164,3872,390
1968680,169,3874,407
1968681,184,3887,412
1968682,194,3895,412
1968683,203,3898,415
1968684,214,3903,415
1968685,216,3907,405
1968686,217,3921,403
1968687,226,3932,396
1968688,237,3927,392
1968689,239,3919,394
1968690,235,3915,397
1968691,229,3913,408
1968692,227,3916,425
1968693,230,3919,434
1968694,224,3924,429
1968695,203,3918,414
1968696,185,3906,403
1968697,179,3903,406
1968698,177,3901,410
1968699,172,3888,403
1968700,165,3880,389
1968701,157,3897,380
1968702,148,3918,383
1968703,145,3923,378
1968704,141,3918,374
1968705,134,3915,380
1968706,134,3912,382
1968707,141,3902,378
1968708,150,3897,363
1968709,156,3906,356
1968710,157,3916,355
1968711,156,3920,342
1968712,160,3923,329
1968713,168,3928,327
1968714,175,3933,329
1968715,186,3937,331
1968716,207,3945,338
1968717,219,3949,352
1968718,218,3947,352
1968719,217,3952,343
1968720,212,3964,345
1968721,207,3968,359
1968722,197,3961,372
1968723,184,3953,379
1968724,179,3954,416
1968725,183,3960,421
1968726,187,3982,428
1968727,176,4006,444
1968728,161,4026,452
1968729,155,4043,449
1968730,162,4056,437
1968731,170,4071,426
1968732,171,4086,412
1968733,167,4092,396
1968734,158,4089,387
1968735,151,4094,374
1968736,149,4106,360
1968737,145,4121,357
1968738,130,4124,376
1968739,112,4119,408
1968740,106,4113,429
1968741,98,4113,439
1968742,90,4116,441
1968743,99,4114,442
1968744,119,4108,437
1968745,134,4107,417
1968746,150,4113,401
1968747,159,4119,397
1968748,162,4124,393
1968749,170,4131,392
1968750,175,4134,404
1968751,181,4134,416
1968752,181,4141,426
1968753,169,4148,445
1968754,159,4150,469
1968755,152,4153,494
1968756,138,4161,514
1968757,127,4166,517
1968758,128,4160,509
1968759,127,4153,502
1968760,122,4153,502
1968761,119,4155,508
1968762,135,4168,483
1968763,148,4170,469
1968764,157,4167,463
1968765,171,4175,456
1968766,188,4185,448
1968767,198,4191,451
1968768,202,4200,461
1968769,197,4200,466
1968770,193,4189,474
1968771,188,4181,489
1968772,186,4173,503
1968773,189,4159,518
1968774,187,4141,532
1968775,187,4121,533
1968776,193,4106,528
1968777,201,4093,525
1968778,211,4080,515
1968779,221,4072,492
1968780,226,4062,470
1968781,232,4049,456
1968782,230,4043,457
1968783,222,4041,454
1968784,223,4034,437
1968785,224,4027,421
1968786,222,4024,403
1968787,218,4018,379
1968788,212,4014,357
1968789,205,4017,343
1968790,196,4022,332
1968791,194,4023,325
1968792,199,4018,326
1968793,197,4009,338
1968794,187,4009,341
1968795,178,4010,346
1968796,175,4003,352
1968797,163,3996,349
1968798,151,3987,363
1968799,149,3981,383
1968800,149,3969,392
1968801,163,3961,425
1968802,178,3963,428
1968803,186,3970,428
1968804,192,3978,427
1968805,201,3980,424
1968806,211,3975,424
1968807,222,3972,423
1968808,224,3986,418
1968809,214,4013,413
1968810,204,4030,405
1968811,206,4041,400
1968812,204,4057,396
1968813,193,4072,382
1968814,188,4079,375
1968815,193,4079,384
1968816,201,4075,394
1968817,201,4071,407
1968818,192,4072,437
1968819,183,4071,472
1968820,182,4061,498
1968821,190,4051,524
1968822,193,4044,539
1968823,197,4041,541
1968824,220,4037,540
1968825,247,4025,538
1968826,266,4022,534
1968827,283,4018,527
1968828,298,4012,512
1968829,311,4002,493
1968830,320,3990,482
1968831,314,3979,483
1968832,293,3969,477
1968833,277,3960,456
1968834,261,3955,435
1968835,234,3959,427
1968836,213,3968,415
1968837,208,3985,410
1968838,214,4011,415
1968839,219,4039,415
1968840,214,4085,391
1968841,219,4094,380
1968842,218,4100,384
1968843,191,4106,404
1968844,165,4105,440
1968845,153,4096,484
1968846,146,4091,518
1968847,135,4092,542
1968848,117,4091,550
1968849,112,4095,549
1968850,124,4105,555
1968851,142,4120,566
1968852,157,4138,563
1968853,171,4151,534
1968854,181,4154,509
1968855,189,4153,515
1968856,194,4147,535
1968857,199,4134,546
1968858,196,4118,546
1968859,179,4101,542
1968860,154,4087,540
1968861,131,4082,550
1968862,122,4088,552
1968863,125,4090,537
1968864,136,4088,527
1968865,155,4086,516
1968866,174,4079,502
1968867,188,4076,496
1968868,201,4071,484
1968869,223,4058,466
1968870,254,4041,463
1968871,276,4035,478
1968872,294,4039,489
1968873,304,4040,484
1968874,303,4037,484
1968875,302,4036,495
1968876,295,4031,504
1968877,289,4028,510
1968878,290,4028,516
1968879,271,4018,515
1968880,259,4009,510
1968881,258,4013,510
1968882,263,4028,502
1968883,271,4044,497
1968884,269,4059,487
1968885,246,4069,468
1968886,217,4077,463
1968887,201,4080,471
1968888,194,4086,480
1968889,193,4109,491
1968890,196,4130,489
1968891,204,4150,465
1968892,217,4173,454
1968893,226,4188,472
1968894,227,4192,500
1968895,224,4192,527
1968896,217,4183,559
1968897,213,4161,582
1968898,213,4143,589
1968899,213,4132,589
1968900,226,4126,589
1968901,247,4126,596
1968902,256,4126,596
1968903,265,4127,577
1968904,274,4126,550
1968905,264,4121,525
1968906,249,4113,508
1968907,239,4097,491
1968908,231,4081,467
1968909,230,4070,450
1968910,236,4063,438
1968911,240,4065,424
1968912,239,4071,403
1968913,239,4074,379
1968914,239,4073,363
1968915,231,4071,356
1968916,221,4067,359
1968917,214,4057,359
1968918,195,4046,357
1968919,183,4050,370
1968920,186,4053,387
1968921,202,4058,382
1968922,215,4067,379
1968923,219,4074,396
1968924,220,4081,415
1968925,221,4085,441
1968926,213,4081,465
1968927,205,4079,473
1968928,198,4077,473
1968929,189,4082,470
1968930,183,4101,475
1968931,174,4128,485
1968932,168,4151,474
1968933,175,4169,465
1968934,182,4186,477
1968935,175,4200,485
1968936,157,4218,490
1968937,140,4235,509
1968938,135,4245,533
1968939,137,4250,565
1968940,132,4253,607
1968941,124,4262,645
1968942,125,4268,667
1968943,132,4259,680
1968944,142,4243,690
1968945,148,4226,692
1968946,163,4212,689
1968947,187,4205,672
1968948,209,4195,650
1968949,232,4185,632
1968950,255,4186,601
1968951,272,4185,558
1968952,283,4177,526
1968953,288,4165,508
1968954,282,4145,506
1968955,273,4120,520
1968956,263,4097,537
1968957,249,4071,535
1968958,236,4073,533
1968959,219,4087,530
1968960,204,4100,502
1968961,196,4108,472
1968962,184,4111,441
1968963,165,4112,415
1968964,147,4118,411
1968965,137,4130,400
1968966,131,4145,388
1968967,127,4152,397
1968968,126,4150,403
1968969,122,4150,408
1968970,123,4162,408
1968971,137,4181,402
1968972,145,4202,405
1968973,148,4220,409
1968974,153,4220,414
1968975,157,4201,427
1968976,166,4184,451
1968977,178,4173,475
1968978,180,4156,494
1968979,173,4137,519
1968980,173,4122,545
1968981,176,4112,535
1968982,175,4109,507
1968983,178,4109,490
1968984,181,4109,472
1968985,176,4104,456
1968986,172,4093,442
1968987,176,4084,433
1968988,174,4088,421
1968989,158,4098,407
1968990,148,4107,401
1968991,144,4111,398
1968992,133,4111,392
1968993,121,4125,396
1968994,112,4145,401
1968995,102,4153,392
1968996,101,4173,379
1968997,86,4183,375
1968998,74,4187,370
1968999,72,4197,369
1969000,74,4217,374
1969001,70,4229,391
1969002,72,4225,404
1969003,88,4216,421
1969004,110,4209,449
1969005,129,4207,471
1969006,147,4214,471
1969007,170,4221,463
1969008,195,4221,462
1969009,220,4219,468
1969010,241,4218,478
1969011,251,4214,488
1969012,244,4213,488
1969013,220,4215,481
1969014,204,4213,483
1969015,199,4215,485
1969016,184,4215,476
1969017,164,4214,458
1969018,151,4219,439
1969019,137,4230,424
1969020,125,4243,416
1969021,119,4255,412
1969022,116,4266,411
1969023,110,4270,407
1969024,102,4259,398
1969025,95,4249,390
1969026,94,4249,384
1969027,97,4246,382
1969028,90,4247,383
1969029,86,4261,384
1969030,93,4281,385
1969031,104,4290,401
1969032,119,4292,419
1969033,146,4297,424
1969034,174,4304,430
1969035,185,4305,448
1969036,193,4301,469
1969037,205,4266,504
1969038,212,4243,513
1969039,214,4227,535
1969040,208,4211,559
1969041,194,4186,560
1969042,183,4174,546
1969043,181,4174,530
1969044,191,4173,510
1969045,202,4176,486
1969046,211,4180,474
1969047,220,4186,470
1969048,223,4197,452
1969049,223,4215,434
1969050,222,4231,431
1969051,219,4240,439
1969052,208,4247,459
1969053,189,4249,492
1969054,158,4251,528
1969055,124,4261,555
1969056,99,4273,563
1969057,88,4275,557
1969058,87,4270,562
1969059,91,4267,580
1969060,102,4270,584
1969061,110,4272,582
1969062,111,4260,595
1969063,114,4253,603
1969064,125,4258,599
1969065,148,4252,600
1969066,170,4244,601
1969067,186,4234,593
1969068,197,4213,580
1969069,217,4195,555
1969070,236,4187,537
1969071,239,4194,524
1969072,236,4198,493
1969073,243,4183,467
1969074,257,4158,469
1969075,267,4142,480
1969076,262,4149,465
1969077,255,4147,464
1969078,247,4152,481
1969079,244,4151,514
1969080,253,4149,656
1969081,226,4068,983
1969082,212,4087,1220
1969083,413,4043,812
1969084,625,3951,152
1969085,284,4098,137
1969086,-328,4192,436
1969087,-362,4167,552
1969088,71,4113,618
1969089,310,4091,657
1969090,253,4099,608
1969091,199,4104,530
1969092,208,4110,478
1969093,175,4136,464
1969094,132,4167,479
1969095,129,4168,497
1969096,162,4152,493
1969098,260,4127,447
1969099,287,4123,457
1969100,270,4117,465
1969101,227,4105,484
1969102,166,4103,527
1969103,110,4101,569
1969104,93,4093,591
1969105,107,4085,585
1969106,128,4073,564
1969107,151,4064,535
1969108,176,4063,522
1969109,191,4071,529
1969110,191,4085,521
1969111,178,4097,501
1969112,160,4105,479
1969113,154,4107,467
1969114,163,4110,463
1969115,167,4109,460
1969116,152,4102,468
1969117,141,4089,479
1969118,149,4078,484
1969119,154,4070,487
1969120,160,4058,486
1969121,164,4050,486
1969122,165,4051,493
1969123,165,4055,496
1969124,161,4049,502
1969125,166,4039,507
1969126,183,4028,515
1969127,229,4003,515
1969128,214,4029,510
1969129,152,4078,490
1969130,108,4098,475
1969131,105,4082,477
1969132,109,4068,485
1969133,99,4072,509
1969134,80,4082,546
1969135,59,4097,582
1969136,38,4112,617
1969137,22,4118,642
1969138,16,4121,653
1969139,20,4123,648
1969140,40,4120,637
1969141,76,4117,624
1969142,90,4128,595
1969143,78,4154,553
1969144,81,4165,522
1969145,106,4150,513
1969146,129,4127,510
1969147,145,4115,512
1969148,156,4114,523
1969149,142,4115,554
1969150,122,4107,587
1969151,114,4103,605
1969152,107,4107,624
1969153,95,4102,637
1969154,86,4093,648
1969155,92,4085,661
1969156,102,4081,655
1969157,113,4074,636
1969158,125,4069,627
1969159,133,4072,617
1969160,135,4078,594
1969161,136,4079,570
1969162,141,4076,561
1969163,141,4078,572
1969164,137,4090,586
1969165,129,4108,573
1969166,129,4111,561
1969167,132,4106,561
1969168,134,4110,562
1969169,130,4121,573
1969170,126,4127,595
1969171,118,4131,610
1969172,101,4136,616
1969173,85,4141,621
1969174,77,4143,642
1969175,78,4137,674
1969176,80,4128,694
1969177,78,4124,703
1969178,79,4116,705
1969179,89,4109,703
1969180,106,4103,702
1969181,122,4098,701
1969182,141,4093,696
1969183,151,4087,676
1969184,137,4088,649
1969185,121,4101,625
1969186,141,4108,619
1969187,179,4108,632
1969188,217,4108,625
1969189,264,4106,602
1969190,257,4107,587
1969191,196,4112,587
1969192,155,4121,571
1969193,149,4130,549
1969194,153,4141,571
1969195,176,4148,605
1969196,204,4147,626
1969197,200,4146,640
1969198,169,4155,655
1969199,139,4162,675
1969200,130,4159,697
1969201,132,4158,709
1969202,123,4163,721
1969203,106,4165,731
1969204,133,4162,695
1969205,164,4165,681
1969206,169,4168,668
1969207,150,4169,651
1969208,140,4162,628
1969209,146,4150,605
1969210,144,4145,585
1969211,139,4150,549
1969212,142,4161,505
1969213,142,4167,477
1969214,135,4157,453
1969215,129,4140,438
1969216,120,4135,450
1969217,102,4135,478
1969218,90,4132,500
1969219,93,4134,515
1969220,98,4146,531
1969221,94,4158,542
1969222,77,4161,546
1969223,66,4162,553
1969224,62,4160,571
1969225,59,4151,596
1969226,65,4153,606
1969227,82,4162,604
1969228,98,4158,591
1969229,109,4149,572
1969230,118,4142,564
1969231,121,4128,569
1969232,123,4114,584
1969233,118,4103,592
1969234,111,4094,581
1969235,102,4085,571
1969236,94,4073,576
1969237,95,4057,573
1969238,94,4044,565
1969239,92,4041,570
1969240,91,4043,589
1969241,88,4046,604
1969242,85,4047,605
1969243,77,4038,597
1969244,77,4029,607
1969245,69,4023,600
1969246,58,4024,572
1969247,45,4026,553
1969248,35,4028,546
1969249,41,4030,527
1969250,63,4036,499
1969251,72,4042,491
1969252,66,4048,492
1969253,69,4063,482
1969254,80,4080,478
1969255,79,4091,484
1969256,69,4097,494
1969257,66,4094,504
1969258,71,4087,512
1969259,59,4080,528
1969260,36,4077,548
1969261,24,4076,557
1969262,16,4079,558
1969263,5,4090,577
1969264,-6,4092,596
1969265,-1,4083,591
1969266,14,4083,564
1969267,15,4089,537
1969268,12,4095,536
1969269,12,4101,542
1969270,17,4108,539
1969271,29,4112,527
1969272,47,4108,506
1969273,69,4108,473
1969274,89,4114,446
1969275,91,4116,452
1969276,74,4113,482
1969277,68,4111,512
1969278,72,4110,531
1969279,66,4110,560
1969280,50,4116,613
1969281,39,4120,649
1969282,46,4127,636
1969283,47,4150,647
1969284,45,4171,661
1969285,55,4187,656
1969286,74,4204,635
1969287,87,4212,614
1969288,92,4213,610
1969289,93,4208,630
1969290,89,4197,658
1969291,79,4191,680
1969292,67,4188,688
1969293,62,4184,677
1969294,67,4180,663
1969295,67,4175,676
1969296,65,4170,692
1969297,83,4169,665
1969298,116,4167,607
1969299,129,4160,578
1969300,123,4166,588
1969301,121,4177,607
1969302,129,4182,624
1969303,133,4185,637
1969304,126,4190,666
1969305,110,4192,696
1969306,93,4195,712
1969307,80,4197,719
1969308,65,4197,714
1969309,53,4208,706
1969310,44,4221,702
1969311,22,4232,711
1969312,-1,4239,729
1969313,-11,4239,745
1969314,-17,4240,737
1969315,-11,4246,711
1969316,-1,4254,720
1969317,-7,4262,739
1969318,26,4234,683
1969319,51,4228,639
1969320,55,4219,600
1969321,55,4207,579
1969322,58,4192,575
1969323,54,4179,575
1969324,44,4168,569
1969325,25,4151,561
1969326,-2,4130,565
1969327,-7,4111,574
1969328,7,4108,582
1969329,20,4111,586
1969330,39,4111,573
1969331,57,4116,563
1969332,67,4121,572
1969333,72,4132,582
1969334,75,4137,570
1969335,85,4137,550
1969336,105,4142,539
1969337,129,4147,529
1969338,155,4146,536
1969339,183,4137,574
1969340,162,4164,608
1969341,96,4218,595
1969342,69,4242,567
1969343,94,4235,579
1969344,115,4222,604
1969345,113,4219,621
1969346,115,4218,636
1969347,118,4215,652
1969348,105,4200,704
1969349,144,4174,672
1969350,172,4165,674
1969351,136,4167,746
1969352,94,4165,781
1969353,118,4162,731
1969354,166,4165,686
1969355,168,4180,721
1969356,155,4183,762
1969357,181,4176,705
1969358,220,4179,602
1969359,222,4188,555
1969360,198,4192,564
1969361,169,4194,585
1969362,142,4198,606
1969363,137,4193,604
1969364,159,4174,567
1969365,149,4171,580
1969366,87,4181,666
1969367,54,4180,710
1969368,78,4175,683
1969369,99,4187,670
1969370,87,4207,704
1969371,81,4212,740
1969372,103,4213,740
1969373,129,4224,716
1969374,134,4236,690
1969375,122,4243,677
1969376,103,4249,687
1969377,81,4259,716
1969378,63,4264,722
1969379,60,4261,698
1969380,51,4256,692
1969381,34,4253,702
1969382,48,4245,661
1969383,92,4235,588
1969384,115,4236,570
1969385,101,4248,610
1969386,91,4257,657
1969387,98,4258,680
1969388,104,4266,628
1969389,102,4276,604
1969390,90,4280,602
1969391,84,4282,612
1969392,69,4289,630
1969393,51,4287,633
1969394,61,4283,601
1969395,76,4283,576
1969396,58,4281,589
1969397,24,4278,612
1969398,11,4280,627
1969399,13,4292,619
1969400,22,4301,581
1969401,39,4305,546
1969402,39,4311,548
1969403,23,4317,583
1969404,32,4317,595
1969405,76,4313,568
1969406,107,4308,548
1969407,107,4302,547
1969408,101,4295,561
1969409,82,4297,616
1969410,56,4294,659
1969411,59,4278,637
1969412,80,4265,586
1969413,82,4265,564
1969414,66,4269,559
1969415,65,4264,535
1969416,82,4248,496
1969417,100,4232,455
1969418,98,4224,437
1969419,77,4219,459
1969420,62,4213,489
1969421,49,4204,500
1969422,35,4195,503
1969423,22,4195,501
1969424,7,4197,512
1969425,-4,4198,534
1969426,16,4186,486
1969427,32,4187,455
1969428,26,4189,457
1969429,18,4189,457
1969430,25,4191,437
1969431,38,4187,431
1969432,26,4181,454
1969433,-6,4172,484
1969434,-26,4162,515
1969435,-37,4168,546
1969436,-47,4177,559
1969437,-32,4175,533
1969438,-9,4172,520
1969439,-18,4175,574
1969440,-30,4175,612
1969441,10,4169,560
1969442,64,4174,509
1969443,63,4187,515
1969444,40,4194,545
1969445,44,4193,562
1969446,52,4189,573
1969447,36,4195,615
1969448,31,4198,638
1969449,56,4186,604
1969450,77,4186,589
1969451,77,4198,623
1969452,69,4205,658
1969453,56,4210,693
1969454,54,4209,713
1969455,70,4209,710
1969456,84,4229,731
1969457,86,4245,765
1969458,109,4240,739
1969459,142,4235,689
1969460,132,4240,700
1969461,102,4240,734
1969462,97,4226,741
1969463,67,4227,785
1969464,37,4225,777
1969465,41,4213,718
1969466,47,4206,664
1969467,26,4204,657
1969468,-1,4206,676
1969469,2,4212,677
1969470,22,4215,644
1969471,28,4220,619
1969472,19,4230,622
1969473,6,4233,631
1969474,-2,4232,648
1969475,1,4230,671
1969476,5,4236,701
1969477,6,4253,727
1969478,26,4269,718
1969479,62,4274,684
1969480,82,4265,665
1969481,87,4264,673
1969482,92,4267,690
1969483,105,4264,696
1969484,123,4261,691
1969485,135,4254,699
1969486,123,4246,715
1969487,96,4233,696
1969488,97,4228,654
1969489,97,4237,658
1969490,64,4245,694
1969491,45,4247,684
1969492,49,4249,667
1969493,38,4250,685
1969494,24,4248,676
1969495,28,4239,641
1969496,31,4222,634
1969497,14,4199,649
1969498,-8,4181,661
1969499,-14,4168,670
1969500,-10,4170,678
1969501,-9,4186,678
1969502,13,4208,617
1969503,35,4220,580
1969504,45,4229,557
1969505,53,4227,544
1969506,58,4226,533
1969507,51,4230,534
1969508,41,4223,544
1969509,47,4197,540
1969510,44,4174,551
1969511,20,4162,587
1969512,2,4160,624
1969513,-8,4175,647
1969514,-7,4191,639
1969515,9,4206,611
1969516,25,4226,605
1969517,42,4238,614
1969518,63,4244,608
1969519,73,4257,605
1969520,67,4257,623
1969521,49,4248,643
1969522,37,4234,633
1969523,32,4221,609
1969524,12,4224,622
1969525,-14,4235,641
1969526,-7,4248,597
1969527,22,4262,541
1969528,39,4277,535
1969529,35,4284,561
1969530,25,4275,589
1969531,17,4263,611
1969532,4,4255,631
1969533,-6,4255,652
1969534,-4,4260,662
1969535,5,4264,653
1969536,14,4263,651
1969537,24,4252,664
1969538,28,4243,672
1969539,28,4244,678
1969540,45,4271,679
1969541,65,4282,641
1969542,82,4298,598
1969543,89,4313,581
1969544,87,4311,581
1969545,70,4300,581
1969546,39,4294,595
1969547,7,4289,609
1969548,-5,4287,605
1969549,-5,4291,603
1969550,-11,4296,599
1969551,-15,4291,586
1969552,-7,4287,589
1969553,-5,4292,605
1969554,-10,4290,598
1969555,-3,4276,581
1969556,2,4257,586
1969557,-5,4237,585
1969558,-8,4222,557
1969559,-12,4222,528
1969560,-26,4222,509
1969561,-36,4209,492
1969562,-38,4199,483
1969563,-36,4202,479
1969564,-30,4212,468
1969565,-30,4225,466
1969566,-33,4236,471
1969567,-27,4240,474
1969568,-22,4242,475
1969569,-24,4246,466
1969570,-27,4247,471
1969571,-27,4249,484
1969572,-23,4250,488
1969573,-17,4252,500
1969574,-20,4255,526
1969575,-30,4254,549
1969576,-27,4249,559
1969577,-16,4246,586
1969578,-5,4241,620
1969579,10,4234,636
1969580,29,4235,642
1969581,33,4238,661
1969582,32,4230,677
1969583,49,4216,666
1969584,61,4201,652
1969585,56,4185,649
1969586,50,4177,640
1969587,50,4176,616
1969588,58,4170,597
1969589,69,4159,592
1969590,83,4152,581
1969591,104,4146,561
1969592,125,4144,547
1969593,141,4151,546
1969594,156,4156,542
1969595,163,4153,534
1969596,164,4147,536
1969597,168,4145,544
1969598,164,4149,563
1969599,151,4153,589
1969600,131,4157,608
1969601,114,4156,612
1969602,107,4150,622
1969603,115,4141,653
1969604,131,4128,685
1969605,150,4111,698
1969606,165,4101,707
1969607,169,4101,714
1969608,165,4104,720
1969609,162,4116,738
1969610,160,4128,748
1969611,148,4133,730
1969612,134,4149,730
1969613,124,4165,720
1969614,129,4178,697
1969615,145,4194,689
1969616,158,4210,695
1969617,166,4218,700
1969618,168,4218,712
1969619,163,4219,733
1969620,155,4215,752
1969621,147,4207,779
1969622,148,4199,801
1969623,145,4186,810
1969624,133,4169,806
1969625,133,4151,798
1969626,142,4143,790
1969627,146,4135,776
1969628,154,4114,757
1969629,167,4090,730
1969630,185,4076,704
1969631,208,4071,685
1969632,219,4060,668
1969633,223,4047,651
1969634,226,4033,625
1969635,225,4013,601
1969636,220,3991,580
1969637,212,3974,559
1969638,199,3961,546
1969639,185,3955,540
1969640,185,3952,525
1969641,181,3948,488
1969642,179,3952,450
1969643,160,3954,437
1969644,127,3951,421
1969645,105,3955,406
1969646,105,3967,409
1969647,137,3991,418
1969648,168,4013,440
1969649,172,4035,499
1969650,165,4053,526
1969651,185,4071,561
1969652,219,4095,577
1969653,243,4116,562
1969654,209,4118,576
1969655,175,4119,573
1969656,182,4133,537
1969657,174,4135,545
1969658,193,4134,552
1969659,219,4129,563
1969660,235,4121,605
1969661,253,4128,619
1969662,221,4128,632
1969663,148,4104,672
1969664,144,4083,669
1969665,198,4074,644
1969666,253,4065,615
1969667,310,4059,581
1969668,328,4049,576
1969669,312,4034,589
1969670,298,4019,590
1969671,295,4004,559
1969672,284,3986,522
1969673,267,3966,501
1969674,259,3953,490
1969675,257,3948,490
1969676,257,3943,490
1969677,253,3934,488
1969678,244,3926,496
1969679,237,3918,497
1969680,230,3906,474
1969681,220,3900,448
1969682,204,3902,431
1969683,187,3901,415
1969684,175,3909,390
1969685,160,3924,366
1969686,151,3935,370
1969687,154,3952,383
1969688,173,3968,378
1969689,177,3963,368
1969690,176,3961,363
1969691,173,3960,367
1969692,171,3960,384
1969693,172,3960,406
1969694,176,3956,425
1969695,181,3945,443
1969696,183,3935,452
1969697,181,3929,463
1969698,186,3923,478
1969699,201,3916,496
1969700,220,3907,500
1969701,232,3902,484
1969702,240,3904,471
1969703,260,3904,468
1969704,288,3898,479
1969705,316,3895,487
1969706,338,3895,474
1969707,356,3889,481
1969708,368,3891,507
1969709,359,3906,508
1969710,346,3916,508
1969711,340,3917,518
1969712,330,3916,524
1969713,316,3923,536
1969714,305,3933,545
1969715,299,3940,540
1969716,294,3949,539
1969717,289,3958,553
1969718,292,3970,563
1969719,292,3972,564
1969720,281,3963,564
1969721,266,3953,573
1969722,254,3943,584
1969723,250,3932,590
1969724,248,3920,589
1969725,242,3903,582
1969726,232,3885,569
1969727,239,3854,547
1969728,247,3849,538
1969729,257,3842,513
1969730,269,3833,489
1969731,277,3828,471
1969732,276,3830,450
1969733,271,3836,433
1969734,263,3841,418
1969735,247,3848,420
1969736,231,3861,423
1969737,218,3880,422
1969738,206,3902,425
1969739,191,3919,441
1969740,178,3932,466
1969741,169,3949,478
1969742,165,3968,495
1969743,170,3984,522
1969744,174,3995,547
1969745,180,3997,577
1969746,195,3995,607
1969747,204,3992,613
1969748,212,3989,613
1969749,228,3987,625
1969750,244,3976,635
1969751,252,3962,643
1969752,258,3946,650
1969753,264,3920,664
1969754,274,3894,684
1969755,296,3878,681
1969756,316,3868,672
1969757,330,3860,672
1969758,336,3854,657
1969759,338,3848,627
1969760,346,3844,603
1969761,352,3848,580
1969762,355,3852,559
1969763,354,3855,546
1969764,342,3860,537
1969765,302,3866,527
1969766,288,3871,525
1969767,273,3874,523
1969768,252,3874,536
1969769,234,3881,554
1969770,215,3900,562
1969771,203,3916,561
1969772,201,3927,548
1969773,202,3937,539
1969774,208,3951,545
1969775,215,3970,551
1969776,220,3986,547
1969777,224,3999,544
1969778,230,4014,544
1969779,232,4028,539
1969780,235,4034,538
1969781,237,4031,549
1969782,234,4035,560
1969783,229,4043,575
1969784,224,4048,592
1969785,221,4058,593
1969786,222,4067,594
1969787,221,4069,608
1969788,219,4075,612
1969789,218,4085,608
1969790,213,4095,609
1969791,207,4108,608
1969792,208,4120,609
1969793,216,4129,615
1969794,229,4133,618
1969795,231,4132,618
1969796,223,4132,624
1969797,222,4130,634
1969798,223,4118,651
1969799,227,4101,674
1969800,228,4088,677
1969801,224,4069,663
1969802,217,4053,648
1969803,212,4049,636
1969804,212,4031,604
1969805,214,4013,589
1969806,208,3995,570
1969807,200,3988,550
1969808,186,3978,541
1969809,175,3966,540
1969810,168,3965,530
1969811,154,3977,510
1969812,140,3979,492
1969813,125,3975,476
1969814,115,3976,455
1969815,113,3979,440
1969816,106,3992,424
1969817,97,4011,406
1969818,99,4021,410
1969819,111,4027,423
1969820,132,4032,427
1969821,148,4034,426
1969822,150,4041,431
1969823,158,4049,452
1969824,173,4047,474
1969825,183,4042,476
1969826,195,4039,478
1969827,207,4034,498
1969828,214,4021,527
1969829,213,4006,547
1969830,217,3993,563
1969831,223,3977,587
1969832,217,3966,599
1969833,208,3967,593
1969834,203,3967,591
1969835,202,3963,589
1969836,207,3962,572
1969837,213,3970,545
1969838,219,3985,520
1969839,223,4002,510
1969840,226,4014,501
1969841,230,4021,492
1969842,227,4035,491
1969843,220,4064,507
1969844,216,4079,523
1969845,210,4093,531
1969846,198,4106,530
1969847,182,4113,524
1969848,175,4109,534
1969849,168,4100,568
1969850,152,4094,605
1969851,142,4091,636
1969852,145,4089,655
1969853,153,4088,651
1969854,160,4080,646
1969855,168,4063,636
1969856,178,4045,612
1969857,189,4044,590
1969858,193,4054,577
1969859,192,4060,569
1969860,198,4064,558
1969861,204,4065,541
1969862,209,4065,526
1969863,220,4070,516
1969864,240,4074,508
1969865,249,4071,502
1969866,243,4067,504
1969867,238,4066,518
1969868,230,4061,524
1969869,215,4044,528
1969870,186,4021,538
1969871,146,4006,541
1969872,118,3992,547
1969873,118,3978,546
1969874,128,3965,536
1969875,129,3956,532
1969876,137,3955,535
1969877,157,3961,527
1969878,178,3969,509
1969879,192,3980,496
1969880,208,3982,489
1969881,234,3962,514
1969882,222,3942,530
1969883,210,3918,546
1969884,195,3899,560
1969885,183,3889,574
1969886,172,3877,589
1969887,153,3865,591
1969888,137,3875,592
1969889,138,3893,581
1969890,157,3912,542
1969891,178,3923,511
1969892,177,3924,496
1969893,166,3929,488
1969894,168,3930,479
1969895,177,3937,472
1969896,181,3955,478
1969897,177,3963,493
1969898,176,3961,509
1969899,181,3973,529
1969900,184,3993,536
1969901,187,4009,531
1969902,185,4022,527
1969903,180,4029,534
1969904,182,4035,557
1969905,182,4038,585
1969906,175,4034,610
1969907,180,4023,616
1969908,192,4023,612
1969909,197,4030,613
1969910,207,4037,623
1969911,225,4050,621
1969912,240,4061,602
1969913,249,4060,584
1969914,239,4058,584
1969915,223,4058,602
1969916,214,4059,614
1969917,209,4061,614
1969918,212,4072,606
1969919,208,4098,589
1969920,181,4118,583
1969921,171,4141,588
1969922,167,4163,578
1969923,168,4172,570
1969924,157,4181,575
1969925,143,4196,585
1969926,141,4208,594
1969927,144,4208,598
1969928,140,4201,590
1969929,134,4199,589
1969930,133,4198,598
1969931,131,4201,597
1969932,126,4199,599
1969933,126,4194,599
1969934,135,4202,588
1969935,147,4213,576
1969936,164,4221,564
1969937,174,4219,558
1969938,177,4205,557
1969939,184,4191,564
1969940,181,4187,581
1969941,174,4198,597
1969942,174,4221,611
1969943,173,4234,625
1969944,172,4226,629
1969945,166,4220,637
1969946,155,4220,655
1969947,141,4214,662
1969948,133,4201,647
1969949,126,4188,619
1969950,119,4187,602
1969951,125,4196,592
1969952,147,4207,573
1969953,169,4218,549
1969954,180,4220,523
1969955,185,4218,493
1969956,180,4219,476
1969957,169,4213,472
1969958,157,4203,473
1969959,120,4192,501
1969960,110,4195,513
1969961,102,4206,510
1969962,94,4220,503
1969963,95,4230,497
1969964,105,4236,502
1969965,109,4232,514
1969966,104,4220,518
1969967,98,4211,520
1969968,95,4203,531
1969969,94,4192,548
1969970,96,4183,564
1969971,104,4179,554
1969972,125,4180,535
1969973,157,4189,535
1969974,191,4201,542
1969975,220,4216,538
1969976,237,4224,525
1969977,242,4221,521
1969978,246,4219,532
1969979,247,4212,551
1969980,237,4205,565
1969981,227,4207,566
1969982,217,4210,563
1969983,210,4203,575
1969984,211,4194,592
1969985,215,4195,600
1969986,213,4201,586
1969987,214,4200,565
1969988,228,4191,561
1969989,239,4178,569
1969990,244,4165,582
1969991,254,4155,595
1969992,268,4145,592
1969993,273,4135,584
1969994,264,4122,581
1969995,257,4107,578
1969996,261,4093,583
1969997,261,4091,586
1969998,257,4098,570
1969999,262,4103,553
1970000,272,4110,543
1970001,281,4112,536
1970002,288,4108,535
1970003,290,4106,547
1970004,278,4101,554
1970005,256,4089,559
1970006,230,4067,563
1970007,207,4045,561
1970008,195,4035,552
1970009,191,4038,544
1970010,189,4032,524
1970011,184,4012,510
1970012,181,4001,518
1970013,177,3998,524
1970014,165,3994,518
1970015,142,3985,507
1970016,115,3976,496
1970017,95,3976,483
1970018,90,3972,464
1970019,111,3962,441
1970020,151,3960,427
1970021,206,3969,409
1970022,270,3986,374
1970023,330,4002,341
1970024,386,4016,328
1970025,431,4039,337
1970026,459,4064,371
1970027,469,4073,416
1970028,467,4073,469
1970029,450,4068,535
1970030,415,4064,607
1970031,369,4055,679
1970032,318,4046,736
1970033,274,4048,772
1970034,234,4049,791
1970035,197,4043,799
1970036,173,4046,783
1970037,173,4100,723
1970038,190,4120,679
1970039,205,4129,627
1970040,214,4130,593
1970041,225,4130,566
1970042,229,4118,547
1970043,224,4098,538
1970044,219,4083,537
1970045,206,4076,550
1970046,185,4078,565
1970047,170,4091,561
1970048,177,4108,556
1970049,193,4120,570
1970050,197,4136,590
1970051,196,4153,612
1970052,197,4158,634
1970053,199,4161,664
1970054,199,4161,688
1970055,190,4150,699
1970056,183,4147,721
1970057,182,4157,735
1970058,189,4168,721
1970059,194,4173,696
1970060,193,4179,668
1970061,194,4187,644
1970062,187,4185,642
1970063,177,4169,648
1970064,170,4158,638
1970065,163,4162,626
1970066,168,4167,619
1970067,179,4165,598
1970068,188,4162,572
1970069,198,4159,580
1970070,203,4160,603
1970071,204,4165,611
1970072,200,4166,612
1970073,196,4169,613
1970074,197,4181,616
1970075,200,4197,611
1970076,185,4223,604
1970077,168,4228,603
1970078,161,4228,613
1970079,154,4226,621
1970080,142,4225,628
1970081,130,4221,642
1970082,122,4220,655
1970083,119,4219,652
1970084,119,4210,640
1970085,129,4194,632
1970086,147,4178,633
1970087,163,4159,627
1970088,174,4136,608
1970089,199,4122,585
1970090,225,4116,573
1970091,240,4106,565
1970092,261,4100,547
1970093,284,4100,521
1970094,300,4104,500
1970095,309,4109,493
1970096,301,4108,494
1970097,285,4100,500
1970098,273,4088,511
1970099,260,4080,528
1970100,250,4071,563
1970101,238,4059,592
1970102,226,4058,595
