,180
771425,356,4063,187
771426,346,4069,182
771427,334,4075,174
771428,323,4077,171
771429,316,4077,167
771430,307,4075,152
771431,292,4072,131
771432,276,4067,122
771433,261,4068,123
771434,250,4069,124
771435,242,4059,118
771436,226,4055,109
771437,207,4056,109
771438,199,4054,116
771439,205,4047,122
771440,212,4038,125
771441,225,4029,132
771442,245,4019,134
771443,262,4020,120
771444,281,4018,102
771445,297,4010,92
771446,316,4006,87
771447,350,4010,84
771448,374,4016,80
771449,387,4020,79
771450,403,4025,72
771451,419,4010,73
771452,416,3996,72
771453,413,3995,71
771454,416,3998,79
771455,421,3996,88
771456,421,3995,88
771457,414,3987,87
771458,398,3969,79
771459,388,3958,67
771460,393,3959,47
771461,394,3966,19
771462,394,3967,-16
771463,406,3963,-58
771464,417,3961,-91
771465,419,3969,-115
771466,412,3985,-132
771467,401,3995,-142
771468,395,3999,-137
771469,385,4003,-118
771470,366,4005,-108
771471,353,4010,-102
771472,342,4012,-81
771473,332,4006,-62
771474,329,3998,-58
771475,322,3998,-56
771476,310,4005,-49
771477,308,4010,-44
771478,311,4010,-37
771479,308,4010,-34
771480,309,4023,-38
771481,314,4038,-44
771482,319,4049,-50
771483,327,4060,-50
771484,338,4069,-33
771485,344,4086,-11
771486,339,4099,3
771487,333,4110,12
771488,328,4131,10
771489,324,4154,2
771490,324,4173,7
771491,327,4187,12
771492,319,4200,28
771493,310,4212,44
771494,303,4222,55
771495,293,4239,64
771496,289,4258,74
771497,291,4271,83
771498,293,4281,93
771499,293,4291,95
771500,298,4290,93
771501,308,4287,99
771502,314,4295,112
771503,321,4307,125
771504,325,4324,135
771505,333,4343,147
771506,353,4349,154
771507,365,4343,158
771508,374,4334,155
771509,395,4333,145
771510,418,4330,147
771511,436,4328,168
771512,442,4333,189
771513,435,4337,203
771514,425,4333,216
771515,412,4321,231
771516,400,4318,253
771517,390,4319,284
771518,376,4316,323
771519,356,4312,363
771520,329,4306,393
771521,299,4300,417
771522,263,4299,444
771523,216,4304,470
771524,177,4304,488
771525,148,4305,509
771526,115,4322,552
771527,93,4312,582
771528,82,4300,605
771529,82,4298,631
771530,85,4300,662
771531,87,4297,704
771532,82,4288,751
771533,72,4269,799
771534,64,4249,845
771535,61,4237,873
771536,56,4226,876
771537,52,4209,882
771538,52,4189,900
771539,60,4174,919
771540,78,4163,925
771541,105,4156,913
771542,126,4151,908
771543,146,4146,911
771544,173,4144,903
771545,198,4144,874
771546,221,4143,843
771547,245,4142,835
771548,265,4146,834
771549,275,4146,818
771550,260,4142,801
771551,238,4148,796
771552,223,4153,795
771553,209,4157,807
771554,202,4170,825
771555,181,4187,845
771556,153,4208,858
771557,146,4225,860
771558,142,4233,867
771559,135,4233,882
771560,139,4221,893
771561,147,4212,893
771562,148,4218,893
771563,147,4230,889
771564,152,4230,869
771565,162,4221,843
771566,172,4224,821
771567,184,4229,801
771568,184,4218,762
771569,189,4217,762
771570,197,4216,765
771571,200,4214,767
771572,192,4219,781
771573,177,4226,799
771574,165,4228,804
771575,159,4231,791
771576,161,4235,780
771577,160,4237,772
771578,164,4247,746
771579,170,4259,711
771580,171,4274,675
771581,180,4290,634
771582,187,4301,610
771583,195,4312,594
771584,214,4317,572
771585,232,4324,559
771586,242,4337,566
771587,250,4343,582
771588,255,4342,584
771589,264,4335,577
771590,279,4326,573
771591,287,4322,569
771592,290,4326,551
771593,302,4332,518
771594,314,4334,486
771595,313,4332,463
771596,307,4335,450
771597,308,4336,444
771598,313,4328,448
771599,316,4316,442
771600,311,4312,423
771601,289,4311,413
771602,263,4304,423
771603,233,4299,433
771604,208,4289,447
771605,191,4273,471
771606,179,4262,490
771607,173,4256,508
771608,175,4250,521
771609,186,4258,507
771610,193,4263,501
771611,197,4262,488
771612,209,4255,471
771613,217,4251,457
771614,219,4249,451
771615,223,4238,462
771616,211,4221,485
771617,196,4205,504
771618,191,4194,510
771619,178,4184,509
771620,162,4172,503
771621,143,4155,503
771622,122,4122,505
771623,108,4055,502
771624,84,3963,507
771625,52,3894,499
771626,42,3883,438
771627,63,3924,338
771628,83,3991,245
771629,64,4066,200
771630,28,4129,187
771631,32,4181,133
771632,97,4230,53
771633,201,4265,-31
771634,321,4292,-140
771635,457,4325,-247
771636,592,4352,-315
771637,685,4362,-375
771638,744,4363,-438
771639,807,4370,-517
771640,883,4374,-583
771641,939,4378,-577
771642,921,4376,-532
771643,855,4371,-473
771644,765,4394,-416
771645,717,4398,-390
771646,629,4400,-309
771647,512,4389,-201
771648,406,4393,-74
771649,326,4412,39
771650,275,4415,85
771651,276,4391,81
771652,313,4366,127
771653,292,4350,265
771654,196,4333,419
771655,124,4333,531
771656,126,4345,610
771657,151,4343,696
771658,153,4327,774
771659,170,4318,790
771660,243,4334,766
771661,319,4357,764
771662,332,4361,790
771663,329,4362,794
771664,398,4358,721
771665,520,4350,660
771666,563,4345,720
771667,458,4327,831
771668,320,4313,897
771669,262,4332,922
771670,228,4347,907
771671,191,4325,866
771672,203,4309,841
771673,218,4300,824
771674,191,4283,811
771675,167,4281,817
771676,156,4290,840
771677,161,4292,842
771678,208,4298,795
771679,287,4306,681
771680,375,4299,558
771681,389,4285,565
771682,371,4285,597
771683,417,4274,541
771684,394,4258,532
771685,305,4260,609
771686,280,4255,616
771687,306,4234,578
771688,304,4225,583
771689,299,4220,567
771690,325,4206,498
771691,341,4199,474
771692,322,4200,538
771693,307,4195,603
771694,327,4185,593
771695,363,4171,521
771696,369,4162,473
771697,343,4163,483
771698,333,4163,479
771699,349,4159,441
771700,377,4155,420
771701,413,4150,415
771702,435,4145,404
771703,424,4143,421
771704,402,4139,467
771705,412,4123,471
771706,436,4111,460
771707,445,4113,459
771708,442,4111,456
771709,391,4116,524
771710,332,4123,593
771711,352,4119,551
771712,397,4116,478
771713,410,4122,444
771714,430,4133,413
771715,441,4143,379
771716,426,4146,357
771717,401,4149,322
771718,401,4152,317
771719,389,4160,312
771720,359,4178,332
771721,353,4182,328
771722,372,4180,289
771723,390,4184,269
771724,407,4185,275
771725,401,4194,317
771726,381,4210,373
771727,382,4215,391
771728,376,4215,402
771729,334,4226,459
771730,285,4243,519
771731,284,4248,508
771732,314,4245,475
771733,336,4256,473
771734,346,4268,469
771735,327,4268,471
771736,308,4266,488
771737,299,4266,516
771738,271,4269,572
771739,252,4266,631
771740,252,4254,631
771741,257,4242,585
771742,246,4233,557
771743,231,4229,550
771744,239,4221,535
771745,247,4209,525
771746,226,4199,532
771747,186,4193,555
771748,189,4180,543
771749,230,4163,510
771750,251,4158,519
771751,240,4155,539
771752,212,4150,547
771753,173,4145,585
771754,127,4140,660
771755,151,4133,639
771756,175,4133,643
771757,199,4137,642
771758,223,4139,635
771759,228,4151,657
771760,206,4179,689
771761,199,4192,702
771762,200,4200,728
771763,194,4221,767
771764,201,4231,757
771765,200,4229,746
771766,160,4241,781
771767,121,4250,790
771768,115,4241,756
771769,98,4239,763
771770,55,4244,811
771771,26,4235,828
771772,28,4224,831
771773,36,4232,836
771774,52,4229,804
771775,65,4211,783
771776,60,4206,807
771777,74,4204,826
771778,121,4184,825
771779,142,4173,849
771780,150,4175,866
771781,177,4172,838
771782,197,4172,822
771783,211,4171,829
771784,212,4178,849
771785,229,4184,843
771786,260,4182,786
771787,265,4187,741
771788,248,4202,741
771789,230,4216,732
771790,224,4233,710
771791,225,4251,714
771792,224,4274,718
771793,237,4299,660
771794,259,4309,601
771795,239,4335,620
771796,192,4368,643
771797,157,4389,673
771798,108,4414,723
771799,86,4427,753
771800,92,4447,764
771801,92,4482,784
771802,91,4509,802
771803,81,4525,826
771804,49,4552,884
771805,41,4586,909
771806,79,4602,862
771807,114,4609,823
771808,112,4633,829
771809,127,4656,824
771810,164,4660,815
771811,178,4665,843
771812,173,4682,895
771813,175,4693,916
771814,201,4686,897
771815,224,4681,884
771816,234,4691,884
771816,237,4701,901
771818,236,4709,924
771819,253,4716,935
771820,263,4709,931
771821,257,4696,924
771821,245,4694,929
771822,226,4697,944
771823,202,4711,961
771824,205,4720,940
771825,228,4718,890
771826,218,4728,877
771827,205,4746,872
771828,234,4759,832
771829,256,4769,807
771830,234,4789,831
771831,206,4804,852
771832,215,4808,819
771833,243,4811,761
771834,220,4800,756
771835,185,4792,765
771837,159,4791,765
771838,145,4802,759
771839,133,4809,740
771840,133,4804,707
771841,148,4800,685
771842,149,4797,672
771843,131,4783,649
771844,121,4757,627
771845,137,4738,610
771846,159,4725,592
771847,167,4709,573
771848,171,4695,577
771849,181,4683,582
771850,195,4677,572
771851,215,4670,543
771851,240,4655,522
771853,264,4638,512
771853,274,4615,493
771854,276,4597,482
771855,290,4585,478
771856,307,4573,473
771857,327,4563,458
771858,352,4555,433
771859,368,4535,402
771860,389,4513,378
771861,418,4501,365
771862,429,4496,356
771863,418,4487,349
771864,413,4470,338
771865,423,4454,335
771866,431,4447,336
771867,422,4441,330
771868,405,4435,328
771869,393,4436,343
771870,376,4426,369
771871,352,4405,396
771872,324,4371,421
771873,340,4361,421
771874,353,4352,430
771875,353,4340,437
771876,360,4332,441
771877,374,4319,443
771878,384,4296,453
771879,396,4269,456
771880,413,4242,456
771881,426,4207,460
771882,434,4168,459
771883,448,4134,469
771884,466,4102,490
771885,477,4076,495
771886,479,4053,496
771887,483,4026,504
771888,488,4003,501
771889,495,3988,499
771890,496,3971,496
771891,492,3953,487
771892,488,3934,481
771893,485,3914,476
771894,493,3902,465
771895,515,3898,444
771896,525,3900,431
771897,514,3904,424
771898,501,3903,402
771899,494,3902,379
771900,486,3906,364
771901,474,3906,357
771902,461,3900,359
771903,451,3901,356
771904,444,3907,350
771905,434,3914,350
771906,420,3914,363
771907,404,3909,375
771908,391,3902,377
771909,373,3886,391
771910,364,3880,415
771911,363,3880,439
771912,377,3878,450
771913,391,3872,455
771914,400,3866,463
771915,416,3866,465
771916,434,3873,468
771917,454,3878,472
771918,479,3880,463
771919,497,3884,446
771920,509,3887,429
771921,517,3892,418
771922,515,3896,422
771923,513,3895,431
771924,508,3894,444
771925,493,3889,465
771926,465,3878,483
771927,437,3868,493
771928,420,3861,503
771929,409,3847,513
771930,397,3822,524
771931,384,3800,526
771933,373,3781,528
771933,364,3760,534
771934,370,3743,527
771935,386,3725,508
771936,407,3706,490
771937,432,3696,477
771938,463,3684,461
771939,496,3668,449
771940,523,3654,449
771941,546,3642,449
771942,562,3633,451
771943,573,3629,458
771944,575,3616,457
771945,571,3601,450
771946,538,3554,472
771947,511,3537,474
771949,490,3527,465
771949,475,3521,446
771950,465,3512,434
771951,447,3499,412
771952,429,3489,382
771953,424,3484,367
771954,431,3489,355
771955,432,3496,331
771956,416,3500,314
771957,402,3509,312
771958,395,3518,311
771959,390,3527,298
771960,391,3536,278
771961,399,3543,254
771962,403,3551,224
771963,400,3564,194
771965,395,3575,176
771965,389,3583,174
771966,385,3595,172
771967,382,3611,162
771968,382,3624,155
771969,379,3635,150
771970,374,3644,145
771971,369,3651,158
771973,360,3655,185
771973,347,3660,210
771975,331,3660,233
771976,325,3655,251
771977,325,3652,264
771978,323,3653,283
771979,322,3662,311
771980,334,3671,349
771981,351,3673,384
771982,363,3675,413
771983,372,3681,438
771984,408,3706,474
771985,429,3714,501
771986,453,3718,531
771987,467,3724,563
771988,476,3736,596
771989,480,3749,623
771990,474,3762,640
771991,464,3780,650
771992,457,3796,655
771993,450,3810,672
771994,442,3822,688
771995,431,3828,686
771996,424,3838,681
771997,427,3842,690
771998,425,3836,715
771999,412,3834,725
772000,397,3838,719
772001,385,3834,714
772002,375,3826,721
772003,362,3826,731
772004,336,3830,728
772005,315,3826,721
772006,314,3813,716
772007,323,3806,712
772008,332,3802,698
772009,341,3801,686
772010,354,3809,678
772011,375,3819,660
772012,400,3821,647
772013,425,3812,648
772014,446,3807,642
772015,460,3815,618
772016,468,3825,596
772017,469,3833,583
772018,466,3841,576
772019,456,3850,567
772020,455,3861,559
772021,454,3909,534
772022,443,3933,536
772023,441,3958,543
772024,443,3979,537
772025,443,3995,527
772026,447,4010,526
772027,449,4031,538
772028,443,4056,559
772029,431,4072,579
772030,410,4075,592
772031,381,4069,591
772032,358,4066,590
772033,344,4074,603
772034,332,4089,615
772035,330,4094,610
772036,340,4083,589
772037,351,4072,580
772038,370,4062,582
772039,399,4053,556
772040,424,4051,517
772041,449,4043,497
772042,486,4036,475
772043,525,4036,438
772044,556,4038,402
772045,580,4040,377
772046,604,4044,362
772047,621,4051,351
772048,623,4050,337
772049,616,4036,327
772050,601,4020,325
772051,588,4012,318
772052,576,4007,308
772053,565,4003,295
772054,562,4005,278
772055,560,4008,256
772056,555,4011,244
772057,552,4014,244
772058,577,4017,211
772059,588,4022,195
772060,592,4020,197
772061,596,4022,200
772062,600,4024,194
772063,598,4019,190
772064,603,4010,196
772065,608,4005,214
772066,597,4006,229
772067,580,4002,243
772068,556,3993,262
772069,531,3981,268
772070,510,3958,275
772071,488,3929,298
772072,473,3915,328
772073,465,3912,346
772074,457,3909,355
772075,453,3903,364
772076,457,3893,377
772077,467,3887,400
772078,483,3890,417
772079,503,3902,409
772080,522,3920,389
772081,540,3933,372
772082,554,3945,364
772083,560,3961,363
772084,566,3977,363
772085,573,3991,363
772086,573,4006,364
772087,567,4021,376
772088,559,4036,396
772089,549,4050,417
772090,536,4064,438
772091,528,4073,448
772092,515,4075,451
772093,497,4082,457
772094,484,4088,476
772095,468,4102,486
772096,451,4116,495
772097,432,4129,503
772098,423,4134,499
772099,426,4124,491
772100,437,4117,478
772101,448,4117,465
772102,455,4111,459
772103,463,4106,449
772104,465,4105,440
772105,469,4102,428
772106,485,4095,416
772107,500,4084,411
772108,514,4067,415
772109,530,4046,418
772110,548,4027,410
772111,565,4011,403
772112,569,4000,393
772113,570,3991,379
772114,575,3980,380
772115,580,3973,390
772116,583,3962,388
772117,585,3948,382
772118,578,3941,372
772119,564,3943,354
772120,549,3947,344
772121,534,3953,332
772122,526,3963,300
772123,528,3970,263
772124,537,3976,228
772125,545,3987,209
772126,550,3997,197
772127,553,4009,188
772128,548,4024,185
772129,533,4035,180
772130,505,4043,187
772131,469,4059,210
772132,382,4078,276
772133,346,4076,306
772134,324,4067,332
772135,319,4065,356
772136,323,4067,370
772137,339,4062,376
772138,364,4058,372
772139,385,4052,360
772140,412,4050,357
772140,439,4056,365
772141,469,4056,383
772142,502,4059,392
772143,520,4064,396
772144,536,4064,404
772145,555,4063,405
772146,564,4065,406
772147,563,4061,402
772148,563,4064,403
772149,567,4080,402
772150,570,4082,402
772151,579,4076,404
772152,587,4075,392
772153,590,4078,368
772154,592,4079,347
772155,599,4072,326
772156,612,4067,303
772157,615,4066,275
772158,602,4067,247
772159,581,4066,225
772160,562,4063,198
772161,541,4059,168
772162,529,4053,139
772163,521,4053,119
772164,510,4051,102
772165,502,4046,79
772166,498,4037,51
772167,501,4026,32
772168,506,4017,15
772169,511,4007,-6
772170,519,4013,-18
772171,519,4017,-11
772173,523,4022,2
772173,533,4022,15
772174,538,4020,21
772175,542,4022,7
772176,554,4024,-3
772178,561,4031,9
772179,565,4037,26
772179,573,4046,49
772180,576,4059,75
772181,559,4064,104
772182,534,4057,140
772183,518,4055,174
772184,500,4058,203
772185,468,4069,244
772186,436,4087,287
772187,416,4092,331
772188,400,4085,377
772189,385,4083,404
772190,379,4079,416
772191,388,4066,436
772192,397,4052,457
772193,401,4040,468
772194,406,4030,478
772195,421,4027,491
772196,429,4019,494
772197,433,4000,492
772198,442,3989,495
772199,458,3982,486
772200,485,3972,467
772201,507,3969,458
772202,519,3969,452
772203,523,3963,444
772204,527,3953,438
772205,534,3943,439
772206,541,3940,445
772207,555,3945,417
772208,551,3953,401
772209,548,3970,378
772210,553,3988,354
772211,558,4002,343
772212,565,4020,335
772213,570,4037,324
772214,566,4052,301
772215,565,4063,281
772216,567,4073,265
772217,565,4088,260
772218,553,4100,259
772219,544,4109,257
772220,535,4123,261
772221,516,4136,268
772222,503,4136,282
772223,492,4135,302
772224,479,4135,329
772225,474,4125,363
772226,472,4114,390
772227,473,4107,406
772228,472,4102,416
772229,471,4096,419
772230,477,4092,414
772231,482,4095,404
772232,487,4094,400
772233,496,4089,406
772234,504,4088,407
772235,508,4092,411
772236,498,4094,437
772237,483,4095,460
772238,479,4096,465
772239,470,4089,479
772240,450,4083,497
772241,428,4075,514
772242,412,4061,522
772243,406,4053,523
772244,383,4045,509
772245,388,4033,494
772246,408,4029,476
772247,429,4033,453
772248,451,4034,435
772249,472,4033,429
772250,484,4034,419
772251,492,4032,405
772252,504,4030,388
772253,516,4031,375
772254,520,4028,369
772255,510,4034,363
772256,496,4042,352
772257,480,4041,347
772258,464,4038,341
772259,450,4028,330
772260,430,4020,336
772261,410,4019,355
772262,391,4022,367
772263,366,4025,375
772264,346,4019,383
772265,337,4008,383
772266,326,3997,382
772267,316,3986,383
772268,308,3981,394
772269,303,3978,413
772270,303,3969,435
772271,299,3969,442
772272,295,3976,439
772273,300,3975,445
772274,321,3968,447
772275,345,3959,442
772276,363,3951,430
772277,384,3943,419
772278,406,3932,418
772279,422,3918,426
772280,430,3911,433
772281,426,3921,444
772282,417,3926,451
772283,412,3920,448
772284,413,3909,441
772285,415,3908,445
772286,402,3908,453
772287,388,3906,464
772288,379,3904,483
772289,369,3903,500
772290,366,3907,513
772291,375,3917,523
772292,387,3929,524
772293,398,3942,535
772294,405,3956,553
772295,407,3966,559
772296,410,3972,561
772297,407,3983,569
772298,394,3990,580
772299,377,3999,585
772300,356,4010,595
772301,341,4013,604
772302,328,4018,608
772303,309,4027,615
772304,306,4031,625
772305,314,4033,625
772306,319,4036,609
772307,321,4036,597
772308,322,4035,592
772309,323,4032,574
772310,322,4028,552
772311,325,4032,532
772312,332,4036,502
772313,340,4034,483
772314,345,4035,484
772315,343,4034,486
772316,341,4026,492
772317,351,4025,494
772318,361,4027,491
772319,375,4030,485
772320,381,4035,477
772321,389,4046,471
772322,399,4050,462
772323,401,4047,453
772324,398,4049,448
772325,397,4050,448
772326,400,4045,450
772327,397,4047,455
772328,387,4052,453
772329,367,4055,449
772330,342,4055,456
772331,319,4056,474
772332,294,4063,487
772333,281,4076,484
772334,271,4093,490
772335,253,4106,493
772336,238,4119,481
772337,231,4135,459
772338,224,4147,439
772339,222,4157,425
772340,230,4168,412
772341,243,4182,398
772342,263,4195,386
772343,279,4205,378
772344,283,4215,369
772345,279,4226,353
772346,269,4232,346
772347,263,4226,355
772348,260,4219,371
772349,262,4217,385
772350,269,4217,381
772351,278,4220,374
772352,293,4214,380
772353,316,4199,373
772354,352,4189,337
772355,360,4182,330
772356,376,4180,315
772357,388,4175,290
772358,392,4171,279
772359,405,4173,273
772360,419,4176,261
772361,415,4174,252
772362,408,4173,241
772363,405,4181,238
772364,390,4198,250
772365,373,4210,264
772366,358,4218,273
772367,346,4227,285
772368,333,4238,290
772369,320,4247,274
772370,318,4250,262
772371,313,4248,262
772372,306,4244,250
772373,307,4248,236
772374,310,4254,238
772375,305,4253,245
772376,305,4249,249
772377,306,4243,258
772378,303,4240,270
772379,310,4241,273
772380,320,4239,279
772381,329,4234,295
772382,336,4231,306
772383,340,4228,317
772384,344,4231,330
772385,349,4244,340
772386,357,4261,351
772387,365,4271,362
772388,366,4275,369
772389,364,4281,375
772390,367,4288,383
772391,365,4292,404
772392,348,4289,413
772393,338,4295,430
772394,331,4305,449
772395,316,4309,472
772396,299,4302,504
772397,290,4294,535
772398,285,4292,565
772399,282,4288,600
772400,281,4284,643
772401,281,4285,700
772402,275,4284,755
772403,270,4275,783
772404,274,4265,806
772405,282,4256,838
772406,282,4250,859
772407,281,4245,878
772408,289,4247,895
772409,296,4254,911
772410,295,4249,929
772411,293,4240,945
772412,284,4241,959
772413,267,4244,972
772414,241,4249,978
772415,218,4263,964
772416,202,4271,940
772417,186,4273,909
772418,171,4278,874
772419,156,4292,843
772420,139,4316,814
772421,122,4343,796
772422,100,4367,785
772423,84,4385,766
772424,78,4405,748
772425,56,4418,735
772426,30,4428,725
772427,20,4441,721
772428,10,4446,714
772429,11,4442,717
772430,15,4438,738
772431,26,4428,760
772432,41,4411,756
772433,54,4389,743
772434,66,4375,726
772435,75,4361,714
772436,79,4344,710
772437,83,4326,713
772438,91,4313,710
772439,102,4300,695
772440,104,4280,673
772441,96,4260,649
772442,101,4242,629
772443,121,4223,605
772444,145,4206,584
772445,174,4192,566
772446,198,4174,551
772447,214,4152,536
772448,225,4136,528
772449,234,4128,528
772450,241,4128,529
772451,234,4132,542
772452,230,4134,563
772453,249,4135,577
772454,269,4136,575
772455,277,4128,564
772456,281,4120,565
772457,290,4122,581
772458,300,4123,596
772459,311,4119,597
772460,324,4115,588
772461,347,4106,565
772462,376,4101,540
772463,384,4098,534
772464,358,4085,544
772465,327,4090,545
772466,337,4087,517
772467,354,4081,481
772468,377,4068,441
772469,386,4062,429
772470,369,4064,434
772471,335,4061,430
772472,310,4055,417
772473,320,4048,397
772474,346,4047,386
772475,359,4042,380
772476,363,4040,385
772477,358,4044,387
772478,344,4046,390
772479,332,4049,408
772480,326,4058,418
772481,337,4068,400
772482,393,4085,359
772483,477,4109,315
772484,541,4119,284
772485,586,4120,283
772486,599,4123,303
772487,525,4135,378
772488,415,4157,485
772489,367,4175,530
772490,335,4189,555
772491,280,4199,620
772492,225,4200,702
772493,192,4194,773
772494,169,4186,829
772495,125,4199,897
772496,144,4203,916
772497,199,4197,912
772498,186,4215,965
772499,167,4230,1004
772500,171,4241,1018
772501,258,4262,981
772502,279,4269,973
772503,252,4283,1005
772504,252,4286,1015
772505,238,4282,1029
772506,163,4298,1081
772508,136,4311,1090
772509,161,4316,1064
772509,176,4325,1051
772511,183,4337,1041
772512,185,4343,1040
772513,141,4354,1070
772514,97,4370,1089
772515,148,4373,1019
772516,224,4383,910
772516,251,4399,838
772517,235,4406,815
772518,206,4406,819
772519,180,4401,828
772520,184,4398,806
772521,234,4392,746
772522,258,4387,725
772523,214,4394,791
772524,189,4397,826
772525,220,4385,780
772526,246,4374,749
772527,237,4373,754
772528,203,4370,776
772529,184,4368,801
772530,203,4363,802
772531,230,4360,802
772532,253,4364,796
772533,256,4368,787
772534,217,4384,806
772535,228,4389,759
772536,291,4367,645
772537,282,4362,609
772538,243,4370,634
772539,249,4362,632
772540,263,4341,610
772541,238,4324,629
772542,216,4312,645
772543,255,4283,578
772544,267,4260,540
772545,251,4243,537
772546,281,4215,490
772547,296,4198,474
772548,278,4193,473
772549,285,4181,427
772550,295,4169,349
772551,258,4162,305
772552,187,4157,349
772553,127,4154,428
772554,125,4152,465
772555,142,4162,483
772556,135,4183,492
772557,154,4189,427
772558,155,4198,421
772559,105,4226,540
772560,108,4228,582
772561,148,4208,554
772562,141,4210,586
772563,129,4215,613
772564,123,4202,619
772565,88,4198,670
772566,73,4190,715
772567,85,4167,730
772568,50,4160,777
772569,22,4151,793
772570,57,4132,765
772571,96,4132,789
772572,119,4133,794
772573,150,4115,705
772574,147,4107,654
772575,111,4098,720
772576,131,4094,768
772577,142,4101,775
772578,152,4100,735
772579,160,4095,735
772580,170,4095,771
772581,205,4094,777
772582,233,4101,761
772583,209,4119,742
772584,180,4132,743
772585,197,4134,726
772586,202,4143,714
772587,171,4166,776
772588,170,4185,836
772589,211,4193,841
772590,219,4205,842
772591,198,4225,851
772592,209,4232,837
772593,198,4243,857
772594,170,4264,911
772595,184,4277,936
772596,195,4283,950
772597,195,4292,968
772598,210,4305,962
772599,233,4302,931
772600,246,4298,938
772601,254,4306,966
772602,272,4305,972
772603,273,4295,991
772604,272,4289,992
772605,292,4279,954
772606,285,4269,934
772607,257,4270,939
772608,257,4266,941
772609,266,4268,953
772610,258,4280,978
772611,249,4282,989
772612,262,4263,956
772613,257,4272,968
772614,275,4285,1000
772615,314,4291,978
772616,300,4308,994
772617,262,4330,1051
772618,271,4339,1062
772619,285,4349,1066
772620,270,4369,1095
772621,262,4378,1119
772622,257,4386,1137
772623,238,4402,1162
772624,240,4406,1174
772625,225,4414,1178
772626,177,4428,1202
772627,165,4432,1207
772628,179,4430,1187
772629,150,4437,1200
772630,107,4450,1245
772631,107,4451,1234
772633,117,4452,1163
772634,111,4462,1094
772635,123,4470,1032
772636,136,4477,973
772637,102,4495,948
772638,87,4515,933
772639,137,4523,873
772640,166,4541,836
772641,163,4575,847
772642,185,4595,827
772643,195,4606,817
772644,147,4632,888
772645,108,4656,942
772646,119,4676,913
772647,113,4700,912
772648,56,4736,974
772649,47,4748,981
772650,47,4767,970
772651,36,4786,960
772652,30,4803,946
772653,37,4808,933
772654,31,4812,930
772655,15,4818,931
772656,4,4818,936
772657,-5,4817,946
772658,-16,4819,952
772659,-23,4817,948
772660,-21,4812,940
772661,-21,4810,942
772662,-39,4804,941
772663,-63,4792,931
772664,-88,4781,942
772665,-111,4772,961
772666,-116,4764,975
772667,-95,4753,1001
772668,-73,4745,1025
772669,-59,4736,1028
772670,-31,4730,1013
772671,5,4722,996
772672,36,4711,987
772673,76,4701,973
772674,124,4686,948
772675,160,4664,929
772676,180,4645,901
772677,204,4628,866
772678,230,4613,850
772679,250,4589,824
772680,265,4560,802
772681,268,4545,784
772682,268,4542,749
772683,282,4535,710
772684,300,4523,665
772685,276,4472,548
772686,269,4448,493
772687,252,4435,448
772688,219,4422,399
772689,186,4404,341
772690,169,4395,279
772691,171,4393,227
772692,171,4385,190
772693,163,4382,169
772694,166,4380,159
772695,179,4370,149
772696,178,4361,145
772697,159,4352,148
772698,133,4337,156
772699,113,4323,177
772700,100,4316,200
772701,83,4321,217
772702,71,4323,236
772703,77,4319,249
772704,97,4312,260
772705,114,4298,276
772706,116,4284,298
772707,126,4271,335
772708,147,4254,374
772709,177,4236,409
772710,214,4222,453
772711,239,4208,500
772712,258,4194,533
772713,288,4179,556
772714,317,4159,589
772715,337,4130,637
772716,353,4099,676
772717,370,4071,696
772718,396,4044,707
772719,416,4020,721
772720,425,3999,735
772721,437,3978,726
772722,446,3952,720
772723,462,3912,724
772724,474,3913,727
772725,481,3909,719
772726,482,3900,702
772727,481,3892,676
772728,474,3886,662
772729,466,3887,650
772730,460,3886,629
772731,458,3879,621
772732,452,3875,613
772733,439,3868,594
772734,431,3859,583
772735,416,3854,578
772736,384,3845,571
772737,361,3830,564
772738,359,3820,547
772739,354,3813,536
772740,342,3803,535
772741,335,3792,528
772742,336,3783,512
772743,339,3777,500
772744,340,3769,505
772745,346,3763,509
772746,355,3764,504
772747,362,3767,501
772748,363,3761,501
772749,365,3745,508
772750,372,3730,509
772751,381,3726,496
772752,395,3722,482
772753,405,3717,474
772754,400,3716,463
772755,391,3714,449
772756,394,3711,436
772757,399,3709,423
772758,391,3707,414
772759,354,3704,413
772760,337,3704,426
772761,329,3700,436
772762,318,3695,443
772763,304,3695,447
772764,288,3694,452
772764,272,3695,473
772765,266,3703,504
772766,267,3709,529
772767,271,3712,548
772768,281,3711,558
772769,289,3707,570
772770,299,3712,601
772771,315,3722,624
772772,330,3726,636
772773,348,3735,661
772774,368,3754,691
772775,389,3767,713
772776,408,3777,725
772777,425,3796,733
772778,445,3812,746
772779,460,3831,768
772780,467,3851,803
772781,472,3865,838
772782,473,3879,860
772783,470,3894,867
772784,458,3903,867
772785,437,3909,865
772786,420,3918,874
772787,398,3927,894
772788,371,3931,907
772789,352,3937,904
772790,338,3941,894
772791,326,3931,886
772792,313,3915,871
772793,305,3903,859
772794,297,3896,859
772795,292,3886,857
772796,297,3874,857
772797,299,3865,867
772798,300,3833,889
772799,300,3815,894
772800,301,3803,894
772801,312,3799,884
772802,321,3797,875
772803,321,3798,876
772804,317,3799,872
772805,310,3798,866
772806,307,3801,854
772807,314,3807,815
772808,327,3809,774
772809,346,3817,744
772810,359,3826,710
772811,367,3830,674
772812,377,3831,658
772813,384,3832,659
772814,384,3829,650
772815,376,3825,632
772816,366,3831,625
772817,348,3841,625
772818,324,3843,643
772819,305,3842,664
772820,291,3842,662
772821,280,3837,651
772822,277,3831,638
772823,279,3822,632
772824,280,3804,624
772825,279,3797,611
772826,272,3801,605
772827,271,3793,603
772828,283,3786,592
772829,293,3793,574
772830,298,3808,565
772831,305,3825,560
772832,311,3842,551
772833,313,3858,556
772834,304,3869,569
772835,301,3881,596
772836,305,3893,632
772837,309,3897,656
772838,315,3891,678
772839,317,3891,698
772840,321,3896,706
772841,337,3898,705
772842,352,3896,696
772843,370,3892,682
772844,393,3895,674
772845,414,3897,679
772846,436,3894,680
772847,450,3896,667
772848,454,3896,646
772849,455,3895,624
772850,456,3894,601
772851,451,3894,577
772852,444,3896,562
772853,437,3897,550
772854,427,3897,526
772855,413,3899,510
772856,404,3899,509
772857,401,3907,506
772858,395,3919,509
772859,387,3923,511
772860,374,3923,507
772861,363,3916,505
772862,356,3904,499
772863,349,3898,490
772864,344,3898,484
772865,346,3902,483
772866,351,3900,482
772867,351,3899,479
772868,352,3901,468
772869,359,3897,445
772870,366,3886,419
772871,334,3883,396
772872,313,3886,389
772873,295,3884,387
772874,281,3889,390
772875,268,3891,404
772876,261,3890,413
772877,265,3892,416
772878,278,3891,418
772879,295,3891,419
772880,322,3890,428
772881,359,3880,442
772882,380,3873,461
772883,396,3873,481
772884,424,3880,493
772885,448,3885,501
772886,457,3891,512
772887,469,3902,532
772888,497,3898,555
772889,521,3896,582
772890,533,3898,607
772891,534,3896,619
772892,529,3901,626
772893,526,3906,642
772894,519,3907,659
772895,512,3903,669
772896,510,3901,676
772897,504,3905,681
772898,489,3914,673
772899,471,3916,658
772900,458,3913,653
772901,444,3915,650
772902,425,3922,652
772903,410,3928,661
772904,401,3930,655
772905,392,3926,637
772906,378,3920,631
772907,365,3916,640
772908,364,3905,645
772909,371,3908,648
772910,376,3908,653
772911,381,3907,656
772912,386,3914,654
772913,399,3920,645
772914,418,3916,636
772915,434,3911,639
772916,452,3911,643
772917,467,3919,632
772918,481,3932,616
772919,491,3938,613
772920,492,3940,613
772921,487,3941,608
772922,480,3943,590
772923,478,3944,569
772924,482,3941,561
772925,487,3936,555
772926,477,3931,549
772927,448,3928,547
772928,415,3929,546
772929,388,3941,549
772930,370,3952,555
772931,357,3955,566
772932,356,3954,576
772933,363,3950,586
772934,369,3947,609
772935,372,3946,624
772936,375,3945,629
772937,383,3946,635
772938,392,3947,652
772939,396,3945,671
772940,400,3943,681
772941,403,3937,689
772942,408,3934,697
772943,421,3943,704
772944,441,3951,707
772945,449,3951,688
772946,449,3953,668
772947,458,3958,626
772948,464,3957,589
772949,469,3956,567
772950,475,3959,554
772951,474,3958,542
772952,466,3964,522
772953,449,3975,497
772954,432,3982,470
772955,417,3996,436
772956,405,4021,397
772957,396,4042,365
772958,383,4070,353
772959,369,4100,350
772960,358,4115,355
772961,335,4135,367
772962,303,4162,386
772963,276,4181,416
772964,248,4195,446
772965,212,4205,475
772966,180,4213,508
772967,157,4220,545
772968,141,4222,570
772969,137,4214,583
772970,137,4207,595
772971,143,4204,599
772972,172,4202,601
772973,217,4207,593
772974,265,4214,579
772975,305,4221,571
772976,342,4216,566
772977,378,4200,560
772978,402,4195,555
772979,414,4196,552
772980,427,4190,553
772981,445,4177,556
772982,460,4154,545
772983,454,4143,564
772984,447,4131,576
772985,445,4112,577
772986,449,4092,582
772987,457,4080,581
772988,453,4068,573
772989,441,4056,573
772990,433,4043,575
772991,434,4029,580
772992,445,4015,580
772993,461,3993,569
772994,478,3967,553
772995,491,3949,544
772996,507,3940,541
772997,516,3930,530
772998,519,3920,517
772999,525,3915,512
773000,535,3911,519
773001,542,3902,522
773002,543,3890,518
773003,541,3880,509
773004,545,3875,503
773005,544,3876,494
773006,529,3883,475
773007,515,3891,465
773008,505,3893,462
773009,500,3894,462
773010,494,3898,457
773011,480,3904,438
773012,466,3912,429
773013,454,3916,435
773014,448,3918,431
773015,442,3923,419
773016,434,3927,423
773017,425,3935,440
773018,417,3949,455
773019,411,3954,454
773020,408,3964,456
773021,401,3972,475
773022,398,3982,494
773023,392,3991,514
773024,379,3989,538
773025,373,3980,572
773026,381,3978,598
773027,392,3971,611
773028,405,3963,634
773029,416,3967,652
773030,422,3972,665
773031,427,3963,669
773032,432,3958,670
773033,437,3961,676
773034,440,3958,685
773035,434,3954,707
773036,413,3958,725
773037,384,3976,733
773038,366,3992,729
773039,353,3997,720
773040,340,4007,704
773041,334,4028,677
773042,326,4046,666
773043,311,4059,664
773044,302,4068,653
773045,296,4072,642
773046,293,4077,631
773047,290,4081,615
773048,285,4085,602
773049,276,4084,606
773050,259,4079,614
773051,248,4079,606
773052,249,4077,587
773053,251,4065,580
773054,249,4051,593
773055,251,4042,601
773056,263,4033,594
773057,303,3991,564
773058,325,3968,537
773059,347,3959,521
773060,366,3964,512
773061,387,3971,502
773062,407,3984,503
773063,423,3999,512
773064,437,3998,522
773065,445,3996,528
773066,441,4001,547
773067,437,4006,572
773068,435,4007,602
773069,427,4005,631
773070,416,4006,655
773071,401,4012,682
773072,379,4018,707
773073,352,4022,735
773074,327,4025,769
773075,315,4024,801
773076,315,4025,827
773077,317,4025,855
773078,315,4018,877
773079,313,4012,873
773080,315,4011,857
773081,325,4014,853
773082,330,4012,838
773083,336,4008,803
773084,346,3999,770
773085,352,3987,744
773086,359,3985,716
773087,372,3978,684
773088,383,3967,661
773089,387,3957,641
773090,394,3948,614
773091,405,3937,591
773092,413,3928,566
773093,428,3920,549
773094,458,3904,523
773095,462,3904,503
773096,463,3905,489
773097,471,3909,493
773098,482,3904,479
773099,490,3900,440
773100,485,3914,409
773101,474,3932,394
773102,462,3941,394
773103,439,3948,393
773104,415,3960,381
773105,401,3970,376
773106,391,3983,375
773107,380,3992,372
773108,361,3999,378
773109,334,4010,389
773110,311,4014,394
773111,292,4018,402
773112,267,4024,417
773113,239,4027,435
773114,215,4031,458
773115,208,4030,469
773116,221,4020,466
773117,230,4011,466
773118,232,4001,467
773119,238,3990,467
773120,256,3985,476
773121,285,3980,495
773122,310,3976,503
773123,324,3977,501
773124,328,3982,510
773125,330,3979,535
773126,330,3972,569
773127,335,3968,592
773128,341,3969,605
773129,337,3973,620
773130,330,3997,657
773131,334,4008,679
773132,335,4021,689
773133,330,4041,686
773134,323,4065,682
773135,319,4081,684
773136,313,4089,697
773137,300,4086,720
773138,282,4090,740
773139,264,4101,750
773140,246,4103,761
773141,227,4106,784
773142,217,4110,804
773143,209,4108,826
773144,199,4107,856
773145,187,4105,871
773146,176,4098,866
773147,173,4092,854
773148,181,4080,837
773149,201,4066,815
773150,230,4057,798
773151,257,4046,788
773152,273,4026,775
773153,292,4007,762
773154,319,3994,750
773155,337,3983,740
773156,347,3978,741
773157,357,3972,732
773158,365,3960,718
773159,372,3944,702
773160,376,3934,680
773161,379,3934,661
773162,380,3940,643
773163,383,3952,623
773164,386,3964,605
773165,387,3981,588
773166,389,3998,581
773167,388,4009,580
773168,366,4030,542
773169,359,4044,540
773170,344,4054,538
773171,317,4070,531
773172,282,4082,538
773173,250,4091,565
773174,225,4101,581
773175,205,4108,587
773176,183,4112,588
773177,167,4121,572
773178,163,4133,548
773179,168,4144,516
773180,188,4149,476
773181,215,4146,442
773182,236,4148,417
773183,259,4153,400
773184,280,4150,386
773185,289,4141,369
773186,292,4132,360
773187,292,4124,369
773188,285,4116,389
773189,277,4111,417
773190,272,4100,432
773191,277,4082,438
773192,293,4065,449
773193,305,4052,450
773194,313,4048,449
773195,334,4052,442
773196,365,4054,431
773197,398,4057,425
773198,418,4072,420
773199,421,4090,418
773200,418,4101,420
773201,415,4108,426
773202,413,4118,435
773203,409,4133,436
773204,398,4147,420
773205,367,4174,401
773206,350,4194,422
773207,334,4218,431
773208,316,4238,433
773209,288,4250,449
773210,254,4264,470
773211,227,4264,492
773212,211,4255,515
773213,200,4257,543
773214,195,4256,573
773215,200,4250,601
773216,221,4240,615
773217,253,4229,626
773218,282,4219,644
773219,315,4206,655
773220,360,4197,654
773221,411,4204,644
773222,467,4220,627
773223,520,4236,596
773224,569,4248,555
773225,618,4255,534
773226,650,4262,534
773227,656,4271,536
773228,645,4290,542
773229,620,4311,556
773230,582,4325,579
773231,528,4339,608
773232,471,4354,647
773233,426,4371,688
773234,389,4389,716
773235,361,4405,728
773236,342,4417,730
773237,335,4419,732
773238,337,4422,733
773239,332,4433,726
773240,313,4439,723
773241,300,4446,716
773242,290,4484,657
773243,275,4490,633
773244,255,4484,620
773245,235,4475,619
773246,217,4466,620
773247,192,4464,616
773248,164,4463,606
773249,136,4456,598
773250,119,4451,604
773251,112,4441,622
773252,110,4434,628
773253,119,4431,620
773254,139,4413,606
773255,158,4401,597
773256,171,4399,612
773257,190,4393,635
773258,215,4386,656
773259,238,4368,684
773260,250,4344,704
773261,254,4332,733
773262,259,4326,785
773263,274,4315,830
773264,289,4301,864
773265,290,4290,901
773266,283,4287,933
773267,269,4281,972
773268,253,4272,1012
773269,241,4276,1030
773270,233,4286,1039
773271,238,4281,1047
773272,250,4263,1046
773273,251,4254,1041
773274,242,4253,1040
773275,228,4252,1037
773276,217,4245,1038
773277,212,4240,1036
773278,191,4252,1016
773279,173,4249,1009
773280,157,4243,1008
773281,139,4243,1017
773282,116,4247,1037
773283,89,4245,1061
773284,66,4237,1079
773285,49,4233,1088
773286,28,4229,1084
773287,16,4219,1074
773288,17,4213,1063
773289,20,4209,1049
773290,34,4203,1030
773291,52,4191,1000
773292,79,4178,968
773293,111,4161,950
773294,135,4139,937
773295,155,4120,914
773296,174,4098,885
773297,197,4084,853
773298,224,4086,835
773299,249,4082,832
773300,269,4072,814
773301,282,4061,785
773302,281,4041,769
773303,268,4022,765
773304,254,4016,737
773305,247,4009,699
773306,241,4002,667
773307,226,4004,632
773308,212,4006,596
773309,200,4006,567
773310,186,4000,552
773311,170,3989,540
773312,154,3980,533
773313,143,3972,534
773314,126,3965,554
773315,121,3956,580
773316,109,3944,598
773317,102,3935,591
773318,105,3937,596
773319,112,3937,611
773320,120,3937,618
773321,130,3942,608
773322,152,3954,586
773323,169,3971,565
773324,177,3987,553
773325,178,4001,536
773326,185,4008,502
773327,202,4021,490
773328,201,4033,499
773329,193,4027,506
773330,196,4036,512
773331,209,4058,487
773332,225,4070,444
773333,251,4069,407
773334,268,4079,395
773335,258,4082,369
773336,272,4081,336
773337,325,4108,306
773338,357,4119,237
773339,398,4125,168
773340,459,4146,108
773341,476,4152,66
773342,464,4153,86
773343,425,4163,140
773344,336,4179,213
773345,238,4198,293
773346,184,4200,358
773347,162,4211,455
773348,118,4205,550
773349,50,4213,660
773350,34,4249,730
773351,171,4277,724
773352,175,4288,775
773353,170,4298,836
773354,170,4323,902
773355,183,4345,947
773356,223,4357,936
773357,240,4377,923
773358,245,4390,919
773359,249,4405,908
773360,255,4419,899
773361,273,4434,878
773362,304,4442,821
773363,286,4440,805
773364,209,4457,895
773365,216,4466,913
773366,285,4450,816
773367,259,4463,839
773368,257,4492,899
773369,364,4485,828
773370,395,4481,815
773371,351,4488,905
773372,340,4491,956
773373,357,4496,956
773374,373,4496,916
773375,351,4498,920
773376,321,4506,973
773377,332,4496,960
773378,318,4490,945
773379,279,4495,970
773380,265,4500,987
773381,279,4508,973
773382,349,4498,890
773383,402,4482,814
773384,380,4487,823
773385,389,4488,785
773386,401,4473,727
773387,324,4466,760
773388,242,4442,761
773389,164,4408,785
773390,207,4382,764
773391,279,4350,704
773392,341,4321,628
773393,384,4286,551
773394,363,4254,538
773395,277,4230,622
773396,216,4207,686
773397,235,4179,631
773398,245,4158,590
773399,235,4147,597
773400,252,4126,553
773401,241,4105,548
773402,159,4108,674
773403,95,4116,817
773404,134,4110,851
773405,188,4111,841
773406,197,4135,875
773407,255,4148,843
773408,324,4142,742
773409,269,4152,789
773410,190,4166,919
773411,193,4158,942
773412,217,4147,925
773413,210,4156,974
773414,229,4161,1016
773415,272,4147,997
773416,251,4151,1031
773417,187,4161,1136
773418,156,4146,1187
773419,164,4129,1139
773420,149,4128,1093
773421,111,4130,1124
773422,111,4132,1145
773423,138,4123,1099
773424,95,4132,1101
773425,109,4132,1076
773426,133,4128,1027
773427,104,4139,1058
773428,72,4143,1096
773429,73,4136,1097
773430,56,4137,1129
773431,49,4150,1131
773432,91,4157,1065
773433,105,4151,1025
773434,79,4153,1064
773435,67,4168,1130
773437,98,4175,1116
773438,149,4170,1051
773439,173,4167,1018
773440,192,4167,990
773441,192,4169,931
773442,138,4173,880
773443,72,4179,910
773444,39,4194,987
773445,49,4208,1005
773446,61,4217,981
773447,82,4220,958
773448,103,4229,921
773449,99,4241,879
773450,73,4259,869
773451,67,4280,862
773452,86,4289,838
773453,80,4310,831
773454,87,4340,819
773455,125,4359,781
773456,158,4364,744
773457,149,4384,760
773458,148,4408,769
773459,161,4411,726
773460,114,4427,733
773461,22,4443,813
773462,27,4441,789
773463,26,4436,779
773464,9,4435,817
773465,14,4435,831
773466,38,4426,815
773467,22,4416,829
773468,12,4403,852
773469,25,4394,859
773470,33,4386,850
773471,36,4375,825
773472,27,4364,798
773473,11,4357,795
773474,3,4344,794
773475,-3,4328,803
773476,-16,4326,830
773477,5,4325,836
773478,37,4327,865
773479,52,4343,901
773480,88,4360,887
773481,131,4374,865
773482,180,4377,832
773483,208,4389,816
773483,193,4414,835
773485,193,4427,822
773485,194,4435,806
773487,158,4452,842
773488,131,4470,879
773489,122,4480,895
773490,116,4496,902
773491,129,4510,887
773492,132,4513,879
773493,126,4515,887
773494,157,4517,868
773495,175,4528,838
773496,163,4543,822
773497,178,4549,781
773498,194,4575,701
773499,172,4597,680
773500,149,4610,666
773501,140,4623,649
773501,127,4638,636
773503,96,4642,637
773504,73,4632,625
773505,75,4621,612
773506,75,4616,623
773507,71,4605,631
773508,75,4593,629
773509,75,4583,632
773510,70,4568,641
773511,65,4548,663
773512,75,4528,681
773513,88,4518,685
773514,93,4505,668
773515,107,4491,652
773516,127,4485,646
773517,139,4474,631
773518,150,4462,605
773519,165,4454,569
773520,180,4449,539
773521,191,4438,509
773522,201,4434,492
773522,216,4439,479
773523,219,4429,462
773524,216,4418,464
773525,213,4408,463
773526,204,4387,456
773527,193,4372,451
773529,179,4362,441
773530,176,4347,418
773531,198,4341,386
773532,231,4345,354
773532,246,4339,325
773533,263,4335,303
773534,305,4347,239
773535,303,4350,215
773536,287,4345,197
773537,269,4341,192
773538,244,4337,191
773539,216,4326,181
773540,199,4311,164
773542,188,4295,154
773543,180,4268,144
773544,179,4245,129
773545,184,4231,122
773546,181,4216,129
773547,178,4204,148
773548,189,4192,166
773549,202,4170,194
773549,211,4145,231
773550,215,4128,265
773551,227,4119,297
773552,252,4111,319
773553,277,4095,335
773554,300,4078,354
773555,318,4062,375
773556,329,4053,390
773557,338,4049,404
773558,342,4045,421
773559,335,4050,435
773560,312,4061,462
773561,285,4067,500
773562,261,4071,529
773563,244,4077,551
773564,230,4079,580
773565,208,4077,621
773566,186,4072,656
773568,181,4069,679
773569,191,4064,712
773570,206,4054,752
773570,221,4050,784
773571,263,4050,829
773572,282,4040,849
773573,300,4030,874
773574,308,4019,907
773575,316,4003,938
773576,326,3979,954
773577,328,3961,968
773578,333,3945,976
773579,339,3929,980
773580,339,3923,983
773581,330,3918,977
773582,318,3905,972
773583,313,3896,965
773584,310,3892,948
773585,308,3890,933
773586,308,3893,922
773587,299,3897,915
773588,284,3905,907
773589,278,3916,894
773590,277,3927,870
773591,266,3943,844
773592,253,3962,827
773593,247,3978,808
773594,235,3988,791
773595,226,3990,781
773596,222,3994,778
773597,211,4001,769
773598,209,4008,762
773599,207,4019,772
773600,193,4030,766
773602,179,4033,750
773603,179,4031,743
773604,186,4028,737
773605,189,4024,738
773606,189,4019,755
773607,198,4016,780
773608,212,4015,789
773608,227,4006,785
773609,234,4007,790
773610,244,4014,802
773611,259,4016,814
773612,273,4014,829
773613,280,4027,847
773614,281,4044,860
773615,285,4046,875
773616,295,4039,894
773617,304,4032,907
773618,313,4030,904
773619,324,4028,897
773620,335,4018,888
773621,341,4013,866
773622,333,4009,845
773623,325,3999,839
773624,321,3990,846
773625,313,3984,842
773626,311,3977,816
773627,313,3970,791
773628,312,3969,778
773629,312,3965,765
773630,313,3965,757
773631,310,3970,747
773632,307,3967,726
773633,304,3965,716
773634,301,3960,723
773635,302,3947,731
773636,305,3938,733
773637,309,3933,724
773638,314,3934,725
773639,314,3937,747
773640,307,3934,766
773641,303,3940,776
773642,304,3954,785
773643,306,3965,793
773644,302,3976,788
773645,302,3987,769
773646,309,4001,750
773647,323,4041,726
773648,326,4057,721
773649,326,4079,731
773650,323,4105,751
773651,310,4113,762
773652,294,4109,761
773653,290,4108,754
773654,289,4115,758
773655,277,4125,767
773656,272,4127,785
773657,275,4123,818
773658,266,4122,848
773659,245,4129,877
773660,229,4129,901
773661,222,4123,917
773662,219,4118,933
773663,228,4107,936
773664,244,4099,931
773665,258,4095,922
773666,266,4090,912
773667,276,4086,912
773668,300,4081,910
773669,323,4070,911
773670,344,4058,921
773671,365,4048,935
773672,384,4039,949
773673,392,4033,958
773674,377,4017,956
773675,360,3998,953
773676,359,3986,948
773677,366,3979,936
773678,367,3972,921
773679,369,3970,911
773680,379,3967,895
773681,382,3959,863
773682,377,3957,828
773683,376,3964,812
773684,397,3978,795
773685,403,3981,780
773686,395,3992,763
773687,387,4007,742
773688,384,4013,724
773689,375,4016,714
773690,358,4013,706
773691,342,4004,701
773692,330,3997,703
773693,319,3992,702
773694,309,3990,694
773695,302,3985,686
773696,298,3976,679
773697,300,3967,681
773698,309,3963,687
773699,306,3962,688
773700,291,3963,695
773701,292,3966,705
773702,312,3962,695
773703,332,3955,670
773704,352,3950,644
773705,380,3942,623
773706,406,3935,625
773707,426,3930,630
773708,435,3923,632
773709,435,3918,637
773710,440,3916,638
773711,445,3909,635
773712,445,3900,623
773713,440,3898,605
773714,428,3900,589
773715,412,3902,581
773716,399,3904,575
773717,399,3908,572
773718,396,3908,568
773719,387,3904,561
773720,395,3906,557
773721,403,3905,520
773722,400,3911,502
773723,386,3918,503
773724,360,3926,507
773725,336,3931,503
773726,318,3929,501
773727,299,3930,516
773728,279,3933,543
773729,268,3932,564
773730,261,3935,582
773731,260,3941,599
773732,261,3941,614
773733,268,3935,638
773734,274,3926,679
773735,280,3917,714
773736,291,3916,724
773737,296,3914,730
773738,299,3904,735
773739,310,3898,739
773740,325,3899,751
773741,336,3898,758
773742,336,3895,749
773743,328,3905,736
773744,319,3916,723
773745,307,3917,700
773746,296,3920,670
773747,286,3928,648
773748,278,3941,629
773749,274,3948,609
773750,266,3953,600
773751,251,3961,594
773752,237,3970,593
773753,220,3983,607
773754,189,3989,613
773755,161,3981,618
773756,147,3976,642
773757,140,3976,678
773758,141,3952,730
773759,157,3947,756
773760,194,3940,778
773761,236,3922,805
773762,269,3898,835
773763,294,3879,858
773764,320,3866,887
773765,349,3851,917
773766,378,3833,937
773767,405,3812,949
773768,425,3786,945
773769,447,3768,929
773770,476,3760,910
773771,495,3745,881
773772,501,3720,841
773773,502,3706,804
773774,498,3708,776
773775,483,3711,748
773776,455,3705,717
773777,423,3696,690
773778,400,3696,672
773779,389,3701,661
773780,375,3697,646
773781,360,3690,622
773782,346,3686,604
773783,334,3678,592
773784,331,3679,584
773785,328,3688,585
773786,316,3694,578
773787,314,3701,567
773788,324,3712,565
773789,335,3725,561
773790,337,3730,556
773791,337,3733,558
773792,348,3738,560
773793,367,3742,567
773794,385,3751,582
773795,406,3748,606
773796,421,3741,609
773797,436,3729,612
773798,444,3713,623
773799,447,3703,637
773800,454,3695,633
773801,468,3684,624
773802,480,3679,628
773803,486,3678,626
773804,490,3668,616
773805,491,3657,611
773806,481,3656,616
773807,465,3661,616
773808,450,3667,606
773809,434,3677,597
773810,422,3688,591
773811,422,3692,590
773812,426,3695,580
773813,422,3709,571
773814,421,3725,558
773815,418,3738,537
773816,401,3756,531
773817,388,3776,534
773818,369,3795,545
773819,343,3813,557
773820,317,3829,564
773821,297,3846,572
773822,281,3859,588
773823,265,3857,611
773824,252,3850,632
773825,239,3851,651
773826,225,3850,682
773827,215,3836,724
773828,212,3814,756
773829,211,3792,771
773830,218,3773,785
773831,235,3762,797
773832,268,3747,788
773833,296,3750,776
773834,334,3760,760
773835,365,3759,739
773836,388,3757,730
773837,417,3767,731
773838,435,3773,729
773839,441,3780,729
773840,446,3793,734
773841,439,3802,753
773842,424,3810,776
773843,404,3816,785
773844,385,3828,796
773845,366,3846,819
773846,344,3860,830
773847,330,3866,821
773848,322,3870,817
773849,307,3872,815
773850,291,3879,815
773851,281,3887,825
773852,264,3891,834
773853,238,3895,840
773854,222,3908,838
773855,216,3925,839
773856,209,3933,850
773857,198,3931,853
773858,190,3933,850
773859,184,3939,854
773860,182,3945,856
773861,181,3955,844
773862,183,3959,831
773863,190,3957,835
773864,198,3952,838
773865,199,3948,836
773866,194,3953,847
773867,203,3959,854
773868,221,3959,849
773869,251,3962,823
773870,270,3956,830
773871,287,3943,833
773872,303,3928,817
773873,315,3914,800
773874,329,3898,779
773875,342,3885,749
773876,344,3882,727
773877,331,3887,702
773878,321,3883,670
773879,319,3876,646
773880,314,3883,625
773881,313,3889,598
773882,316,3894,564
773883,309,3900,526
773884,300,3902,500
773885,302,3910,479
773886,308,3924,453
773887,311,3939,426
773888,310,3953,399
773889,311,3959,388
773890,321,3963,396
773891,325,3976,431
773892,312,3989,465
773893,299,3996,488
773894,298,3999,516
773895,305,3994,543
773896,314,3985,577
773897,329,3981,615
773898,355,3986,638
773899,375,3993,641
773900,382,3997,639
773901,387,3999,643
773902,392,3996,654
773903,398,3989,653
773904,406,3978,639
773905,415,3966,632
773906,415,3946,612
773907,402,3931,595
773908,390,3927,566
773909,375,3928,533
773910,354,3931,508
773911,340,3930,493
773912,342,3932,479
773913,342,3943,456
773914,337,3957,432
773915,342,3975,406
773916,345,3987,373
773917,344,3990,355
773918,349,3999,361
773919,360,4013,372
773920,371,4027,390
773921,375,4045,421
773922,370,4069,452
773923,360,4098,475
773924,353,4122,501
773925,345,4144,527
773926,329,4168,548
773927,314,4191,567
773928,307,4212,589
773929,304,4230,622
773930,300,4251,666
773931,291,4273,700
773932,279,4292,719
773933,262,4309,734
773934,245,4319,757
773935,225,4324,797
773936,200,4329,842
773937,166,4336,868
773938,135,4339,880
773939,128,4346,892
773940,131,4355,898
773941,137,4359,896
773942,147,4357,886
773943,199,4349,842
773944,229,4348,834
773945,257,4353,836
773946,275,4352,833
773947,274,4349,837
773948,267,4345,842
773949,261,4341,855
773950,254,4337,875
773951,242,4329,877
773952,238,4313,870
773953,243,4299,857
773954,246,4294,843
773955,254,4291,830
773956,267,4279,811
773957,284,4261,791
773958,304,4251,774
773959,318,4244,756
773960,336,4227,742
773961,353,4208,731
773962,366,4195,717
773963,377,4186,706
773964,377,4176,699
773965,373,4171,695
773966,368,4163,696
773967,364,4153,692
773968,354,4142,685
773969,350,4129,679
773970,357,4123,665
773971,357,4114,657
773972,344,4098,667
773973,336,4089,664
773974,334,4084,646
773975,324,4083,640
773976,309,4089,637
773977,303,4096,627
773978,305,4094,614
773979,307,4095,604
773980,327,4123,554
773981,337,4128,542
773982,341,4132,546
773983,346,4141,553
773984,351,4142,559
773985,354,4137,578
773986,351,4134,600
773987,343,4136,615
773988,329,4145,636
773989,311,4154,657
773990,300,4160,669
773991,299,4167,684
773992,308,4171,703
773993,327,4174,707
773994,341,4176,690
773995,343,4174,681
773996,346,4173,696
773997,347,4175,713
773998,341,4176,720
773999,337,4177,721
774000,333,4173,719
774001,324,4169,729
774002,318,4171,747
774003,309,4164,763
774004,296,4154,775
774005,287,4153,775
774006,285,4159,767
774007,289,4161,755
774008,289,4157,736
774009,292,4154,722
774010,303,4156,717
774011,313,4150,722
774012,317,4142,722
774013,316,4141,716
774014,309,4133,726
774015,306,4124,743
774016,309,4129,756
774017,307,4130,763
774018,304,4121,759
774019,306,4115,761
774020,312,4109,755
774021,319,4103,746
774022,327,4094,747
774023,332,4085,752
774024,330,4077,755
774025,311,4067,747
774026,293,4058,732
774027,283,4054,731
774028,269,4049,728
774029,259,4041,716
774030,256,4041,700
774031,255,4048,676
774032,257,4051,659
774033,260,4048,650
774034,267,4049,642
774035,278,4053,639
774036,284,4052,628
774037,285,4056,610
774038,286,4064,595
774039,288,4069,591
774040,282,4073,596
774041,279,4078,600
774042,281,4080,602
774043,281,4076,600
774044,278,4077,593
774045,278,4094,586
774046,278,4112,586
774047,273,4121,595
774048,265,4128,607
774049,256,4137,619
774050,247,4147,636
774051,249,4157,641
774052,258,4170,636
774053,257,4180,644
774054,252,4184,662
774055,255,4192,680
774056,259,4191,693
774057,267,4192,704
774058,266,4188,709
774059,255,4184,720
774060,247,4191,735
774061,250,4202,747
774062,251,4206,748
774063,255,4206,736
774064,263,4203,730
774065,269,4193,741
774066,280,4185,745
774067,288,4185,749
774068,290,4187,761
774069,292,4187,767
774070,287,4187,781
774071,280,4183,801
774072,281,4177,818
774073,283,4179,832
774074,275,4184,839
774075,270,4184,844
774076,275,4185,837
774077,272,4190,820
774078,265,4191,804
774079,262,4197,795
774080,254,4205,797
774081,245,4210,797
774082,240,4221,802
774083,243,4242,797
774084,247,4263,790
774085,254,4273,794
774086,258,4275,792
774087,258,4276,795
774088,253,4277,797
774089,248,4272,790
774090,249,4268,780
774091,246,4255,757
774092,245,4251,751
774093,248,4246,749
774094,249,4235,752
774095,249,4219,759
774096,244,4209,758
774097,242,4202,737
774098,253,4190,723
774099,266,4174,728
774100,269,4165,716
774101,266,4163,693
774102,264,4172,685
774103,272,4180,678
774104,284,4181,670
774105,296,4178,668
774106,309,4179,657
774107,318,4186,649
774108,320,4188,661
774109,326,4187,669
774110,327,4194,650
774111,319,4208,629
774112,306,4212,626
774113,289,4205,629
774114,278,4197,626
774115,278,4193,620
774116,285,4193,626
774117,284,4187,620
774118,267,4175,606
774119,250,4161,598
774120,243,4150,588
774121,245,4147,583
774122,243,4149,576
774123,232,4143,569
774124,226,4134,566
774125,232,4134,558
774126,242,4142,546
774127,247,4148,534
774128,248,4151,525
774129,260,4160,534
774130,258,4169,535
774131,244,4180,545
774132,230,4188,564
774133,227,4194,593
774134,225,4203,626
774135,218,4212,640
774136,217,4214,646
774137,214,4217,661
774138,211,4219,673
774139,209,4213,684
774140,201,4206,698
774141,201,4203,717
774142,207,4199,741
774143,212,4200,750
774144,210,4202,758
774145,204,4196,780
774146,193,4191,799
774147,184,4185,814
774148,183,4178,826
774149,183,4176,835
774150,190,4174,841
774151,196,4170,843
774152,204,4169,847
774153,215,4163,857
774154,223,4156,870
774155,228,4149,871
774156,233,4137,858
774157,234,4137,860
774158,230,4136,880
774159,225,4120,890
774160,222,4107,887
774161,226,4106,870
774162,229,4109,842
774163,230,4108,817
774164,245,4104,793
774165,257,4101,741
774166,251,4105,714
774167,230,4101,695
774168,215,4102,684
774169,210,4091,669
774170,201,4075,668
774171,185,4076,671
774172,176,4079,660
774173,179,4079,646
774174,186,4078,636
774175,187,4074,629
774176,192,4068,626
774177,208,4067,631
774178,220,4065,643
774179,229,4056,650
774180,240,4055,652
774181,247,4062,657
774182,247,4068,667
774183,252,4072,669
774184,263,4078,676
774185,267,4081,693
774186,265,4080,696
774187,259,4085,699
774188,253,4091,710
774189,247,4099,721
774190,233,4103,732
774191,214,4095,748
774192,204,4082,773
774193,202,4076,802
774194,205,4076,835
774195,202,4080,857
774196,192,4090,861
774197,185,4087,864
774198,185,4076,870
774199,190,4068,876
774200,201,4054,875
774201,215,4036,867
774202,230,4017,837
774203,220,4018,828
774204,200,4021,818
774205,188,4021,797
774206,183,4019,789
774207,178,4017,798
774208,188,4021,795
774209,214,4031,772
774210,243,4046,750
774211,265,4058,739
774212,267,4064,752
774213,270,4072,770
774214,304,4074,754
774215,315,4082,742
774216,293,4097,755
774217,289,4103,754
774218,270,4110,771
774219,211,4123,825
774220,176,4123,865
774221,184,4126,860
774222,207,4133,836
774223,241,4124,809
774224,258,4121,794
774225,280,4127,769
774226,338,4120,723
774227,354,4114,730
774228,322,4120,762
774229,321,4109,750
774230,328,4099,747
774231,315,4106,762
774232,318,4086,756
774233,277,4080,815
774234,215,4089,883
774235,228,4088,874
774236,283,4101,826
774237,360,4104,744
774238,384,4100,732
774239,303,4102,840
774240,251,4130,899
774241,208,4163,918
774242,186,4187,923
774243,163,4213,928
774244,164,4229,913
774245,178,4243,909
774246,204,4255,906
774247,222,4270,908
774248,252,4288,870
774249,309,4289,803
774250,306,4283,814
774251,232,4277,896
774252,173,4265,952
774253,175,4252,933
774254,203,4243,877
774255,216,4232,839
774256,211,4217,832
774257,224,4204,801
774258,260,4194,743
774259,276,4189,711
774260,250,4186,726
774261,236,4177,744
774262,258,4167,717
774263,290,4163,658
774264,289,4166,637
774265,278,4169,637
774266,264,4164,658
774267,239,4161,701
774268,232,4168,705
774269,226,4179,709
774270,200,4195,765
774271,170,4206,825
774272,178,4203,831
774273,207,4216,806
774274,209,4240,815
774275,190,4259,853
774276,202,4289,935
774277,230,4290,948
774278,247,4288,966
774279,229,4297,1024
774280,261,4300,1030
774281,325,4297,989
774282,342,4303,976
774283,316,4319,967
774284,312,4330,878
774285,333,4330,809
774286,286,4340,845
774287,239,4342,828
774288,248,4333,776
774289,244,4347,763
774290,231,4351,752
774291,191,4342,818
774292,144,4335,898
774293,161,4328,885
774294,161,4343,861
774295,149,4367,832
774296,163,4385,817
774297,182,4394,823
774298,195,4400,862
774299,226,4399,871
774300,267,4389,894
774301,251,4391,973
774302,232,4374,962
774303,229,4351,918
774304,242,4340,889
774305,265,4329,873
774306,269,4314,860
774307,276,4295,788
774308,262,4289,740
774309,206,4286,782
774310,166,4271,808
774311,142,4263,818
774312,89,4275,891
774313,63,4275,962
774314,49,4271,989
774315,70,4267,1008
774316,87,4274,1026
774317,109,4271,1014
774318,131,4275,1032
774319,157,4275,1040
774320,194,4267,1062
774321,203,4276,1140
774322,213,4281,1180
774323,218,4287,1198
774324,221,4298,1200
774325,217,4312,1203
774326,183,4328,1219
774327,167,4329,1203
774328,159,4331,1203
774329,138,4347,1233
774330,130,4357,1226
774331,135,4350,1182
774332,126,4343,1164
774333,102,4346,1172
774334,93,4340,1168
774335,82,4326,1166
774336,73,4317,1153
774337,87,4307,1127
774338,84,4303,1130
774339,103,4301,1106
774340,162,4283,1018
774341,176,4275,971
774342,166,4272,965
774343,172,4263,933
774344,183,4257,901
774345,188,4245,869
774346,165,4249,861
774347,146,4240,818
774348,132,4242,794
774349,122,4234,775
774350,112,4221,768
774351,98,4227,798
774352,111,4240,804
774353,115,4247,790
774354,115,4251,788
774355,126,4258,790
774356,117,4275,815
774357,98,4294,851
774358,93,4310,856
774359,96,4323,828
774360,81,4340,827
774361,67,4354,830
774362,75,4365,800
774363,73,4382,781
774364,57,4399,778
774365,56,4407,754
774366,58,4414,723
774367,45,4427,711
774368,46,4424,686
774369,45,4417,664
774370,28,4425,662
774371,31,4432,650
774372,36,4441,633
774373,35,4463,612
774374,60,4483,582
774375,80,4498,575
774376,82,4508,578
774377,95,4515,582
774378,108,4529,602
774379,114,4547,618
774380,127,4560,636
774381,131,4569,664
774382,125,4577,699
774383,110,4587,764
774384,126,4579,826
774385,147,4573,855
774386,150,4575,893
774387,149,4572,924
774388,150,4575,951
774389,178,4566,951
774390,202,4556,967
774391,200,4548,979
774392,205,4528,952
774393,210,4522,949
774394,212,4529,951
774395,223,4523,931
774396,224,4507,914
774397,222,4487,900
774398,204,4471,911
774399,182,4452,926
774400,191,4435,911
774401,192,4433,882
774402,188,4429,833
774403,184,4426,794
774404,178,4414,763
774405,188,4406,716
774406,188,4407,696
774407,183,4395,680
774408,178,4384,664
774409,163,4376,646
774410,150,4375,619
774411,142,4376,605
774412,153,4373,581
774413,159,4381,549
774414,159,4398,539
774415,169,4411,553
774416,187,4416,564
774417,207,4416,555
774418,215,4418,554
774419,224,4425,562
774420,235,4437,555
774421,236,4463,541
774422,233,4470,533
774423,220,4472,544
774424,202,4476,566
774425,182,4483,577
774426,150,4485,588
774427,129,4480,591
774428,120,4478,576
774429,112,4482,567
774430,118,4485,557
774431,137,4476,550
774432,152,4466,566
774433,161,4465,584
774434,171,4456,594
774435,179,4441,602
774436,182,4425,610
774437,187,4414,618
774438,195,4408,627
774439,195,4399,642
774440,185,4386,670
774441,176,4376,700
774442,169,4361,716
774443,167,4335,719
774444,165,4318,731
774445,157,4312,764
774446,162,4296,791
774447,185,4264,797
774448,208,4233,797
774449,229,4216,801
774450,250,4197,818
774451,264,4171,827
774452,278,4145,813
774453,301,4124,798
774454,325,4107,798
774455,343,4094,799
774456,365,4084,795
774457,383,4065,780
774458,397,4041,720
774459,404,4023,673
774460,413,4004,633
774461,416,3993,610
774462,413,3986,601
774463,402,3975,583
774464,376,3960,559
774465,341,3942,552
774466,310,3921,549
774467,287,3902,531
774468,264,3882,517
774469,242,3870,517
774470,232,3868,506
774471,238,3863,476
774472,265,3862,449
774473,294,3868,432
774474,312,3870,423
774475,329,3868,417
774476,347,3869,401
774477,358,3877,387
774478,352,3882,391
774479,338,3882,410
774480,331,3885,420
774481,328,3890,417
774482,321,3895,426
774483,312,3897,452
774484,301,3896,468
774485,297,3893,479
774486,300,3888,494
774487,303,3888,502
774488,311,3885,504
774489,326,3877,506
774490,344,3874,520
774491,359,3868,542
774492,366,3858,548
774493,373,3840,544
774494,382,3790,541
774495,378,3775,535
774496,373,3771,521
774497,375,3769,504
774498,382,3762,484
774499,388,3754,468
774500,385,3752,464
774501,381,3751,462
774502,389,3748,451
774503,398,3744,450
774504,405,3741,461
774505,411,3740,482
774506,413,3735,514
774507,413,3724,538
774508,419,3708,553
774509,427,3701,575
774510,432,3700,590
774511,430,3695,597
774512,428,3699,614
774513,429,3701,630
774514,427,3697,636
774515,417,3705,641
774516,407,3711,647
774517,400,3707,648
774518,384,3706,652
774519,366,3707,661
774520,355,3714,661
774521,346,3728,646
774522,332,3742,630
774523,316,3758,627
774524,299,3774,624
774525,283,3785,617
774526,259,3801,622
774527,227,3811,642
774528,199,3814,664
774529,175,3814,681
774530,157,3815,693
774531,153,3828,745
774532,170,3827,774
774533,194,3823,795
774534,223,3817,811
774535,257,3810,819
774536,293,3802,833
774537,329,3785,837
774538,364,3767,846
774539,392,3758,867
774540,407,3756,869
774541,411,3750,862
774542,411,3741,864
774543,411,3728,868
774544,403,3708,870
774545,396,3690,877
774546,398,3672,876
774547,396,3654,852
774548,388,3645,824
774549,381,3638,808
774550,384,3629,787
774551,386,3621,766
774552,380,3621,754
774553,376,3627,738
774554,373,3632,715
774555,372,3643,689
774556,374,3653,661
774557,381,3664,628
774558,392,3675,598
774559,406,3681,570
774560,422,3686,553
774561,433,3692,541
774562,445,3703,528
774563,450,3717,521
774564,454,3721,524
774565,462,3719,525
774566,465,3717,519
774567,469,3722,489
774568,471,3735,470
774569,470,3745,443
774570,460,3756,413
774571,447,3764,391
774572,438,3781,376
774573,430,3807,368
774574,422,3831,363
774575,408,3850,351
774576,397,3863,345
774577,385,3878,356
774578,369,3892,380
774579,359,3898,404
774580,352,3907,421
774581,343,3914,442
774582,340,3918,460
774583,344,3921,482
774584,340,3921,522
774585,325,3911,573
774586,318,3897,622
774587,320,3895,656
774588,317,3893,680
774589,316,3891,700
774590,331,3896,720
774591,346,3896,735
774592,359,3892,746
774593,372,3891,750
774594,375,3898,744
774595,377,3908,733
774596,373,3914,722
774597,362,3920,712
774598,349,3928,705
774599,339,3933,702
774600,330,3937,680
774601,318,3946,657
774602,308,3948,641
774603,298,3952,614
774604,297,3989,603
774605,296,4007,609
774606,304,4025,610
774607,306,4038,605
774608,301,4047,598
774609,296,4057,591
774610,296,4065,583
774611,299,4061,583
774612,298,4054,585
774613,295,4058,574
774614,299,4068,571
774615,306,4076,570
774616,314,4076,564
774617,323,4074,559
774618,331,4076,546
774619,340,4085,521
774620,345,4092,494
774621,348,4094,477
774622,339,4102,470
774623,325,4122,468
774624,321,4144,470
774625,321,4154,477
774626,312,4159,488
774627,300,4166,506
774628,293,4172,514
774629,290,4178,514
774630,289,4186,531
774631,286,4198,565
774632,283,4210,603
774633,281,4214,637
774634,279,4215,666
774635,279,4212,688
774636,280,4200,719
774637,286,4191,748
774638,288,4188,771
774639,283,4179,779
774640,277,4168,768
774641,275,4147,769
774642,288,4136,775
774643,311,4128,755
774644,330,4120,727
774645,341,4109,687
774646,349,4105,648
774647,357,4100,617
774648,371,4094,587
774649,375,4089,560
774650,367,4086,551
774651,358,4081,546
774652,350,4074,535
774653,339,4073,538
774654,322,4081,544
774655,312,4080,546
774656,317,4073,547
774657,326,4073,548
774658,329,4073,550
774659,325,4072,551
774660,322,4073,562
774661,330,4071,564
774662,344,4068,560
774663,353,4068,563
774664,359,4070,563
774665,364,4073,559
774666,365,4082,562
774667,370,4086,569
774668,378,4081,553
774669,379,4076,540
774670,373,4076,544
774671,369,4078,544
774672,367,4076,540
774673,372,4068,538
774674,386,4058,540
774675,396,4050,555
774676,393,4049,571
774677,388,4046,573
774678,413,4016,584
774679,424,4005,600
774680,422,3996,605
774681,413,3994,604
774682,409,3999,610
774683,408,4007,611
774684,405,4007,603
774685,397,4008,606
774686,392,4017,620
774687,380,4030,623
774688,356,4046,606
774689,339,4066,590
774690,329,4081,579
774691,312,4092,565
774692,292,4098,550
774693,279,4096,547
774694,264,4096,558
774695,245,4102,558
774696,228,4106,543
774697,226,4108,529
774698,227,4111,529
774699,221,4102,534
774700,220,4089,549
774701,222,4081,563
774702,220,4070,563
774703,223,4055,559
774704,236,4041,538
774705,254,4024,511
774706,269,4004,492
774707,284,3986,479
774708,296,3971,470
774709,319,3958,458
774710,348,3945,444
774711,376,3930,421
774712,412,3918,395
774713,447,3905,383
774714,469,3891,377
774715,487,3873,328
774716,490,3873,326
774717,485,3877,336
774718,473,3876,344
774719,465,3870,363
774720,457,3868,380
774721,447,3865,386
774722,438,3858,389
774723,425,3859,397
774724,408,3868,406
774725,393,3881,418
774726,386,3897,441
774727,364,3909,469
774728,341,3924,493
774729,333,3946,525
774730,323,3965,567
774731,315,3975,593
774732,321,3984,608
774733,331,3994,632
774734,341,4010,660
774735,349,4033,686
774736,346,4054,705
774737,336,4071,724
774738,334,4080,752
774739,335,4084,772
774740,326,4096,782
774741,311,4110,789
774742,301,4120,806
774743,307,4135,822
774744,311,4151,833
774745,300,4161,850
774746,296,4162,865
774747,298,4155,870
774748,297,4147,866
774749,301,4130,866
774750,310,4111,873
774751,324,4099,872
774752,326,4075,855
774753,318,4061,848
774754,313,4044,835
774755,314,4026,817
774756,328,4010,788
774757,342,3995,759
774758,345,3986,746
774759,344,3968,728
774760,337,3943,710
774761,323,3923,696
774762,310,3901,689
774763,305,3876,700
774764,308,3852,716
774765,305,3834,714
774766,303,3821,695
774767,311,3809,675
774768,323,3801,650
774769,334,3793,625
774770,344,3786,607
774771,349,3785,587
774772,347,3785,571
774773,339,3789,554
774774,337,3799,530
774775,339,3818,504
774776,335,3837,475
774777,327,3846,451
774778,319,3855,438
774779,321,3873,429
774780,328,3890,423
774781,332,3899,423
774782,336,3906,430
774783,342,3910,437
774784,342,3914,443
774785,347,3924,457
774786,354,3935,474
774787,359,3938,495
774788,361,3938,532
774789,386,3948,605
774790,394,3943,632
774791,393,3934,653
774792,398,3932,690
774793,406,3935,742
774794,410,3937,779
774795,410,3938,815
774796,406,3936,853
774797,398,3939,865
774798,393,3946,869
774799,397,3950,870
774800,403,3951,860
774801,397,3955,851
774802,383,3966,850
774803,367,3982,847
774804,355,4002,844
774805,343,4022,843
774806,336,4039,832
774807,336,4049,816
774808,329,4052,806
774809,315,4055,796
774810,294,4060,787
774811,267,4064,785
774812,248,4067,787
774813,241,4070,786
774814,242,4067,787
774815,253,4067,783
774816,270,4073,771
774817,292,4084,754
774818,318,4083,723
774819,339,4081,694
774820,350,4092,675
774821,363,4106,659
774822,378,4113,649
774823,370,4117,649
774824,342,4125,649
774825,313,4131,633
774826,276,4145,607
774827,274,4152,602
774828,269,4165,592
774829,258,4178,590
774830,256,4178,589
774831,265,4177,596
774832,267,4183,611
774833,264,4189,618
774834,262,4198,630
774835,256,4210,652
774836,245,4219,664
774837,233,4223,665
774838,225,4220,661
774839,227,4219,668
774840,235,4220,687
774841,243,4216,705
774842,247,4208,729
774843,241,4203,758
774844,236,4202,784
774845,234,4200,806
774846,236,4197,823
774847,243,4195,834
774848,253,4186,842
774849,265,4162,839
774850,288,4134,834
774851,314,4119,819
774852,333,4113,783
774853,353,4105,754
774854,369,4095,752
774855,377,4089,758
774856,387,4096,751
774857,380,4106,742
774858,361,4112,732
774859,354,4116,717
774860,353,4114,691
774861,346,4112,669
774862,337,4115,640
774863,337,4115,621
774864,326,4114,616
774865,312,4115,609
774866,294,4118,605
774867,275,4121,605
774868,266,4127,607
774869,252,4125,610
774870,240,4116,608
774871,244,4114,604
774872,253,4111,605
774873,262,4103,605
774874,269,4102,601
774875,284,4098,600
774876,300,4089,606
774877,310,4073,619
774878,318,4059,638
774879,331,4051,652
774880,345,4043,669
774881,357,4031,689
774882,375,4024,700
774883,389,4022,713
774884,394,4014,727
774885,399,4012,740
774886,413,4019,746
774887,429,4026,743
774888,430,4028,746
774889,421,4020,736
774890,422,4013,718
774891,424,4015,713
774892,413,4015,727
774893,398,4020,741
774894,388,4032,743
774895,373,4041,736
774896,356,4051,731
774897,342,4064,738
774898,328,4068,748
774899,298,4059,742
774900,291,4052,733
774901,281,4039,729
774902,263,4027,718
774903,248,4025,705
774904,242,4024,690
774905,245,4020,666
774906,251,4012,649
774907,257,4007,643
774908,270,4010,643
774909,287,4012,639
774910,303,4012,636
774911,312,4010,634
774912,321,4006,626
774913,328,3999,626
774914,322,3992,637
774915,310,3994,645
774916,302,4000,640
774917,289,4006,642
774918,265,4016,655
774919,245,4029,666
774920,234,4042,669
774921,228,4053,661
774922,226,4063,656
774923,224,4066,665
774924,220,4073,678
774925,216,4080,689
774926,207,4089,686
774927,200,4097,677
774928,200,4103,672
774929,198,4112,659
774930,189,4113,634
774931,184,4110,613
774932,191,4116,600
774933,203,4124,600
774934,212,4122,606
774935,213,4113,605
774936,206,4108,615
774937,197,4110,630
774938,193,4109,646
774939,196,4106,651
774940,194,4097,644
774941,194,4090,630
774942,202,4098,619
774943,211,4110,615
774944,223,4109,607
774945,241,4100,602
774946,255,4098,611
774947,261,4097,631
774948,255,4087,646
774949,235,4084,652
774950,210,4087,659
774951,186,4089,656
774952,167,4089,653
774953,157,4093,656
774954,152,4098,643
774955,147,4103,625
774956,142,4108,617
774957,144,4108,599
774958,158,4110,568
774959,172,4125,548
774960,172,4140,536
774961,166,4150,531
774962,167,4156,531
774963,176,4162,526
774964,187,4172,522
774965,196,4184,511
774966,209,4193,504
774967,224,4201,508
774968,241,4209,517
774969,263,4221,519
774970,283,4233,519
774971,302,4239,525
774972,319,4241,531
774973,316,4254,558
774974,305,4260,587
774975,286,4257,609
774976,269,4258,623
774977,252,4260,632
774978,233,4249,629
774979,226,4240,621
774980,214,4243,624
774981,201,4244,627
774982,196,4239,628
774983,195,4233,645
774984,194,4226,649
774985,187,4218,644
774986,185,4212,652
774987,191,4208,659
774988,199,4209,662
774989,210,4213,667
774990,226,4217,666
774991,237,4209,657
774992,241,4202,645
774993,242,4209,629
774994,236,4217,620
774995,230,4227,614
774996,229,4232,620
774997,223,4233,632
774998,208,4238,626
774999,194,4237,617
775000,186,4232,634
775001,179,4232,654
775002,167,4238,655
775003,151,4248,651
775004,134,4253,656
775005,117,4252,678
775006,100,4252,707
775007,87,4256,743
775008,82,4261,790
775009,77,4266,837
775010,64,4267,910
775011,62,4266,943
775012,69,4265,970
775013,78,4264,997
775014,83,4265,1025
775015,91,4258,1059
775016,104,4253,1088
775017,122,4253,1109
775018,131,4256,1116
775019,121,4259,1099
775020,110,4262,1065
775021,106,4264,1041
775022,105,4257,1029
775023,112,4247,1019
775024,131,4246,1003
775025,145,4242,979
775026,149,4227,960
775027,150,4223,939
775028,159,4218,910
775029,172,4207,903
775030,178,4198,903
775031,186,4186,891
775032,196,4173,880
775033,214,4155,858
775034,244,4138,839
775035,251,4123,843
775036,249,4102,839
775037,235,4079,848
775038,207,4060,856
775039,192,4045,834
775040,197,4034,806
775041,198,4023,798
775042,174,4014,822
775043,156,4004,836
775044,164,3997,813
775045,189,3990,766
775046,205,3984,730
775047,197,3982,711
775048,222,3975,674
775049,237,3986,663
775050,238,4005,672
775051,233,4005,674
775052,221,4004,690
775053,195,4015,734
775054,155,4028,780
775055,144,4027,790
775056,136,4025,815
775057,111,4038,855
775058,125,4045,845
775059,154,4052,819
775060,162,4075,821
775061,186,4092,812
775062,219,4107,797
775063,234,4129,793
775064,233,4142,793
775065,227,4145,815
775066,199,4164,871
775067,209,4180,862
775068,236,4178,801
775069,219,4178,785
775070,188,4179,803
775071,171,4184,812
775072,190,4180,794
775073,177,4177,832
775074,131,4175,887
775075,114,4159,875
775076,129,4145,842
775077,128,4148,839
775078,115,4157,849
775079,116,4163,840
775080,140,4167,807
775081,181,4176,768
775082,200,4187,762
775083,205,4197,756
775084,240,4201,695
775085,232,4206,685
775086,174,4223,722
775087,142,4224,729
775088,129,4215,705
775089,99,4211,689
775090,57,4201,707
775091,-23,4208,806
775092,-59,4215,876
775093,4,4212,837
775094,91,4227,774
775095,200,4237,674
775096,288,4233,576
775097,283,4237,594
775098,246,4252,662
775099,247,4256,679
775100,253,4247,674
775101,206,4257,714
775102,183,4257,736
775103,168,4250,756
775104,103,4269,845
775105,73,4281,896
775106,92,4294,884
775107,135,4316,845
775108,167,4330,833
775109,146,4351,903
775110,162,4366,918
775111,214,4371,873
775112,206,4386,903
775113,177,4399,960
775114,195,4403,955
775115,227,4402,927
775116,199,4406,972
775117,163,4406,1038
775118,174,4393,1062
775119,144,4381,1137
775120,139,4360,1141
775121,115,4346,1163
775122,97,4336,1196
775123,100,4314,1200
775124,116,4300,1197
775125,136,4300,1229
775126,175,4293,1239
775127,230,4282,1204
775128,245,4283,1197
775129,242,4290,1208
775130,253,4291,1174
775131,242,4294,1147
775132,232,4299,1132
775133,239,4301,1097
775134,231,4310,1069
775135,214,4325,1046
775136,223,4332,1021
775137,242,4328,992
775138,238,4323,952
775139,225,4325,922
775140,215,4331,900
775141,244,4328,831
775142,276,4325,767
775143,272,4333,748
775144,269,4341,732
775145,262,4343,705
775146,225,4355,710
775147,195,4364,715
775148,177,4368,703
775149,159,4381,702
775150,163,4388,686
775151,168,4386,694
775152,158,4388,752
775153,143,4400,808
775154,151,4406,809
775155,163,4398,790
775156,159,4385,805
775157,153,4378,827
775158,150,4377,858
775159,152,4387,879
775160,163,4388,878
775161,182,4382,891
775162,189,4389,927
775163,187,4401,951
775164,186,4406,959
775165,189,4407,965
775166,190,4418,998
775167,191,4425,1026
775168,188,4431,1020
775169,179,4451,1009
775170,178,4468,1014
775171,183,4485,1020
775172,181,4503,1005
775173,184,4510,995
775174,192,4518,1014
775175,205,4521,1019
775176,221,4527,1004
775177,217,4544,1003
775178,194,4563,1011
775179,184,4579,1004
775180,198,4587,998
775181,205,4600,1007
775182,197,4611,1015
775183,190,4617,1015
775184,187,4622,996
775185,182,4636,976
775186,180,4644,948
775187,170,4637,921
775188,133,4625,923
775189,93,4608,929
775190,74,4586,907
775191,44,4566,885
775192,12,4544,860
775193,-13,4522,826
775194,-34,4487,736
775195,-27,4461,679
775196,-26,4438,615
775197,-2,4421,530
775198,32,4416,448
775199,55,4424,381
775200,78,4437,335
775201,95,4449,316
775202,113,4464,310
775203,137,4480,313
775204,146,4494,344
775205,145,4499,382
775206,161,4503,404
775207,180,4513,417
775208,194,4528,438
775209,203,4546,481
775210,207,4546,527
775211,202,4543,578
775212,190,4549,628
775213,177,4560,686
775214,168,4569,743
775215,182,4565,769
775216,208,4555,786
775217,244,4540,807
775218,266,4527,840
775219,276,4514,861
775220,285,4504,873
775221,290,4497,893
775222,295,4480,907
775223,292,4458,912
775224,295,4436,896
775225,304,4410,866
775226,300,4387,838
775227,297,4376,807
775228,302,4365,775
775229,297,4349,748
775230,285,4338,720
775231,274,4331,704
775232,262,4307,659
775233,265,4293,606
775234,261,4287,567
775235,252,4285,541
775236,241,4287,516
775237,231,4285,489
775238,231,4272,473
775239,239,4261,464
775240,239,4255,443
775241,236,4251,424
775242,233,4252,419
775243,234,4249,415
775244,250,4255,408
775245,258,4263,412
775246,255,4255,427
775247,248,4239,451
775248,238,4233,467
775249,236,4230,469
775250,241,4225,476
775251,237,4228,498
775252,239,4226,509
775253,259,4211,503
775254,282,4198,505
775255,292,4195,512
775256,295,4193,527
775257,300,4183,539
775258,304,4168,550
775259,310,4154,567
775260,312,4147,593
775261,297,4151,622
775262,273,4157,644
775263,257,4167,666
775264,255,4170,692
775265,263,4170,706
775266,271,4176,722
775267,284,4182,752
775268,298,4188,775
775269,289,4190,789
775270,276,4188,807
775271,263,4191,826
775272,245,4196,828
775273,233,4195,840
775274,235,4193,862
775275,247,4192,871
775276,270,4185,877
775277,287,4176,881
775278,296,4167,878
775279,303,4157,869
775280,304,4146,873
775281,298,4135,886
775282,291,4111,889
775283,285,4078,887
775284,276,4055,893
775285,269,4034,895
775286,264,4016,876
775287,260,4007,851
775288,245,3998,832
775289,229,3988,815
775290,236,3968,799
775291,255,3939,780
775292,272,3908,763
775293,292,3884,751
775294,319,3873,745
775295,341,3871,746
775296,356,3876,744
775297,370,3881,738
775298,380,3876,734
775299,378,3872,723
775300,370,3878,703
775301,353,3883,693
775302,325,3877,709
775303,311,3875,717
775304,297,3871,685
775305,288,3873,686
775306,284,3878,687
775307,278,3875,675
775308,279,3872,652
775309,285,3871,628
775310,291,3874,606
775311,301,3874,589
775312,304,3866,579
775313,301,3856,583
775314,307,3845,581
775315,322,3846,570
775316,335,3858,561
775317,344,3868,552
775318,352,3874,550
775319,362,3877,557
775320,372,3882,575
775321,381,3888,578
775322,385,3889,570
775323,381,3889,579
775324,368,3888,593
775325,365,3885,603
775326,368,3891,616
775327,362,3897,627
775328,355,3895,631
775329,348,3888,631
775330,341,3881,635
775331,341,3876,637
775332,340,3869,636
775333,341,3869,631
775334,343,3874,612
775335,341,3864,588
775336,349,3844,572
775337,364,3832,571
775338,380,3825,576
775339,391,3812,576
775340,394,3799,592
775341,387,3789,596
775342,394,3776,604
775343,400,3774,614
775344,398,3774,630
775345,395,3770,649
775346,389,3766,665
775347,381,3766,666
775348,373,3764,652
775349,373,3768,639
775350,376,3779,644
775351,381,3783,645
775352,390,3779,629
775353,395,3774,618
775354,404,3772,617
775355,419,3766,608
775356,427,3752,595
775357,434,3736,599
775358,428,3726,622
775359,413,3722,638
775360,411,3718,643
775361,410,3718,644
775362,402,3715,638
775363,402,3709,642
775364,417,3711,636
775365,439,3708,611
775366,456,3701,600
775367,468,3700,600
775368,472,3704,603
775369,468,3706,611
775370,464,3708,623
775371,461,3705,631
775372,454,3710,637
775373,442,3718,646
775374,421,3718,651
775375,405,3717,642
775376,399,3725,625
775377,401,3755,594
775378,406,3768,581
775379,414,3789,569
775380,427,3809,545
775381,433,3825,524
775382,433,3842,528
775383,436,3861,550
775384,436,3880,563
775385,426,3893,575
775386,412,3901,598
775387,399,3903,611
775388,382,3903,618
775389,362,3906,632
775390,346,3906,648
775391,331,3907,657
775392,314,3903,662
775393,310,3900,672
775394,314,3901,671
775395,309,3895,661
775396,309,3891,652
775397,325,3889,650
775398,352,3883,653
775399,372,3881,646
775400,386,3883,636
775401,401,3883,627
775402,415,3882,626
775403,421,3874,631
775404,429,3860,635
775405,449,3853,647
775406,467,3854,662
775407,475,3855,673
775408,481,3850,672
775409,491,3838,672
775410,496,3824,677
775411,494,3814,673
775412,490,3812,673
775413,482,3816,680
775414,483,3815,673
775415,482,3813,658
775416,472,3822,638
775417,461,3830,624
775418,448,3837,610
775419,432,3851,597
775420,418,3859,587
775421,407,3859,584
775422,389,3853,582
775423,367,3847,570
775424,352,3840,558
775425,339,3838,553
775426,326,3839,544
775427,309,3833,538
