6322057,11,4059,337
6322058,9,4062,335
6322059,1,4066,334
6322060,-7,4072,334
6322061,-8,4087,334
6322062,-2,4104,320
6322063,2,4111,306
6322064,-2,4115,307
6322065,-1,4127,297
6322066,0,4136,285
6322067,-14,4149,268
6322068,-12,4164,277
6322069,-12,4169,295
6322070,-18,4167,309
6322071,-6,4175,323
6322072,14,4178,339
6322073,17,4165,370
6322074,12,4142,397
6322075,13,4124,405
6322076,21,4119,408
6322077,29,4129,414
6322078,31,4142,421
6322079,35,4134,418
6322080,75,4110,406
6322081,159,4100,386
6322082,219,4105,354
6322083,206,4115,326
6322084,164,4116,321
6322085,129,4107,331
6322086,104,4101,341
6322087,75,4096,356
6322088,36,4091,375
6322089,-11,4097,395
6322090,-59,4111,408
6322091,-102,4140,409
6322092,-150,4178,400
6322093,-169,4159,383
6322094,-161,4104,371
6322095,-184,4094,363
6322096,-236,4105,357
6322097,-285,4104,354
6322098,-315,4098,356
6322099,-338,4086,375
6322100,-350,4069,400
6322101,-339,4057,408
6322102,-313,4053,402
6322103,-276,4057,406
6322104,-187,4085,397
6322105,-140,4105,382
6322106,-92,4123,384
6322107,-51,4132,400
6322108,-19,4126,409
6322109,-1,4121,406
6322110,-2,4123,403
6322111,-22,4120,399
6322112,-48,4122,387
6322113,-78,4127,377
6322114,-110,4124,383
6322115,-138,4117,401
6322116,-154,4107,412
6322117,-160,4095,415
6322118,-166,4092,428
6322119,-174,4085,438
6322120,-167,4079,446
6322121,-159,4086,447
6322122,-159,4095,440
6322123,-154,4097,440
6322124,-154,4096,452
6322125,-176,4094,456
6322126,-201,4092,435
6322127,-218,4092,415
6322128,-230,4093,422
6322129,-237,4092,440
6322130,-242,4087,436
6322131,-240,4082,430
6322132,-237,4090,442
6322133,-234,4090,472
6322134,-226,4071,514
6322135,-214,4054,535
6322136,-204,4049,533
6322137,-188,4053,515
6322138,-172,4058,496
6322139,-165,4062,491
6322140,-156,4060,507
6322141,-147,4039,551
6322142,-134,4033,546
6322143,-120,4030,551
6322144,-122,4029,575
6322145,-127,4032,584
6322146,-116,4034,580
6322147,-96,4039,577
6322148,-86,4050,579
6322149,-83,4062,574
6322150,-63,4072,558
6322151,-38,4088,563
6322152,-24,4099,589
6322153,-14,4108,608
6322154,2,4123,621
6322155,22,4134,630
6322156,35,4141,628
6322157,33,4151,640
6322158,19,4157,658
6322159,-6,4153,662
6322160,-19,4148,661
6322161,-21,4156,664
6322162,-33,4165,675
6322163,-37,4170,689
6322164,-34,4177,696
6322165,-39,4176,701
6322166,-43,4169,709
6322167,-40,4169,703
6322168,-40,4174,685
6322169,-50,4181,667
6322170,-63,4192,651
6322171,-76,4205,633
6322172,-80,4229,614
6322173,-77,4244,607
6322174,-83,4248,622
6322175,-90,4252,629
6322176,-88,4253,626
6322177,-80,4247,644
6322178,-79,4236,674
6322179,-92,4219,684
6322180,-88,4207,690
6322181,-79,4210,721
6322182,-75,4203,747
6322183,-61,4193,740
6322184,-45,4181,713
6322185,-33,4172,700
6322186,-18,4166,701
6322187,-7,4166,691
6322188,-8,4171,660
6322189,-4,4164,629
6322190,3,4158,616
6322191,0,4156,611
6322192,-1,4146,598
6322193,13,4137,554
6322194,22,4131,508
6322195,14,4125,505
6322196,-3,4115,523
6322197,-24,4106,527
6322198,-34,4105,517
6322199,-32,4098,501
6322200,-30,4084,501
6322201,-39,4073,524
6322202,-56,4064,530
6322203,-64,4053,522
6322204,-57,4044,516
6322205,-43,4043,513
6322206,-46,4049,518
6322207,-61,4049,513
6322208,-73,4044,494
6322209,-69,4036,466
6322210,-54,4031,451
6322211,-51,4030,444
6322212,-55,4021,432
6322213,-76,4014,460
6322214,-98,4012,478
6322215,-112,4013,481
6322216,-123,4015,476
6322217,-140,4015,475
6322218,-157,4015,484
6322219,-171,4015,502
6322220,-185,4009,522
6322221,-199,3999,529
6322222,-215,4003,528
6322223,-239,4005,531
6322224,-257,3992,540
6322225,-269,3978,548
6322226,-305,3969,539
6322227,-348,3949,529
6322228,-365,3949,527
6322229,-354,4002,513
6322230,-326,4061,465
6322231,-296,4091,414
6322232,-266,4102,415
6322233,-222,4095,448
6322234,-168,4077,476
6322235,-122,4061,496
6322236,-96,4051,512
6322237,-88,4050,548
6322238,-91,4060,590
6322239,-85,4066,613
6322240,-80,4073,627
6322241,-88,4087,630
6322242,-102,4096,598
6322243,-115,4109,552
6322244,-128,4134,534
6322245,-142,4156,518
6322246,-148,4163,498
6322247,-154,4161,496
6322248,-174,4155,518
6322249,-193,4153,539
6322250,-180,4160,513
6322251,-149,4180,470
6322252,-137,4209,478
6322253,-129,4200,495
6322254,-113,4186,517
6322255,-93,4181,533
6322256,-82,4172,532
6322257,-73,4161,532
6322258,-60,4156,569
6322259,-55,4148,624
6322260,-41,4130,639
6322261,-10,4116,610
6322262,18,4113,577
6322263,28,4122,569
6322264,29,4126,565
6322265,28,4122,535
6322266,29,4119,481
6322267,42,4115,413
6322268,54,4126,372
6322269,52,4146,393
6322270,55,4150,427
6322271,69,4153,447
6322272,81,4168,469
6322273,85,4169,483
6322274,89,4159,483
6322275,96,4158,487
6322276,81,4165,498
6322277,45,4176,516
6322278,19,4185,520
6322279,3,4186,503
6322280,-20,4185,514
6322281,-53,4183,552
6322282,-77,4172,581
6322283,-89,4162,610
6322284,-101,4163,650
6322285,-112,4164,678
6322286,-109,4169,651
6322287,-52,4172,480
6322288,-31,4181,447
6322289,-27,4194,435
6322291,-17,4196,426
6322292,1,4192,411
6322293,6,4195,408
6322294,-8,4199,430
6322295,-29,4192,449
6322296,-61,4195,487
6322297,-102,4212,522
6322298,-119,4214,507
6322299,-104,4211,492
6322300,-102,4236,474
6322301,-95,4247,367
6322302,-44,4227,246
6322303,-20,4240,262
6322304,-64,4270,385
6322305,-96,4254,498
6322306,-71,4225,545
6322307,-64,4221,555
6322308,-94,4233,560
6322309,-93,4236,483
6322310,-51,4227,324
6322311,-20,4241,360
6322312,-38,4243,464
6322313,-36,4228,532
6322314,-22,4221,570
6322315,-6,4217,565
6322316,18,4205,554
6322317,32,4212,591
6322318,-9,4232,660
6322319,-58,4238,694
6322320,-39,4224,664
6322321,-3,4214,654
6322322,-9,4225,717
6322323,-20,4234,756
6322324,-5,4231,695
6322325,29,4228,571
6322326,72,4246,472
6322327,97,4273,419
6322328,95,4281,402
6322329,88,4265,441
6322330,62,4248,516
6322331,1,4249,616
6322332,-52,4250,658
6322333,-40,4233,569
6322334,9,4221,466
6322335,12,4234,461
6322336,-25,4233,495
6322337,-31,4203,486
6322338,-1,4181,450
6322339,12,4177,416
6322340,20,4164,369
6322341,31,4144,382
6322342,-13,4144,493
6322343,-80,4144,563
6322344,-57,4092,398
6322345,-78,4117,366
6322346,-124,4136,375
6322347,-131,4132,369
6322348,-115,4126,335
6322349,-106,4119,292
6322350,-98,4110,273
6322351,-98,4109,281
6322352,-114,4120,307
6322353,-118,4125,328
6322354,-101,4112,334
6322355,-107,4113,363
6322356,-129,4120,388
6322357,-125,4101,390
6322358,-115,4099,434
6322359,-139,4131,484
6322360,-137,4136,442
6322361,-73,4125,364
6322362,-39,4143,340
6322363,-59,4160,358
6322364,-62,4154,364
6322365,-36,4146,340
6322366,-32,4146,326
6322367,-39,4155,341
6322368,-40,4160,363
6322369,-45,4147,386
6322370,-48,4134,411
6322371,-57,4133,430
6322372,-74,4131,450
6322373,-87,4129,480
6322374,-86,4131,521
6322375,-87,4136,582
6322376,-95,4149,620
6322377,-88,4179,551
6322378,-64,4200,500
6322379,-51,4208,467
6322380,-49,4214,452
6322381,-34,4218,440
6322382,-6,4215,437
6322383,6,4225,455
6322384,2,4236,490
6322385,-4,4233,494
6322386,0,4227,457
6322387,10,4234,459
6322388,-2,4248,507
6322389,-19,4250,541
6322390,-22,4247,562
6322391,-9,4241,560
6322392,8,4232,554
6322393,8,4241,604
6322394,-7,4251,656
6322395,-7,4244,650
6322396,12,4236,618
6322397,16,4238,608
6322398,1,4251,629
6322399,-14,4252,634
6322400,-8,4236,587
6322401,4,4234,546
6322402,-2,4243,543
6322403,-14,4250,554
6322404,-14,4249,548
6322405,-17,4238,519
6322406,-29,4226,496
6322407,-45,4222,484
6322408,-62,4215,472
6322409,-75,4198,487
6322410,-83,4187,556
6322411,-97,4176,613
6322412,-106,4159,602
6322413,-90,4137,558
6322414,-90,4126,518
6322415,-94,4116,504
6322416,-85,4089,478
6322417,-77,4067,463
6322418,-82,4057,470
6322419,-98,4056,478
6322420,-105,4056,465
6322421,-93,4046,425
6322422,-86,4033,384
6322423,-92,4031,380
6322424,-108,4033,428
6322425,-132,4036,490
6322426,-153,4039,513
6322427,-161,4045,511
6322428,-155,4060,501
6322429,-140,4075,486
6322430,-126,4083,463
6322431,-112,4094,456
6322432,-107,4112,486
6322433,-107,4124,488
6322434,-88,4125,447
6322435,-58,4127,413
6322436,-53,4137,404
6322437,-62,4143,419
6322439,-62,4142,434
6322440,-63,4138,433
6322441,-62,4133,429
6322442,-57,4132,453
6322443,-88,4128,558
6322444,-87,4113,549
6322445,-70,4095,517
6322446,-80,4089,548
6322447,-110,4095,609
6322448,-109,4080,607
6322449,-63,4048,560
6322450,-27,4042,547
6322451,-42,4056,596
6322452,-65,4057,644
6322453,-58,4052,655
6322454,-50,4054,665
6322455,-54,4060,670
6322456,-47,4063,628
6322457,-28,4071,583
6322458,-14,4084,582
6322459,-10,4087,609
6322460,-8,4083,625
6322461,4,4083,607
6322462,14,4093,584
6322463,20,4103,593
6322464,21,4116,639
6322465,17,4136,692
6322466,25,4147,710
6322467,35,4154,725
6322468,2,4163,776
6322469,8,4157,797
6322470,24,4158,831
6322471,16,4177,840
6322472,18,4185,795
6322473,38,4180,723
6322474,39,4186,670
6322475,32,4191,649
6322476,36,4192,650
6322477,31,4198,669
6322478,1,4205,680
6322479,-27,4197,644
6322480,-23,4179,600
6322481,-39,4187,610
6322482,-76,4201,625
6322483,-80,4190,565
6322484,-53,4177,486
6322485,-37,4178,479
6322486,-51,4182,530
6322487,-62,4185,565
6322488,-60,4195,555
6322489,-51,4190,536
6322490,-44,4172,555
6322491,-54,4161,618
6322492,-68,4151,679
6322493,-63,4137,701
6322494,-36,4132,690
6322495,-14,4140,680
6322496,-7,4150,686
6322497,-4,4153,699
6322498,11,4155,719
6322499,8,4166,738
6322500,2,4163,726
6322501,1,4168,697
6322502,-9,4180,668
6322503,-21,4194,648
6322504,-29,4210,642
6322505,-47,4225,635
6322506,-56,4227,609
6322507,-49,4226,595
6322508,-57,4241,604
6322509,-74,4261,595
6322510,-70,4265,576
6322511,-65,4263,593
6322512,-93,4268,637
6322513,-133,4270,671
6322514,-152,4264,668
6322515,-146,4267,647
6322516,-125,4281,622
6322517,-94,4288,602
6322518,-75,4294,619
6322519,-72,4301,679
6322520,-72,4312,723
6322521,-61,4323,701
6322522,-47,4332,662
6322523,-44,4347,673
6322524,-56,4364,714
6322525,-72,4379,726
6322526,-62,4376,700
6322527,-58,4373,707
6322528,-87,4383,762
6322529,-114,4380,781
6322530,-118,4373,750
6322531,-119,4409,700
6322532,-128,4418,673
6322533,-123,4420,611
6322534,-124,4444,565
6322535,-148,4481,571
6322536,-181,4491,576
6322537,-204,4475,568
6322538,-217,4462,576
6322539,-223,4458,600
6322540,-222,4450,620
6322541,-209,4440,628
6322542,-197,4437,649
6322543,-181,4437,693
6322544,-160,4434,750
6322545,-148,4429,797
6322546,-136,4421,809
6322547,-112,4409,820
6322548,-77,4405,847
6322549,-48,4406,863
6322550,-26,4410,866
6322551,-7,4418,850
6322552,7,4431,838
6322553,16,4456,845
6322554,22,4485,844
6322555,14,4505,829
6322556,-1,4520,816
6322557,-13,4539,798
6322558,-20,4553,771
6322559,-31,4566,750
6322560,-41,4581,716
6322561,-42,4583,660
6322562,-27,4583,629
6322563,-31,4598,650
6322564,-66,4609,680
6322565,-76,4601,675
6322566,-73,4589,657
6322567,-113,4571,648
6322568,-129,4545,648
6322569,-158,4526,658
6322570,-192,4522,689
6322571,-206,4518,706
6322572,-197,4499,683
6322573,-175,4463,659
6322574,-150,4442,687
6322575,-142,4450,725
6322576,-138,4451,697
6322577,-110,4442,635
6322578,-85,4455,597
6322579,-88,4473,600
6322581,-95,4478,617
6322582,-85,4468,600
6322583,-60,4456,561
6322584,-35,4455,555
6322585,-29,4457,584
6322586,-43,4445,620
6322587,-55,4433,674
6322588,-76,4443,717
6322589,-111,4454,682
6322590,-119,4433,585
6322591,-109,4407,526
6322592,-129,4409,545
6322593,-166,4410,576
6322594,-173,4389,569
6322595,-163,4370,559
6322596,-184,4365,596
6322597,-211,4352,622
6322598,-221,4319,587
6322599,-281,4294,583
6322600,-307,4295,580
6322601,-297,4279,490
6322602,-261,4255,379
6322603,-234,4247,366
6322604,-247,4253,461
6322605,-272,4243,535
6322606,-270,4204,513
6322607,-254,4165,485
6322608,-267,4176,542
6322609,-302,4212,599
6322610,-291,4225,529
6322611,-219,4218,373
6322612,-163,4219,311
6322613,-161,4228,382
6322614,-156,4213,462
6322615,-115,4172,517
6322616,-92,4146,585
6322617,-121,4142,642
6322618,-145,4122,628
6322619,-148,4091,559
6322620,-171,4079,508
6322621,-197,4082,506
6322622,-192,4079,549
6322623,-198,4075,612
6322624,-225,4065,633
6322625,-218,4048,567
6322626,-180,4045,494
6322627,-156,4052,511
6322628,-167,4054,590
6322629,-190,4045,631
6322630,-186,4029,609
6322631,-167,4018,590
6322632,-167,4019,630
6322633,-183,4020,705
6322634,-188,4008,742
6322635,-178,3995,725
6322636,-169,4007,705
6322637,-163,4027,712
6322638,-141,4046,778
6322639,-115,4052,799
6322640,-76,4061,815
6322641,-42,4067,822
6322642,-14,4061,829
6322643,21,4051,832
6322644,59,4046,824
6322645,90,4039,814
6322646,123,4024,803
6322647,156,4008,790
6322648,185,3991,789
6322649,208,3976,782
6322650,228,3963,775
6322651,245,3948,785
6322652,250,3928,782
6322653,248,3912,770
6322654,243,3899,756
6322655,221,3885,746
6322656,190,3867,742
6322657,160,3849,727
6322658,131,3827,710
6322659,96,3804,696
6322660,63,3791,679
6322661,39,3792,659
6322662,21,3796,640
6322663,6,3797,616
6322664,-9,3805,584
6322665,-13,3815,552
6322666,-18,3821,521
6322667,-32,3825,503
6322668,-43,3826,501
6322669,-45,3834,489
6322670,-41,3854,473
6322671,-43,3871,456
6322672,-45,3882,433
6322673,-42,3888,415
6322674,-42,3899,415
6322675,-43,3910,419
6322676,-43,3925,416
6322677,-46,3938,431
6322678,-54,3949,448
6322679,-67,3954,462
6322680,-81,3956,469
6322681,-87,3958,471
6322682,-89,3967,483
6322683,-86,3980,504
6322684,-81,3987,515
6322685,-78,3992,524
6322686,-74,3997,532
6322687,-65,4008,533
6322688,-56,4012,529
6322689,-47,4006,524
6322690,-38,4006,521
6322691,-31,4009,535
6322692,-27,4008,556
6322693,-34,4010,566
6322694,-39,4007,571
6322695,-33,3999,586
6322696,-22,3990,603
6322697,-1,3985,613
6322698,-4,3987,600
6322699,-4,3988,591
6322700,9,3993,590
6322701,25,3996,584
6322702,39,3991,569
6322703,52,3977,559
6322704,57,3963,547
6322705,56,3959,527
6322706,55,3959,508
6322707,61,3955,505
6322708,69,3947,507
6322709,72,3939,507
6322710,65,3928,500
6322711,61,3914,487
6322712,64,3902,486
6322713,67,3889,497
6322714,75,3880,503
6322715,80,3876,505
6322716,84,3872,501
6322717,88,3860,492
6322718,94,3858,488
6322719,104,3866,490
6322720,113,3862,489
6322721,114,3855,476
6322722,109,3856,470
6322723,106,3862,475
6322724,106,3869,476
6322725,106,3869,468
6322726,102,3867,460
6322727,96,3866,460
6322728,92,3864,461
6322729,87,3874,463
6322730,76,3890,466
6322731,63,3897,466
6322732,47,3901,460
6322733,17,3920,457
6322734,8,3927,468
6322735,0,3925,482
6322736,-10,3921,489
6322737,-19,3920,484
6322738,-27,3924,481
6322739,-35,3934,479
6322740,-39,3950,476
6322741,-40,3960,474
6322742,-38,3964,480
6322743,-34,3969,485
6322744,-29,3973,485
6322745,-28,3970,498
6322746,-32,3954,509
6322747,-29,3945,508
6322748,-24,3950,496
6322749,-20,3952,495
6322750,-13,3948,504
6322751,-9,3947,509
6322752,-5,3945,512
6322753,5,3944,511
6322754,15,3942,514
6322755,26,3931,520
6322756,33,3923,518
6322757,34,3918,515
6322758,31,3920,518
6322759,28,3925,509
6322760,29,3917,500
6322761,30,3912,509
6322762,24,3913,512
6322763,17,3909,511
6322764,9,3905,510
6322765,10,3903,499
6322766,22,3897,481
6322767,32,3899,473
6322768,43,3905,479
6322769,43,3898,494
6322770,41,3890,476
6322771,38,3881,469
6322772,34,3871,468
6322773,33,3860,463
6322774,35,3851,467
6322775,35,3844,477
6322776,28,3844,477
6322777,19,3847,468
6322778,17,3844,455
6322779,8,3837,437
6322780,2,3837,416
6322781,10,3845,402
6322782,21,3852,385
6322783,35,3852,360
6322784,48,3848,350
6322785,61,3843,355
6322786,81,3831,364
6322787,97,3822,378
6322788,106,3822,386
6322789,111,3825,384
6322790,113,3822,388
6322791,114,3805,395
6322792,110,3792,395
6322793,99,3793,390
6322794,85,3795,393
6322795,69,3793,398
6322796,46,3798,395
6322797,30,3810,388
6322798,32,3821,379
6322799,40,3828,372
6322800,43,3839,368
6322801,39,3856,365
6322802,35,3870,357
6322803,42,3875,343
6322804,52,3881,337
6322805,54,3891,350
6322806,68,3914,385
6322807,62,3923,383
6322808,51,3933,382
6322809,33,3943,385
6322810,14,3951,382
6322811,2,3954,382
6322812,-7,3953,393
6322813,-22,3954,400
6322814,-38,3956,408
6322815,-45,3959,430
6322816,-48,3963,449
6322817,-45,3962,461
6322818,-33,3966,467
6322819,-15,3967,462
6322820,1,3961,461
6322821,9,3951,461
6322822,10,3940,454
6322823,16,3930,449
6322824,32,3927,445
6322825,49,3926,431
6322826,62,3922,417
6322827,73,3915,404
6322828,87,3907,393
6322829,98,3901,384
6322830,112,3897,378
6322831,133,3898,378
6322832,155,3897,375
6322833,165,3894,369
6322834,167,3894,365
6322835,172,3898,364
6322836,169,3904,359
6322837,160,3914,356
6322838,151,3928,362
6322839,136,3948,366
6322840,118,3961,359
6322841,103,3966,362
6322842,87,3977,383
6322843,66,3997,397
6322844,25,4048,416
6322845,6,4058,426
6322846,-17,4072,427
6322847,-36,4094,439
6322848,-49,4119,459
6322849,-57,4142,472
6322850,-66,4159,487
6322851,-73,4164,504
6322852,-73,4170,526
6322853,-67,4177,541
6322854,-59,4181,534
6322856,-50,4187,524
6322857,-39,4200,529
6322858,-30,4217,545
6322859,-29,4229,554
6322860,-31,4237,567
6322861,-36,4241,581
6322862,-40,4245,585
6322863,-32,4245,596
6322864,-18,4242,611
6322865,-13,4242,621
6322866,-12,4243,627
6322867,-10,4242,640
6322868,-20,4239,658
6322869,-29,4234,663
6322870,-32,4234,647
6322871,-40,4236,628
6322872,-43,4244,619
6322873,-34,4260,599
6322874,-28,4263,590
6322875,-26,4263,574
6322876,-26,4263,545
6322877,-20,4264,510
6322878,-12,4271,486
6322879,-8,4279,467
6322880,-5,4280,450
6322881,-4,4279,435
6322882,-2,4274,420
6322883,4,4265,411
6322884,11,4253,413
6322885,12,4245,424
6322886,1,4238,423
6322887,-17,4230,420
6322888,-29,4220,433
6322889,-29,4206,443
6322890,-35,4200,438
6322891,-48,4202,432
6322892,-55,4203,433
6322893,-53,4209,432
6322894,-56,4223,431
6322895,-60,4239,437
6322896,-62,4250,447
6322897,-67,4255,461
6322898,-71,4258,466
6322899,-73,4260,472
6322900,-79,4265,478
6322901,-87,4272,475
6322902,-98,4273,474
6322903,-100,4275,483
6322904,-95,4276,497
6322905,-87,4269,510
6322906,-78,4269,511
6322907,-66,4272,509
6322908,-43,4267,520
6322909,-19,4251,533
6322910,-13,4246,544
6322912,13,4250,566
6322913,25,4248,569
6322915,40,4256,570
6322916,52,4261,567
6322917,63,4250,567
6322918,66,4235,570
6322919,72,4230,575
6322920,83,4228,576
6322921,88,4220,585
6322922,78,4211,591
6322923,65,4209,581
6322924,41,4198,578
6322925,46,4191,586
6322926,49,4192,589
6322927,45,4201,584
6322928,41,4202,568
6322929,39,4198,543
6322930,40,4197,522
6322931,43,4198,513
6322932,50,4200,507
6322933,56,4201,498
6322934,57,4199,485
6322935,50,4184,479
6322936,38,4168,490
6322937,26,4160,504
6322938,19,4149,508
6322939,12,4137,509
6322940,3,4129,517
6322941,-14,4123,532
6322942,-37,4109,544
6322943,-57,4090,538
6322945,-72,4079,516
6322946,-77,4079,497
6322947,-77,4074,488
6322948,-84,4065,471
6322949,-94,4063,444
6322950,-100,4067,420
6322951,-98,4065,401
6322952,-92,4060,387
6322953,-85,4051,379
6322954,-81,4047,359
6322955,-86,4054,338
6322956,-73,4059,339
6322957,-50,4054,338
6322958,-43,4046,330
6322959,-37,4033,327
6322960,-27,4038,333
6322961,-12,4045,339
6322962,1,4040,354
6322963,15,4033,366
6322964,29,4032,365
6322965,38,4029,371
6322966,44,4019,389
6322967,47,4012,422
6322968,45,4013,450
6322969,43,4017,458
6322970,47,4015,455
6322971,48,4014,451
6322972,39,4015,449
6322973,33,4015,461
6322974,33,4014,489
6322975,33,4016,508
6322976,37,4026,506
6322977,49,4037,499
6322978,60,4049,503
6322979,70,4060,519
6322980,88,4070,540
6322981,107,4078,557
6322982,116,4077,566
6322983,116,4075,569
6322984,117,4079,574
6322985,120,4084,572
6322986,122,4088,571
6322987,125,4089,575
6322988,122,4084,581
6322989,121,4081,583
6322990,119,4083,585
6322991,110,4087,590
6322992,104,4094,586
6322993,96,4099,586
6322994,89,4105,595
6322995,78,4111,600
6322996,63,4129,608
6322997,56,4130,604
6322998,52,4130,598
6322999,46,4133,598
6323000,37,4130,592
6323001,25,4124,589
6323002,9,4127,600
6323003,-5,4129,606
6323004,-19,4122,608
6323005,-21,4114,615
6323006,-16,4110,612
6323007,-17,4108,604
6323008,-12,4105,610
6323009,4,4100,621
6323010,10,4091,610
6323011,8,4081,585
6323012,12,4073,566
6323013,21,4073,559
6323014,31,4074,561
6323015,41,4073,557
6323016,57,4070,534
6323017,69,4058,512
6323018,67,4042,500
6323019,60,4033,492
6323020,55,4041,486
6323021,44,4048,474
6323022,33,4040,462
6323023,20,4040,453
6323024,3,4048,454
6323025,-7,4052,457
6323026,-20,4049,456
6323027,-43,4045,447
6323028,-66,4050,437
6323029,-81,4061,434
6323030,-92,4075,444
6323031,-102,4086,453
6323032,-119,4087,450
6323033,-153,4091,419
6323034,-158,4102,424
6323035,-165,4120,431
6323036,-169,4138,430
6323037,-168,4145,432
6323038,-167,4145,427
6323039,-162,4146,417
6323040,-149,4146,420
6323041,-126,4150,429
6323042,-99,4155,440
6323043,-69,4159,457
6323044,-34,4170,468
6323045,-8,4178,471
6323046,19,4173,475
6323047,45,4167,488
6323048,62,4163,506
6323049,76,4155,522
6323050,89,4145,539
6323051,98,4128,554
6323052,111,4110,572
6323053,118,4105,582
6323054,113,4108,579
6323055,110,4111,591
6323056,118,4112,611
6323057,129,4109,621
6323058,132,4098,622
6323059,127,4092,605
6323060,123,4095,580
6323061,122,4103,560
6323062,127,4113,548
6323063,124,4125,535
6323064,122,4133,517
6323065,123,4137,500
6323066,122,4147,487
6323067,118,4161,476
6323068,114,4166,474
6323069,109,4167,486
6323070,102,4172,494
6323071,82,4186,500
6323072,69,4185,506
6323073,52,4185,524
6323074,39,4193,544
6323075,36,4206,551
6323076,45,4210,549
6323077,44,4206,562
6323078,31,4209,584
6323079,26,4218,596
6323080,27,4222,609
6323081,25,4217,622
6323082,24,4211,635
6323083,23,4218,643
6323084,19,4225,641
6323085,14,4226,638
6323086,10,4235,629
6323087,15,4242,618
6323088,25,4236,619
6323089,25,4235,621
6323090,18,4241,609
6323091,13,4244,607
6323092,10,4244,614
6323093,10,4243,606
6323094,8,4248,579
6323095,-1,4256,554
6323096,-10,4249,550
6323097,-7,4241,548
6323098,-3,4239,542
6323099,-6,4237,549
6323100,-20,4239,558
6323101,-32,4240,551
6323102,-42,4237,547
6323103,-57,4246,554
6323104,-63,4270,559
6323105,-51,4278,546
6323106,-40,4265,537
6323107,-44,4262,550
6323108,-56,4265,568
6323109,-67,4263,579
6323110,-64,4261,580
6323111,-69,4261,581
6323112,-74,4260,582
6323113,-78,4265,586
6323114,-86,4269,588
6323115,-90,4256,576
6323116,-92,4233,566
6323117,-90,4217,564
6323118,-84,4212,569
6323119,-85,4210,569
6323120,-85,4208,559
6323121,-82,4204,554
6323122,-80,4201,552
6323123,-73,4193,553
6323124,-55,4184,552
6323125,-33,4185,542
6323126,-19,4194,525
6323127,-8,4192,514
6323128,9,4190,509
6323129,29,4196,504
6323130,37,4191,505
6323131,37,4182,504
6323132,35,4177,503
6323133,29,4171,514
6323134,27,4163,525
6323135,25,4156,535
6323136,16,4146,547
6323137,9,4137,541
6323138,9,4140,532
6323139,7,4139,527
6323140,0,4126,507
6323141,-10,4117,485
6323142,-26,4117,468
6323143,-60,4131,459
6323144,-71,4144,465
6323145,-76,4138,449
6323146,-77,4127,435
6323147,-75,4121,437
6323148,-69,4115,461
6323149,-64,4105,499
6323150,-54,4090,532
6323151,-43,4077,557
6323152,-35,4066,582
6323153,-23,4053,615
6323154,-4,4036,652
6323155,22,4024,677
6323156,48,4025,690
6323157,74,4026,699
6323158,102,4024,700
6323159,119,4024,691
6323160,138,4023,678
6323161,155,4025,671
6323162,159,4029,662
6323163,168,4025,656
6323164,177,4021,649
6323165,169,4025,636
6323166,139,4029,631
6323167,106,4028,634
6323168,81,4034,630
6323169,59,4055,615
6323170,41,4074,605
6323171,15,4076,600
6323172,-29,4071,592
6323173,-71,4073,581
6323174,-104,4078,564
6323175,-135,4077,548
6323176,-156,4073,537
6323177,-154,4064,524
6323178,-151,4063,506
6323179,-163,4073,484
6323180,-165,4072,481
6323181,-164,4071,467
6323182,-156,4065,460
6323183,-146,4052,466
6323184,-134,4037,452
6323185,-130,4028,420
6323186,-136,4028,394
6323187,-136,4032,389
6323188,-129,4036,402
6323189,-121,4037,417
6323190,-113,4044,436
6323191,-101,4050,447
6323192,-98,4052,436
6323193,-99,4056,431
6323194,-96,4061,433
6323195,-96,4066,431
6323196,-95,4069,434
6323197,-88,4070,442
6323198,-69,4072,453
6323199,-53,4077,467
6323200,-37,4083,479
6323201,-20,4083,483
6323202,1,4082,489
6323203,14,4085,504
6323204,18,4090,521
6323205,24,4097,534
6323206,24,4105,541
6323207,20,4109,542
6323208,13,4110,545
6323209,2,4108,556
6323210,-2,4101,566
6323211,-4,4097,574
6323212,-13,4099,569
6323213,-21,4102,566
6323214,-22,4102,567
6323215,-26,4114,554
6323216,-33,4125,538
6323217,-42,4131,528
6323218,-47,4133,533
6323219,-45,4133,538
6323220,-46,4129,525
6323221,-66,4124,508
6323222,-108,4103,494
6323223,-162,4092,489
6323224,-200,4117,480
6323225,-203,4135,464
6323226,-228,4108,467
6323227,-309,4060,486
6323228,-353,4061,477
6323229,-295,4118,426
6323230,-222,4184,397
6323231,-208,4231,436
6323232,-187,4245,477
6323233,-125,4235,475
6323234,-67,4228,476
6323235,-27,4227,510
6323236,-2,4206,555
6323237,-4,4182,600
6323238,-32,4170,640
6323239,-67,4163,664
6323240,-88,4167,672
6323241,-94,4180,667
6323242,-100,4194,656
6323243,-101,4202,634
6323244,-65,4211,558
6323245,-48,4220,514
6323247,-31,4232,481
6323248,-8,4234,465
6323249,14,4231,452
6323250,16,4232,433
6323251,4,4233,422
6323252,1,4228,421
6323253,-3,4221,437
6323254,-27,4215,464
6323255,-58,4204,478
6323256,-75,4186,489
6323257,-82,4179,504
6323258,-90,4184,516
6323259,-90,4184,533
6323260,-95,4180,547
6323261,-104,4175,555
6323262,-102,4170,556
6323263,-87,4163,545
6323264,-73,4155,547
6323265,-85,4149,559
6323266,-111,4140,562
6323267,-124,4132,551
6323268,-118,4144,529
6323269,-96,4170,504
6323270,-64,4194,488
6323271,15,4215,493
6323272,60,4212,484
6323273,92,4205,480
6323274,109,4190,498
6323275,117,4172,531
6323276,110,4164,565
6323277,82,4157,607
6323278,50,4151,649
6323279,33,4152,669
6323280,14,4155,666
6323281,-2,4161,653
6323282,-4,4166,642
6323283,1,4164,628
6323284,1,4166,617
6323285,-4,4172,604
6323286,-5,4173,580
6323287,0,4166,575
6323288,-3,4163,602
6323289,-24,4165,642
6323290,-44,4157,653
6323291,-44,4151,639
6323292,-38,4155,631
6323293,-47,4158,636
6323294,-66,4160,643
6323295,-72,4163,632
6323296,-73,4162,638
6323297,-78,4166,681
6323298,-85,4173,719
6323299,-85,4176,715
6323300,-62,4172,680
6323301,-29,4159,653
6323302,-5,4167,710
6323303,1,4170,717
6323304,18,4158,675
6323305,40,4137,640
6323306,46,4134,651
6323307,37,4146,673
6323308,53,4135,659
6323309,70,4113,637
6323310,52,4112,639
6323311,28,4111,637
6323312,31,4103,617
6323313,36,4106,598
6323314,14,4105,590
6323315,-6,4096,571
6323316,-7,4085,538
6323317,-14,4077,545
6323318,-24,4072,591
6323319,-22,4063,612
6323320,-19,4054,623
6323321,-36,4063,630
6323322,-52,4075,592
6323323,-50,4075,510
6323324,-43,4080,442
6323325,-50,4085,439
6323326,-62,4087,493
6323327,-67,4081,535
6323328,-77,4072,529
6323329,-84,4076,481
6323330,-70,4076,378
6323331,-46,4068,294
6323332,-58,4078,317
6323333,-105,4092,388
6323334,-131,4089,425
6323335,-126,4072,428
6323336,-129,4067,443
6323337,-153,4085,489
6323338,-161,4101,479
6323339,-132,4098,380
6323340,-92,4110,368
6323341,-115,4113,458
6323342,-117,4098,531
6323343,-114,4088,586
6323344,-120,4083,630
6323345,-124,4090,673
6323346,-126,4099,708
6323347,-130,4099,734
6323348,-132,4108,759
6323349,-125,4122,759
6323350,-100,4125,728
6323351,-59,4121,717
6323352,-21,4131,734
6323353,10,4142,726
6323354,42,4128,698
6323355,64,4121,708
6323356,61,4139,757
6323357,59,4159,764
6323358,88,4169,665
6323359,116,4169,512
6323360,103,4163,436
6323361,54,4161,494
6323362,-4,4153,593
6323363,-30,4131,638
6323364,-17,4107,637
6323365,-14,4098,628
6323366,-36,4104,635
6323367,-56,4111,635
6323368,-59,4108,606
6323369,-58,4109,585
6323370,-64,4116,585
6323371,-71,4116,598
6323372,-76,4115,619
6323373,-69,4124,630
6323374,-53,4134,625
6323375,-37,4145,621
6323376,-23,4161,628
6323377,-13,4173,638
6323378,-2,4174,657
6323379,15,4185,714
6323380,7,4193,752
6323381,-3,4204,764
6323382,8,4208,704
6323383,40,4195,605
6323384,57,4194,574
6323385,39,4192,610
6323386,26,4166,637
6323387,24,4150,677
6323388,-3,4148,737
6323389,-43,4135,776
6323390,-51,4111,777
6323391,-43,4095,754
6323392,-51,4086,743
6323393,-57,4085,741
6323394,-63,4089,719
6323395,-73,4090,684
6323396,-70,4093,647
6323397,-51,4092,607
6323398,-47,4088,568
6323399,-46,4093,534
6323400,-41,4098,492
6323401,-44,4092,469
6323402,-53,4088,481
6323403,-61,4092,484
6323404,-60,4093,446
6323405,-51,4084,389
6323406,-54,4090,376
6323407,-75,4116,416
6323408,-84,4123,433
6323409,-67,4111,404
6323410,-54,4106,401
6323411,-59,4095,429
6323412,-57,4068,453
6323413,-54,4050,517
6323414,-80,4055,636
6323415,-106,4055,716
6323416,-93,4036,718
6323417,-89,4036,778
6323418,-88,4043,797
6323419,-50,4040,761
6323420,-12,4031,727
6323421,-13,4043,768
6323422,-28,4072,800
6323423,0,4075,719
6323424,55,4067,624
6323425,68,4096,630
6323426,36,4134,689
6323427,27,4139,696
6323428,47,4132,649
6323429,45,4139,640
6323430,19,4150,676
6323431,5,4148,676
6323432,8,4144,654
6323433,1,4149,677
6323434,-18,4150,710
6323435,-17,4145,709
6323436,1,4139,710
6323437,9,4136,721
6323438,13,4141,735
6323439,29,4147,752
6323440,46,4146,755
6323441,50,4136,761
6323442,52,4135,808
6323443,43,4140,876
6323444,35,4133,889
6323445,66,4114,835
6323446,105,4105,783
6323447,98,4117,795
6323448,77,4134,831
6323449,80,4143,816
6323450,93,4143,777
6323451,93,4148,772
6323452,74,4160,771
6323453,70,4153,731
6323454,76,4145,717
6323455,22,4181,765
6323456,25,4178,710
6323457,47,4179,697
6323458,27,4205,774
6323459,-20,4231,827
6323460,-16,4225,740
6323461,25,4217,609
6323462,37,4237,566
6323463,20,4248,595
6323464,9,4237,634
6323465,-6,4222,663
6323466,-27,4213,689
6323467,-38,4203,730
6323468,-52,4189,799
6323469,-70,4184,855
6323470,-52,4170,841
6323471,0,4152,768
6323472,36,4154,718
6323473,46,4153,726
6323474,53,4140,783
6323475,65,4121,858
6323476,69,4098,893
6323477,81,4084,870
6323478,107,4084,820
6323479,118,4084,767
6323480,114,4078,737
6323481,96,4076,751
6323482,62,4073,797
6323483,22,4074,814
6323484,11,4074,759
6323485,29,4067,668
6323486,29,4065,624
6323487,15,4075,640
6323488,7,4084,621
6323489,13,4092,566
6323490,-16,4129,604
6323491,-41,4130,642
6323492,-54,4131,669
6323493,-82,4158,704
6323494,-100,4176,690
6323495,-78,4171,638
6323496,-52,4183,643
6323497,-62,4214,690
6323498,-66,4234,680
6323499,-12,4223,602
6323500,32,4215,588
6323501,1,4237,681
6323502,-43,4251,744
6323503,-35,4245,729
6323504,-18,4248,725
6323505,-41,4260,763
6323506,-71,4267,807
6323507,-71,4263,806
6323508,-60,4254,758
6323509,-52,4257,737
6323510,-55,4264,766
6323511,-60,4257,787
6323512,-42,4248,773
6323513,-10,4250,743
6323514,2,4263,737
6323515,-3,4278,722
6323516,14,4283,647
6323517,34,4293,590
6323518,12,4312,623
6323519,-39,4318,701
6323520,-82,4311,749
6323521,-94,4303,726
6323522,-77,4299,649
6323523,-55,4301,611
6323524,-75,4324,665
6323525,-128,4349,739
6323526,-142,4346,754
6323527,-116,4336,727
6323528,-102,4360,706
6323529,-112,4375,769
6323530,-137,4386,834
6323531,-154,4386,870
6323532,-155,4377,884
6323533,-162,4374,909
6323534,-172,4374,940
6323535,-166,4373,950
6323536,-145,4370,945
6323537,-129,4364,930
6323538,-116,4357,911
6323539,-99,4350,899
6323540,-88,4346,896
6323541,-84,4339,890
6323542,-85,4331,876
6323543,-94,4340,877
6323544,-91,4356,878
6323545,-66,4359,849
6323546,-46,4368,825
6323547,-46,4392,834
6323548,-52,4410,846
6323549,-39,4421,835
6323550,-20,4435,818
6323551,-14,4451,796
6323552,4,4462,762
6323553,29,4473,738
6323554,33,4488,725
6323555,24,4500,715
6323556,17,4493,710
6323557,5,4470,707
6323558,-20,4458,751
6323559,-57,4446,828
6323560,-100,4427,891
6323561,-135,4404,928
6323562,-134,4380,919
6323563,-120,4368,894
6323564,-138,4376,910
6323565,-165,4386,929
6323566,-126,4366,866
6323567,-122,4367,867
6323568,-134,4372,865
6323569,-128,4373,826
6323570,-111,4372,779
6323571,-111,4381,758
6323572,-122,4389,755
6323573,-132,4405,754
6323574,-131,4423,704
6323575,-118,4424,623
6323576,-118,4434,617
6323577,-143,4452,654
6323578,-167,4447,659
6323579,-159,4437,662
6323580,-159,4444,675
6323581,-189,4451,675
6323582,-200,4452,647
6323583,-184,4444,620
6323584,-180,4442,635
6323585,-187,4439,655
6323586,-176,4420,664
6323587,-170,4404,703
6323588,-174,4385,754
6323589,-159,4361,786
6323590,-133,4350,813
6323591,-117,4346,831
6323592,-100,4336,828
6323593,-64,4326,822
6323594,-29,4321,819
6323595,-11,4325,822
6323596,3,4325,814
6323597,16,4310,779
6323598,30,4301,734
6323599,52,4302,708
6323600,78,4302,716
6323601,87,4297,737
6323602,89,4283,748
6323603,95,4264,745
6323604,66,4246,736
6323605,63,4238,736
6323606,63,4241,714
6323607,56,4229,676
6323608,49,4210,663
6323609,36,4197,668
6323610,28,4181,666
6323611,34,4167,653
6323612,40,4160,643
6323613,22,4142,635
6323614,3,4115,651
6323615,-13,4102,718
6323616,-59,4114,776
6323617,-84,4125,714
6323618,-38,4108,585
6323619,-14,4108,571
6323620,-76,4140,650
6323621,-107,4141,659
6323622,-54,4121,596
6323623,-26,4133,538
6323625,-46,4153,491
6323626,-31,4156,452
6323627,-12,4166,439
6323628,-38,4186,433
6323629,-41,4191,416
6323630,-27,4187,448
6323631,-66,4194,538
6323632,-102,4191,598
6323633,-84,4178,595
6323634,-66,4188,613
6323635,-88,4206,688
6323636,-89,4204,700
6323637,-34,4180,620
6323638,16,4162,578
6323639,-10,4177,744
6323640,-7,4148,765
6323641,34,4112,713
6323642,59,4104,725
6323643,31,4112,812
6323644,-5,4098,837
6323645,13,4064,764
6323646,59,4049,720
6323647,57,4050,761
6323648,28,4043,789
6323649,49,4027,727
6323650,100,4018,667
6323651,105,4033,713
6323652,71,4046,791
6323653,64,4030,785
6323654,87,4014,686
6323655,81,4020,605
6323656,47,4039,616
6323657,18,4052,651
6323658,-1,4056,642
6323659,-9,4062,603
6323660,-13,4069,585
6323661,-29,4070,602
6323662,-44,4058,616
6323663,-34,4039,606
6323664,-10,4041,611
6323665,1,4053,654
6323666,17,4053,703
6323667,48,4046,721
6323668,68,4038,715
6323669,90,4035,709
6323670,121,4045,705
6323671,149,4050,694
6323672,177,4047,686
6323673,196,4046,681
6323674,197,4051,671
6323675,188,4052,667
6323676,183,4047,661
6323677,178,4039,647
6323678,167,4035,642
6323679,154,4026,639
6323680,118,4007,625
6323681,103,3997,626
6323682,83,3985,620
6323683,62,3982,609
6323684,50,3989,598
6323685,44,3998,585
6323686,35,4007,567
6323687,26,4008,560
6323688,22,4008,556
6323689,12,4014,540
6323690,-3,4019,522
6323691,-5,4019,524
6323692,-1,4015,539
6323693,-4,4015,546
6323694,-7,4024,545
6323695,-7,4025,540
6323696,0,4017,547
6323697,12,4009,561
6323698,20,3999,566
6323699,21,3989,569
6323700,30,3989,568
6323701,45,3998,572
6323702,51,4002,593
6323703,56,3991,616
6323704,65,3978,624
6323705,72,3976,627
6323706,71,3970,625
6323707,65,3964,612
6323708,64,3972,609
6323709,63,3976,616
6323710,55,3975,609
6323711,50,3976,598
6323712,50,3977,590
6323713,53,3983,587
6323714,57,3987,585
6323715,54,3999,576
6323716,44,4008,585
6323717,40,4003,599
6323718,35,4002,601
6323719,25,4008,601
6323720,10,4014,603
6323721,-6,4009,606
6323722,-17,4003,596
6323723,-16,4005,584
6323724,-7,4012,591
6323725,-1,4021,597
6323726,13,4022,594
6323727,31,4017,582
6323728,39,4012,578
6323729,42,4008,585
6323730,48,4004,582
6323731,55,3998,575
6323732,58,3995,568
6323733,59,3995,563
6323734,56,3991,572
6323735,50,3976,594
6323736,46,3959,612
6323737,46,3952,613
6323738,54,3950,595
6323739,62,3941,580
6323740,68,3932,570
6323741,69,3921,562
6323742,66,3907,556
6323743,74,3895,550
6323744,87,3887,549
6323745,98,3882,553
6323746,103,3874,563
6323747,106,3860,577
6323748,123,3839,588
6323749,148,3826,596
6323750,166,3823,596
6323751,172,3815,596
6323752,176,3808,604
6323753,174,3815,606
6323754,172,3812,600
6323755,172,3798,591
6323756,158,3794,584
6323757,143,3800,566
6323758,138,3797,546
6323759,131,3791,533
6323760,123,3795,519
6323761,108,3802,510
6323762,83,3805,492
6323763,60,3812,466
6323764,43,3826,455
6323765,27,3843,452
6323766,12,3860,447
6323767,0,3877,437
6323768,-4,3886,429
6323769,-12,3890,425
6323770,-23,3890,426
6323771,-31,3890,431
6323772,-29,3896,442
6323773,-17,3899,455
6323774,-12,3895,465
6323775,-9,3891,471
6323776,-1,3895,471
6323777,9,3907,477
6323778,19,3914,505
6323779,27,3909,536
6323780,35,3902,560
6323781,41,3900,585
6323782,46,3904,607
6323783,57,3910,625
6323784,73,3909,645
6323785,85,3905,659
6323786,94,3906,668
6323787,104,3906,671
6323788,131,3903,658
6323789,132,3900,650
6323790,138,3892,648
6323791,152,3891,655
6323792,160,3888,660
6323793,157,3885,662
6323794,155,3891,664
6323795,160,3900,661
6323796,167,3902,650
6323797,169,3904,643
6323798,166,3907,649
6323799,162,3911,670
6323800,159,3913,683
6323801,160,3915,674
6323802,157,3920,662
6323803,144,3923,651
6323804,124,3919,641
6323805,114,3911,644
6323806,109,3906,653
6323807,96,3900,648
6323808,86,3896,633
6323809,82,3895,628
6323810,79,3890,624
6323811,74,3886,606
6323812,66,3893,592
6323813,58,3900,584
6323814,52,3897,564
6323815,45,3899,552
6323816,40,3904,551
6323817,39,3907,548
6323818,32,3915,543
6323819,28,3914,530
6323820,28,3913,524
6323821,28,3922,526
6323822,22,3931,515
6323823,12,3943,504
6323824,8,3954,501
6323825,10,3965,494
6323826,15,3975,484
6323827,30,3991,495
6323828,32,3993,511
6323829,35,3994,526
6323830,44,3998,527
6323831,51,4007,518
6323832,50,4021,521
6323833,51,4034,531
6323834,57,4046,542
6323835,59,4059,568
6323836,59,4066,597
6323837,62,4073,598
6323838,63,4080,602
6323839,65,4088,635
6323840,69,4109,661
6323841,74,4137,677
6323842,84,4158,690
6323843,102,4165,697
6323844,116,4168,694
6323845,116,4171,691
6323846,108,4167,696
6323847,100,4174,704
6323848,91,4182,727
6323849,83,4174,757
6323850,75,4165,781
6323851,69,4158,787
6323852,70,4155,785
6323853,77,4151,790
6323854,84,4144,798
6323855,82,4139,788
6323856,85,4138,769
6323857,98,4136,764
6323858,103,4133,755
6323859,102,4127,732
6323860,100,4117,722
6323861,94,4109,724
6323862,91,4112,723
6323863,91,4118,707
6323864,87,4121,687
6323865,95,4104,655
6323866,99,4100,634
6323867,99,4095,620
6323868,101,4084,618
6323869,104,4070,624
6323870,107,4058,631
6323871,110,4040,630
6323872,108,4025,624
6323873,102,4023,618
6323874,97,4020,608
6323875,86,4011,603
6323876,76,4002,599
6323877,76,3999,593
6323878,70,3998,589
6323879,61,3996,580
6323880,55,4000,567
6323881,54,4001,560
6323882,50,4010,553
6323883,41,4025,547
6323884,37,4036,550
6323885,38,4046,546
6323886,48,4051,543
6323887,57,4050,547
6323888,58,4048,549
6323889,63,4047,556
6323890,67,4051,572
6323891,65,4060,596
6323892,68,4067,626
6323893,76,4069,649
6323894,78,4064,662
6323895,72,4058,668
6323896,66,4055,669
6323897,66,4058,666
6323898,59,4060,657
6323899,51,4055,644
6323900,48,4056,628
6323901,35,4057,614
6323902,29,4052,604
6323903,30,4050,593
6323904,20,4058,551
6323905,6,4069,538
6323906,-3,4087,525
6323907,-8,4097,495
6323908,-13,4099,473
6323909,-19,4102,453
6323910,-28,4112,438
6323911,-36,4123,449
6323912,-41,4125,460
6323913,-45,4120,458
6323914,-45,4123,460
6323915,-50,4127,470
6323916,-61,4132,488
6323917,-62,4140,511
6323918,-56,4144,524
6323919,-50,4144,528
6323920,-53,4137,537
6323921,-57,4130,556
6323922,-54,4128,579
6323923,-50,4127,595
6323924,-35,4125,609
6323925,-17,4119,619
6323926,-4,4122,619
6323927,14,4135,624
6323928,58,4133,635
6323929,74,4139,619
6323930,86,4152,613
6323931,92,4158,616
6323932,87,4156,627
6323933,71,4157,641
6323934,59,4163,649
6323935,58,4165,647
6323936,57,4176,650
6323937,49,4194,670
6323938,44,4209,683
6323939,49,4224,686
6323940,50,4238,680
6323941,48,4251,663
6323942,47,4256,657
6323943,47,4256,673
6323944,53,4253,684
6323945,65,4250,682
6323946,75,4243,682
6323947,87,4232,681
6323948,100,4226,677
6323949,110,4220,685
6323950,110,4208,699
6323951,101,4192,702
6323952,95,4181,700
6323953,89,4174,691
6323954,78,4161,682
6323955,72,4143,681
6323956,75,4125,670
6323957,84,4109,654
6323958,85,4089,637
6323959,76,4069,617
6323960,71,4053,593
6323961,70,4034,574
6323962,68,4018,562
6323963,58,4018,539
6323964,49,4013,516
6323965,45,4000,492
6323966,34,4006,438
6323967,25,4000,412
6323968,11,4001,396
6323969,-7,4000,376
6323970,-10,4003,365
6323971,-6,4012,367
6323972,-13,4023,365
6323973,-19,4034,359
6323974,-21,4039,359
6323975,-25,4041,365
6323976,-29,4044,383
6323977,-33,4047,413
6323978,-38,4050,439
6323979,-36,4056,456
6323980,-32,4059,465
6323981,-33,4062,476
6323982,-33,4067,490
6323983,-30,4075,504
6323984,-24,4086,523
6323985,-22,4095,539
6323986,-27,4105,552
6323987,-22,4111,556
6323988,-6,4110,563
6323989,6,4106,582
6323990,16,4098,598
6323991,29,4091,606
6323992,45,4092,610
6323993,59,4095,607
6323994,63,4096,602
6323995,63,4088,606
6323996,71,4074,617
6323997,77,4062,628
6323998,84,4057,642
6323999,98,4063,647
6324000,111,4069,640
6324001,126,4077,654
6324002,115,4093,657
6324003,102,4103,655
6324004,103,4103,651
6324005,110,4104,646
6324006,115,4104,635
6324007,112,4108,629
6324008,97,4114,634
6324009,87,4116,637
6324010,85,4112,634
6324011,75,4107,626
6324012,66,4104,621
6324013,72,4101,617
6324014,74,4094,609
6324015,57,4087,606
6324016,36,4082,603
6324017,24,4074,598
6324018,19,4066,589
6324019,11,4067,572
6324020,-3,4072,549
6324021,-22,4075,528
6324022,-40,4076,512
6324024,-54,4078,497
6324025,-61,4088,482
6324026,-65,4101,477
6324027,-70,4107,487
6324028,-75,4115,510
6324029,-65,4133,533
6324030,-49,4148,551
6324031,-52,4160,569
6324032,-64,4171,586
6324033,-69,4175,603
6324034,-64,4169,627
6324035,-54,4142,670
6324036,-40,4139,680
6324037,-13,4135,689
6324038,25,4126,703
6324039,66,4106,720
6324040,103,4092,724
6324041,136,4087,722
6324042,165,4080,718
6324043,198,4069,708
6324044,229,4061,701
6324045,251,4060,697
6324046,265,4061,692
6324047,276,4058,699
6324048,274,4055,711
6324049,265,4051,709
6324050,264,4044,688
6324051,264,4049,656
6324052,259,4060,631
6324053,248,4065,613
6324054,232,4058,594
6324055,214,4052,578
6324056,189,4059,577
6324057,165,4071,583
6324058,144,4074,576
6324059,117,4072,565
6324060,91,4069,558
6324061,62,4063,551
6324062,33,4059,542
6324063,9,4056,534
6324064,-17,4048,539
6324065,-38,4040,548
6324066,-46,4036,543
6324067,-52,4032,533
6324068,-62,4029,523
6324069,-68,4028,507
6324070,-66,4026,485
6324071,-65,4032,473
6324072,-63,4028,470
6324073,-48,4012,449
6324074,-48,4018,445
6324075,-43,4029,448
6324076,-37,4044,457
6324077,-31,4055,467
6324078,-27,4058,484
6324079,-28,4071,501
6324080,-25,4096,510
6324081,-22,4108,521
6324082,-25,4111,544
6324083,-29,4119,574
6324084,-32,4133,596
6324085,-34,4146,607
6324086,-27,4149,621
6324087,-17,4143,645
6324088,-2,4142,667
6324089,11,4149,690
6324090,17,4153,701
6324091,25,4150,702
6324092,39,4141,697
6324093,58,4131,696
6324094,85,4128,701
6324095,112,4128,697
6324096,136,4129,686
6324097,160,4126,677
6324098,177,4121,671
6324099,187,4112,659
6324100,194,4092,658
6324101,196,4075,670
6324102,199,4069,667
6324103,201,4060,641
6324104,197,4053,623
6324105,186,4052,626
6324106,173,4045,631
6324107,161,4041,627
6324108,150,4038,616
6324109,136,4030,602
6324110,112,4027,587
6324111,95,4023,572
6324112,85,4017,559
6324113,65,4014,554
6324114,25,4004,548
6324115,10,3995,529
6324116,6,3992,516
6324117,6,3996,511
6324118,2,3993,504
6324119,4,3989,496
6324120,11,3990,480
6324121,12,3990,470
6324122,17,3983,464
6324123,22,3978,455
6324124,30,3986,457
6324125,39,3992,462
6324126,46,3990,454
6324127,52,3980,446
6324128,55,3972,446
6324129,55,3976,442
6324130,52,3983,432
6324131,51,3992,428
6324132,56,4004,442
6324133,60,4016,479
6324134,59,4025,509
6324135,56,4029,513
6324136,49,4029,512
6324137,41,4028,522
6324138,31,4032,526
6324139,29,4033,524
6324140,25,4032,539
6324141,7,4036,556
6324142,-13,4037,564
6324143,-22,4042,565
6324144,-30,4054,569
6324145,-46,4062,578
6324146,-58,4059,573
6324147,-67,4061,552
6324148,-73,4078,541
6324149,-71,4096,543
6324150,-63,4119,545
6324151,-51,4123,529
6324152,-55,4129,518
6324153,-59,4140,522
6324154,-46,4158,538
6324155,-32,4180,548
6324156,-37,4187,558
6324157,-50,4180,574
6324158,-52,4178,590
6324159,-50,4185,602
6324160,-42,4208,609
6324161,-31,4232,619
6324162,-23,4235,617
6324163,-11,4234,604
6324164,-2,4236,602
6324165,-2,4242,611
6324166,0,4246,613
6324167,17,4240,608
6324168,28,4236,618
6324169,24,4242,638
6324170,30,4251,642
6324171,52,4254,629
6324172,62,4258,614
6324173,61,4273,608
6324174,65,4302,613
6324175,69,4324,617
6324176,68,4341,613
6324177,82,4344,599
6324178,110,4338,591
6324179,106,4351,593
6324180,73,4367,599
6324181,46,4371,608
6324182,25,4360,618
6324183,5,4350,635
6324184,-8,4350,665
6324185,-15,4349,697
6324186,-23,4340,714
6324187,-29,4332,725
6324188,-37,4339,739
6324189,-36,4354,749
6324190,-35,4358,748
6324191,-11,4323,786
6324192,59,4306,1234
6324193,154,4303,1691
6324194,337,4115,990
6324195,26,4046,-229
6324196,-660,4359,-347
6324197,-625,4529,632
6324198,-155,4312,1007
6324199,3,4150,667
6324200,21,4205,654
6324201,12,4216,673
6324202,-123,4191,584
6324203,-151,4226,522
6324204,-105,4275,455
6324205,-174,4310,472
6324206,-243,4299,539
6324207,-204,4259,537
6324208,-155,4247,548
6324209,-121,4223,572
6324210,-90,4182,548
6324211,-84,4192,525
6324212,-86,4236,522
6324213,-88,4264,524
6324214,-99,4263,558
6324215,-87,4243,608
6324216,-51,4223,625
6324217,-20,4209,632
6324218,4,4190,654
6324219,27,4144,693
6324220,37,4133,699
6324221,44,4130,708
6324222,39,4129,716
6324223,18,4132,709
6324224,-10,4137,698
6324225,-39,4132,700
6324226,-66,4122,698
6324227,-83,4124,674
6324228,-77,4136,640
6324229,-56,4154,614
6324230,-37,4166,598
6324231,-9,4173,596
6324232,25,4173,607
6324233,48,4171,614
6324234,67,4182,615
6324235,85,4173,625
6324236,83,4133,648
6324237,57,4103,678
6324238,30,4088,701
6324239,10,4081,723
6324240,-8,4082,742
6324241,-13,4087,757
6324242,7,4082,776
6324243,27,4070,788
6324244,45,4065,793
6324245,83,4061,801
6324246,123,4059,799
6324247,162,4060,787
6324248,197,4062,782
6324249,211,4064,782
6324250,210,4064,777
6324251,211,4056,769
6324252,210,4045,764
6324253,201,4042,753
6324254,194,4035,734
6324255,183,4023,728
6324256,167,4011,731
6324257,137,4004,729
6324258,100,4007,737
6324259,87,4022,727
6324260,73,4034,702
6324261,60,4037,692
6324262,44,4037,690
6324263,33,4039,684
6324264,20,4037,683
6324265,9,4038,688
6324266,-1,4049,695
6324267,-14,4062,699
6324268,-17,4065,701
6324269,-8,4061,705
6324270,-2,4069,708
6324271,-5,4086,710
6324272,-17,4095,718
6324273,-30,4096,733
6324274,-25,4095,747
6324275,-4,4093,751
6324276,11,4092,752
6324277,18,4090,749
6324278,20,4083,744
6324279,16,4075,750
6324280,19,4068,762
6324281,29,4068,758
6324282,37,4080,745
6324283,40,4086,733
6324284,39,4085,713
6324285,40,4095,698
6324286,44,4106,698
6324287,48,4106,703
6324288,55,4101,705
6324289,59,4097,707
6324290,49,4094,706
6324291,39,4089,706
6324292,37,4090,712
6324293,31,4094,720
6324294,23,4095,723
6324295,14,4096,726
6324296,11,4100,723
6324297,9,4106,730
6324298,10,4112,746
6324299,20,4111,755
6324300,35,4107,743
6324301,39,4107,734
6324302,32,4109,754
6324303,25,4110,771
6324304,11,4105,771
6324305,-7,4095,778
6324306,-17,4088,787
6324307,-20,4086,789
6324308,-34,4086,792
6324309,-60,4087,791
6324310,-76,4084,785
6324311,-84,4076,772
6324312,-97,4088,699
6324313,-72,4116,605
6324314,-33,4117,616
6324315,-32,4114,700
6324316,-51,4108,716
6324317,-45,4098,660
6324318,-26,4108,621
6324319,-46,4126,629
6324320,-71,4136,653
6324321,-58,4130,651
6324322,-35,4128,644
6324323,-37,4138,648
6324324,-41,4150,640
6324325,-25,4154,637
6324326,0,4151,646
6324327,11,4148,659
6324328,9,4135,700
6324329,-1,4110,759
6324330,-20,4087,789
6324331,-51,4076,811
6324332,-90,4070,857
6324333,-118,4041,959
6324334,-120,4039,976
6324335,-121,4027,984
6324336,-118,4018,972
6324337,-101,4025,928
6324338,-72,4037,872
6324339,-35,4046,815
6324340,-7,4053,756
6324341,-11,4069,710
6324342,-17,4085,672
6324343,7,4087,608
6324344,27,4098,541
6324345,7,4125,511
6324346,-13,4150,487
6324347,-5,4149,458
6324348,-5,4149,447
6324349,-34,4167,452
6324350,-60,4175,452
6324351,-67,4175,477
6324352,-88,4193,538
6324353,-100,4198,574
6324354,-86,4184,603
6324355,-90,4183,653
6324356,-105,4190,697
6324357,-98,4191,749
6324358,-87,4186,806
6324359,-91,4180,858
6324360,-89,4170,899
6324361,-73,4166,923
6324362,-51,4171,908
6324363,-12,4160,866
6324364,27,4155,863
6324365,39,4166,894
6324366,53,4163,902
6324367,87,4159,882
6324368,122,4167,826
6324369,166,4169,712
6324370,201,4161,636
6324371,188,4166,678
6324372,143,4171,748
6324373,173,4147,617
6324374,178,4147,523
6324375,145,4160,516
6324376,101,4167,571
6324377,58,4162,624
6324378,35,4146,646
6324379,30,4132,651
6324380,16,4130,667
6324381,-17,4128,687
6324382,-42,4123,727
6324383,-61,4115,819
6324384,-88,4106,928
6324385,-104,4097,982
6324386,-97,4092,960
6324387,-77,4098,902
6324388,-58,4109,854
6324389,-43,4118,824
6324390,-34,4131,810
6324391,-27,4140,775
6324392,-6,4133,725
6324393,9,4134,728
6324394,-9,4152,760
6324395,-14,4150,713
6324396,33,4124,603
6324397,63,4113,577
6324398,26,4115,653
6324399,-2,4097,742
6324400,8,4088,804
6324401,26,4100,814
6324402,67,4085,751
6324403,126,4051,683
6324404,160,4039,691
6324405,146,4047,759
6324406,127,4049,792
6324407,141,4040,768
6324408,149,4033,748
6324409,93,4029,808
6324410,67,4023,828
6324411,60,4009,806
6324412,71,4006,768
6324413,80,4001,748
6324414,76,3992,778
6324415,52,3991,852
6324416,26,4006,899
6324417,40,4014,861
6324418,87,4018,777
6324419,109,4035,726
6324420,109,4055,723
6324421,107,4064,729
6324422,111,4066,726
6324423,112,4071,746
6324424,89,4076,805
6324425,70,4073,832
6324426,82,4066,802
6324427,102,4068,777
6324428,96,4081,769
6324429,92,4086,756
6324430,109,4084,757
6324431,107,4092,789
6324432,86,4104,824
6324433,85,4105,809
6324434,106,4107,749
6324435,118,4127,713
6324436,122,4147,726
6324437,126,4158,750
6324438,125,4164,770
6324439,123,4165,791
6324440,117,4162,806
6324441,100,4163,833
6324442,86,4169,875
6324443,89,4173,905
6324444,114,4178,907
6324445,139,4180,884
6324446,152,4181,881
6324447,152,4194,944
6324448,132,4205,972
6324449,158,4201,923
6324450,161,4221,915
6324451,143,4239,912
6324452,155,4236,869
6324453,174,4234,833
6324454,152,4242,858
6324455,124,4243,902
6324456,124,4234,909
6324457,135,4234,893
6324458,130,4237,865
6324459,131,4221,818
6324460,145,4194,782
6324461,145,4181,809
6324462,114,4183,871
6324463,83,4174,894
6324464,87,4156,882
6324465,90,4149,864
6324466,74,4146,818
6324467,67,4137,767
6324468,66,4132,748
6324469,48,4142,746
6324470,38,4139,726
6324471,49,4122,692
6324472,44,4113,699
6324473,14,4113,757
6324474,-11,4108,809
6324475,-22,4101,793
6324476,-30,4104,748
6324477,-31,4116,723
6324478,-20,4120,710
6324479,-11,4115,721
6324480,-19,4113,733
6324481,-18,4111,715
6324482,28,4112,646
6324483,23,4123,659
6324485,16,4134,690
6324486,20,4133,701
6324487,21,4127,720
6324488,0,4126,738
6324489,-15,4115,722
6324490,-5,4110,713
6324491,9,4124,739
6324492,8,4133,761
6324493,14,4134,729
6324494,45,4133,676
6324495,57,4129,676
6324496,40,4131,735
6324497,29,4127,806
6324498,21,4115,879
6324499,-3,4112,947
6324500,-5,4109,964
6324501,24,4101,926
6324502,58,4103,896
6324503,77,4107,911
6324504,73,4096,952
6324505,78,4085,981
6324506,104,4086,989
6324507,127,4086,981
6324508,147,4079,960
6324509,166,4078,935
6324510,182,4084,913
6324511,182,4090,902
6324512,174,4095,884
6324513,154,4082,870
6324514,134,4089,883
6324515,137,4087,849
6324516,149,4093,822
6324517,132,4105,847
6324518,96,4103,897
6324519,82,4097,934
6324520,89,4099,925
6324521,99,4103,868
6324522,116,4103,807
6324523,127,4100,791
6324524,112,4106,830
6324525,92,4115,877
6324526,91,4105,898
6324527,96,4096,907
6324528,93,4101,903
6324529,89,4108,876
6324530,85,4111,831
6324531,83,4111,788
6324532,70,4117,785
6324533,50,4121,811
6324534,43,4108,802
6324535,53,4097,753
6324536,54,4105,748
6324537,31,4118,800
6324538,9,4122,836
6324539,6,4122,845
6324540,-1,4123,858
6324541,-24,4132,900
6324542,-48,4149,934
6324543,-53,4160,915
6324544,-39,4164,866
6324545,-26,4173,829
6324546,-32,4181,835
6324547,-40,4191,847
6324548,-7,4180,814
6324549,-14,4187,819
6324550,-22,4194,799
6324551,-9,4190,762
6324552,11,4182,721
6324553,12,4184,702
6324554,5,4194,730
6324555,-4,4189,738
6324556,-5,4175,704
6324557,0,4172,697
6324558,-4,4173,712
6324559,-11,4172,738
6324560,-12,4175,770
6324561,-6,4184,785
6324562,0,4189,799
6324563,17,4167,822
6324564,33,4151,885
6324565,26,4169,964
6324566,27,4180,972
6324567,52,4176,922
6324568,68,4175,905
6324569,60,4181,953
6324570,48,4191,1016
6324571,50,4186,1029
6324572,56,4175,1008
6324573,56,4182,1042
6324574,38,4206,1128
6324575,23,4227,1134
6324576,54,4232,1006
6324577,114,4239,852
6324578,138,4260,795
6324579,125,4275,810
6324580,133,4267,809
6324581,165,4251,777
6324582,172,4249,779
6324583,147,4251,825
6324584,110,4238,884
6324585,74,4239,961
6324586,26,4262,913
6324587,29,4265,849
6324588,14,4290,847
6324589,-6,4306,845
6324590,-4,4309,831
6324591,2,4317,837
6324592,-14,4324,864
6324593,-26,4324,896
6324594,-15,4322,896
6324595,-11,4329,883
6324596,-19,4338,910
6324597,-26,4345,947
6324598,-29,4353,941
6324599,-14,4349,908
6324600,18,4345,906
6324601,21,4358,948
6324602,13,4371,950
6324603,36,4357,881
6324604,60,4341,843
6324605,40,4357,885
6324606,0,4360,913
6324607,-1,4328,885
6324608,-2,4307,890
6324609,-35,4308,937
6324610,-57,4304,964
6324611,-44,4302,962
6324612,-20,4312,948
6324613,-14,4324,953
6324614,-15,4331,966
6324615,-7,4321,950
6324616,7,4305,943
6324617,2,4306,976
6324618,-20,4319,989
6324619,-25,4321,965
6324620,-10,4324,943
6324621,-18,4354,944
6324622,-49,4390,928
6324623,-55,4427,805
6324624,-64,4452,802
6324625,-89,4477,823
6324626,-101,4477,821
6324627,-90,4468,829
6324628,-90,4468,870
6324629,-107,4468,904
6324630,-116,4472,938
6324631,-122,4483,975
6324632,-121,4491,990
6324633,-105,4491,1008
6324634,-92,4491,1038
6324635,-96,4493,1062
6324636,-94,4494,1067
6324637,-57,4497,1030
6324638,-16,4496,973
6324639,2,4495,956
6324640,1,4491,992
6324641,-2,4479,1052
6324642,-10,4466,1110
6324643,-21,4460,1138
6324644,-12,4445,1129
6324645,-3,4428,1119
6324646,-17,4424,1112
6324647,-26,4417,1084
6324648,-21,4407,1070
6324649,-56,4403,1075
6324650,-50,4388,1020
6324651,-17,4369,954
6324652,-5,4365,899
6324653,-16,4372,873
6324654,-20,4377,858
6324655,-26,4381,817
6324656,-28,4388,765
6324657,-9,4393,746
6324658,-7,4396,782
6324659,-34,4386,828
6324660,-31,4358,851
6324661,-5,4343,869
6324662,-22,4349,874
6324663,-43,4344,817
6324664,-25,4326,738
6324665,-20,4322,754
6324666,-48,4322,836
6324667,-65,4314,868
6324668,-44,4301,837
6324669,-28,4298,796
6324670,-36,4310,774
6324672,-30,4311,783
6324673,-15,4313,821
6324674,-20,4314,868
6324675,-13,4293,947
6324676,-10,4286,992
6324677,-24,4301,1036
6324678,-19,4318,1066
6324679,-9,4306,1048
6324680,-10,4297,939
6324681,5,4305,856
6324682,19,4326,948
6324683,3,4339,1109
6324684,9,4314,1144
6324685,63,4279,1070
6324686,95,4279,1041
6324687,84,4292,1082
6324688,76,4282,1099
6324689,82,4259,1062
6324690,94,4245,1041
6324691,123,4231,1062
6324692,160,4219,1070
6324693,180,4212,1047
6324694,195,4203,1003
6324695,217,4191,963
6324696,218,4181,953
6324697,196,4176,945
6324698,190,4175,919
6324699,191,4173,893
6324700,180,4170,863
6324701,163,4164,842
6324702,149,4157,837
6324703,132,4153,821
6324704,94,4153,765
6324705,76,4148,749
6324706,59,4139,741
6324707,41,4134,745
6324708,28,4122,737
6324709,18,4105,728
6324710,4,4092,739
6324711,-8,4082,752
6324712,-13,4068,746
6324713,-12,4052,738
6324714,-16,4036,747
6324715,-29,4015,755
6324716,-32,3995,763
6324717,-28,3979,767
6324718,-21,3963,771
6324719,-17,3951,777
6324720,-17,3938,769
6324721,-14,3925,751
6324722,-2,3916,726
6324723,12,3906,707
6324724,19,3892,689
6324725,27,3879,655
6324726,29,3880,609
6324727,31,3886,569
6324728,34,3892,535
6324729,30,3901,506
6324730,27,3910,482
6324731,22,3919,468
6324732,13,3922,456
6324733,3,3917,435
6324734,-5,3914,408
6324735,-18,3908,375
6324736,-44,3910,378
6324737,-66,3907,377
6324738,-79,3903,383
6324739,-93,3908,390
6324740,-110,3915,395
6324741,-127,3916,412
6324742,-140,3918,425
6324743,-142,3922,427
6324744,-133,3925,425
6324745,-124,3936,415
6324746,-116,3943,427
6324747,-105,3940,450
6324748,-94,3937,457
6324749,-89,3935,451
6324750,-89,3936,452
6324751,-92,3935,459
6324752,-99,3930,462
6324753,-101,3925,472
6324754,-88,3921,492
6324755,-67,3927,508
6324756,-51,3929,512
6324757,-37,3927,518
6324758,-26,3934,526
6324759,-17,3936,529
6324760,-1,3931,531
6324761,21,3928,538
6324762,36,3929,551
6324763,46,3934,571
6324764,57,3936,593
6324765,68,3933,601
6324766,85,3930,601
6324767,96,3933,605
6324768,105,3933,621
6324769,110,3931,639
6324770,100,3926,641
6324771,96,3921,646
6324772,98,3915,656
6324773,98,3905,662
6324774,95,3906,663
6324775,96,3918,670
6324776,103,3918,669
6324777,113,3904,663
6324778,125,3897,658
6324779,135,3894,648
6324780,141,3878,639
6324781,142,3862,637
6324782,142,3851,644
6324783,141,3843,651
6324784,135,3834,642
6324785,127,3822,628
6324786,117,3810,629
6324787,107,3796,634
6324788,101,3783,623
6324789,94,3780,609
6324790,83,3786,601
6324791,72,3789,589
6324792,68,3784,569
6324793,70,3779,560
6324794,71,3777,565
6324795,68,3784,566
6324796,68,3796,573
6324797,71,3800,571
6324798,76,3795,564
6324799,86,3795,567
6324800,82,3801,573
6324801,76,3803,579
6324802,84,3802,597
6324803,89,3797,624
6324804,87,3788,641
6324805,89,3777,656
6324806,96,3768,665
6324807,105,3756,662
6324808,122,3724,663
6324809,123,3722,664
6324810,135,3719,674
6324811,152,3713,674
6324812,167,3700,663
6324813,187,3685,663
6324814,211,3684,663
6324815,232,3691,656
6324816,250,3694,646
6324817,268,3696,636
6324818,280,3710,635
6324819,285,3728,637
6324820,280,3739,640
6324821,275,3751,653
6324822,275,3761,669
6324823,275,3757,677
6324824,272,3752,684
6324825,264,3752,690
6324826,248,3749,699
6324827,233,3746,715
6324828,225,3744,739
6324829,220,3742,757
6324830,216,3729,760
6324831,214,3706,770
6324832,219,3689,790
6324833,221,3681,807
6324834,213,3676,809
6324835,209,3666,798
6324836,212,3653,781
6324837,216,3635,765
6324838,208,3623,755
6324839,198,3614,752
6324840,190,3600,739
6324841,181,3592,709
6324842,169,3592,676
6324843,162,3591,646
6324844,157,3585,631
6324845,147,3585,609
6324846,148,3594,572
6324847,157,3607,550
6324848,154,3619,541
6324849,147,3631,540
6324850,151,3649,545
6324851,150,3660,554
6324852,148,3669,562
6324853,133,3681,577
6324854,118,3698,590
6324855,102,3715,599
6324856,85,3731,611
6324857,72,3742,622
6324858,64,3756,634
6324859,67,3774,645
6324860,77,3797,658
6324861,90,3813,676
6324862,96,3822,693
6324863,99,3838,711
6324864,113,3857,727
6324865,124,3870,742
6324866,138,3879,757
6324867,158,3894,779
6324868,173,3906,808
6324869,187,3910,830
6324870,195,3910,832
6324871,199,3903,832
6324872,203,3895,844
6324873,210,3901,845
6324874,219,3911,843
6324875,220,3913,856
6324876,214,3918,864
6324877,209,3925,853
6324878,208,3937,842
6324879,207,3952,833
6324880,198,3959,817
6324881,179,3965,798
6324882,157,3968,781
6324883,148,3964,752
6324884,142,3968,727
6324885,129,3980,725
6324886,120,3989,727
6324887,111,3996,722
6324888,103,4001,707
6324889,101,4002,690
6324890,97,4001,677
6324891,72,3996,668
6324892,60,3997,660
6324893,53,4001,650
6324894,51,4012,637
6324895,47,4023,622
6324896,43,4031,611
6324897,38,4044,605
6324898,27,4064,595
6324899,21,4076,591
6324900,20,4083,596
6324901,23,4099,605
6324902,29,4108,615
6324903,28,4108,627
6324904,31,4112,642
6324905,37,4125,654
6324906,43,4137,671
6324907,47,4148,693
6324908,51,4157,697
6324909,59,4164,700
6324910,65,4162,722
6324911,66,4157,741
6324912,69,4160,761
6324913,81,4163,783
6324914,92,4159,794
6324915,100,4155,792
6324916,108,4145,789
6324917,119,4136,799
6324918,128,4146,817
6324919,130,4153,827
6324920,130,4152,827
6324921,133,4157,819
6324922,133,4163,800
6324923,131,4167,789
6324924,124,4165,790
6324925,115,4160,797
6324926,110,4162,810
6324927,100,4170,822
6324928,86,4173,819
6324929,74,4168,807
6324930,65,4169,807
6324931,54,4172,800
6324932,39,4171,792
6324933,28,4169,781
6324934,27,4174,778
6324935,28,4182,776
6324936,36,4190,760
6324937,45,4196,741
6324938,48,4201,740
6324939,48,4199,751
6324940,48,4191,748
6324941,57,4187,744
6324942,70,4192,744
6324943,81,4195,755
6324944,82,4193,775
6324945,75,4190,781
6324946,68,4181,785
6324947,67,4167,798
6324948,64,4156,809
6324949,53,4155,818
6324950,47,4158,819
6324951,45,4149,809
6324952,46,4137,790
6324953,53,4132,769
6324954,54,4125,749
6324955,59,4113,728
6324956,77,4105,709
6324957,93,4107,685
6324958,100,4111,662
6324959,101,4114,641
6324960,99,4115,621
6324961,99,4127,604
6324962,104,4147,585
6324963,102,4159,561
6324964,94,4161,548
6324965,86,4160,551
6324966,80,4164,554
6324967,71,4167,562
6324968,51,4173,595
6324969,42,4175,613
6324970,30,4169,628
6324971,28,4157,633
6324972,34,4146,636
6324973,36,4144,650
6324974,38,4148,668
6324975,46,4151,672
6324976,54,4153,674
6324977,63,4161,675
6324978,69,4165,675
6324979,66,4164,664
6324980,68,4158,652
6324981,74,4149,660
6324982,73,4144,667
6324983,67,4143,665
6324984,57,4137,666
6324985,46,4130,659
6324986,31,4131,644
6324987,16,4133,636
6324988,5,4129,633
6324989,-7,4122,628
6324990,-10,4126,619
6324991,-6,4130,610
6324992,-4,4131,603
6324993,2,4132,595
6324994,0,4134,584
6324995,-4,4130,583
6324996,-5,4117,590
6324997,-6,4106,588
6324998,-6,4095,592
6324999,-9,4086,614
6325000,-7,4077,624
6325001,1,4066,620
6325002,2,4051,617
6325003,-1,4045,608
6325004,5,4054,601
6325005,15,4063,601
6325006,13,4063,598
6325007,3,4057,600
6325008,-4,4049,594
6325009,-9,4048,580
6325010,-6,4053,573
6325011,-3,4064,570
6325012,-6,4080,563
6325013,-8,4094,557
6325014,-7,4101,553
6325015,-4,4107,544
6325016,-8,4108,538
6325017,-14,4108,544
6325018,-21,4116,556
6325019,-24,4127,573
6325020,-15,4130,582
6325021,-7,4139,588
6325022,-2,4159,599
6325023,9,4172,621
6325024,12,4181,647
6325025,11,4195,660
6325026,18,4205,684
6325027,21,4211,724
6325028,25,4214,755
6325029,36,4217,774
6325030,51,4218,784
6325031,60,4220,795
6325032,62,4227,814
6325033,65,4238,832
6325034,65,4252,838
6325035,68,4263,842
6325036,70,4266,850
6325037,68,4267,850
6325038,67,4273,833
6325039,71,4275,820
6325040,88,4280,820
6325041,108,4287,817
6325042,128,4283,802
6325043,131,4284,794
6325044,128,4281,782
6325045,126,4278,772
6325046,124,4282,775
6325047,125,4286,773
6325048,120,4276,762
6325049,104,4263,751
6325050,89,4259,747
6325051,83,4263,753
6325052,82,4263,753
6325053,82,4262,756
6325054,83,4257,765
6325055,93,4241,759
6325056,101,4230,747
6325057,102,4225,751
6325058,99,4214,755
6325059,97,4204,753
6325060,95,4204,756
6325061,91,4202,757
6325062,96,4190,756
6325063,103,4175,743
6325064,104,4155,714
6325065,102,4133,687
6325066,100,4117,677
6325067,91,4106,679
6325068,65,4094,669
6325069,37,4084,644
6325070,19,4074,622
6325071,9,4064,585
6325072,5,4063,545
6325073,4,4061,514
6325074,4,4053,487
6325075,2,4053,466
6325076,-4,4063,438
6325077,-15,4073,418
6325078,-23,4083,428
6325079,-30,4090,437
6325080,-38,4106,416
6325081,-40,4112,419
6325082,-39,4114,439
6325083,-35,4117,464
6325084,-39,4119,482
6325085,-41,4124,507
6325087,-37,4137,528
6325088,-32,4145,540
6325089,-24,4143,557
6325090,-7,4141,572
6325091,6,4162,571
6325092,-2,4202,541
6325093,-17,4222,524
6325094,-7,4217,541
6325095,32,4206,568
6325096,67,4195,609
6325097,87,4186,665
6325098,103,4170,709
6325099,110,4146,737
6325100,107,4130,760
6325101,108,4133,771
6325102,107,4142,774
6325103,102,4146,792
6325104,97,4145,805
6325105,98,4147,804
6325106,102,4149,796
6325107,107,4151,778
6325108,115,4157,756
6325109,121,4160,737
6325110,132,4156,711
6325111,143,4151,680
6325112,147,4151,664
6325113,154,4150,639
6325114,156,4139,634
6325115,146,4122,623
6325116,136,4109,605
6325117,129,4104,599
6325118,119,4101,599
6325119,105,4094,599
6325120,93,4089,603
6325121,85,4091,600
6325122,74,4084,591
6325123,69,4074,585
6325124,70,4067,588
6325125,65,4059,597
6325126,61,4044,592
6325127,61,4029,590
6325128,59,4021,599
6325129,58,4015,599
6325130,59,4010,597
6325131,60,4015,598
6325132,62,4024,590
6325133,63,4024,579
6325134,68,4018,574
6325135,78,4016,572
6325136,86,4016,574
6325137,86,4017,572
6325138,87,4015,568
6325139,88,4011,569
6325140,83,4012,578
6325141,96,4014,601
6325142,113,4008,628
6325143,111,3992,643
6325144,103,3979,654
6325145,101,3962,677
6325146,91,3948,702
6325147,81,3948,711
6325148,79,3945,705
6325149,82,3936,696
6325150,86,3923,687
6325151,87,3907,670
6325152,96,3894,619
6325153,100,3891,598
6325154,108,3887,597
6325155,105,3882,584
6325156,97,3883,549
6325157,95,3885,525
6325158,89,3891,510
6325159,75,3902,491
6325160,63,3912,474
6325161,55,3919,462
6325162,49,3929,451
6325163,31,3941,436
6325164,14,3943,422
6325165,6,3939,403
6325166,-12,3941,383
6325167,-30,3944,375
6325168,-34,3951,383
6325169,-44,3956,394
6325170,-64,3960,390
6325171,-73,3970,385
6325172,-74,3984,394
6325173,-77,4000,407
6325174,-77,4014,413
6325175,-69,4030,427
6325176,-62,4040,456
6325177,-61,4055,480
6325178,-59,4073,495
6325179,-51,4078,525
6325180,-40,4084,567
6325181,-27,4096,598
6325182,-11,4101,618
6325183,0,4104,641
6325184,6,4104,676
6325185,23,4099,714
6325186,48,4098,732
6325187,64,4104,746
6325188,69,4109,768
6325189,71,4108,791
6325190,94,4117,807
6325191,115,4123,793
6325192,130,4127,774
6325193,132,4131,762
6325194,136,4138,758
6325195,132,4142,750
6325196,121,4146,734
6325197,110,4152,726
6325198,92,4150,726
6325199,71,4144,720
6325200,54,4137,713
6325201,44,4132,718
6325202,38,4132,723
6325203,30,4136,717
6325204,19,4137,707
6325205,10,4135,684
6325206,1,4135,657
6325207,1,4143,637
6325208,7,4153,631
6325209,9,4155,629
6325210,2,4154,626
6325211,-2,4157,627
6325212,-4,4156,634
6325213,-6,4153,639
6325214,-5,4150,640
6325215,-10,4147,644
6325216,-12,4144,649
6325217,-12,4140,651
6325218,-17,4138,648
6325219,-23,4131,649
6325220,-27,4116,653
6325221,-24,4109,655
6325222,-18,4107,647
6325223,-7,4101,627
6325224,10,4096,610
6325225,20,4090,602
6325226,20,4087,591
6325227,9,4093,570
6325228,-2,4104,557
6325229,15,4122,552
6325230,19,4122,540
6325231,14,4125,526
6325232,5,4131,525
6325233,1,4138,537
6325234,-3,4140,545
6325235,-12,4137,543
6325236,-17,4148,538
6325237,-17,4168,536
6325238,-16,4177,546
6325239,-11,4175,563
6325240,-7,4180,584
6325241,-9,4193,607
6325242,-11,4202,618
6325243,-10,4201,628
6325244,-16,4195,641
6325245,-19,4189,646
6325246,-13,4184,662
6325247,-6,4183,679
6325248,-3,4182,694
6325249,3,4173,713
6325250,9,4163,727
6325251,17,4155,737
6325252,30,4150,738
6325253,34,4145,736
6325254,33,4135,727
6325255,36,4118,716
6325256,37,4110,720
6325257,37,4106,725
6325258,45,4098,724
6325259,46,4087,726
6325260,39,4078,716
6325261,34,4071,704
6325262,27,4066,700
6325263,16,4064,686
6325264,6,4065,671
6325265,3,4071,662
6325266,9,4076,641
6325267,-3,4106,601
6325268,-16,4123,587
6325269,-16,4134,581
6325270,-17,4145,577
6325271,-20,4153,576
6325272,-19,4161,569
6325273,-22,4180,545
6325274,-30,4203,531
6325275,-30,4214,546
6325276,-30,4219,567
6325277,-41,4230,577
6325278,-52,4240,591
6325279,-57,4242,611
6325280,-67,4240,637
6325281,-85,4237,666
6325282,-98,4229,690
6325283,-100,4216,716
6325284,-94,4198,734
6325285,-89,4175,744
6325286,-78,4159,752
6325287,-60,4148,754
6325288,-46,4132,747
6325289,-38,4115,737
6325290,-27,4106,728
6325291,-10,4106,716
6325292,0,4109,708
6325293,6,4111,689
6325294,22,4113,654
6325295,42,4121,628
6325296,47,4134,618
6325297,41,4149,596
6325298,34,4162,576
6325299,29,4178,581
6325300,24,4194,586
6325301,22,4221,600
6325302,7,4226,623
6325303,-1,4232,647
6325304,-3,4243,673
6325305,-9,4252,698
6325306,-10,4253,713
6325307,-8,4244,732
6325308,-13,4229,764
6325309,-16,4219,794
6325310,-15,4212,805
6325311,-12,4201,814
6325312,-12,4187,823
6325313,-13,4176,820
6325314,3,4163,808
6325315,33,4144,793
6325316,54,4123,776
6325317,63,4115,758
6325318,77,4118,734
6325319,88,4116,695
6325320,101,4105,649
6325321,106,4089,614
6325322,101,4082,600
6325323,99,4081,592
6325324,85,4077,569
6325325,70,4079,542
6325326,64,4084,525
6325327,51,4094,513
6325328,32,4110,490
6325329,21,4132,467
6325330,17,4149,455
6325331,6,4151,456
6325332,-18,4148,475
6325333,-44,4147,493
6325334,-65,4145,508
6325335,-87,4145,531
6325336,-110,4147,552
6325337,-128,4148,570
6325338,-142,4147,596
6325339,-154,4145,630
6325340,-176,4150,659
6325341,-171,4147,666
6325342,-155,4140,674
6325343,-139,4132,678
6325344,-121,4121,674
6325345,-94,4111,671
6325346,-62,4107,665
6325347,-32,4110,644
6325348,0,4114,622
6325349,24,4114,612
6325350,30,4113,596
6325351,35,4116,583
6325352,42,4117,577
6325353,45,4119,580
6325354,52,4119,584
6325355,59,4118,579
6325356,59,4120,571
6325357,50,4119,573
6325358,31,4128,577
6325359,11,4176,555
6325360,-4,4222,500
6325361,-34,4230,461
6325362,-86,4213,483
6325363,-120,4180,543
6325364,-120,4141,602
6325365,-105,4102,660
6325366,-86,4077,726
6325367,-53,4075,784
6325368,0,4082,826
6325369,47,4085,856
6325370,85,4092,872
6325371,141,4107,877
6325372,195,4126,882
6325373,240,4141,886
6325374,281,4148,879
6325375,298,4147,868
6325376,266,4154,839
6325377,236,4154,830
6325378,196,4155,814
6325379,154,4161,802
6325380,110,4166,798
6325381,66,4163,801
6325382,31,4157,795
6325383,4,4156,775
6325384,-16,4153,755
6325385,-18,4150,736
6325386,-13,4149,721
6325387,-12,4145,699
6325388,-3,4142,678
6325389,6,4139,668
6325390,4,4138,670
6325391,-8,4135,675
6325392,-26,4126,669
6325393,-43,4123,672
6325394,-48,4122,685
6325395,-50,4116,694
6325396,-56,4116,696
6325397,-56,4117,691
6325398,-39,4112,698
6325399,-23,4109,702
6325400,-13,4114,698
6325401,15,4132,697
6325402,27,4132,690
6325403,39,4122,670
6325404,39,4114,668
6325405,34,4111,673
6325406,35,4114,678
6325407,32,4114,675
6325408,25,4105,669
6325409,25,4100,672
6325410,18,4103,672
6325411,8,4103,656
6325412,-2,4103,644
6325413,-11,4102,645
6325414,-4,4097,652
6325415,5,4097,656
6325416,11,4094,651
6325417,20,4094,652
6325418,19,4108,667
6325419,9,4121,674
6325420,12,4127,668
6325421,24,4123,661
6325422,31,4114,651
6325423,32,4109,645
6325424,29,4096,653
6325425,35,4084,665
6325426,44,4076,671
6325427,51,4068,680
6325428,61,4066,700
6325429,64,4066,711
6325430,64,4064,715
6325431,76,4060,714
6325432,91,4060,704
6325433,88,4065,704
6325434,76,4072,703
6325435,68,4087,698
6325436,60,4103,705
6325437,53,4113,720
6325438,45,4117,734
6325439,38,4122,732
6325440,26,4138,738
6325441,24,4148,766
6325442,22,4159,787
6325443,12,4167,805
6325444,4,4176,821
6325445,9,4187,832
6325446,7,4194,855
6325447,0,4195,881
6325448,-5,4201,898
6325449,-6,4206,908
6325450,-6,4203,908
6325451,-3,4193,909
6325453,8,4187,917
6325454,18,4178,923
6325455,28,4160,912
6325456,42,4144,889
6325457,55,4124,874
6325458,54,4102,864
6325459,43,4086,846
6325460,37,4080,822
6325461,42,4073,795
6325462,46,4055,754
6325463,37,4035,701
6325464,31,4025,652
6325465,35,4038,616
6325466,54,4058,584
6325467,80,4075,565
6325468,101,4080,568
6325469,126,4077,573
6325470,147,4079,577
6325471,150,4078,587
6325472,133,4081,614
6325473,105,4092,655
6325474,78,4110,684
6325475,73,4113,691
6325476,82,4086,706
6325477,51,4047,779
6325478,48,4043,790
6325479,41,4054,783
6325480,34,4072,762
6325481,37,4083,740
6325482,35,4076,728
6325483,21,4063,727
6325484,8,4053,725
6325485,12,4047,723
6325486,27,4045,729
6325487,41,4038,731
6325488,55,4022,724
6325489,62,4006,720
6325490,62,3998,722
6325491,72,3995,711
6325492,88,3988,683
6325493,90,3990,679
6325494,83,3996,706
6325495,90,3986,715
6325496,109,3979,690
6325497,116,3989,658
6325498,110,4002,636
6325499,111,4007,641
6325500,114,4007,662
6325501,101,4003,681
6325502,90,4002,697
6325503,86,3999,721
6325504,74,4003,747
6325505,61,4000,761
6325506,60,3986,770
6325507,59,3991,786
6325508,52,4002,801
6325509,62,3992,799
6325510,87,3977,771
6325511,110,3966,734
6325512,123,3964,712
6325513,134,3978,707
6325514,145,3976,725
6325515,140,3957,766
6325516,118,3934,785
6325517,122,3924,767
6325518,116,3923,765
6325519,103,3930,765
6325520,95,3931,747
6325521,87,3934,741
6325522,80,3951,766
6325523,82,3965,768
6325524,103,3971,694
6325525,127,3985,598
6325526,127,4011,540
6325527,109,4030,532
6325528,81,4029,562
6325529,59,4022,595
6325530,36,4023,620
6325531,12,4028,643
6325532,-8,4030,700
6325533,-42,4033,774
6325534,-75,4034,803
6325535,-81,4027,779
6325536,-71,4022,734
6325537,-63,4024,723
6325538,-69,4030,766
6325539,-82,4040,812
6325540,-78,4044,788
6325541,-44,4039,704
6325542,-9,4044,664
6325543,-13,4066,690
6325544,-21,4079,724
6325545,6,4073,735
6325546,38,4072,739
6325547,49,4081,748
6325548,55,4085,746
6325549,72,4080,730
6325550,92,4079,724
6325551,96,4092,748
6325552,93,4102,788
6325553,122,4118,831
6325554,112,4131,841
6325555,108,4134,835
6325556,120,4129,854
6325557,116,4131,900
6325558,98,4129,935
6325559,108,4111,931
6325560,128,4097,919
6325561,106,4101,964
6325562,66,4112,1058
6325563,56,4113,1101
6325564,77,4102,1069
6325565,91,4104,1046
6325566,83,4119,1062
6325567,81,4122,1073
6325568,96,4120,1054
6325569,119,4128,1012
6325570,150,4148,941
6325571,203,4162,826
6325572,252,4169,719
6325573,252,4191,675
6325574,221,4220,675
6325575,203,4225,667
6325576,208,4209,680
6325577,186,4214,784
6325578,112,4247,926
6325579,64,4259,942
6325580,99,4255,811
6325581,128,4271,683
6325582,107,4296,633
6325583,89,4309,650
6325584,93,4294,690
6325585,88,4266,735
6325586,54,4248,818
6325587,10,4234,901
6325588,-31,4217,937
6325589,-54,4207,942
6325590,-71,4207,954
6325591,-96,4202,988
6325592,-86,4184,1044
6325593,-49,4184,1032
6325594,-12,4187,996
6325595,23,4186,947
6325596,50,4195,928
6325597,69,4212,926
6325598,91,4216,898
6325599,111,4214,849
6325600,117,4225,803
6325601,104,4243,776
6325602,86,4267,755
6325603,79,4278,715
6325604,104,4264,669
6325605,123,4259,662
6325606,105,4265,684
6325607,91,4260,672
6325608,105,4252,635
6325609,97,4252,625
6325610,46,4260,671
6325611,0,4256,728
6325612,-8,4230,749
6325613,-10,4218,777
6325614,-44,4227,834
6325615,-63,4226,867
6325616,-38,4207,851
6325617,-12,4201,830
6325618,-3,4215,811
6325619,18,4221,776
6325620,62,4208,741
6325621,85,4203,755
6325622,58,4210,822
6325623,42,4201,861
6325624,54,4189,855
6325625,55,4193,864
6325626,15,4218,879
6325627,19,4234,863
6325628,44,4249,826
6325629,64,4262,769
6325630,83,4278,704
6325631,106,4299,623
6325632,125,4312,555
6325633,130,4321,551
6325634,97,4334,633
6325635,39,4331,741
6325636,2,4308,804
6325637,-27,4286,846
6325638,-66,4290,874
6325639,-83,4302,858
6325640,-59,4305,820
6325641,-26,4302,807
6325642,-20,4306,836
6325643,-21,4301,875
6325644,0,4283,901
6325645,29,4274,907
6325646,54,4266,895
6325647,73,4264,875
6325648,96,4258,836
6325649,105,4254,818
6325650,91,4267,847
6325651,105,4257,851
6325652,137,4229,836
6325653,123,4224,885
6325654,93,4227,955
6325655,94,4220,995
6325656,91,4226,1018
6325657,82,4237,971
6325658,127,4228,840
6325659,183,4229,759
6325660,163,4252,793
6325661,116,4255,860
6325662,107,4241,896
6325663,93,4237,920
6325664,12,4242,947
6325665,4,4234,895
6325666,2,4222,866
6325667,-17,4226,895
6325668,-45,4231,949
6325669,-62,4227,984
6325670,-60,4224,967
6325671,-52,4218,903
6325672,-56,4226,874
6325673,-69,4241,884
6325674,-57,4234,852
6325675,-28,4216,797
6325676,-22,4202,774
6325677,-31,4196,791
6325678,-22,4196,767
6325679,23,4184,639
6325680,63,4179,513
6325681,59,4193,507
6325682,23,4209,578
6325683,16,4196,614
6325684,47,4174,606
6325685,42,4175,631
6325686,2,4178,693
6325687,-12,4170,738
6325688,-12,4164,757
6325689,-29,4171,773
6325690,-50,4170,786
6325691,-67,4161,802
6325692,-79,4164,848
6325693,-79,4177,899
6325694,-69,4177,916
6325695,-60,4173,910
6325696,-71,4202,948
6325697,-47,4210,901
6325698,21,4199,803
6325699,86,4210,758
6325700,90,4240,793
6325701,75,4256,829
6325702,95,4255,807
6325703,133,4257,760
6325704,148,4262,743
6325705,133,4255,756
6325706,107,4249,788
6325707,91,4243,818
6325708,78,4236,832
6325709,54,4238,845
6325710,31,4240,856
6325711,11,4245,869
6325712,-22,4262,904
6325713,-62,4284,935
6325714,-76,4291,925
6325715,-65,4296,891
6325716,-66,4319,886
6325717,-77,4348,897
6325718,-74,4362,863
6325719,-60,4365,831
6325720,-64,4377,849
6325721,-81,4392,878
6325722,-77,4380,884
6325723,-46,4353,876
6325724,-35,4342,875
6325725,-50,4338,901
6325726,-59,4326,925
6325727,-61,4313,921
6325728,-63,4315,893
6325729,-56,4321,856
6325730,-40,4317,834
6325731,-27,4302,771
6325732,-11,4305,740
6325733,-10,4320,729
6325734,-22,4337,735
6325735,-28,4346,739
6325736,-30,4349,736
6325737,-36,4366,746
6325738,-42,4384,751
6325739,-39,4388,742
6325740,-46,4393,744
6325741,-63,4403,760
6325742,-71,4410,779
6325743,-77,4404,799
6325744,-78,4389,808
6325745,-61,4381,815
6325746,-42,4378,838
6325747,-42,4369,869
6325748,-49,4360,881
6325749,-38,4349,866
6325750,-26,4337,863
6325751,-23,4332,886
6325752,-20,4329,894
6325753,-12,4321,857
6325754,0,4311,787
6325755,17,4310,744
6325756,28,4308,761
6325757,28,4303,771
6325758,32,4296,758
6325759,37,4293,757
6325760,32,4293,748
6325761,24,4290,733
6325762,8,4303,744
6325763,-20,4325,764
6325764,-42,4336,757
6325765,-44,4336,738
6325766,-43,4341,733
6325767,-53,4350,754
6325768,-63,4360,788
6325769,-40,4374,778
6325770,-31,4372,766
6325771,-22,4371,756
6325772,-3,4363,769
6325773,3,4357,814
6325774,6,4341,831
6325775,36,4316,828
6325776,65,4298,854
6325777,54,4280,910
6325778,50,4255,953
6325779,89,4223,941
6325780,121,4195,882
6325781,140,4170,847
6325782,152,4144,908
6325783,118,4131,1002
6325784,87,4112,1001
6325785,113,4089,909
6325786,123,4083,838
6325787,80,4088,800
6325788,46,4081,743
6325789,31,4061,703
6325790,-2,4053,700
6325791,-38,4047,683
6325792,-56,4041,641
6325793,-74,4041,606
6325794,-101,4051,587
6325795,-107,4056,575
6325796,-110,4054,573
6325797,-130,4054,591
6325798,-149,4048,623
6325799,-156,4047,648
6325800,-147,4048,662
6325801,-130,4046,684
6325802,-128,4049,714
6325803,-137,4052,740
6325804,-125,4050,756
6325805,-88,4050,785
6325806,-59,4057,831
6325807,-39,4056,857
6325808,36,4072,905
6325809,58,4088,944
6325810,78,4095,975
6325811,110,4088,987
6325812,152,4082,990
6325813,187,4082,1010
6325814,214,4079,1043
6325815,246,4072,1062
6325816,281,4059,1066
6325817,304,4044,1067
6325818,308,4027,1070
6325819,310,4013,1078
6325820,317,4007,1084
6325821,313,4002,1086
6325822,293,3993,1077
6325823,280,3985,1057
6325824,277,3975,1037
6325825,263,3965,1018
6325826,233,3957,985
6325827,202,3949,946
6325828,185,3945,911
6325829,176,3946,873
6325830,163,3942,839
6325831,146,3933,807
6325832,125,3926,774
6325833,98,3926,757
6325834,68,3926,739
6325835,42,3921,708
6325836,11,3912,684
6325837,-22,3909,667
6325838,-40,3910,650
6325839,-54,3911,635
6325840,-70,3908,626
6325841,-79,3902,611
6325842,-82,3898,587
6325843,-76,3896,564
6325844,-72,3900,551
6325845,-72,3909,553
6325846,-69,3915,555
6325847,-61,3922,555
6325848,-51,3917,549
6325849,-39,3918,557
6325850,-24,3924,580
6325851,-4,3925,608
6325852,13,3922,635
6325853,31,3926,659
6325854,52,3933,678
6325855,61,3939,694
6325856,60,3949,709
6325857,64,3954,728
6325858,75,3952,752
6325859,86,3947,783
6325860,99,3945,806
6325861,110,3947,804
6325862,130,3948,806
6325863,153,3949,820
6325864,156,3954,824
6325865,154,3966,840
6325866,157,3973,860
6325867,166,3978,854
6325868,180,3984,845
6325869,195,3984,843
6325870,204,3989,843
6325871,209,3991,844
6325872,213,3982,846
6325873,212,3972,847
6325874,207,3956,846
6325875,192,3929,852
6325876,162,3908,853
6325877,126,3892,848
6325878,93,3870,841
6325879,72,3844,831
6325880,54,3824,814
6325881,30,3818,786
6325882,5,3811,743
6325883,-8,3803,687
6325884,-10,3801,645
6325885,-10,3792,605
6325886,-2,3788,563
6325887,18,3805,494
6325888,31,3812,474
6325889,33,3826,459
6325890,30,3838,442
6325891,34,3844,431
6325892,38,3843,429
6325893,46,3842,435
6325894,54,3839,463
6325895,60,3833,504
6325896,64,3837,534
6325897,62,3847,552
6325898,55,3858,577
6325899,56,3868,619
6325900,67,3871,656
6325901,76,3873,676
6325902,83,3875,680
6325903,94,3869,681
6325904,106,3864,703
6325905,123,3864,727
6325906,140,3861,740
6325907,154,3855,744
6325908,168,3851,745
6325909,176,3852,755
6325910,184,3859,763
6325911,191,3870,757
6325912,198,3888,748
6325913,204,3902,742
6325914,206,3910,727
6325915,206,3918,716
6325916,212,3926,716
6325917,215,3934,712
6325918,212,3947,710
6325919,211,3962,714
6325920,212,3970,716
6325921,205,3977,722
6325922,187,3986,740
6325923,166,3997,766
6325924,156,4007,782
6325925,153,4005,786
6325926,141,3999,794
6325927,136,3996,806
6325928,150,3998,812
6325929,169,3992,818
6325930,175,3986,823
6325931,198,3975,822
6325932,220,3958,817
6325933,227,3936,812
6325934,224,3918,802
6325935,222,3909,793
6325936,220,3906,780
6325937,218,3909,750
6325938,223,3922,723
6325939,231,3936,711
6325940,229,3939,698
6325941,221,3937,694
6325942,226,3924,696
6325943,228,3915,695
6325944,219,3921,699
6325945,208,3926,701
6325946,190,3924,709
6325947,175,3919,724
6325948,168,3909,726
6325949,161,3902,720
6325950,153,3898,714
6325951,155,3899,708
6325952,157,3902,704
6325953,154,3902,704
6325954,158,3902,702
6325955,162,3897,705
6325956,170,3885,709
6325957,182,3885,705
6325958,190,3893,699
6325959,199,3896,700
6325960,202,3898,711
6325961,201,3899,725
6325962,203,3896,733
6325963,204,3891,731
6325964,205,3885,716
6325965,196,3878,699
6325966,191,3872,691
6325967,193,3869,692
6325968,193,3861,694
6325969,186,3855,677
6325970,181,3851,659
6325971,185,3857,633
6325972,195,3865,612
6325973,200,3866,604
6325974,197,3873,596
6325975,193,3886,574
6325976,194,3894,561
6325977,199,3902,562
6325978,203,3908,557
6325979,214,3911,546
6325980,230,3918,544
6325981,246,3926,561
6325982,261,3931,570
6325983,266,3927,570
6325984,267,3921,584
6325985,271,3928,601
6325986,271,3942,615
6325987,269,3957,629
6325988,265,3977,645
6325989,260,3994,666
6325990,259,4008,681
6325991,262,4030,690
6325992,260,4058,708
6325993,244,4080,735
6325994,226,4099,747
6325995,217,4124,748
6325996,213,4143,751
6325997,210,4154,760
6325998,208,4170,784
6325999,206,4192,808
6326000,204,4210,822
6326001,211,4214,835
6326002,218,4201,849
6326003,216,4188,855
6326004,205,4180,846
6326005,203,4172,840
6326006,208,4167,833
6326007,206,4163,821
6326008,202,4157,813
6326009,201,4157,791
6326010,195,4162,757
6326011,172,4158,708
6326012,160,4159,672
6326013,142,4161,635
6326014,131,4169,618
6326015,125,4175,607
6326016,111,4177,586
6326017,93,4171,567
6326018,82,4168,564
6326019,77,4174,567
6326020,62,4172,565
6326021,45,4165,571
6326022,29,4151,594
6326023,23,4140,613
6326024,20,4138,615
6326025,14,4140,611
6326026,14,4147,611
6326027,19,4155,618
6326028,27,4159,632
6326029,42,4159,651
6326030,53,4164,662
6326031,56,4175,663
6326032,57,4190,659
6326033,57,4204,659
6326034,62,4209,667
6326035,66,4207,677
6326036,62,4207,678
6326037,55,4210,675
6326038,51,4205,676
6326039,43,4199,683
6326040,34,4207,697
6326041,30,4221,707
6326042,29,4232,713
6326043,29,4242,716
6326044,31,4245,722
6326045,31,4241,730
6326046,26,4238,730
6326047,17,4240,719
6326048,4,4238,707
6326049,-3,4237,703
6326050,6,4231,693
6326051,12,4229,678
6326052,16,4236,652
6326053,22,4244,620
6326054,36,4245,602
6326055,59,4240,581
6326056,82,4233,559
6326057,106,4230,549
6326058,128,4225,546
6326059,141,4220,547
6326060,148,4217,553
6326061,144,4209,570
6326062,140,4199,595
6326063,139,4191,608
6326064,134,4183,611
6326065,127,4173,617
6326066,126,4162,622
6326067,134,4151,623
6326068,135,4140,617
6326069,129,4130,610
