1952849,21,4171,268
1952850,27,4167,259
1952851,29,4162,253
1952852,27,4160,239
1952853,15,4161,225
1952854,14,4155,223
1952855,11,4151,215
1952856,7,4155,209
1952857,4,4167,207
1952858,2,4178,207
1952859,-1,4181,197
1952860,-6,4181,186
1952861,-9,4183,186
1952862,-11,4176,188
1952863,-15,4166,178
1952864,-20,4156,171
1952865,-23,4145,172
1952866,-15,4144,173
1952868,-6,4150,176
1952869,2,4146,180
1952870,12,4139,188
1952871,12,4134,197
1952872,10,4127,209
1952873,12,4124,226
1952874,14,4123,236
1952875,17,4118,227
1952876,14,4112,213
1952877,12,4118,208
1952878,8,4130,206
1952879,7,4136,201
1952880,13,4138,192
1952881,20,4135,184
1952882,27,4121,175
1952883,41,4115,174
1952884,54,4121,190
1952885,55,4124,200
1952886,47,4120,209
1952887,44,4116,222
1952888,67,4117,225
1952889,75,4120,221
1952890,68,4118,223
1952891,55,4114,226
1952892,45,4112,228
1952893,37,4112,228
1952894,28,4108,233
1952895,30,4099,229
1952896,32,4096,218
1952897,24,4101,217
1952898,22,4109,222
1952899,17,4119,227
1952900,16,4123,224
1952900,23,4121,226
1952901,26,4124,236
1952902,28,4130,237
1952903,28,4132,230
1952904,29,4131,227
1952905,34,4124,231
1952906,37,4123,233
1952907,44,4126,224
1952908,52,4127,207
1952909,52,4129,205
1952910,40,4137,219
1952911,24,4145,220
1952912,18,4140,219
1952913,11,4133,231
1952914,-7,4138,239
1952915,-39,4153,234
1952916,-65,4149,240
1952918,-38,4120,260
1952919,16,4094,268
1952920,42,4094,272
1952921,35,4121,283
1952922,12,4154,296
1952923,-7,4175,302
1952924,3,4183,277
1952925,59,4186,210
1952926,86,4183,217
1952927,100,4172,231
1952928,93,4165,231
1952929,77,4161,223
1952930,66,4162,221
1952931,49,4167,230
1952932,22,4167,252
1952933,1,4168,274
1952934,-8,4165,276
1952935,-9,4169,270
1952936,-3,4181,279
1952937,14,4183,294
1952938,30,4179,304
1952939,40,4175,309
1952940,45,4176,312
1952941,44,4179,303
1952942,48,4177,295
1952943,51,4174,303
1952944,53,4175,316
1952945,55,4175,321
1952946,59,4174,315
1952947,64,4168,317
1952948,65,4157,319
1952949,65,4144,309
1952950,64,4138,300
1952951,62,4141,298
1952952,64,4149,297
1952953,72,4159,300
1952954,70,4163,292
1952955,71,4159,280
1952956,85,4162,284
1952957,92,4164,291
1952958,85,4159,286
1952959,80,4159,287
1952960,82,4163,293
1952961,77,4162,288
1952962,80,4165,272
1952963,73,4162,263
1952964,56,4150,265
1952965,48,4144,279
1952966,50,4141,291
1952967,54,4143,302
1952968,45,4140,303
1952969,35,4129,290
1952970,41,4124,288
1952971,47,4127,287
1952972,52,4130,270
1952973,64,4133,265
1952974,71,4140,278
1952975,68,4142,289
1952976,63,4139,294
1952977,58,4133,297
1952978,48,4130,297
1952979,38,4138,293
1952980,34,4146,294
1952981,33,4145,306
1952982,33,4145,318
1952983,32,4146,314
1952984,25,4148,298
1952985,22,4148,303
1952986,24,4149,321
1952987,20,4155,321
1952988,17,4161,313
1952989,19,4163,313
1952990,16,4167,320
1952991,9,4170,331
1952992,12,4170,343
1952993,16,4175,347
1952994,12,4183,351
1952995,6,4183,361
1952996,2,4179,369
1952997,1,4180,368
1952998,6,4180,358
1952999,10,4185,357
1953000,17,4188,365
1953001,43,4173,385
1953002,44,4166,377
1953003,44,4160,377
1953004,47,4164,384
1953005,51,4177,385
1953006,50,4182,377
1953007,48,4186,372
1953008,44,4185,372
1953009,47,4173,373
1953010,49,4164,378
1953011,44,4161,376
1953012,40,4160,367
1953013,40,4158,354
1953014,52,4150,335
1953015,59,4143,330
1953016,56,4135,334
1953017,50,4129,334
1953018,50,4129,333
1953019,58,4127,328
1953020,60,4127,309
1953021,61,4126,286
1953022,65,4125,276
1953023,65,4120,282
1953024,64,4113,277
1953025,67,4106,257
1953026,58,4099,240
1953027,49,4093,232
1953028,54,4087,236
1953029,60,4093,241
1953030,65,4104,236
1953031,65,4109,226
1953032,59,4107,229
1953033,56,4104,238
1953034,61,4107,244
1953035,67,4109,254
1953036,66,4111,259
1953037,63,4113,262
1953038,62,4114,274
1953039,64,4118,280
1953040,70,4118,283
1953041,67,4118,274
1953042,74,4122,268
1953043,86,4123,267
1953044,87,4118,267
1953045,85,4115,267
1953046,86,4117,261
1953047,91,4122,260
1953048,100,4122,262
1953049,106,4115,260
1953050,107,4103,266
1953051,106,4089,274
1953052,95,4089,283
1953053,73,4107,288
1953054,62,4121,282
1953055,60,4121,275
1953056,54,4115,277
1953057,47,4113,281
1953058,38,4120,278
1953059,34,4131,267
1953060,37,4137,266
1953061,40,4138,270
1953062,33,4141,265
1953063,25,4149,252
1953064,24,4151,244
1953065,24,4148,251
1953066,27,4157,261
1953067,29,4171,261
1953068,24,4174,255
1953069,11,4177,256
1953070,-3,4178,255
1953071,-12,4177,253
1953072,-19,4180,266
1953073,-25,4180,282
1953074,-30,4178,290
1953075,-32,4175,294
1953076,-33,4182,288
1953077,-34,4197,278
1953078,-26,4192,283
1953079,-16,4183,285
1953080,-6,4169,285
1953081,5,4154,288
1953082,18,4139,288
1953083,27,4130,278
1953084,30,4125,270
1953085,38,4121,262
1953086,46,4121,250
1953087,44,4125,244
1953088,43,4130,237
1953089,50,4132,221
1953090,61,4133,210
1953091,61,4126,211
1953092,58,4120,206
1953093,59,4123,192
1953094,51,4126,188
1953095,46,4124,194
1953096,46,4115,200
1953097,48,4118,196
1953098,46,4132,180
1953099,31,4135,162
1953100,14,4132,158
1953101,11,4132,171
1953102,10,4133,185
1953103,8,4134,192
1953104,8,4129,203
1953105,6,4125,217
1953107,-3,4132,223
1953108,-2,4136,228
1953109,7,4136,241
1953110,14,4137,256
1953111,18,4146,266
1953112,19,4166,261
1953113,22,4180,245
1953114,34,4180,238
1953115,72,4172,222
1953116,79,4163,232
1953117,79,4163,240
1953118,77,4163,247
1953119,78,4155,260
1953120,78,4157,269
1953121,78,4158,273
1953122,79,4151,271
1953123,70,4140,266
1953124,62,4132,260
1953125,64,4129,257
1953126,61,4129,256
1953127,51,4135,254
1953128,46,4143,250
1953129,42,4147,246
1953130,33,4146,248
1953131,30,4140,257
1953132,33,4139,252
1953133,30,4145,231
1953134,29,4149,207
1953135,29,4143,190
1953136,17,4139,184
1953137,4,4138,185
1953138,3,4133,193
1953139,9,4135,198
1953140,24,4144,190
1953141,28,4151,179
1953142,25,4154,180
1953143,26,4151,190
1953144,23,4142,198
1953145,22,4133,206
1953146,22,4134,209
1953147,22,4144,220
1953148,32,4156,234
1953149,37,4163,236
1953150,32,4159,248
1953151,32,4155,272
1953152,35,4156,284
1953153,31,4157,289
1953154,28,4156,284
1953155,43,4149,294
1953156,47,4145,292
1953157,52,4143,284
1953158,54,4147,284
1953159,62,4149,285
1953160,72,4145,286
1953161,82,4135,290
1953162,85,4124,299
1953163,82,4120,306
1953164,82,4126,311
1953165,80,4138,320
1953166,75,4140,327
1953167,68,4135,333
1953168,58,4131,325
1953169,47,4132,311
1953170,38,4137,310
1953171,38,4134,316
1953172,39,4130,315
1953173,27,4131,308
1953174,14,4132,310
1953175,4,4137,317
1953176,-11,4140,315
1953177,-14,4137,306
1953178,2,4138,296
1953179,22,4135,294
1953180,30,4130,300
1953181,28,4131,304
1953182,29,4130,300
1953183,39,4129,297
1953184,48,4133,297
1953185,55,4143,307
1953186,65,4153,312
1953187,73,4152,303
1953188,77,4151,295
1953189,75,4154,298
1953190,80,4152,308
1953191,82,4147,322
1953192,70,4146,334
1953193,60,4150,328
1953194,60,4157,322
1953195,57,4164,314
1953196,54,4167,317
1953197,47,4169,321
1953198,52,4170,317
1953199,72,4171,312
1953200,84,4172,309
1953201,85,4170,307
1953202,80,4164,311
1953203,76,4159,313
1953204,76,4166,302
1953205,68,4175,298
1953206,57,4181,304
1953207,47,4186,309
1953208,39,4188,308
1953209,38,4192,311
1953210,43,4194,321
1953211,53,4188,336
1953212,60,4187,347
1953213,66,4194,339
1953214,67,4189,330
1953215,57,4180,327
1953216,55,4175,324
1953217,60,4174,323
1953218,58,4169,318
1953219,60,4158,303
1953220,66,4160,294
1953221,71,4168,295
1953222,69,4171,295
1953223,67,4170,293
1953224,69,4170,295
1953225,71,4170,298
1953226,73,4166,305
1953227,73,4163,324
1953228,83,4160,330
1953229,98,4156,322
1953230,96,4158,316
1953231,84,4154,318
1953232,77,4161,312
1953233,84,4160,304
1953234,87,4150,314
1953235,84,4140,330
1953236,82,4129,339
1953237,80,4121,342
1953238,78,4115,335
1953239,81,4108,325
1953240,94,4097,316
1953241,102,4096,313
1953242,99,4098,316
1953243,98,4096,312
1953244,98,4098,291
1953245,90,4102,274
1953246,78,4103,269
1953247,79,4104,263
1953248,80,4104,253
1953249,70,4101,240
1953250,59,4097,222
1953251,47,4100,212
1953252,35,4105,214
1953253,27,4109,213
1953254,20,4116,199
1953255,17,4122,188
1953256,13,4121,188
1953257,2,4118,193
1953258,-3,4125,193
1953259,-4,4128,191
1953260,-11,4119,194
1953261,-11,4118,198
1953262,-2,4122,211
1953263,4,4122,217
1953264,1,4121,219
1953265,1,4119,220
1953266,7,4122,220
1953267,9,4127,228
1953268,4,4126,235
1953269,2,4121,231
1953270,13,4120,217
1953271,26,4124,227
1953272,38,4124,232
1953273,36,4123,238
1953274,35,4128,238
1953275,36,4127,233
1953276,31,4122,232
1953277,30,4120,232
1953278,30,4123,235
1953279,30,4131,222
1953280,26,4137,209
1953281,21,4143,205
1953282,19,4145,213
1953283,16,4147,228
1953284,15,4153,242
1953285,20,4151,254
1953286,29,4144,262
1953287,28,4145,270
1953288,25,4147,283
1953289,29,4152,292
1953290,30,4157,291
1953291,26,4154,284
1953292,17,4151,277
1953293,6,4148,276
1953294,0,4151,273
1953295,1,4157,270
1953296,2,4161,275
1953297,6,4171,277
1953298,19,4174,278
1953299,41,4168,290
1953300,66,4158,307
1953301,79,4157,324
1953302,79,4158,332
1953303,77,4159,337
1953304,75,4165,344
1953305,77,4163,347
1953306,81,4161,350
1953307,85,4166,357
1953308,88,4167,365
1953309,90,4173,378
1953310,91,4173,374
1953311,87,4171,364
1953312,82,4173,360
1953313,77,4183,359
1953314,73,4188,354
1953315,73,4184,352
1953316,71,4187,360
1953317,71,4186,375
1953318,72,4177,379
1953319,66,4179,366
1953320,64,4190,359
1953321,59,4190,358
1953322,45,4180,354
1953323,37,4173,355
1953324,37,4178,345
1953325,33,4191,328
1953326,22,4201,326
1953327,12,4198,317
1953328,10,4188,306
1953329,6,4190,309
1953330,1,4196,309
1953331,1,4194,297
1953332,2,4196,286
1953333,-1,4198,273
1953334,0,4194,259
1953335,10,4185,260
1953336,11,4176,260
1953337,10,4172,251
1953338,13,4171,247
1953339,16,4169,251
1953340,21,4163,262
1953341,24,4151,270
1953342,36,4139,266
1953343,48,4131,249
1953344,51,4127,244
1953345,58,4128,256
1953346,71,4128,258
1953347,80,4134,255
1953348,75,4149,245
1953349,65,4140,233
1953350,52,4130,224
1953351,54,4126,233
1953352,62,4126,246
1953353,64,4126,239
1953354,68,4124,221
1953355,73,4124,213
1953356,73,4125,217
1953357,66,4115,224
1953358,62,4102,226
1953359,56,4095,218
1953360,47,4101,205
1953361,40,4109,194
1953362,28,4112,177
1953363,11,4113,169
1953364,-2,4107,181
1953365,3,4075,183
1953366,3,4109,177
1953367,-19,4281,133
1953368,-42,4428,26
1953369,-48,4428,-58
1953370,-48,4305,-53
1953371,-61,4134,45
1953372,-68,3995,184
1953373,-61,3908,308
1953374,-60,3877,402
1953375,-53,3901,455
1953376,-29,3956,462
1953377,7,4013,439
1953378,42,4065,415
1953379,65,4105,418
1953380,76,4125,433
1953381,93,4124,447
1953382,168,4096,435
1953383,216,4086,411
1953384,259,4078,383
1953385,290,4079,340
1953386,297,4083,306
1953387,270,4088,287
1953388,223,4089,276
1953389,171,4090,283
1953390,116,4100,303
1953391,67,4109,323
1953392,37,4118,323
1953393,22,4129,316
1953394,10,4143,315
1953395,2,4157,315
1953396,0,4158,323
1953397,-9,4147,337
1953398,-26,4147,347
1953399,-38,4147,345
1953400,-42,4135,346
1953401,-46,4129,365
1953402,-48,4135,374
1953403,-47,4140,362
1953404,-48,4137,337
1953405,-40,4138,313
1953406,-29,4145,302
1953407,-25,4152,306
1953408,-7,4156,311
1953409,15,4153,305
1953410,24,4147,293
1953411,37,4142,281
1953412,53,4142,264
1953413,64,4143,255
1953414,65,4144,259
1953415,67,4148,251
1953416,80,4149,241
1953417,93,4152,248
1953418,97,4157,249
1953419,79,4159,234
1953420,62,4152,249
1953421,48,4146,267
1953422,42,4147,281
1953423,40,4150,287
1953424,33,4156,282
1953425,25,4164,276
1953426,26,4167,268
1953427,31,4171,255
1953428,27,4178,247
1953429,18,4184,242
1953430,13,4182,246
1953431,16,4183,251
1953432,18,4188,247
1953433,23,4194,241
1953434,30,4198,255
1953435,33,4201,279
1953436,32,4210,280
1953437,30,4218,270
1953438,38,4222,266
1953439,47,4220,262
1953440,51,4214,262
1953441,47,4209,276
1953442,41,4203,288
1953443,35,4200,289
1953444,32,4201,284
1953445,24,4197,283
1953446,18,4189,289
1953447,23,4191,290
1953448,26,4196,286
1953449,31,4197,279
1953450,41,4202,275
1953451,41,4206,276
1953452,43,4198,265
1953453,50,4190,248
1953454,52,4187,239
1953455,50,4187,232
1953456,51,4180,239
1953457,59,4167,254
1953458,47,4164,284
1953459,40,4160,304
1953460,31,4156,308
1953461,26,4151,302
1953462,22,4150,310
1953463,17,4159,326
1953464,12,4167,333
1953465,12,4160,319
1953466,13,4154,310
1953467,7,4153,316
1953468,-1,4149,306
1953469,-3,4148,298
1953470,-2,4149,302
1953471,-5,4145,287
1953472,-5,4137,261
1953473,2,4135,247
1953474,13,4138,250
1953475,24,4141,251
1953476,34,4145,250
1953477,42,4145,252
1953478,44,4145,247
1953479,44,4139,234
1953480,47,4133,222
1953481,48,4140,225
1953482,48,4139,239
1953483,56,4133,257
1953484,57,4135,269
1953485,48,4133,276
1953486,42,4130,299
1953487,43,4128,323
1953488,49,4125,328
1953489,47,4116,331
1953490,35,4111,333
1953491,34,4116,334
1953492,44,4116,334
1953493,54,4115,321
1953494,57,4123,303
1953495,57,4133,302
1953496,61,4128,307
1953497,75,4121,306
1953498,89,4120,304
1953499,85,4116,310
1953500,77,4109,323
1953501,77,4098,329
1953502,79,4095,327
1953503,80,4102,321
1953504,81,4099,316
1953505,76,4093,318
1953506,71,4093,317
1953507,77,4092,315
1953508,79,4093,322
1953509,75,4095,329
1953510,74,4085,332
1953511,75,4077,328
1953512,69,4084,313
1953513,64,4090,294
1953514,73,4094,278
1953515,79,4099,275
1953516,73,4106,266
1953517,71,4115,252
1953518,75,4124,253
1953519,75,4130,259
1953520,71,4135,266
1953521,71,4138,268
1953522,71,4139,269
1953523,63,4139,278
1953524,55,4138,293
1953525,54,4139,314
1953526,53,4140,330
1953527,53,4145,342
1953528,55,4151,350
1953529,58,4150,351
1953530,57,4152,356
1953531,52,4159,360
1953532,58,4165,361
1953533,73,4162,331
1953534,80,4159,311
1953535,77,4159,291
1953536,76,4159,273
1953537,78,4158,264
1953538,72,4157,254
1953539,66,4157,248
1953540,63,4156,254
1953541,63,4157,255
1953542,62,4161,253
1953543,55,4167,243
1953544,55,4174,231
1953545,55,4179,230
1953546,47,4177,226
1953547,41,4166,224
1953548,34,4152,226
1953549,27,4149,226
1953550,23,4157,214
1953551,18,4165,192
1953552,19,4163,189
1953553,19,4166,188
1953554,16,4170,188
1953555,12,4168,195
1953556,9,4160,196
1953557,11,4153,201
1953558,13,4153,209
1953559,13,4154,208
1953560,10,4162,210
1953561,6,4168,215
1953562,0,4169,216
1953563,-10,4176,211
1953564,-18,4188,206
1953565,-24,4205,208
1953566,-35,4216,212
1953567,-47,4228,213
1953568,-53,4242,210
1953569,-56,4242,209
1953570,-55,4239,213
1953571,-40,4247,244
1953572,-33,4243,258
1953573,-25,4238,268
1953574,-18,4243,273
1953575,-19,4244,291
1953576,-21,4237,310
1953577,-15,4235,314
1953578,-8,4240,316
1953579,-5,4229,320
1953580,3,4204,318
1953581,14,4195,316
1953582,22,4197,307
1953583,25,4191,292
1953584,29,4180,282
1953585,36,4178,281
1953586,49,4179,285
1953587,56,4180,275
1953588,53,4177,262
1953589,59,4168,253
1953590,73,4164,241
1953591,84,4163,228
1953592,84,4163,215
1953593,79,4168,200
1953594,79,4176,188
1953595,73,4178,189
1953596,62,4174,196
1953597,58,4166,203
1953598,64,4154,206
1953599,73,4145,216
1953600,77,4141,229
1953601,70,4141,231
1953602,49,4139,227
1953603,33,4133,229
1953604,25,4130,235
1953605,24,4127,223
1953606,25,4129,211
1953607,25,4127,217
1953608,31,4123,221
1953609,41,4123,214
1953610,54,4115,197
1953611,58,4110,197
1953612,64,4108,198
1953613,69,4101,207
1953614,77,4088,218
1953615,81,4079,223
1953616,79,4072,216
1953617,78,4065,208
1953618,73,4057,215
1953619,61,4051,213
1953620,59,4050,201
1953621,62,4054,192
1953622,52,4054,187
1953623,41,4058,188
1953624,38,4065,183
1953625,33,4066,170
1953626,29,4063,151
1953627,30,4064,133
1953628,36,4067,135
1953629,38,4064,144
1953630,36,4056,149
1953631,32,4052,154
1953632,29,4056,160
1953633,32,4061,165
1953634,38,4059,160
1953635,38,4057,149
1953636,35,4060,151
1953637,33,4065,161
1953638,37,4076,169
1953639,45,4082,179
1953640,48,4085,196
1953641,48,4090,211
1953642,46,4092,218
1953643,44,4095,230
1953644,45,4101,249
1953645,47,4108,259
1953646,46,4117,262
1953647,42,4129,269
1953648,47,4134,266
1953649,46,4125,260
1953650,39,4129,272
1953651,30,4133,286
1953652,31,4134,302
1953653,37,4133,313
1953654,35,4135,318
1953655,33,4138,329
1953656,35,4137,342
1953657,36,4134,349
1953658,38,4129,347
1953659,40,4122,344
1953660,44,4120,347
1953661,53,4122,348
1953662,59,4125,341
1953663,57,4129,332
1953664,62,4136,332
1953665,75,4136,344
1953666,81,4128,348
1953667,86,4129,341
1953668,100,4135,332
1953669,113,4136,334
1953670,111,4128,350
1953671,103,4127,355
1953672,98,4137,355
1953673,90,4142,350
1953674,81,4142,342
1953675,75,4147,340
1953676,72,4159,346
1953677,64,4170,354
1953678,57,4181,356
1953679,47,4182,361
1953680,33,4179,369
1953681,23,4183,372
1953682,16,4199,368
1953683,6,4215,363
1953684,-5,4219,367
1953685,-5,4210,365
1953686,-2,4199,358
1953687,12,4204,354
1953688,11,4214,355
1953689,-1,4223,347
1953690,-6,4230,340
1953691,-3,4231,341
1953692,0,4227,337
1953693,1,4223,330
1953694,1,4220,334
1953695,11,4211,343
1953696,23,4202,347
1953697,27,4201,341
1953698,37,4202,338
1953699,49,4202,347
1953700,55,4198,359
1953701,59,4187,360
1953702,68,4174,360
1953703,74,4165,365
1953704,72,4159,364
1953705,72,4160,363
1953706,81,4159,354
1953707,95,4148,348
1953708,97,4138,354
1953709,89,4131,347
1953710,89,4133,335
1953711,88,4137,328
1953712,81,4136,328
1953713,76,4138,328
1953714,69,4139,312
1953715,66,4133,294
1953716,72,4129,285
1953717,71,4132,274
1953718,67,4137,276
1953719,64,4148,291
1953720,63,4158,290
1953721,69,4161,284
1953722,67,4158,288
1953723,57,4158,292
1953724,54,4168,306
1953725,52,4172,326
1953726,35,4159,359
1953727,29,4156,357
1953728,30,4151,355
1953729,37,4152,360
1953730,41,4149,371
1953731,43,4139,386
1953732,52,4134,391
1953733,61,4140,381
1953734,66,4148,373
1953735,63,4148,374
1953736,57,4136,386
1953737,65,4127,398
1953738,74,4124,390
1953739,76,4120,377
1953740,86,4121,371
1953741,98,4118,370
1953742,99,4116,368
1953743,92,4123,353
1953744,90,4126,336
1953745,87,4125,339
1953746,75,4131,338
1953747,66,4138,321
1953748,57,4147,311
1953749,49,4157,307
1953750,41,4160,299
1953751,32,4155,299
1953752,23,4148,309
1953753,14,4147,318
1953754,5,4151,323
1953755,3,4149,334
1953756,1,4144,337
1953757,5,4147,329
1953758,14,4152,330
1953759,16,4150,327
1953760,23,4138,319
1953761,34,4131,326
1953762,40,4133,334
1953763,43,4131,331
1953764,57,4106,335
1953765,67,4095,350
1953766,76,4089,356
1953767,91,4089,353
1953768,103,4094,344
1953769,104,4092,328
1953770,100,4082,319
1953771,98,4080,316
1953772,100,4080,319
1953773,98,4077,321
1953774,91,4076,308
1953775,82,4080,296
1953776,75,4087,283
1953777,69,4094,266
1953778,68,4101,254
1953779,69,4113,238
1953780,68,4123,224
1953781,70,4124,224
1953782,70,4123,226
1953783,61,4123,217
1953784,56,4121,209
1953785,50,4116,211
1953786,40,4112,211
1953787,29,4114,212
1953788,17,4117,212
1953789,8,4122,211
1953790,1,4133,214
1953791,-1,4137,223
1953792,-5,4144,236
1953793,-13,4158,233
1953794,-13,4163,225
1953795,-9,4159,226
1953796,-3,4157,229
1953797,6,4165,232
1953798,8,4173,232
1953799,10,4169,229
1953800,14,4165,230
1953801,25,4164,239
1953802,38,4164,240
1953803,37,4160,236
1953804,30,4150,255
1953805,25,4152,255
1953806,26,4153,243
1953807,25,4156,246
1953808,22,4153,260
1953809,22,4148,264
1953810,23,4147,258
1953811,22,4149,251
1953812,22,4151,253
1953813,24,4148,255
1953814,21,4149,248
1953815,23,4151,232
1953816,27,4148,217
1953817,22,4149,213
1953818,7,4157,212
1953819,-2,4159,209
1953820,5,4161,220
1953821,16,4160,235
1953822,18,4156,235
1953823,16,4157,229
1953824,18,4161,230
1953825,25,4162,224
1953826,27,4163,218
1953827,20,4160,220
1953828,22,4158,221
1953829,31,4160,219
1953830,37,4164,220
1953831,39,4170,223
1953832,32,4168,228
1953833,30,4161,248
1953834,29,4157,259
1953835,20,4156,252
1953836,11,4156,255
1953837,13,4156,269
1953838,14,4150,280
1953839,14,4147,285
1953840,23,4145,282
1953841,29,4145,274
1953842,30,4153,273
1953843,29,4154,271
1953844,34,4169,266
1953845,35,4181,268
1953846,33,4192,274
1953847,31,4202,271
1953848,26,4204,269
1953849,25,4196,279
1953850,29,4192,295
1953851,33,4194,293
1953852,37,4197,280
1953853,36,4196,273
1953854,20,4191,266
1953855,1,4181,261
1953856,7,4172,261
1953857,17,4165,266
1953858,11,4164,272
1953859,7,4172,277
1953860,9,4180,276
1953861,13,4184,267
1953862,11,4181,262
1953863,8,4172,259
1953864,11,4169,252
1953865,22,4174,247
1953866,26,4175,239
1953867,27,4173,222
1953868,36,4173,212
1953869,44,4175,219
1953870,42,4170,225
1953871,35,4165,228
1953872,37,4163,235
1953873,40,4160,240
1953874,41,4157,257
1953875,50,4162,278
1953876,53,4167,286
1953877,47,4161,294
1953878,39,4156,303
1953879,45,4159,307
1953880,55,4156,312
1953881,59,4132,315
1953882,50,4125,309
1953883,44,4113,301
1953884,47,4109,300
1953885,49,4113,302
1953886,48,4120,294
1953887,44,4127,279
1953888,40,4132,266
1953889,37,4127,267
1953890,38,4128,274
1953891,43,4130,279
1953892,46,4125,287
1953893,50,4133,286
1953894,49,4147,279
1953895,40,4154,276
1953896,32,4156,274
1953897,26,4150,274
1953898,14,4141,282
1953899,2,4135,295
1953900,6,4135,306
1953901,18,4137,306
1953902,21,4138,296
1953903,17,4139,291
1953904,16,4140,294
1953905,20,4140,301
1953906,26,4137,315
1953907,35,4138,327
1953908,43,4130,322
1953909,47,4120,321
1953910,44,4119,337
1953911,45,4117,349
1953912,57,4113,351
1953913,68,4113,349
1953914,77,4112,349
1953915,88,4111,347
1953916,95,4116,334
1953917,93,4119,318
1953918,92,4117,314
1953919,89,4116,322
1953920,95,4125,326
1953921,107,4125,320
1953922,111,4122,320
1953923,108,4116,328
1953924,100,4119,326
1953925,87,4132,318
1953926,64,4140,327
1953927,48,4139,331
1953928,53,4136,323
1953929,64,4138,323
1953930,60,4139,325
1953931,52,4136,331
1953932,56,4137,336
1953933,59,4142,324
1953934,53,4141,307
1953935,48,4146,304
1953936,53,4152,307
1953937,56,4152,313
1953938,44,4150,312
1953939,35,4149,291
1953940,34,4151,280
1953941,35,4157,281
1953942,38,4159,280
1953943,40,4160,276
1953944,44,4166,279
1953945,47,4164,287
1953946,46,4155,292
1953947,45,4148,298
1953948,41,4147,295
1953949,38,4154,284
1953950,42,4164,282
1953951,45,4163,284
1953952,40,4155,293
1953953,36,4153,296
1953954,34,4156,294
1953955,32,4154,298
1953956,24,4153,299
1953957,18,4154,293
1953958,21,4156,286
1953959,33,4159,282
1953960,34,4163,286
1953961,37,4166,287
1953962,41,4161,286
1953963,39,4153,276
1953964,38,4147,249
1953965,42,4145,228
1953966,41,4146,243
1953967,38,4147,266
1953968,28,4149,269
1953969,21,4147,266
1953970,25,4144,275
1953971,32,4139,294
1953972,31,4136,307
1953973,21,4133,305
1953974,14,4134,296
1953975,16,4134,293
1953976,16,4127,286
1953977,15,4122,281
1953978,20,4123,287
1953979,24,4127,297
1953980,26,4131,306
1953981,28,4137,310
1953982,35,4142,295
1953983,40,4143,281
1953984,35,4138,275
1953985,38,4132,270
1953986,43,4128,273
1953987,37,4126,274
1953988,33,4133,272
1953989,28,4136,257
1953990,17,4132,243
1953991,5,4129,248
1953992,-3,4132,260
1953993,-11,4141,270
1953994,-22,4148,266
1953995,-25,4147,258
1953996,-17,4145,258
1953997,-10,4145,251
1953998,-4,4164,225
1953999,3,4155,229
1954000,15,4147,231
1954001,27,4152,227
1954002,37,4152,233
1954003,48,4148,249
1954004,46,4157,260
1954005,32,4163,266
1954006,19,4163,276
1954007,17,4163,297
1954008,23,4168,318
1954009,31,4173,332
1954010,48,4171,338
1954011,55,4169,334
1954012,59,4170,328
1954013,71,4174,323
1954014,76,4171,320
1954015,69,4161,319
1954016,66,4159,328
1954017,71,4162,342
1954018,75,4157,360
1954019,79,4152,366
1954020,81,4155,346
1954021,78,4158,320
1954022,81,4156,307
1954023,87,4153,295
1954024,80,4152,287
1954025,65,4152,278
1954026,56,4149,266
1954027,54,4149,253
1954028,50,4150,236
1954029,44,4153,229
1954030,38,4155,228
1954031,36,4150,221
1954032,31,4146,213
1954033,21,4146,206
1954034,9,4142,199
1954035,-2,4139,201
1954036,-11,4139,210
1954037,-8,4145,210
1954038,1,4143,211
1954039,0,4146,217
1954040,-2,4152,232
1954041,-4,4154,241
1954042,-7,4152,243
1954043,-3,4154,246
1954044,8,4161,246
1954045,15,4161,248
1954046,15,4163,257
1954047,14,4167,248
1954048,14,4173,232
1954049,23,4180,241
1954050,29,4188,254
1954051,22,4193,264
1954052,23,4195,282
1954053,37,4191,296
1954054,41,4188,300
1954055,38,4190,301
1954056,39,4190,306
1954057,38,4190,314
1954058,34,4193,314
1954059,33,4188,311
1954060,36,4177,316
1954061,37,4170,318
1954062,33,4171,321
1954063,28,4172,323
1954064,27,4170,315
1954065,30,4171,297
1954066,35,4166,290
1954067,36,4153,295
1954068,39,4145,291
1954069,46,4147,277
1954070,41,4148,266
1954071,33,4148,265
1954072,30,4153,273
1954073,23,4159,272
1954074,18,4164,268
1954075,26,4168,276
1954076,33,4176,297
1954077,29,4173,304
1954077,26,4161,308
1954078,29,4159,319
1954079,34,4167,326
1954080,35,4166,314
1954081,33,4162,295
1954082,40,4158,285
1954083,50,4148,285
1954084,54,4140,297
1954085,60,4141,313
1954086,64,4138,321
1954087,61,4128,320
1954088,60,4123,316
1954089,70,4124,315
1954090,82,4126,308
1954091,90,4126,307
1954092,92,4122,313
1954093,91,4117,305
1954094,84,4115,288
1954095,70,4118,283
1954096,71,4117,296
1954097,90,4114,307
1954098,99,4110,309
1954099,99,4103,298
1954100,94,4100,283
1954101,84,4096,283
1954102,75,4085,283
1954103,65,4077,269
1954104,61,4082,257
1954105,67,4089,259
1954106,78,4088,261
1954107,85,4086,259
1954108,80,4094,264
1954109,75,4099,279
1954110,77,4099,287
1954111,73,4098,283
1954112,62,4096,284
1954113,55,4099,286
1954114,49,4087,283
1954115,52,4077,286
1954116,53,4079,296
1954117,53,4087,294
1954118,50,4087,281
1954119,47,4087,268
1954120,44,4094,261
1954121,46,4098,268
1954122,47,4091,269
1954123,39,4090,254
1954124,32,4096,240
1954125,26,4100,235
1954126,18,4104,232
1954127,16,4110,231
1954128,15,4118,236
1954129,17,4132,228
1954130,27,4148,209
1954131,28,4158,193
1954132,24,4170,187
1954133,19,4183,196
1954134,12,4185,205
1954135,10,4175,207
1954136,8,4167,206
1954137,3,4170,214
1954138,-7,4179,233
1954139,-16,4186,252
1954141,-18,4186,264
1954142,-17,4184,275
1954143,-20,4187,283
1954144,-17,4192,288
1954145,-11,4192,288
1954146,-8,4191,288
1954147,4,4194,293
1954148,17,4195,297
1954149,23,4191,290
1954150,28,4186,295
1954151,31,4189,297
1954152,37,4196,297
1954153,50,4207,291
1954154,51,4216,286
1954155,42,4218,288
1954156,39,4220,297
1954157,41,4221,301
1954158,37,4213,294
1954159,33,4210,283
1954160,28,4203,276
1954161,23,4195,282
1954162,21,4200,291
1954163,18,4201,296
1954164,14,4193,297
1954165,17,4193,288
1954166,19,4199,274
1954167,10,4204,271
1954168,-1,4204,282
1954169,0,4207,290
1954170,0,4213,277
1954171,-8,4213,262
1954172,-7,4211,257
1954173,3,4209,252
1954174,11,4204,249
1954175,8,4197,247
1954176,-3,4195,251
1954177,-9,4195,257
1954178,-5,4189,257
1954179,5,4186,259
1954180,15,4179,255
1954181,18,4184,246
1954182,18,4189,241
1954183,23,4191,244
1954184,31,4188,239
1954185,43,4180,228
1954186,58,4174,224
1954187,63,4169,229
1954188,55,4161,234
1954189,48,4163,237
1954190,44,4173,236
1954191,38,4180,235
1954192,35,4179,241
1954193,37,4174,246
1954194,41,4169,244
1954195,50,4162,236
1954196,51,4148,226
1954197,43,4133,224
1954198,41,4124,229
1954199,45,4118,227
1954200,47,4112,220
1954201,43,4108,218
1954202,38,4105,211
1954203,33,4101,203
1954204,29,4087,193
1954205,32,4075,173
1954206,28,4070,160
1954207,20,4072,154
1954208,18,4077,157
1954209,20,4071,170
1954210,21,4067,170
1954211,28,4067,154
1954212,37,4064,147
1954213,44,4064,148
1954214,55,4068,138
1954215,64,4067,130
1954216,68,4062,128
1954217,64,4057,130
1954218,62,4053,140
1954219,61,4052,155
1954220,47,4045,158
1954221,36,4042,170
1954222,41,4042,186
1954223,48,4048,204
1954224,48,4053,216
1954225,54,4050,224
1954226,62,4047,236
1954227,66,4055,245
1954228,76,4068,254
1954229,90,4068,266
1954230,92,4065,269
1954231,85,4066,275
1954232,80,4068,283
1954233,77,4073,281
1954234,78,4080,288
1954235,78,4080,290
1954236,76,4077,284
1954237,70,4079,289
1954238,60,4086,286
1954239,58,4090,276
1954240,64,4090,284
1954241,66,4091,293
1954242,69,4092,292
1954243,73,4097,297
1954244,69,4095,307
1954245,63,4092,315
1954246,59,4097,304
1954247,53,4107,288
1954248,50,4119,290
1954249,47,4127,303
1954250,43,4127,314
1954251,39,4133,320
1954252,38,4151,324
1954253,41,4164,342
1954254,37,4172,355
1954255,19,4177,346
1954256,4,4182,345
1954257,3,4187,353
1954258,-9,4196,348
1954259,-18,4202,354
1954260,-22,4210,355
1954261,-23,4217,349
1954262,-24,4215,353
1954263,-18,4209,358
1954264,-7,4199,356
1954265,-4,4188,357
1954266,-1,4190,355
1954267,0,4190,352
1954268,-2,4189,357
1954269,-1,4192,366
1954270,2,4191,363
1954271,11,4188,348
1954272,18,4184,340
1954273,22,4177,331
1954274,32,4173,319
1954275,44,4172,307
1954276,48,4167,299
1954277,52,4166,295
1954278,60,4166,298
1954279,61,4167,306
1954280,64,4168,309
1954281,71,4170,314
1954282,73,4171,319
1954283,75,4169,324
1954284,77,4171,332
1954285,77,4183,343
1954286,78,4194,348
1954287,66,4195,343
1954288,39,4195,336
1954289,20,4193,327
1954290,14,4186,311
1954291,11,4179,299
1954292,8,4173,293
1954293,5,4170,282
1954294,-3,4173,277
1954295,-4,4190,281
1954296,-5,4202,278
1954297,-6,4202,281
1954298,-3,4190,285
1954299,13,4179,283
1954300,31,4179,284
1954301,41,4178,295
1954302,45,4178,304
1954303,42,4181,307
1954304,41,4180,307
1954305,54,4181,306
1954306,63,4177,309
1954307,63,4160,320
1954308,66,4153,336
1954309,66,4159,339
1954310,61,4163,330
1954311,61,4164,332
1954312,57,4161,340
1954313,49,4163,346
1954314,44,4171,354
1954315,45,4173,361
1954316,47,4176,370
1954317,45,4184,379
1954318,36,4190,383
1954319,22,4192,378
1954320,22,4194,369
1954321,30,4195,367
1954322,30,4194,365
1954323,24,4189,362
1954324,26,4183,362
1954325,34,4181,367
1954326,40,4179,375
1954327,35,4177,381
1954328,29,4174,385
1954329,30,4172,395
1954330,30,4169,412
1954331,30,4170,422
1954332,32,4177,420
1954333,41,4176,422
1954334,56,4165,426
1954335,64,4158,426
1954336,68,4147,422
1954337,79,4132,407
1954338,91,4122,402
1954339,96,4123,411
1954340,93,4120,413
1954341,88,4119,404
1954342,84,4122,398
1954343,84,4114,389
1954344,86,4106,378
1954345,84,4104,377
1954346,78,4097,373
1954347,79,4093,365
1954348,85,4092,355
1954349,88,4097,351
1954350,86,4095,354
1954351,82,4081,351
1954352,80,4075,342
1954353,80,4073,335
1954354,76,4070,323
1954355,64,4074,322
1954356,52,4081,326
1954357,51,4083,322
1954358,54,4085,319
1954359,52,4089,322
1954360,53,4094,327
1954361,57,4099,320
1954362,52,4105,310
1954363,46,4113,306
1954364,45,4124,310
1954365,47,4132,316
1954366,60,4133,312
1954367,77,4134,312
1954368,87,4146,317
1954369,92,4154,322
1954370,90,4153,331
1954371,89,4157,336
1954372,78,4165,340
1954373,62,4160,361
1954374,72,4146,368
1954375,84,4138,369
1954376,86,4138,368
1954377,77,4142,361
1954378,72,4149,354
1954379,73,4156,351
1954380,71,4155,338
1954381,69,4147,321
1954382,74,4142,317
1954383,83,4139,312
1954384,78,4134,310
1954385,73,4129,309
1954386,77,4128,298
1954387,82,4132,281
1954388,78,4145,263
1954389,69,4151,254
1954390,63,4143,252
1954391,56,4136,251
1954392,52,4133,254
1954393,49,4135,247
1954394,48,4138,229
1954395,50,4136,214
1954396,51,4130,203
1954397,51,4125,203
1954398,52,4133,205
1954399,54,4141,196
1954400,58,4144,190
1954401,56,4148,192
1954402,45,4144,189
1954403,29,4147,186
1954404,17,4157,186
1954405,14,4166,180
1954406,10,4172,182
1954407,-4,4170,183
1954408,-12,4172,188
1954409,-11,4176,189
1954410,-10,4178,192
1954411,-13,4178,199
1954412,-29,4177,187
1954413,-26,4187,186
1954414,-29,4193,191
1954415,-35,4195,198
1954416,-45,4192,207
1954417,-45,4189,217
1954418,-40,4182,220
1954419,-36,4170,220
1954420,-29,4164,223
1954421,-18,4170,222
1954422,-4,4172,217
1954423,2,4170,214
1954424,2,4173,221
1954425,-1,4175,228
1954426,-3,4179,242
1954427,-1,4187,263
1954428,0,4190,268
1954429,0,4188,264
1954430,3,4186,258
1954431,12,4183,254
1954432,22,4184,258
1954433,26,4185,262
1954434,18,4183,270
1954435,7,4182,287
1954436,3,4183,301
1954437,1,4178,310
1954438,6,4175,317
1954439,9,4172,316
1954440,12,4164,311
1954441,24,4158,305
1954442,36,4154,295
1954443,44,4147,285
1954444,51,4144,275
1954445,54,4150,269
1954446,64,4145,280
1954447,67,4138,272
1954448,67,4131,255
1954449,62,4124,238
1954450,56,4119,227
1954451,47,4113,221
1954452,36,4102,219
1954453,33,4096,209
1954454,32,4094,198
1954455,34,4087,198
1954456,35,4081,198
1954457,29,4084,187
1954458,26,4091,174
1954459,29,4093,164
1954460,31,4090,144
1954461,35,4094,132
1954462,40,4102,133
1954463,42,4103,136
1954464,39,4101,129
1954465,35,4098,130
1954466,35,4097,141
1954467,37,4102,140
1954468,36,4099,132
1954469,26,4092,141
1954470,16,4092,166
1954471,19,4086,175
1954472,22,4081,178
1954473,26,4086,194
1954474,36,4084,215
1954475,41,4079,241
1954476,41,4082,255
1954477,42,4082,246
1954478,40,4075,221
1954479,40,4073,210
1954480,42,4085,215
1954481,45,4096,213
1954482,50,4097,207
1954483,54,4096,209
1954484,50,4100,212
1954485,49,4116,175
1954486,50,4121,164
1954487,60,4123,167
1954488,68,4127,175
1954489,66,4130,190
1954490,59,4130,199
1954491,49,4131,205
1954492,35,4130,219
1954493,22,4125,225
1954494,13,4118,224
1954495,8,4115,228
1954496,-2,4113,234
1954497,-12,4111,233
1954498,-12,4119,232
1954499,-7,4130,249
1954500,4,4133,263
1954501,17,4132,248
1954502,27,4136,236
1954503,36,4147,242
1954504,37,4162,251
1954505,38,4172,252
1954506,44,4173,247
1954507,50,4173,241
1954508,48,4178,233
1954509,39,4184,239
1954510,37,4188,260
1954511,37,4190,271
1954512,29,4185,271
1954513,20,4178,271
1954514,11,4182,274
1954515,11,4190,286
1954516,21,4194,299
1954517,23,4199,305
1954518,24,4204,306
1954519,22,4198,313
1954520,13,4193,323
1954521,19,4207,327
1954522,22,4205,311
1954523,27,4205,295
1954524,37,4200,286
1954525,43,4197,288
1954526,51,4200,297
1954527,51,4198,302
1954528,46,4189,304
1954529,42,4186,302
1954530,39,4190,298
1954531,41,4191,301
1954532,42,4190,303
1954533,44,4192,297
1954534,50,4190,297
1954535,57,4183,309
1954536,66,4176,318
1954537,69,4178,322
1954538,61,4181,317
1954539,55,4174,321
1954540,51,4168,325
1954541,45,4166,326
1954542,43,4171,333
1954543,43,4179,328
1954544,46,4175,318
1954545,46,4170,319
1954546,38,4166,330
1954547,34,4154,339
1954548,30,4149,331
1954549,28,4153,326
1954550,33,4149,321
1954551,39,4141,313
1954552,40,4140,305
1954553,40,4144,289
1954554,37,4147,286
1954555,35,4146,289
1954556,37,4148,282
1954557,31,4149,281
1954558,29,4147,285
1954559,35,4146,284
1954560,19,4157,304
1954561,24,4155,299
1954562,31,4155,301
1954563,29,4156,309
1954564,22,4149,309
1954565,28,4140,301
1954566,33,4142,301
1954567,36,4143,310
1954568,41,4137,321
1954569,33,4134,329
1954570,24,4132,334
1954571,25,4130,339
1954572,29,4129,348
1954573,28,4131,357
1954574,25,4138,360
1954575,22,4146,347
1954576,21,4144,328
1954577,17,4134,329
1954578,13,4131,335
1954579,17,4139,334
1954580,21,4144,333
1954581,21,4144,325
1954582,33,4144,316
1954583,51,4144,316
1954584,59,4141,322
1954585,60,4135,326
1954586,63,4126,331
1954587,60,4120,335
1954588,54,4121,334
1954589,50,4121,335
1954590,48,4115,339
1954591,49,4114,334
1954592,49,4123,323
1954593,54,4131,319
1954594,56,4129,317
1954595,50,4124,318
1954596,54,4125,313
1954597,65,4130,307
1954598,65,4124,303
1954599,53,4125,300
1954600,38,4139,316
1954601,37,4146,319
1954602,32,4156,316
1954603,28,4160,314
1954604,28,4157,317
1954605,27,4156,323
1954606,24,4164,325
1954607,24,4174,330
1954608,26,4175,343
1954609,23,4177,348
1954610,21,4190,340
1954611,18,4195,322
1954612,14,4185,309
1954613,12,4173,310
1954614,8,4173,322
1954615,6,4181,327
1954616,8,4188,328
1954617,12,4191,329
1954618,16,4186,326
1954619,20,4181,324
1954620,24,4181,315
1954621,29,4182,304
1954622,38,4186,309
1954623,43,4189,312
1954624,46,4184,311
1954625,49,4169,317
1954626,53,4163,318
1954627,55,4165,312
1954628,52,4167,312
1954629,50,4167,317
1954630,47,4158,309
1954631,48,4152,292
1954632,52,4156,287
1954633,54,4158,292
1954634,57,4152,289
1954635,58,4154,280
1954636,56,4156,266
1954637,52,4150,255
1954638,49,4141,244
1954639,33,4143,253
1954640,32,4144,252
1954641,32,4142,237
1954642,17,4139,226
1954643,-4,4133,225
1954644,-15,4130,233
1954645,-15,4131,231
1954646,-17,4135,216
1954647,-19,4135,193
1954648,-15,4143,179
1954649,-8,4152,182
1954650,-6,4153,194
1954651,-7,4153,205
1954652,-1,4153,219
1954653,7,4154,232
1954654,13,4156,235
1954655,13,4151,232
1954656,14,4149,239
1954657,16,4148,271
1954658,17,4144,299
1954659,21,4142,307
1954660,35,4145,303
1954661,51,4149,295
1954662,54,4146,287
1954663,52,4137,281
1954664,57,4134,283
1954665,68,4134,289
1954666,78,4129,289
1954667,81,4126,289
1954668,84,4120,292
1954669,85,4110,283
1954670,78,4107,277
1954671,74,4115,275
1954672,79,4118,275
1954673,81,4114,271
1954674,58,4114,247
1954675,53,4119,242
1954676,50,4130,234
1954677,41,4140,232
1954678,31,4146,234
1954679,27,4143,234
1954680,27,4134,237
1954681,24,4124,240
1954682,10,4122,250
1954683,5,4126,264
1954684,6,4129,270
1954685,0,4131,267
1954686,-4,4129,268
1954687,-10,4129,275
1954688,-10,4137,269
1954689,0,4135,267
1954690,8,4131,271
1954691,21,4136,270
1954692,32,4146,274
1954693,33,4148,283
1954694,31,4141,295
1954695,35,4136,300
1954696,38,4137,303
1954697,40,4141,313
1954698,43,4148,306
1954699,42,4151,291
1954700,43,4150,302
1954701,42,4149,315
1954702,40,4148,319
1954703,48,4146,325
1954704,54,4138,335
1954705,54,4133,334
1954706,54,4136,320
1954707,53,4133,313
1954708,50,4128,317
1954709,43,4128,317
1954710,37,4130,320
1954711,32,4133,322
1954712,27,4131,324
1954713,40,4127,314
1954714,39,4135,310
1954715,34,4133,301
1954716,31,4128,282
1954717,29,4133,271
1954718,31,4135,261
1954719,35,4130,263
1954720,39,4129,273
1954721,46,4134,275
1954722,47,4137,269
1954723,44,4135,262
1954724,39,4132,270
1954725,31,4132,276
1954726,32,4133,271
1954727,32,4139,256
1954728,28,4153,252
1954729,24,4160,256
1954730,21,4168,247
1954731,18,4178,244
1954732,13,4182,252
1954733,8,4186,251
1954734,7,4185,250
1954735,9,4181,258
1954736,12,4183,266
1954737,21,4179,263
1954738,31,4175,255
1954739,36,4171,269
1954740,32,4155,287
1954741,25,4146,286
1954742,22,4152,280
1954743,28,4155,278
1954744,38,4149,283
1954745,46,4140,277
1954746,52,4139,266
1954747,50,4146,265
1954748,53,4153,263
1954749,55,4158,259
1954750,49,4161,254
1954751,49,4159,251
1954752,59,4158,241
1954753,54,4161,220
1954754,42,4170,215
1954755,33,4174,216
1954756,25,4172,221
1954757,15,4172,228
1954758,8,4172,226
1954759,3,4178,228
1954760,-3,4189,244
1954761,-10,4195,257
1954762,-18,4195,259
1954763,-26,4192,255
1954764,-33,4194,249
1954765,-38,4198,243
1954766,-37,4205,245
1954767,-23,4205,248
1954768,-9,4198,245
1954769,-6,4192,243
1954770,-2,4187,240
1954771,3,4185,242
1954772,3,4172,256
1954773,4,4157,256
1954774,-1,4148,244
1954775,-3,4142,255
1954776,2,4142,273
1954777,9,4145,261
1954778,16,4143,228
1954779,21,4143,204
1954780,28,4142,193
1954781,42,4134,191
1954782,59,4129,190
1954783,67,4131,193
1954784,67,4129,197
1954785,73,4128,199
1954786,79,4129,201
1954787,81,4132,201
1954788,84,4135,200
1954789,74,4131,200
1954790,64,4133,206
1954791,64,4141,216
1954792,49,4137,221
1954793,40,4133,228
1954794,27,4132,230
1954795,17,4130,234
1954796,19,4136,238
1954797,19,4144,240
1954798,16,4143,231
1954799,11,4139,226
1954800,2,4133,230
1954801,-1,4127,226
1954802,8,4121,215
1954803,18,4120,211
1954804,20,4124,219
1954805,17,4128,226
1954806,21,4131,227
1954807,28,4124,223
1954808,31,4115,218
1954809,32,4116,216
1954810,35,4120,222
1954811,38,4121,229
1954812,39,4115,230
1954813,43,4104,236
1954814,48,4097,244
1954815,44,4103,253
1954816,41,4112,253
1954817,36,4112,245
1954818,32,4107,247
1954819,39,4107,263
1954820,48,4107,269
1954821,54,4105,262
1954822,61,4102,260
1954823,70,4098,263
1954824,70,4098,259
1954825,69,4103,258
1954826,66,4109,264
1954827,54,4118,266
1954828,40,4130,271
1954829,31,4135,273
1954830,42,4126,270
1954831,41,4124,266
1954832,29,4125,265
1954833,19,4126,271
1954834,21,4137,274
1954835,22,4151,274
1954836,20,4157,279
1954837,26,4154,286
1954838,21,4150,296
1954839,10,4158,310
1954840,9,4167,317
1954841,3,4170,315
1954842,-5,4174,319
1954843,-5,4173,323
1954844,2,4172,327
1954845,11,4178,345
1954846,10,4183,365
1954847,8,4186,368
1954848,15,4189,366
1954849,21,4185,371
1954850,18,4177,379
1954851,13,4172,387
1954852,17,4168,398
1954853,22,4171,405
1954854,28,4172,405
1954855,34,4167,398
1954856,34,4163,397
1954857,38,4161,405
1954858,44,4153,405
1954859,53,4148,397
1954860,66,4146,387
1954861,76,4145,379
1954862,78,4151,370
1954863,79,4162,357
1954864,90,4156,353
1954865,102,4141,359
1954866,105,4139,367
1954867,98,4145,366
1954868,72,4143,368
1954869,60,4146,372
1954870,54,4149,371
1954871,53,4151,375
1954872,51,4151,383
1954873,56,4152,385
1954874,62,4150,378
1954875,59,4139,377
1954876,48,4128,378
1954877,36,4124,373
1954878,32,4129,372
1954879,34,4137,375
1954880,38,4142,371
1954881,32,4142,372
1954882,21,4145,378
1954883,25,4149,378
1954884,35,4143,374
1954885,33,4136,370
1954886,32,4137,362
1954887,41,4138,350
1954888,41,4140,346
1954889,39,4136,345
1954890,46,4133,348
1954891,54,4143,365
1954892,61,4156,370
1954893,66,4154,367
1954894,68,4151,366
1954895,70,4153,356
1954896,72,4149,353
1954897,73,4142,360
1954898,70,4142,363
1954899,62,4142,363
1954900,52,4137,357
1954901,52,4131,352
1954902,61,4129,354
1954903,62,4128,360
1954904,51,4135,358
1954905,33,4142,352
1954906,19,4147,354
1954907,20,4161,355
1954908,15,4165,346
1954909,9,4163,337
1954910,12,4154,323
1954911,20,4148,324
1954912,32,4148,326
1954913,34,4145,319
1954914,23,4139,313
1954915,22,4134,305
1954916,28,4133,299
1954917,22,4135,291
1954918,20,4131,284
1954919,25,4120,286
1954920,28,4117,281
1954921,28,4120,266
1954922,33,4122,268
1954923,44,4130,288
1954924,46,4133,298
1954925,48,4134,300
1954926,55,4135,296
1954927,61,4138,296
1954928,54,4136,306
1954929,41,4131,313
1954930,38,4135,321
1954931,37,4147,323
1954932,32,4156,317
1954933,22,4160,318
1954934,5,4164,323
1954935,-7,4164,318
1954936,0,4167,304
1954937,9,4166,293
1954938,-2,4155,286
1954939,-9,4142,283
1954940,-2,4135,277
1954941,1,4143,264
1954942,1,4154,258
1954943,0,4158,264
1954944,2,4158,274
1954945,11,4155,285
1954946,15,4151,276
1954947,17,4152,277
1954948,27,4150,276
1954949,30,4147,266
1954950,34,4147,268
1954951,45,4149,284
1954952,54,4147,293
1954953,56,4144,295
1954954,57,4149,300
1954955,59,4151,300
1954956,59,4148,298
1954957,58,4150,301
1954958,59,4153,296
1954959,55,4155,291
1954960,46,4157,288
1954961,38,4154,288
1954962,34,4159,287
1954963,35,4170,277
1954964,42,4174,272
1954965,51,4177,270
1954966,47,4175,263
1954967,47,4165,249
1954968,49,4154,250
1954969,43,4148,268
1954970,36,4145,271
1954971,33,4145,261
1954972,32,4151,251
1954973,28,4156,253
1954974,22,4155,252
1954975,20,4152,239
1954976,16,4146,236
1954977,13,4145,253
1954978,19,4144,266
1954979,23,4146,267
1954980,26,4150,256
1954981,38,4142,238
1954982,48,4137,227
1954983,49,4142,229
1954984,49,4145,236
1954985,57,4145,261
1954986,60,4144,274
1954987,62,4138,276
1954988,62,4126,273
1954989,60,4121,269
1954990,52,4124,279
1954991,41,4134,292
1954992,37,4140,295
1954993,33,4136,293
1954994,25,4130,290
1954995,24,4128,293
1954996,32,4124,284
1954997,40,4120,259
1954998,46,4125,243
1954999,52,4132,235
1955000,52,4134,232
1955001,49,4137,238
1955002,47,4145,242
1955003,51,4151,239
1955004,58,4145,243
1955005,54,4142,255
1955006,40,4148,268
1955007,34,4148,275
1955008,35,4147,265
1955009,33,4150,258
1955010,28,4150,261
1955011,25,4145,265
1955012,22,4146,267
1955013,20,4150,272
1955014,20,4146,273
1955015,28,4147,274
1955016,30,4152,279
1955017,27,4154,270
1955018,33,4158,263
1955019,34,4165,265
1955020,39,4168,269
1955021,47,4165,264
1955022,48,4160,262
1955023,45,4136,287
1955024,53,4135,287
1955025,63,4131,295
1955026,70,4121,309
1955027,66,4114,310
1955028,56,4117,302
1955029,52,4119,294
1955030,54,4120,282
1955031,58,4122,285
1955032,57,4123,291
1955033,59,4123,285
1955034,67,4125,280
1955035,79,4128,263
1955036,85,4131,240
1955037,79,4134,242
1955038,74,4138,255
1955039,66,4140,253
1955040,54,4148,253
1955041,55,4158,256
1955042,60,4160,264
1955043,45,4161,277
1955044,25,4164,279
1955045,11,4159,278
1955046,7,4155,270
1955047,12,4154,267
1955048,17,4153,283
1955049,18,4154,284
1955050,15,4151,272
1955051,14,4146,261
1955052,19,4141,258
1955053,28,4138,260
1955054,39,4144,264
1955055,45,4149,265
1955056,50,4152,263
1955057,55,4152,254
1955058,52,4141,244
1955059,50,4129,245
1955060,51,4122,248
1955061,48,4119,242
1955062,42,4125,223
1955063,40,4131,224
1955064,36,4138,220
1955065,30,4139,217
1955066,28,4141,217
1955067,29,4151,219
1955068,33,4150,212
1955069,31,4144,200
1955070,25,4148,196
1955071,20,4158,192
1955072,13,4162,186
1955073,9,4162,189
1955074,6,4167,201
1955075,6,4175,209
1955076,3,4186,214
1955077,-1,4200,227
1955078,-2,4209,249
1955079,-7,4207,255
1955080,-20,4197,247
1955081,-28,4185,250
1955082,-23,4185,259
1955083,-13,4188,270
1955084,-7,4186,284
1955085,-7,4185,287
1955086,-4,4188,282
1955087,9,4184,282
1955088,15,4174,286
1955089,12,4167,306
1955090,17,4163,330
1955091,24,4160,331
1955092,34,4166,318
1955093,42,4169,311
1955094,40,4169,313
1955095,43,4166,322
1955096,47,4161,338
1955097,45,4161,347
1955098,43,4159,342
1955099,39,4157,339
1955100,31,4137,302
1955101,41,4140,292
1955102,49,4152,291
1955103,42,4161,296
1955104,36,4163,309
1955105,43,4165,310
1955106,45,4167,309
1955107,48,4169,316
1955108,55,4168,318
1955109,52,4165,328
1955110,41,4163,345
1955111,34,4162,346
1955112,32,4164,339
1955113,32,4165,339
1955114,34,4160,344
1955115,38,4154,354
1955116,36,4153,362
1955117,33,4156,358
1955118,40,4156,340
1955119,47,4150,330
1955120,47,4141,334
1955121,45,4133,339
1955122,43,4124,335
1955123,41,4120,315
1955124,41,4118,302
1955125,46,4122,301
1955126,52,4126,301
1955127,64,4121,301
1955128,74,4118,301
1955129,72,4125,307
1955130,66,4129,304
1955131,62,4130,291
1955132,63,4126,290
1955133,64,4118,283
1955134,64,4112,272
1955135,65,4115,279
1955136,63,4120,277
1955137,61,4118,266
1955138,54,4106,264
1955139,55,4098,273
1955140,56,4086,286
1955141,59,4084,290
1955142,59,4090,291
1955143,53,4092,291
1955144,50,4089,281
1955145,49,4085,282
1955146,51,4082,287
1955147,58,4086,282
1955148,51,4097,281
1955149,42,4106,283
1955150,50,4106,288
1955151,61,4099,287
1955152,68,4092,276
1955153,72,4090,271
1955154,73,4095,268
1955155,74,4102,268
1955156,76,4107,272
1955157,78,4111,273
1955158,73,4109,276
1955159,60,4109,275
1955160,47,4113,267
1955161,45,4118,267
1955162,51,4122,271
1955163,47,4124,285
1955164,34,4120,308
1955165,22,4121,310
1955166,18,4126,302
1955167,22,4130,303
1955168,21,4135,299
1955169,15,4135,294
1955170,7,4134,304
1955171,-3,4133,311
1955172,-8,4127,312
1955173,-8,4125,320
1955174,-7,4133,325
1955175,-6,4141,323
1955176,-4,4145,324
1955177,2,4138,335
1955178,1,4138,348
1955179,2,4148,359
1955180,9,4154,358
1955181,18,4159,348
1955182,18,4161,347
1955183,11,4163,352
1955184,15,4167,356
1955185,21,4168,362
1955186,22,4169,368
1955187,27,4167,379
1955188,33,4162,388
1955189,33,4165,389
1955190,36,4168,396
1955191,39,4164,391
1955192,44,4162,377
1955193,47,4169,373
1955194,38,4179,376
1955195,28,4188,384
1955196,29,4193,384
1955197,38,4193,378
1955198,45,4197,372
1955199,46,4208,364
1955200,45,4215,362
1955201,42,4213,362
1955202,35,4207,358
1955203,38,4190,357
1955204,51,4169,357
1955205,51,4161,354
1955206,39,4163,349
1955207,33,4163,344
1955208,25,4157,341
1955209,18,4155,334
1955210,15,4154,320
1955211,13,4154,302
1955212,15,4161,295
1955213,25,4163,290
1955214,32,4158,260
1955215,27,4157,230
1955216,25,4163,226
1955217,52,4171,242
1955218,54,4175,247
1955219,58,4182,254
1955220,61,4186,265
1955221,54,4193,271
1955222,48,4198,271
1955223,47,4192,279
1955224,45,4179,296
1955225,42,4170,305
1955226,42,4161,302
1955227,38,4154,285
1955228,29,4156,272
1955229,34,4157,269
1955230,45,4150,254
1955231,45,4140,235
1955232,46,4131,238
1955233,44,4120,256
1955234,36,4114,268
1955235,26,4119,278
1955236,22,4126,279
1955237,28,4125,272
1955238,36,4127,251
1955239,40,4135,239
1955240,36,4138,245
1955241,25,4138,236
1955242,18,4138,212
1955243,25,4142,200
1955244,37,4147,204
1955245,41,4150,210
1955246,51,4156,216
1955247,59,4155,224
1955248,48,4147,231
1955249,32,4137,237
1955250,30,4128,245
1955251,36,4125,257
1955252,37,4128,278
1955253,31,4133,289
1955254,24,4135,288
1955255,26,4135,302
1955256,26,4132,308
1955257,21,4132,296
1955258,25,4135,282
1955259,30,4135,276
1955260,32,4135,279
1955261,35,4139,278
1955262,46,4144,274
1955263,59,4136,277
1955264,69,4124,283
1955265,73,4127,295
1955266,72,4127,302
1955267,68,4120,295
1955268,61,4118,288
1955269,60,4120,286
1955270,63,4121,288
1955271,63,4123,298
1955272,68,4122,306
1955273,70,4120,306
1955274,72,4118,309
1955275,70,4111,305
1955276,60,4108,297
1955277,58,4106,288
1955278,65,4109,280
1955279,66,4123,273
1955280,62,4127,270
1955281,62,4122,276
1955282,63,4120,279
1955283,62,4116,271
1955284,62,4119,266
1955285,67,4123,266
1955286,61,4120,270
1955287,48,4124,284
1955288,39,4127,289
1955289,37,4124,283
1955290,45,4125,276
1955291,48,4129,273
1955292,46,4119,272
1955293,45,4114,264
1955294,30,4126,257
1955295,18,4130,253
1955296,1,4140,250
1955297,-1,4145,256
1955298,9,4145,276
1955299,15,4145,286
1955300,18,4150,282
1955301,18,4165,278
1955302,18,4173,283
1955303,15,4169,299
1955304,12,4170,312
1955305,15,4173,326
1955306,23,4176,352
1955307,28,4175,371
1955308,26,4163,371
1955309,23,4160,376
1955310,22,4162,388
1955311,24,4156,392
1955312,30,4148,387
1955313,30,4151,381
1955314,31,4156,359
1955315,41,4151,340
1955316,51,4147,328
1955317,54,4150,316
1955318,58,4150,310
1955319,64,4155,305
1955320,67,4167,302
1955321,74,4168,302
1955322,86,4163,306
1955323,92,4166,305
1955324,90,4171,304
1955325,81,4180,300
1955326,66,4191,304
1955327,54,4192,321
1955328,38,4190,325
1955329,24,4188,310
1955330,23,4190,292
1955331,23,4199,290
1955332,21,4204,291
1955333,26,4196,285
1955334,24,4193,278
1955335,21,4187,275
1955336,22,4181,273
1955337,23,4179,272
1955338,26,4179,264
1955339,29,4183,255
1955340,27,4187,237
1955341,23,4183,218
1955342,19,4171,220
1955343,15,4167,227
1955344,14,4167,239
1955345,18,4171,246
1955346,25,4176,243
1955347,25,4178,244
1955348,14,4174,247
1955349,2,4165,244
1955350,1,4165,245
1955351,1,4167,249
1955352,0,4164,243
1955353,9,4164,232
1955354,15,4171,224
1955355,12,4175,223
1955356,9,4170,230
1955357,2,4161,244
1955358,-2,4164,247
1955359,1,4166,235
1955360,3,4159,229
1955361,0,4151,242
1955362,-8,4147,257
1955363,-3,4145,266
1955364,12,4142,277
1955365,21,4143,289
1955366,27,4145,292
1955367,39,4142,289
1955368,49,4138,283
1955369,54,4132,282
1955370,60,4123,282
1955371,57,4110,265
1955372,59,4107,262
1955373,64,4101,262
1955374,66,4101,267
1955375,68,4105,270
1955376,69,4101,265
1955377,76,4102,264
1955378,84,4114,272
1955379,78,4126,272
1955380,61,4125,275
1955381,50,4116,270
1955382,51,4114,258
1955383,53,4111,250
1955384,54,4109,237
1955385,54,4105,226
1955386,50,4099,234
1955387,48,4100,242
1955388,42,4099,239
1955389,29,4103,250
1955390,20,4107,258
1955391,19,4103,255
1955392,22,4097,258
1955393,19,4091,266
1955394,15,4087,271
1955395,20,4086,276
1955396,35,4089,285
1955397,47,4090,282
1955398,48,4091,271
1955399,50,4099,269
1955400,59,4104,273
1955401,66,4097,281
1955402,74,4091,288
1955403,83,4090,299
1955404,81,4086,313
1955405,71,4089,316
1955406,73,4097,319
1955407,76,4102,322
1955408,67,4105,322
1955409,57,4107,330
1955410,62,4110,336
1955411,67,4108,336
1955412,63,4115,344
1955413,59,4121,349
1955414,61,4124,347
1955415,69,4122,340
1955416,68,4120,329
1955417,60,4124,327
1955418,58,4133,325
1955419,60,4140,322
1955420,62,4148,322
1955421,56,4154,317
1955422,41,4152,300
1955423,30,4153,288
1955424,22,4161,280
1955425,16,4172,266
1955426,18,4178,256
1955427,16,4180,266
1955428,12,4178,287
1955429,9,4177,299
1955430,7,4173,302
1955431,7,4168,297
1955432,3,4168,283
1955433,0,4167,270
1955434,3,4164,275
1955435,7,4161,289
1955436,12,4155,297
1955437,17,4155,297
1955438,16,4161,293
1955439,12,4165,297
1955440,10,4170,297
1955441,9,4169,286
1955442,9,4163,280
1955443,8,4168,284
1955444,4,4182,284
1955445,9,4187,286
1955446,20,4183,289
1955447,24,4182,285
1955448,27,4190,288
1955449,28,4212,300
1955450,32,4216,306
1955451,37,4219,318
1955452,40,4224,331
1955453,33,4231,345
1955454,21,4233,358
1955455,12,4234,364
1955456,14,4235,360
1955457,14,4231,359
1955458,1,4225,366
1955459,-3,4224,372
1955460,2,4220,376
1955461,-2,4213,376
1955462,-8,4210,372
1955463,-3,4205,371
1955464,3,4197,353
1955465,11,4191,334
1955466,18,4192,336
1955467,22,4198,330
1955468,25,4197,317
1955469,28,4189,312
1955470,28,4184,317
1955471,23,4187,314
1955472,18,4187,298
1955473,20,4183,282
1955474,20,4179,279
1955475,23,4176,289
1955476,35,4172,303
1955477,37,4167,310
1955478,33,4160,300
1955479,38,4149,274
1955480,39,4141,255
1955481,35,4136,257
1955482,29,4137,262
1955483,25,4148,264
1955484,30,4151,274
1955485,43,4139,284
1955486,51,4128,287
1955487,51,4126,288
1955488,63,4132,274
1955489,70,4124,269
1955490,71,4121,270
1955491,74,4117,273
1955492,79,4115,271
1955493,82,4116,267
1955494,81,4109,266
1955495,75,4105,271
1955496,62,4106,276
1955497,50,4103,272
1955498,42,4098,257
1955499,42,4094,241
1955500,46,4090,235
1955501,48,4090,242
1955502,46,4097,254
1955503,40,4097,254
1955504,38,4089,248
1955505,42,4089,257
1955506,43,4095,267
1955507,38,4098,273
1955508,27,4098,268
1955509,22,4097,253
1955510,24,4097,248
1955511,28,4097,249
1955512,32,4098,256
1955513,31,4097,268
1955514,39,4098,272
1955515,46,4105,265
1955516,44,4106,260
1955517,43,4113,260
1955518,42,4128,269
1955519,42,4133,287
1955520,44,4128,301
1955521,54,4125,301
1955522,61,4122,300
1955523,56,4115,314
1955524,49,4116,322
1955525,42,4120,329
1955526,37,4122,344
1955527,45,4119,338
1955528,43,4116,334
1955529,41,4128,337
1955530,42,4142,339
1955531,43,4146,328
1955532,45,4151,323
1955533,49,4160,336
1955534,57,4165,348
1955535,65,4163,348
1955536,68,4167,345
1955537,66,4169,343
1955538,66,4164,331
1955539,65,4160,321
1955540,61,4160,329
1955541,51,4162,348
1955542,38,4159,352
1955543,36,4153,340
1955544,43,4151,336
1955545,47,4150,339
1955546,46,4145,342
1955547,40,4141,349
1955548,35,4146,348
1955549,38,4153,339
1955550,43,4162,336
1955551,45,4163,339
1955552,47,4157,338
1955553,47,4164,329
1955554,42,4171,311
1955555,42,4168,298
1955556,49,4169,294
1955557,56,4171,286
1955558,62,4174,287
1955559,63,4174,303
1955560,64,4164,307
1955561,70,4154,299
1955562,71,4152,293
1955563,63,4157,292
1955564,58,4158,292
1955565,62,4147,282
1955566,60,4144,281
1955567,54,4144,278
1955568,46,4146,271
1955569,40,4148,261
1955570,45,4152,243
1955571,47,4156,239
1955572,40,4160,254
1955573,29,4164,249
1955574,20,4171,228
1955575,14,4173,219
1955576,9,4175,213
1955577,3,4181,211
1955578,-2,4184,216
1955579,-9,4181,218
1955580,-17,4178,220
1955581,-22,4172,220
1955582,-25,4168,220
1955583,-20,4167,235
1955584,-11,4166,248
1955585,-8,4167,252
1955586,-10,4166,263
1955587,-10,4168,265
1955588,-1,4169,262
1955589,5,4165,270
1955590,8,4163,272
1955591,16,4157,265
1955592,29,4145,264
1955593,40,4136,270
1955594,42,4136,282
1955595,44,4141,289
1955596,48,4145,294
1955597,44,4149,299
1955598,34,4151,302
1955599,36,4150,299
1955600,32,4158,290
1955601,24,4166,289
1955602,26,4154,306
1955603,29,4154,311
1955604,35,4165,312
1955605,35,4173,312
1955606,30,4178,314
1955607,28,4184,318
1955608,24,4183,312
1955609,18,4178,302
1955610,17,4174,302
1955611,15,4173,309
1955612,11,4165,325
1955613,9,4155,338
1955614,12,4157,343
1955615,10,4156,340
1955616,2,4157,330
1955617,2,4158,329
1955618,5,4151,326
1955619,14,4140,318
1955620,29,4126,311
1955621,35,4121,307
1955622,33,4119,299
1955623,33,4113,296
1955624,42,4104,291
1955625,52,4099,277
1955626,65,4097,273
1955627,78,4096,276
1955628,82,4103,274
1955629,82,4110,270
1955630,75,4104,266
1955631,75,4095,262
1955632,81,4090,261
1955633,80,4083,266
1955634,76,4078,270
1955635,69,4078,267
1955636,66,4076,260
1955637,71,4069,267
1955638,78,4069,288
1955639,78,4072,301
1955640,76,4071,302
1955641,65,4087,284
1955642,63,4087,271
1955643,57,4084,272
1955644,49,4087,285
1955645,44,4092,303
1955646,42,4085,298
1955647,38,4071,273
1955648,34,4068,261
1955649,36,4085,276
1955650,35,4103,286
1955651,30,4108,279
1955652,20,4109,270
1955653,20,4114,256
1955654,30,4120,251
1955655,34,4120,260
1955656,39,4121,261
1955657,44,4131,263
1955658,42,4142,272
1955659,40,4138,280
1955660,45,4129,291
1955661,40,4127,301
1955662,27,4133,294
1955663,22,4141,275
1955664,27,4148,268
1955665,38,4144,270
1955666,45,4142,268
1955667,41,4148,270
1955668,37,4148,284
1955669,34,4151,295
1955670,30,4164,300
1955671,37,4171,306
1955672,44,4172,312
1955673,40,4173,322
1955674,40,4172,318
1955675,44,4173,304
1955676,40,4174,302
1955677,43,4169,312
1955678,55,4156,331
1955679,59,4142,330
1955680,43,4147,307
1955681,39,4147,293
1955682,43,4147,280
1955683,46,4155,276
1955684,47,4160,276
1955685,46,4156,279
1955686,49,4151,281
1955687,54,4156,280
1955688,46,4166,284
1955689,35,4174,290
1955690,37,4183,291
1955691,41,4193,294
1955692,33,4202,288
1955693,28,4216,276
1955694,24,4229,280
1955695,14,4227,290
1955696,10,4223,300
1955697,3,4222,312
1955698,-10,4224,321
1955699,-20,4226,332
1955700,-23,4217,342
1955701,-29,4199,351
1955702,-41,4190,366
1955703,-47,4189,385
1955704,-44,4186,408
1955705,-38,4178,412
1955706,-33,4171,393
1955707,-24,4166,383
1955708,-13,4163,380
1955709,-6,4160,377
1955710,1,4166,364
1955711,11,4173,342
1955712,26,4169,332
1955713,46,4159,327
1955714,61,4150,322
1955715,64,4160,332
1955716,59,4167,343
1955717,53,4168,351
1955718,49,4174,355
1955719,45,4185,353
1955720,49,4183,359
1955721,50,4168,379
1955722,46,4157,393
1955723,43,4148,383
1955724,42,4138,373
1955725,44,4137,381
1955726,47,4140,374
1955727,51,4140,348
1955728,53,4141,335
1955729,53,4148,333
1955730,52,4161,328
1955731,54,4165,310
1955732,61,4165,288
1955733,61,4166,277
1955734,55,4169,268
1955735,49,4174,261
1955736,50,4170,271
1955737,50,4164,282
1955738,42,4165,287
1955739,36,4166,296
1955740,30,4165,304
1955741,30,4156,313
1955742,31,4144,325
1955743,30,4127,327
1955744,29,4113,319
1955745,34,4099,321
1955746,36,4080,332
1955747,36,4069,339
1955748,41,4067,339
1955749,58,4069,327
1955750,75,4076,300
1955751,88,4088,268
1955752,101,4094,246
1955753,105,4091,231
1955754,98,4084,216
1955755,95,4080,207
1955756,87,4085,192
1955757,71,4092,182
1955758,68,4098,180
1955759,72,4106,186
1955760,61,4104,193
1955761,34,4091,201
1955762,7,4079,214
1955763,-4,4076,234
1955764,-7,4077,245
1955765,-10,4083,239
1955766,-10,4089,225
1955767,-6,4093,218
1955768,3,4101,220
1955769,15,4108,219
1955770,27,4110,220
1955771,41,4113,224
1955772,51,4116,233
1955773,50,4119,252
1955774,46,4128,266
1955775,44,4133,274
1955776,39,4137,284
1955777,39,4142,295
1955778,42,4140,306
1955779,42,4143,319
1955780,43,4146,339
1955781,44,4143,348
1955782,40,4145,334
1955783,33,4154,326
1955784,27,4165,334
1955785,18,4168,344
1955786,12,4163,358
1955787,13,4161,370
1955788,11,4163,350
1955789,7,4170,325
1955790,2,4179,320
1955791,-5,4185,323
1955792,-17,4187,309
1955793,-26,4184,308
1955794,-34,4185,310
1955795,-39,4185,315
1955796,-36,4185,324
1955797,-27,4188,324
1955798,-27,4193,322
1955799,-32,4196,321
1955800,-26,4197,315
1955801,-18,4192,317
1955802,-8,4182,321
1955803,6,4170,327
1955804,21,4164,333
1955805,35,4162,338
1955806,44,4157,340
1955807,52,4161,339
1955808,51,4179,343
1955809,45,4192,345
1955810,53,4193,344
1955811,75,4190,330
1955812,86,4193,314
1955813,88,4202,309
1955814,80,4201,303
1955815,68,4192,299
1955816,64,4194,299
1955817,59,4198,303
1955818,49,4202,312
1955819,41,4204,312
1955820,35,4202,310
1955821,30,4205,310
1955822,27,4211,314
1955823,22,4217,315
1955824,14,4220,302
1955825,11,4219,299
1955826,8,4218,308
1955827,1,4214,315
1955828,0,4208,325
1955829,0,4205,336
1955830,-5,4199,339
1955831,3,4185,334
1955832,10,4182,330
1955833,16,4182,325
1955834,23,4176,316
1955835,33,4165,302
1955836,49,4154,292
1955837,63,4141,292
1955838,71,4128,301
1955839,78,4122,304
1955840,89,4125,288
1955841,95,4130,271
1955842,93,4129,272
1955843,86,4121,281
1955844,75,4112,284
1955845,61,4106,287
1955846,49,4110,292
1955847,54,4118,302
1955848,72,4115,310
1955849,81,4104,303
1955850,79,4099,305
1955851,75,4101,324
1955852,67,4099,332
1955853,54,4095,332
1955854,47,4092,330
1955855,48,4092,317
1955856,52,4098,311
1955857,50,4101,316
1955858,42,4102,313
1955859,36,4106,301
1955860,29,4111,296
1955861,27,4109,304
1955862,27,4106,311
1955863,22,4108,302
1955864,23,4118,292
1955865,30,4130,287
1955866,36,4131,288
1955867,36,4125,292
1955868,32,4124,301
1955869,35,4122,320
1955870,51,4113,326
1955871,47,4112,319
1955872,49,4111,330
1955873,45,4101,335
1955874,41,4090,333
1955875,49,4089,330
1955876,62,4084,314
1955877,72,4080,297
1955878,77,4088,289
1955879,83,4095,280
1955880,85,4096,272
1955881,83,4098,265
1955882,89,4102,258
1955883,93,4108,256
1955884,89,4113,244
1955885,80,4113,219
1955886,70,4116,206
1955887,63,4123,210
1955888,58,4131,209
1955889,51,4134,208
1955890,46,4130,217
1955891,46,4134,224
1955892,44,4135,225
1955893,42,4119,236
1955894,34,4112,257
1955895,17,4122,265
1955896,7,4128,264
1955897,8,4125,269
1955898,3,4122,282
1955899,-9,4121,287
1955900,-14,4127,281
1955901,-11,4131,273
1955902,-11,4129,266
1955903,-9,4136,260
1955904,-3,4144,256
1955905,4,4142,262
1955906,14,4143,268
1955907,25,4153,269
1955908,30,4158,264
1955909,24,4163,256
1955910,15,4166,271
1955911,10,4169,282
1955912,12,4169,274
1955913,15,4161,267
1955914,19,4160,274
1955915,22,4166,286
1955916,27,4168,293
1955917,32,4157,299
1955918,30,4153,299
1955919,31,4163,293
1955920,32,4166,304
1955921,27,4168,314
1955922,17,4172,316
1955923,4,4172,319
1955924,-3,4169,324
1955925,-4,4166,323
1955926,-8,4174,308
1955927,-10,4187,304
1955928,-11,4192,306
1955929,-15,4193,305
1955930,-24,4190,309
1955931,-27,4185,313
1955932,-20,4179,315
1955933,-12,4178,312
1955934,-8,4189,316
1955935,-6,4196,326
1955936,-1,4195,323
1955937,4,4189,313
1955938,4,4181,314
1955939,2,4181,326
1955940,-2,4186,348
1955941,2,4189,358
1955942,11,4191,354
1955943,19,4184,353
1955944,30,4175,353
1955945,43,4171,351
1955946,56,4169,353
1955947,59,4170,355
1955948,76,4156,369
1955949,86,4143,382
1955950,90,4135,373
1955951,88,4138,359
1955952,90,4142,355
1955953,97,4145,352
1955954,98,4154,351
1955955,92,4160,350
1955956,86,4161,338
1955957,84,4160,322
1955958,79,4151,317
1955959,71,4137,315
1955960,69,4134,309
1955961,75,4138,310
1955962,79,4138,311
1955963,77,4141,310
1955964,67,4145,310
1955965,50,4140,307
1955966,36,4129,302
1955967,26,4123,302
1955968,20,4118,301
1955969,22,4112,292
1955970,24,4110,279
1955971,23,4108,274
1955972,25,4103,277
1955973,27,4103,274
1955974,30,4107,249
1955975,32,4116,230
1955976,29,4122,231
1955977,25,4120,235
1955978,28,4120,233
1955979,33,4125,222
1955980,38,4128,229
1955981,45,4130,244
1955982,43,4132,245
1955983,38,4130,247
1955984,34,4131,257
1955985,27,4139,262
1955986,19,4143,277
1955987,18,4139,272
1955988,27,4139,274
1955989,29,4139,278
1955990,18,4134,275
1955991,16,4126,273
1955992,19,4128,272
1955993,26,4136,277
1955994,31,4140,290
1955995,25,4132,301
1955996,16,4126,307
1955997,15,4130,309
1955998,27,4137,314
1955999,35,4141,323
1956000,37,4141,318
1956001,45,4138,309
1956002,51,4130,307
1956003,55,4119,316
1956004,58,4121,333
1956005,66,4131,346
1956006,75,4135,366
1956007,81,4135,384
1956008,84,4132,385
1956009,80,4130,379
1956010,71,4138,375
1956011,66,4147,370
1956012,64,4139,369
1956013,64,4131,378
1956014,65,4140,381
1956015,67,4152,385
1956016,68,4155,396
1956017,72,4156,396
1956018,74,4159,397
1956019,70,4159,406
1956020,66,4160,418
1956021,63,4162,417
1956022,67,4156,408
1956023,66,4150,402
1956024,47,4161,393
1956025,14,4180,375
1956026,16,4177,366
1956027,22,4179,366
1956028,26,4183,366
1956029,27,4187,365
1956030,30,4185,360
1956031,28,4176,357
1956032,26,4175,356
1956033,29,4177,347
1956034,35,4170,343
1956035,43,4167,344
1956036,43,4166,340
1956037,43,4159,331
1956038,44,4149,329
1956039,44,4142,334
1956040,48,4138,333
1956041,46,4143,331
1956042,36,4151,329
1956043,33,4147,321
1956044,35,4140,311
1956045,38,4137,296
1956046,38,4134,288
1956047,33,4134,290
1956048,33,4132,285
1956049,30,4128,279
1956050,26,4129,269
1956051,26,4127,261
1956052,19,4132,269
1956053,9,4144,261
1956054,-1,4147,242
1956055,-14,4145,246
1956056,-27,4141,254
1956057,-28,4139,252
1956058,-15,4141,240
1956059,-5,4143,233
1956060,1,4144,243
1956061,-1,4143,241
1956062,-7,4143,235
1956063,-4,4167,243
1956064,-1,4166,250
1956065,-3,4165,260
1956066,-2,4162,264
1956067,8,4155,265
1956068,17,4155,270
1956069,27,4160,286
1956070,40,4158,299
1956071,47,4150,298
1956072,45,4151,299
1956073,33,4153,309
1956074,22,4148,312
1956075,23,4141,305
1956076,25,4134,300
1956077,19,4132,304
1956078,18,4136,298
1956079,24,4140,276
1956080,35,4137,261
1956081,39,4131,250
1956082,33,4126,238
1956083,26,4130,232
1956084,22,4140,229
1956085,20,4145,236
1956086,19,4145,243
1956087,21,4143,237
1956088,29,4146,228
1956089,30,4150,219
1956090,16,4150,214
1956091,6,4154,220
1956092,9,4152,231
1956093,15,4147,243
1956094,14,4151,248
1956095,6,4160,247
1956096,5,4166,250
1956097,17,4170,255
1956098,22,4172,261
1956099,17,4167,277
1956100,17,4161,295
1956101,31,4158,308
1956102,38,4157,306
1956103,47,4153,299
1956104,53,4147,303
1956105,45,4145,317
1956106,38,4144,319
1956107,43,4150,315
1956108,45,4154,312
1956109,46,4147,312
1956110,45,4136,311
1956111,41,4129,294
1956112,36,4134,275
1956113,39,4134,264
1956114,45,4130,271
1956115,46,4133,291
1956116,48,4131,299
1956117,33,4127,293
1956118,9,4122,273
1956119,-6,4115,257
1956120,-10,4115,260
1956121,-9,4120,252
1956122,-4,4122,239
1956123,-1,4131,235
1956124,-1,4145,234
1956125,2,4153,235
1956126,8,4156,237
1956127,16,4154,241
1956128,21,4148,240
1956129,22,4150,233
1956130,20,4162,227
1956131,18,4168,224
1956132,16,4164,231
1956133,15,4156,243
1956134,17,4148,249
1956135,20,4140,259
1956136,17,4132,255
1956137,18,4131,254
1956138,26,4133,266
1956139,27,4130,269
1956140,25,4126,262
1956141,24,4125,245
1956142,25,4125,229
1956143,24,4129,220
1956144,17,4137,219
1956145,11,4140,215
1956146,9,4139,209
1956147,6,4135,205
1956148,12,4133,200
1956149,19,4132,203
1956150,15,4131,213
1956151,-2,4134,232
1956152,-20,4130,245
1956153,-23,4120,236
1956154,-18,4120,220
1956155,-20,4133,217
1956156,-23,4145,236
1956157,-27,4149,257
1956158,-33,4147,251
1956159,-32,4146,253
1956160,-24,4150,275
1956161,-14,4158,285
1956162,-4,4167,283
1956163,6,4174,278
1956164,17,4175,271
1956165,22,4170,261
1956166,20,4170,259
1956167,21,4168,275
1956168,24,4164,287
1956169,24,4165,286
1956170,29,4166,280
1956171,40,4160,278
1956172,41,4156,285
1956173,55,4160,305
1956174,55,4159,302
1956175,55,4156,287
1956176,52,4157,279
1956177,56,4157,287
1956178,56,4157,288
1956179,46,4154,281
1956180,40,4148,293
1956181,37,4145,309
1956182,34,4145,307
1956183,31,4145,304
1956184,26,4146,304
1956185,24,4147,307
1956186,26,4150,309
1956187,34,4148,303
1956188,40,4146,291
1956189,43,4143,280
1956190,48,4149,281
1956191,52,4154,293
1956192,49,4143,295
1956193,45,4130,283
1956194,47,4134,278
1956195,43,4138,284
1956196,40,4137,286
1956197,42,4138,285
1956198,36,4131,284
1956199,26,4122,282
1956200,24,4125,286
1956201,29,4137,289
1956202,28,4145,289
1956203,26,4147,288
1956204,32,4147,286
1956205,34,4144,296
1956206,36,4139,307
1956207,39,4139,315
1956208,39,4148,321
1956209,42,4160,322
1956210,47,4167,315
1956211,52,4167,312
1956212,53,4152,356
1956213,50,4148,345
1956214,42,4143,342
1956215,41,4138,352
1956216,41,4137,337
1956217,41,4132,322
1956218,39,4120,327
1956219,35,4115,323
1956220,31,4115,307
1956221,32,4119,294
1956222,36,4122,286
1956223,43,4122,287
1956224,52,4120,289
1956225,64,4109,277
1956226,71,4111,258
1956227,69,4124,256
1956228,70,4128,268
1956229,72,4131,267
1956230,71,4132,261
1956231,67,4132,266
1956232,60,4132,279
1956233,53,4136,278
1956234,53,4141,274
1956235,55,4140,283
1956236,62,4139,295
1956237,68,4140,300
1956238,58,4142,299
1956239,44,4144,296
1956240,39,4141,299
1956241,37,4135,309
1956242,34,4126,313
1956243,34,4127,304
1956244,35,4137,299
1956245,32,4142,304
1956246,27,4146,311
1956247,26,4149,318
1956248,27,4142,315
1956249,29,4133,301
1956250,31,4147,310
1956251,36,4144,309
1956252,45,4137,292
1956253,62,4132,287
1956254,70,4133,291
1956255,67,4133,293
1956256,63,4130,288
1956257,56,4132,281
1956258,42,4142,278
1956259,35,4148,284
1956260,36,4149,284
1956261,35,4152,277
1956262,36,4153,284
1956263,33,4154,292
1956264,24,4150,293
1956265,26,4145,301
1956266,32,4143,305
1956267,24,4144,298
1956268,11,4155,286
1956269,-1,4164,279
1956270,-6,4162,282
1956271,-8,4158,290
1956272,-14,4154,291
1956273,-18,4152,291
1956274,-18,4156,297
1956275,-9,4159,301
1956276,2,4159,306
1956277,10,4156,304
1956278,16,4162,301
1956279,22,4165,302
1956280,23,4158,296
1956281,25,4151,290
1956282,34,4141,291
1956283,41,4138,296
1956284,39,4147,293
1956285,32,4147,280
1956286,30,4135,270
1956287,36,4130,265
1956288,32,4149,274
1956289,30,4151,275
1956290,23,4156,276
1956291,14,4160,273
1956292,11,4150,265
1956293,14,4142,248
1956294,15,4144,243
1956295,14,4143,250
1956296,14,4138,254
1956297,17,4136,250
1956298,23,4139,242
1956299,27,4144,246
1956300,23,4150,246
1956301,21,4152,244
1956302,24,4157,238
1956303,22,4159,223
1956304,24,4155,208
1956305,33,4152,210
1956306,41,4154,215
1956307,41,4156,210
1956308,37,4156,217
1956309,38,4160,233
1956310,39,4164,251
1956311,33,4166,261
1956312,25,4163,259
1956313,15,4155,262
1956314,14,4152,264
1956315,21,4153,260
1956316,19,4154,260
1956317,17,4156,261
1956318,17,4164,255
1956319,21,4166,254
1956320,24,4160,262
1956321,27,4157,263
1956322,25,4157,266
1956323,25,4156,272
1956324,35,4158,267
1956325,43,4157,262
1956326,46,4146,266
1956327,53,4137,275
1956328,56,4133,268
1956329,54,4131,265
1956330,49,4135,261
1956331,60,4135,260
1956332,76,4130,269
1956333,78,4133,274
1956334,74,4141,274
1956335,72,4142,276
1956336,73,4139,260
1956337,74,4134,242
1956338,74,4125,242
1956339,75,4121,250
1956340,71,4122,255
1956341,66,4119,251
1956342,65,4113,243
1956343,59,4108,231
1956344,57,4110,226
1956345,56,4117,228
1956346,49,4123,224
1956347,45,4130,227
1956348,43,4129,232
1956349,36,4127,227
1956350,24,4128,221
1956351,14,4132,220
1956352,3,4133,220
1956353,-7,4130,216
1956354,-21,4128,226
1956355,-33,4126,243
1956356,-42,4129,253
1956357,-51,4136,264
1956358,-58,4138,275
1956359,-63,4143,278
1956360,-62,4150,285
1956361,-59,4155,294
1956362,-61,4161,294
1956363,-59,4171,295
1956364,-48,4180,298
1956365,-41,4186,313
1956366,-39,4188,328
1956367,-31,4197,330
1956368,-24,4204,336
1956369,-20,4209,343
1956370,-19,4207,360
1956371,-17,4204,373
1956372,-14,4202,378
1956373,-11,4193,385
1956374,-7,4178,403
1956375,-9,4167,405
1956376,-13,4159,391
1956377,-14,4164,379
1956378,-7,4177,378
1956379,0,4181,387
1956380,4,4178,392
1956381,13,4178,390
1956382,21,4178,391
1956383,23,4180,384
1956384,21,4181,358
1956385,29,4178,343
1956386,43,4172,344
1956387,45,4160,341
1956388,38,4153,334
1956389,36,4153,326
1956390,31,4150,329
1956391,24,4156,342
1956392,20,4168,343
1956393,18,4168,340
1956394,19,4165,340
1956395,12,4166,343
1956396,-2,4167,346
1956397,-7,4167,352
1956398,-11,4168,358
1956399,-15,4165,358
1956400,-17,4162,347
1956401,-17,4156,334
1956402,-5,4153,329
1956403,9,4159,333
1956404,16,4156,341
1956405,19,4147,343
1956406,26,4150,325
1956407,37,4153,321
1956408,43,4146,322
1956409,34,4138,329
1956410,29,4136,335
1956411,30,4132,332
1956412,35,4126,321
1956413,47,4121,312
1956414,53,4115,312
1956415,61,4115,311
1956416,71,4117,312
1956417,70,4118,312
1956418,63,4119,308
1956419,61,4118,310
1956420,61,4114,306
1956421,61,4111,302
1956422,55,4110,301
1956423,42,4115,304
1956424,32,4118,317
1956425,29,4114,329
1956426,31,4113,332
1956427,33,4115,325
1956428,30,4119,324
1956429,25,4119,340
1956430,24,4115,346
1956431,23,4110,339
1956432,24,4112,336
1956433,23,4119,345
1956434,23,4125,347
1956435,25,4133,340
1956436,26,4136,335
1956437,35,4136,334
1956438,45,4136,333
1956439,47,4136,333
1956440,45,4135,334
1956441,44,4137,334
1956442,46,4142,337
1956443,47,4144,349
1956444,39,4143,355
1956445,32,4138,347
1956446,29,4136,358
1956447,21,4135,377
1956448,23,4132,388
1956449,31,4133,397
1956450,39,4138,397
1956451,39,4141,388
1956452,41,4132,385
1956453,51,4124,386
1956454,54,4129,383
1956455,54,4132,375
1956456,61,4132,366
1956457,61,4139,358
1956458,59,4145,351
1956459,59,4142,338
1956460,52,4140,334
1956461,51,4147,332
1956462,54,4153,322
1956463,49,4155,330
1956464,46,4155,341
1956465,47,4155,341
1956466,46,4152,344
1956467,44,4147,351
1956468,44,4150,357
1956469,40,4150,359
1956470,35,4143,360
1956471,30,4143,361
1956472,19,4144,364
1956473,11,4143,369
1956474,9,4146,368
1956475,5,4144,369
1956476,2,4142,368
1956477,9,4145,359
1956478,15,4147,357
1956479,15,4145,351
1956480,16,4147,342
1956481,15,4152,336
1956482,12,4157,324
1956483,14,4163,306
1956484,31,4180,287
1956485,33,4174,282
1956486,28,4165,273
1956487,23,4171,266
1956488,18,4177,272
1956489,11,4177,291
1956490,8,4181,311
1956491,4,4182,326
1956492,-8,4177,331
1956493,-13,4175,323
1956494,-8,4180,308
1956495,-8,4180,304
1956496,-7,4172,305
1956497,-3,4173,291
1956498,-3,4178,276
1956499,2,4173,273
1956500,9,4167,279
1956501,20,4171,293
1956502,32,4168,288
1956503,40,4160,270
1956504,43,4161,258
1956505,46,4163,256
1956506,59,4159,252
1956507,68,4155,252
1956508,71,4153,263
1956509,68,4154,259
1956510,62,4153,244
1956511,55,4148,233
1956512,45,4144,223
1956513,40,4140,215
1956514,37,4141,212
1956515,32,4145,214
1956516,21,4150,224
1956517,5,4151,232
1956518,-3,4146,226
1956519,2,4144,218
1956520,3,4145,219
1956521,2,4141,217
1956522,8,4138,233
1956523,0,4138,244
1956524,-1,4134,245
1956525,7,4133,241
1956526,12,4130,232
1956527,10,4131,233
1956528,5,4132,240
1956529,2,4130,243
1956530,-1,4135,252
1956531,3,4141,259
1956532,7,4146,263
1956533,7,4155,266
1956534,15,4161,257
1956535,28,4160,246
1956536,38,4159,256
1956537,45,4163,281
1956538,42,4172,291
1956539,30,4179,289
1956540,26,4177,285
1956541,28,4169,288
1956542,26,4165,296
1956543,23,4166,306
1956544,24,4167,317
1956545,25,4164,318
1956546,22,4157,320
1956547,10,4141,325
1956548,1,4129,325
1956549,6,4130,315
1956550,9,4131,296
1956551,9,4125,285
1956552,15,4130,286
1956553,23,4142,286
1956554,31,4142,278
1956555,38,4136,279
1956556,44,4134,292
1956557,46,4138,300
1956558,40,4139,305
1956559,35,4133,308
1956560,23,4128,297
1956561,5,4132,283
1956562,0,4141,282
1956563,6,4146,259
1956564,13,4147,262
1956565,15,4155,267
1956566,10,4153,269
1956567,9,4139,263
1956568,11,4134,241
1956569,6,4139,224
1956570,0,4138,230
1956571,-1,4132,243
1956572,-1,4131,257
1956573,2,4131,266
1956574,10,4125,262
1956575,19,4119,262
1956576,27,4117,264
1956577,27,4115,248
1956578,28,4116,236
1956579,39,4117,239
1956580,46,4112,246
1956581,49,4108,243
1956582,53,4102,232
1956583,53,4093,232
1956584,55,4090,242
1956585,63,4088,255
1956586,71,4081,262
1956587,79,4073,257
1956588,83,4070,249
1956589,77,4066,245
1956590,75,4060,241
1956591,74,4062,230
1956592,70,4070,224
1956593,72,4074,218
1956594,72,4077,199
1956595,72,4083,194
1956596,74,4087,209
1956597,72,4088,217
1956598,65,4091,221
1956599,59,4098,228
1956600,51,4103,231
1956601,28,4106,254
1956602,21,4102,258
1956603,13,4101,254
1956604,4,4102,258
1956605,-1,4108,257
1956606,-5,4114,259
1956607,-7,4109,275
1956608,-3,4102,295
1956609,4,4102,307
1956610,9,4108,309
1956611,20,4109,314
1956612,38,4103,318
1956613,43,4100,313
1956614,36,4102,305
1956615,38,4107,304
1956616,39,4114,311
1956617,30,4122,307
1956618,32,4123,304
1956619,41,4121,310
1956620,42,4120,319
1956621,38,4120,330
1956622,30,4130,323
1956623,28,4146,317
1956624,31,4160,329
1956625,23,4175,337
1956626,8,4188,341
1956627,-2,4198,356
1956628,-2,4207,371
1956629,1,4216,376
1956630,-5,4226,378
1956631,-18,4230,379
1956632,-33,4234,367
1956633,-40,4235,360
1956634,-45,4231,368
1956635,-54,4227,374
1956636,-66,4223,381
1956637,-73,4218,387
1956638,-71,4219,383
1956639,-66,4219,381
1956640,-54,4210,396
1956641,-38,4213,390
1956642,-31,4208,382
1956643,-20,4203,385
1956644,-3,4197,380
1956645,3,4187,363
1956646,-2,4182,349
1956647,0,4182,336
1956648,6,4183,334
1956649,17,4185,344
1956650,30,4187,349
1956651,38,4188,346
1956652,39,4190,336
1956653,40,4197,325
1956654,45,4203,322
1956655,52,4201,326
1956656,54,4195,332
1956657,57,4190,333
1956658,54,4182,338
1956659,48,4179,352
1956660,54,4184,369
1956661,57,4185,381
1956662,52,4179,380
1956663,46,4170,377
1956664,40,4164,381
1956665,34,4162,379
1956666,31,4161,372
1956667,31,4157,364
1956668,28,4152,359
1956669,26,4145,354
1956670,30,4136,337
1956671,35,4128,329
1956672,44,4126,330
1956673,51,4128,314
1956674,49,4130,302
1956675,48,4138,305
1956676,42,4140,301
1956677,38,4132,292
1956678,36,4128,276
1956679,37,4127,282
1956680,36,4125,288
1956681,43,4123,287
1956682,53,4117,281
1956683,54,4115,266
1956684,48,4116,263
1956685,48,4113,270
1956686,52,4110,278
1956687,46,4113,290
1956688,36,4122,299
1956689,28,4130,300
1956690,27,4140,304
1956691,33,4151,314
1956692,33,4152,316
1956693,26,4150,326
1956694,20,4143,343
1956695,23,4142,348
1956696,21,4147,360
1956697,22,4147,370
1956698,27,4147,365
1956699,24,4150,373
1956700,23,4152,397
1956701,32,4151,411
1956702,37,4151,407
1956703,31,4154,403
1956704,26,4156,403
1956705,26,4151,400
1956706,32,4144,382
1956707,38,4141,364
1956708,38,4134,369
1956709,35,4134,374
1956710,37,4145,376
1956711,41,4155,377
1956712,40,4165,383
1956713,44,4172,388
1956714,50,4172,386
1956715,50,4165,386
1956716,47,4156,387
1956717,38,4167,379
1956718,36,4169,387
1956719,37,4165,388
1956720,33,4164,380
1956721,22,4165,374
1956722,7,4160,368
1956723,1,4155,365
1956724,4,4154,359
1956725,6,4152,351
1956726,12,4152,352
1956727,19,4148,357
1956728,12,4141,355
1956729,7,4138,348
1956729,14,4138,337
1956730,23,4135,315
1956731,34,4129,296
1956732,37,4128,291
1956733,39,4127,281
1956734,47,4129,266
1956735,50,4132,261
1956736,41,4133,259
1956737,30,4139,252
1956738,29,4147,243
1956739,30,4151,237
1956740,28,4150,241
1956741,30,4151,251
1956742,28,4150,246
1956743,18,4143,232
1956744,12,4136,239
1956745,11,4134,252
1956746,14,4138,253
1956747,19,4141,259
1956748,24,4135,254
1956749,25,4132,247
1956750,18,4132,250
1956751,8,4129,244
1956752,1,4121,238
1956753,6,4116,233
1956754,14,4120,219
1956755,1,4120,221
1956756,5,4117,212
1956757,23,4120,196
1956758,34,4125,184
1956759,35,4128,184
1956760,29,4131,187
1956761,30,4136,183
1956762,28,4137,177
1956763,14,4134,164
1956764,8,4137,148
1956765,9,4140,129
1956766,7,4139,112
1956767,3,4143,121
1956768,-3,4147,145
1956769,1,4142,156
1956770,6,4142,154
1956771,1,4148,138
1956772,-11,4144,128
1956773,-17,4139,138
1956774,-15,4143,142
1956775,-11,4149,134
1956776,-13,4143,145
1956777,-20,4134,169
1956778,-22,4136,184
1956779,-24,4150,194
1956780,-26,4164,189
1956781,-26,4172,180
1956782,-26,4176,183
1956784,-24,4176,192
1956785,-20,4170,201
1956786,-18,4165,211
1956787,-20,4166,230
1956788,-15,4166,254
1956789,-17,4159,260
1956790,-24,4149,249
1956791,-34,4148,257
1956792,-39,4153,268
1956793,-43,4151,269
1956794,-37,4147,262
1956795,-28,4147,268
1956796,-24,4150,278
1956797,-20,4151,286
1956798,-9,4153,295
1956799,-2,4158,299
1956800,2,4159,300
1956801,10,4163,301
1956802,21,4163,309
1956803,25,4158,316
1956804,27,4156,313
1956805,28,4152,295
1956806,24,4150,290
1956807,23,4147,313
1956808,26,4146,323
1956809,24,4153,313
1956810,20,4157,306
1956811,23,4160,298
1956812,33,4156,293
1956813,42,4155,288
1956814,35,4158,284
1956815,34,4153,296
1956816,39,4152,307
1956817,40,4154,306
1956818,49,4150,310
1956819,62,4153,311
1956820,75,4156,308
1956821,86,4149,308
1956822,82,4136,306
1956823,71,4125,303
1956824,71,4121,303
1956825,69,4118,306
1956826,57,4118,309
1956827,44,4118,309
1956828,27,4107,310
1956829,34,4097,302
1956830,37,4101,305
1956831,42,4104,296
1956832,37,4107,294
1956833,33,4112,302
1956834,35,4115,296
1956835,33,4119,284
1956836,25,4127,278
1956837,24,4136,281
1956838,30,4151,288
1956839,29,4164,289
1956840,22,4167,286
1956841,11,4168,277
1956842,-2,4163,277
1956843,-5,4157,291
1956844,-2,4161,308
1956845,-12,4170,321
1956846,-16,4167,335
1956847,-13,4154,350
1956848,-6,4157,365
1956849,4,4166,384
1956850,6,4172,403
1956851,10,4172,407
1956852,23,4167,401
1956853,38,4167,400
1956854,47,4168,403
1956855,45,4165,411
1956856,42,4159,408
