5558831,51,4166,706
5558832,62,4167,665
5558833,81,4171,640
5558834,85,4174,643
5558835,81,4170,643
5558836,86,4152,636
5558837,85,4135,645
5558838,75,4135,700
5558839,66,4145,763
5558840,73,4151,774
5558841,99,4147,743
5558842,134,4139,701
5558843,161,4123,689
5558844,158,4113,711
5558845,150,4104,736
5558846,155,4098,763
5558847,153,4105,804
5558848,136,4103,847
5558849,113,4104,901
5558850,88,4129,894
5558851,110,4123,783
5558852,137,4104,699
5558853,117,4116,709
5558854,93,4130,752
5558855,88,4132,768
5558856,91,4123,738
5558857,97,4113,707
5558858,91,4130,696
5558859,73,4142,672
5558860,44,4158,679
5558861,26,4163,623
5558862,41,4160,538
5558863,63,4172,482
5558864,86,4177,436
5558865,118,4173,415
5558866,130,4172,418
5558867,136,4173,411
5558868,148,4178,387
5558869,165,4165,356
5558870,179,4157,363
5558871,174,4162,417
5558872,161,4157,483
5558873,172,4139,552
5558874,174,4134,653
5558875,149,4148,727
5558876,176,4140,717
5558877,217,4140,694
5558878,216,4165,716
5558879,224,4190,748
5558880,255,4208,737
5558881,276,4223,707
5558882,288,4237,678
5558883,286,4236,662
5558884,268,4224,700
5558885,245,4215,767
5558886,217,4215,788
5558887,200,4217,747
5558888,200,4211,697
5558889,204,4209,687
5558890,194,4201,700
5558891,175,4171,742
5558892,160,4142,817
5558893,145,4117,879
5558894,128,4103,917
5558895,125,4092,934
5558896,133,4101,925
5558897,143,4117,847
5558898,185,4122,721
5558899,174,4125,762
5558900,161,4131,809
5558901,161,4142,799
5558902,172,4151,722
5558903,202,4159,618
5558904,229,4164,544
5558905,212,4182,538
5558906,179,4193,537
5558907,173,4186,503
5558908,175,4180,453
5558909,179,4169,441
5558910,169,4156,509
5558911,128,4146,609
5558912,96,4131,691
5558913,83,4127,738
5558914,60,4140,757
5558915,44,4145,747
5558916,43,4154,742
5558917,36,4168,740
5558918,32,4188,714
5558919,29,4210,644
5558920,26,4226,535
5558921,29,4232,449
5558922,21,4230,439
5558923,-2,4229,485
5558924,-34,4226,517
5558925,-42,4213,539
5558926,-47,4212,562
5558927,-47,4223,543
5558928,-22,4222,502
5558929,-20,4228,493
5558930,-18,4241,536
5558931,1,4249,574
5558932,29,4235,588
5558933,80,4216,630
5558934,111,4201,684
5558935,123,4201,780
5558936,124,4207,846
5558937,135,4199,860
5558938,150,4195,873
5558939,149,4204,893
5558940,152,4216,894
5558941,185,4219,868
5558942,205,4218,851
5558943,198,4228,842
5558944,198,4236,781
5558945,212,4223,692
5558946,220,4202,660
5558947,195,4207,675
5558948,160,4209,665
5558949,134,4204,622
5558950,107,4202,557
5558951,87,4200,488
5558952,61,4212,436
5558953,43,4215,405
5558954,33,4196,433
5558955,-2,4175,516
5558956,-40,4174,559
5558957,-37,4167,512
5558958,3,4143,479
5558959,15,4140,521
5558960,23,4138,572
5558961,53,4117,605
5558962,60,4105,641
5558963,63,4089,652
5558964,83,4076,662
5558965,111,4075,687
5558966,131,4083,717
5558967,153,4090,705
5558968,191,4081,667
5558969,206,4084,656
5558970,209,4091,650
5558971,216,4092,645
5558972,203,4097,638
5558973,149,4086,738
5558974,122,4082,795
5558975,103,4081,818
5558976,101,4084,807
5558977,106,4099,798
5558978,108,4123,760
5558979,124,4123,706
5558980,126,4123,703
5558981,113,4120,721
5558982,113,4103,696
5558983,115,4099,663
5558984,97,4102,679
5558985,62,4108,702
5558986,45,4118,672
5558987,36,4119,611
5558988,22,4103,599
5558989,13,4081,621
5558990,30,4059,662
5558991,49,4054,719
5558992,53,4053,719
5558993,86,4033,678
5558994,110,4025,660
5558995,116,4026,668
5558996,139,4009,710
5558997,145,4010,781
5558998,125,4034,818
5558999,112,4039,799
5559000,116,4041,769
5559001,109,4065,794
5559002,82,4094,807
5559003,88,4110,735
5559004,112,4115,672
5559005,96,4123,691
5559006,82,4131,755
5559007,87,4136,776
5559008,104,4138,741
5559009,121,4138,716
5559010,124,4147,748
5559011,130,4165,817
5559012,175,4170,853
5559013,195,4167,867
5559014,203,4169,880
5559015,227,4168,875
5559016,254,4157,876
5559017,251,4145,923
5559018,222,4152,987
5559019,201,4169,985
5559020,202,4181,897
5559021,204,4190,784
5559022,199,4184,723
5559023,172,4191,744
5559024,134,4199,797
5559025,114,4176,791
5559026,100,4156,746
5559027,68,4158,732
5559028,21,4178,728
5559029,23,4184,708
5559030,46,4181,695
5559031,55,4186,729
5559032,53,4200,760
5559033,61,4196,742
5559034,85,4181,762
5559035,73,4195,830
5559036,53,4217,821
5559037,64,4222,701
5559038,86,4222,612
5559039,81,4239,634
5559040,45,4262,660
5559041,28,4259,622
5559042,28,4233,592
5559043,-3,4222,622
5559044,-36,4213,680
5559045,-51,4198,696
5559046,-53,4180,664
5559047,-54,4163,643
5559048,-55,4156,650
5559049,-16,4126,647
5559050,-1,4102,655
5559051,3,4083,678
5559052,-4,4095,693
5559053,7,4092,653
5559054,32,4072,628
5559055,15,4089,671
5559056,-18,4107,709
5559057,-17,4111,713
5559058,-15,4121,691
5559059,-21,4137,677
5559060,-17,4160,657
5559061,-7,4176,606
5559062,18,4193,567
5559063,38,4229,554
5559064,64,4255,575
5559065,92,4262,622
5559066,107,4268,691
5559067,102,4283,756
5559068,95,4292,792
5559069,107,4290,818
5559070,104,4301,861
5559071,100,4312,931
5559072,99,4334,966
5559073,106,4342,918
5559074,145,4330,863
5559075,169,4329,847
5559076,171,4318,887
5559077,180,4319,968
5559078,152,4331,993
5559079,140,4330,947
5559080,160,4332,887
5559081,152,4336,864
5559082,132,4340,875
5559083,129,4349,877
5559084,129,4349,870
5559085,124,4331,893
5559086,115,4336,969
5559087,91,4358,1009
5559088,120,4401,856
5559089,139,4411,781
5559090,132,4434,778
5559091,132,4450,781
5559092,139,4458,772
5559093,127,4446,788
5559094,105,4431,847
5559095,76,4434,897
5559096,49,4431,877
5559097,62,4402,843
5559098,59,4407,877
5559099,35,4427,901
5559100,63,4410,883
5559101,77,4409,896
5559102,54,4420,872
5559103,72,4411,788
5559104,93,4405,755
5559105,68,4434,807
5559106,56,4441,840
5559107,67,4441,845
5559108,52,4453,843
5559109,35,4463,851
5559110,26,4475,874
5559111,31,4478,908
5559112,39,4489,925
5559113,43,4487,890
5559114,60,4494,838
5559115,65,4505,765
5559116,89,4492,714
5559117,102,4497,725
5559118,90,4512,733
5559119,99,4479,702
5559120,105,4447,716
5559121,56,4454,754
5559122,12,4436,741
5559123,13,4404,710
5559124,2,4400,725
5559125,-44,4392,712
5559126,-30,4321,673
5559127,-64,4271,816
5559128,-53,4266,734
5559129,-2,4214,576
5559130,1,4189,524
5559131,-24,4179,544
5559132,-16,4143,561
5559133,-16,4124,577
5559134,-34,4138,563
5559135,-37,4134,457
5559136,-8,4103,374
5559137,8,4104,347
5559138,16,4103,321
5559139,28,4086,288
5559140,34,4068,253
5559141,29,4040,246
5559142,14,4013,290
5559143,-2,4018,340
5559144,-23,3998,312
5559145,-26,3949,240
5559146,-52,3929,164
5559147,-88,3923,74
5559148,-108,3926,-61
5559149,-135,3928,-261
5559150,-156,3936,-515
5559151,-208,3964,-794
5559152,-332,4001,-1030
5559153,-551,4066,-1177
5559154,-789,4124,-1130
5559155,-852,4145,-624
5559156,-755,4154,262
5559157,-659,4025,1298
5559158,-550,3965,1596
5559159,-460,3997,1939
5559160,-369,4044,2152
5559161,-166,4067,2245
5559162,71,4108,2299
5559164,292,4162,2331
5559165,523,4222,2335
5559166,746,4288,2282
5559167,948,4342,2190
5559168,1105,4391,2066
5559169,1201,4430,1915
5559170,1245,4440,1740
5559171,1239,4433,1546
5559172,1181,4418,1363
5559173,1090,4388,1206
5559174,988,4345,1082
5559175,880,4298,999
5559176,765,4257,946
5559176,648,4218,908
5559177,531,4180,886
5559178,426,4148,884
5559179,316,4122,888
5559180,192,4095,889
5559182,68,4067,871
5559183,-42,4038,852
5559184,-136,4007,839
5559185,-218,3982,811
5559186,-286,3967,767
5559187,-341,3956,712
5559188,-374,3941,664
5559189,-399,3920,538
5559190,-393,3915,478
5559191,-369,3919,428
5559192,-332,3930,380
5559193,-292,3949,318
5559194,-242,3960,266
5559195,-189,3956,236
5559196,-145,3956,220
5559197,-110,3965,205
5559198,-85,3979,194
5559199,-67,3989,199
5559200,-45,4000,217
5559201,-19,4019,251
5559202,-4,4042,284
5559203,0,4059,318
5559204,-7,4071,377
5559205,-24,4078,451
5559206,-36,4070,522
5559207,-37,4060,597
5559208,-35,4055,667
5559209,-29,4046,721
5559210,-20,4036,773
5559211,-1,4033,815
5559212,36,4025,843
5559213,83,4000,864
5559214,127,3973,871
5559215,171,3951,868
5559216,218,3926,866
5559217,264,3899,862
5559218,299,3877,859
5559219,334,3854,849
5559220,361,3826,814
5559221,380,3803,767
5559222,400,3781,713
5559223,412,3760,661
5559224,417,3744,622
5559225,413,3731,589
5559226,399,3713,554
5559227,350,3692,480
5559228,316,3684,431
5559229,284,3666,389
5559230,246,3649,357
5559231,201,3640,322
5559232,164,3640,293
5559233,129,3647,283
5559234,90,3651,275
5559235,52,3652,262
5559236,26,3655,259
5559237,1,3663,251
5559238,-26,3668,241
5559239,-46,3671,239
5559240,-62,3679,254
5559241,-66,3698,288
5559242,-57,3719,319
5559243,-49,3741,342
5559244,-28,3758,373
5559245,7,3770,389
5559246,33,3785,389
5559247,49,3793,396
5559248,69,3792,405
5559249,91,3796,418
5559250,106,3804,425
5559251,115,3806,421
5559252,126,3807,423
5559253,132,3809,452
5559254,138,3803,490
5559255,155,3793,510
5559256,175,3786,521
5559257,186,3779,528
5559258,194,3771,530
5559259,200,3776,528
5559260,198,3792,515
5559261,195,3807,498
5559262,191,3819,494
5559263,181,3832,486
5559264,164,3844,475
5559265,136,3871,516
5559266,138,3881,535
5559267,147,3893,537
5559268,161,3903,527
5559269,180,3907,539
5559270,193,3903,560
5559271,201,3904,574
5559272,211,3906,587
5559273,223,3897,609
5559274,236,3889,649
5559275,245,3886,687
5559276,253,3876,702
5559277,262,3862,695
5559278,276,3853,693
5559279,293,3845,695
5559280,306,3832,680
5559281,313,3816,668
5559282,315,3800,661
5559283,308,3787,644
5559284,297,3785,612
5559285,285,3795,574
5559286,264,3802,543
5559287,237,3806,525
5559288,216,3818,498
5559289,193,3830,467
5559290,162,3838,457
5559291,132,3849,459
5559292,112,3861,460
5559293,94,3869,460
5559294,70,3886,463
5559295,39,3904,473
5559296,15,3907,491
5559297,7,3902,502
5559298,8,3900,503
5559299,0,3905,515
5559300,-7,3904,523
5559301,-5,3900,520
5559302,-9,3900,521
5559303,-24,3916,499
5559304,-28,3919,492
5559305,-18,3922,486
5559306,3,3931,464
5559307,23,3947,443
5559308,36,3967,432
5559309,47,3990,412
5559310,53,4015,388
5559311,58,4039,379
5559312,70,4063,382
5559313,77,4090,395
5559314,83,4117,417
5559315,93,4141,442
5559316,106,4162,480
5559317,125,4178,530
5559318,134,4186,576
5559319,141,4189,615
5559320,163,4195,660
5559321,188,4200,710
5559322,211,4202,748
5559323,231,4199,787
5559324,249,4200,828
5559325,265,4202,863
5559326,288,4201,901
5559327,314,4194,927
5559328,335,4185,932
5559329,349,4179,933
5559330,362,4184,928
5559331,378,4195,911
5559332,382,4194,895
5559333,377,4184,880
5559334,369,4189,847
5559335,351,4203,817
5559336,325,4211,806
5559337,304,4218,787
5559338,289,4221,763
5559339,266,4229,747
5559340,240,4244,723
5559341,221,4249,689
5559342,211,4250,664
5559343,179,4257,654
5559344,163,4258,654
5559345,158,4259,653
5559346,166,4259,652
5559347,176,4250,655
5559348,176,4237,669
5559349,172,4224,676
5559350,178,4206,669
5559351,189,4190,671
5559352,197,4177,687
5559353,206,4170,683
5559354,213,4168,655
5559355,229,4162,632
5559356,244,4161,617
5559357,244,4161,612
5559358,242,4157,612
5559359,237,4160,589
5559360,231,4168,542
5559361,225,4176,499
5559362,214,4172,471
5559363,206,4164,455
5559364,195,4165,451
5559365,178,4164,460
5559366,159,4162,471
5559367,143,4161,472
5559368,133,4160,480
5559369,117,4152,499
5559370,100,4136,509
5559371,87,4129,508
5559372,75,4128,500
5559373,66,4128,490
5559374,62,4128,487
5559375,61,4133,484
5559376,62,4144,477
5559377,60,4151,472
5559378,59,4152,472
5559379,72,4146,476
5559380,99,4141,481
5559381,134,4142,479
5559382,143,4137,474
5559383,152,4132,473
5559384,164,4132,471
5559385,180,4129,479
5559386,187,4124,488
5559387,195,4115,490
5559388,211,4110,498
5559389,232,4114,511
5559390,253,4105,531
5559391,267,4081,543
5559392,277,4065,551
5559393,290,4058,567
5559394,299,4047,583
5559395,296,4032,594
5559396,286,4027,597
5559397,280,4037,601
5559398,286,4045,602
5559399,286,4054,589
5559400,277,4067,585
5559401,266,4075,596
5559402,252,4075,606
5559403,236,4072,613
5559404,224,4075,626
5559405,216,4078,640
5559406,198,4071,642
5559407,186,4063,649
5559408,182,4061,656
5559409,167,4060,662
5559410,148,4055,678
5559411,139,4052,682
5559412,135,4054,675
5559413,129,4052,670
5559414,129,4050,666
5559415,139,4055,660
5559416,140,4070,661
5559417,136,4082,665
5559418,136,4076,655
5559419,135,4073,637
5559420,125,4090,607
5559421,118,4097,594
5559422,108,4108,594
5559423,101,4129,597
5559424,94,4152,597
5559425,86,4161,600
5559426,80,4164,593
5559427,77,4171,578
5559428,77,4179,565
5559429,77,4181,567
5559430,79,4181,583
5559431,81,4181,598
5559432,82,4181,610
5559433,77,4182,636
5559434,64,4183,661
5559435,47,4186,665
5559436,30,4184,661
5559437,20,4172,654
5559438,12,4155,651
5559439,16,4141,655
5559440,30,4130,651
5559441,44,4121,627
5559442,57,4112,584
5559443,63,4106,549
5559444,71,4094,527
5559445,86,4073,504
5559446,94,4061,490
5559447,101,4058,492
5559448,116,4057,501
5559449,130,4054,507
5559450,150,4054,507
5559451,160,4066,495
5559452,156,4088,461
5559453,144,4106,414
5559454,127,4114,369
5559455,103,4126,325
5559456,72,4131,299
5559457,40,4129,310
5559458,-37,4131,381
5559459,-78,4129,418
5559460,-121,4131,448
5559461,-158,4132,474
5559462,-174,4133,504
5559463,-160,4134,529
5559464,-123,4139,533
5559465,-71,4142,539
5559466,-13,4140,555
5559467,42,4148,579
5559468,99,4162,600
5559469,147,4165,620
5559470,186,4162,650
5559471,222,4162,669
5559472,244,4165,687
5559473,262,4169,709
5559474,277,4167,722
5559475,286,4160,739
5559476,296,4152,750
5559477,299,4148,746
5559478,293,4142,746
5559479,293,4137,742
5559480,300,4130,736
5559481,311,4120,728
5559482,329,4113,711
5559483,339,4108,694
5559484,338,4106,686
5559485,330,4102,674
5559486,314,4098,654
5559487,297,4102,639
5559488,283,4108,622
5559489,262,4103,604
5559490,229,4091,593
5559491,198,4079,590
5559492,179,4069,592
5559493,165,4064,596
5559494,154,4067,596
5559495,148,4075,596
5559496,138,4076,606
5559497,116,4076,609
5559498,113,4078,602
5559499,107,4079,602
5559500,102,4079,607
5559501,94,4075,615
5559502,86,4070,625
5559503,81,4066,631
5559504,76,4056,628
5559505,73,4050,619
5559506,80,4048,611
5559507,89,4040,602
5559508,92,4026,587
5559509,93,4014,572
5559510,105,4002,568
5559511,123,3994,562
5559512,132,3994,541
5559513,139,3993,522
5559514,146,3988,504
5559515,148,3983,486
5559516,143,3979,481
5559517,134,3975,485
5559518,126,3979,480
5559519,125,3991,462
5559520,129,4006,456
5559521,127,4025,481
5559522,123,4037,500
5559523,122,4037,511
5559524,125,4039,535
5559525,134,4047,559
5559526,149,4054,578
5559527,169,4055,598
5559528,198,4060,622
5559529,226,4071,658
5559530,246,4075,696
5559531,263,4072,722
5559532,279,4071,743
5559533,299,4066,763
5559534,321,4056,776
5559535,335,4047,775
5559536,349,4044,798
5559537,354,4046,806
5559538,357,4041,793
5559539,356,4034,779
5559540,359,4035,758
5559541,358,4039,737
5559542,356,4044,730
5559543,339,4047,705
5559544,307,4052,660
5559545,276,4057,633
5559546,248,4057,625
5559547,223,4057,621
5559548,194,4058,615
5559549,163,4060,606
5559550,142,4063,589
5559551,126,4068,562
5559552,113,4072,537
5559553,104,4070,518
5559554,101,4070,523
5559555,98,4075,543
5559556,95,4086,559
5559557,98,4098,576
5559558,96,4107,578
5559559,92,4111,572
5559560,96,4110,574
5559561,101,4105,578
5559562,102,4098,591
5559563,102,4093,614
5559564,108,4099,634
5559565,123,4112,651
5559566,137,4124,669
5559567,146,4130,687
5559568,164,4155,694
5559569,194,4260,670
5559570,247,4617,622
5559571,396,5293,524
5559572,723,5936,302
5559573,1180,6072,34
5559574,1751,5376,84
5559575,1640,4999,383
5559576,1273,4645,839
5559577,746,4337,1392
5559578,184,4103,1938
5559579,-296,3953,2385
5559580,-614,3877,2656
5559581,-731,3860,2707
5559582,-642,3877,2534
5559583,-400,3901,2167
5559584,-112,3931,1670
5559585,126,3984,1118
5559586,281,4081,584
5559587,351,4205,121
5559588,347,4301,-237
5559589,286,4338,-476
5559590,166,4337,-599
5559591,-7,4331,-606
5559592,-209,4329,-510
5559593,-403,4329,-351
5559594,-559,4319,-176
5559595,-677,4284,-9
5559596,-759,4232,155
5559597,-816,4186,309
5559598,-831,4157,444
5559599,-780,4138,541
5559600,-681,4121,604
5559601,-555,4105,664
5559602,-414,4090,718
5559603,-273,4081,741
5559604,-16,4078,776
5559605,88,4095,769
5559606,175,4109,735
5559607,244,4106,692
5559608,291,4104,656
5559609,325,4100,622
5559610,352,4087,585
5559611,371,4069,548
5559612,391,4056,510
5559613,415,4050,481
5559614,436,4046,474
5559615,445,4048,486
5559616,436,4049,520
5559617,419,4055,555
5559618,396,4064,584
5559619,364,4048,600
5559620,333,4037,607
5559621,297,4062,616
5559622,264,4084,626
5559623,236,4089,630
5559624,198,4095,621
5559625,164,4108,617
5559626,142,4105,611
5559627,130,4084,613
5559628,124,4064,623
5559629,129,4070,624
5559630,137,4096,616
5559631,140,4105,600
5559632,148,4105,601
5559633,162,4107,618
5559634,181,4107,625
5559635,192,4117,629
5559636,185,4116,633
5559637,163,4106,642
5559638,132,4105,655
5559639,104,4093,668
5559640,73,4081,680
5559641,39,4081,684
5559642,13,4077,690
5559643,-10,4068,692
5559644,-47,4079,631
5559645,-68,4105,610
5559646,-81,4121,580
5559647,-77,4111,549
5559648,-88,4092,536
5559649,-122,4099,528
5559650,-149,4113,522
5559651,-168,4121,521
5559652,-182,4115,529
5559653,-181,4091,546
5559654,-177,4068,569
5559655,-175,4055,589
5559656,-169,4055,587
5559657,-158,4065,563
5559658,-133,4075,546
5559659,-104,4067,536
5559660,-86,4054,530
5559661,-77,4064,528
5559662,-60,4085,520
5559663,-27,4083,505
5559664,-3,4071,496
5559665,9,4074,502
5559666,28,4065,521
5559667,49,4044,538
5559668,56,4049,562
5559669,59,4065,582
5559670,60,4068,611
5559671,66,4048,663
5559672,84,4017,703
5559673,107,4009,713
5559674,131,3992,717
5559675,142,3979,734
5559676,113,3995,756
5559677,60,4003,776
5559678,25,3992,786
5559679,14,3960,749
5559680,35,3941,697
5559681,71,3932,638
5559682,113,3936,581
5559683,145,3930,540
5559684,164,3925,522
5559685,165,3917,522
5559686,149,3902,538
5559687,118,3892,558
5559688,85,3878,570
5559689,55,3855,559
5559690,37,3834,547
5559691,23,3825,539
5559692,10,3830,521
5559693,8,3839,507
5559694,12,3847,520
5559695,11,3849,557
5559696,6,3848,591
5559697,6,3852,608
5559698,14,3854,612
5559699,30,3856,629
5559700,48,3859,667
5559701,74,3864,690
5559702,104,3867,710
5559703,122,3867,758
5559704,140,3867,810
5559705,165,3867,850
5559706,196,3869,893
5559707,226,3879,931
5559708,245,3890,965
5559709,258,3906,981
5559710,278,3921,972
5559711,297,3933,961
5559712,310,3943,943
5559713,311,3948,919
5559714,299,3960,925
5559715,275,3974,954
5559716,233,3969,976
5559717,195,3956,988
5559718,160,3959,998
5559719,121,3980,1002
5559720,115,3980,946
5559721,110,3991,965
5559722,90,4019,987
5559723,87,4032,961
5559724,93,4040,944
5559725,85,4068,961
5559726,79,4098,953
5559727,97,4106,923
5559728,114,4116,915
5559729,120,4147,913
5559730,144,4159,891
5559731,180,4151,886
5559732,201,4153,924
5559733,212,4164,958
5559734,235,4155,961
5559735,256,4137,986
5559736,245,4139,1031
5559737,239,4137,1036
5559738,264,4126,1005
5559739,282,4108,969
5559740,284,4085,977
5559741,264,4079,1021
5559742,232,4082,1015
5559743,228,4069,955
5559744,236,4056,887
5559745,220,4043,832
5559746,188,4021,782
5559747,158,4004,710
5559748,135,3983,641
5559749,100,3967,617
5559750,48,3958,597
5559751,12,3942,570
5559752,-18,3941,558
5559753,-51,3953,520
5559754,-58,3956,460
5559755,-42,3952,431
5559756,-52,3957,468
5559757,-93,3965,528
5559758,-71,3977,563
5559759,-63,4031,567
5559760,-34,4068,499
5559761,22,4073,468
5559762,39,4079,519
5559763,27,4086,636
5559764,5,4108,749
5559765,4,4127,794
5559766,30,4138,823
5559767,42,4162,836
5559768,56,4178,832
5559769,86,4193,816
5559770,124,4211,784
5559771,144,4226,792
5559772,136,4252,815
5559773,145,4278,802
5559774,167,4290,764
5559775,165,4289,781
5559776,133,4286,863
5559777,103,4278,928
5559778,90,4283,960
5559779,86,4297,885
5559780,117,4282,781
5559781,120,4251,821
5559782,46,4254,1002
5559783,-21,4262,1125
5559784,-8,4249,1114
5559785,15,4255,1065
5559786,9,4251,1031
5559787,21,4263,1038
5559788,45,4298,989
5559789,107,4293,878
5559790,165,4280,819
5559791,174,4287,811
5559792,213,4278,726
5559793,207,4260,708
5559794,192,4249,761
5559795,149,4261,829
5559796,126,4255,836
5559797,125,4242,785
5559798,111,4236,726
5559799,90,4233,714
5559800,58,4249,731
5559801,25,4255,710
5559802,25,4242,674
5559803,10,4249,680
5559804,-29,4263,703
5559805,-31,4270,707
5559806,-25,4271,704
5559807,-62,4273,722
5559808,-86,4287,700
5559809,-44,4286,620
5559810,-2,4279,595
5559811,-5,4290,631
5559812,5,4281,634
5559813,47,4262,598
5559814,76,4260,579
5559815,79,4259,608
5559816,89,4265,615
5559817,121,4256,551
5559818,139,4241,497
5559819,122,4236,516
5559820,100,4231,590
5559821,79,4222,632
5559822,62,4209,622
5559823,51,4189,593
5559824,39,4158,577
5559825,21,4152,627
5559826,-11,4173,654
5559827,-16,4169,610
5559828,-15,4169,590
5559829,-26,4166,633
5559830,-18,4142,629
5559831,-2,4116,634
5559832,-4,4111,695
5559834,-12,4111,740
5559835,0,4096,730
5559836,27,4077,717
5559837,31,4080,729
5559838,11,4103,726
5559839,17,4098,705
5559840,19,4084,743
5559841,-24,4097,811
5559842,-49,4105,840
5559843,-31,4117,804
5559844,15,4114,724
5559845,59,4104,689
5559846,80,4116,680
5559847,100,4124,644
5559848,126,4131,612
5559849,122,4137,594
5559850,97,4133,605
5559851,78,4129,665
5559852,49,4126,740
5559853,24,4128,779
5559854,27,4123,768
5559855,39,4102,766
5559856,37,4106,789
5559857,30,4118,775
5559858,48,4114,759
5559859,66,4131,793
5559860,75,4158,807
5559861,110,4177,781
5559862,149,4187,739
5559863,169,4183,711
5559864,167,4168,730
5559865,145,4181,750
5559866,156,4176,722
5559867,153,4187,696
5559868,153,4199,706
5559869,150,4206,768
5559870,133,4213,839
5559871,132,4222,882
5559872,143,4222,890
5559873,155,4215,897
5559874,158,4209,930
5559875,145,4219,972
5559876,146,4244,968
5559877,181,4254,883
5559878,211,4249,822
5559879,191,4245,883
5559880,141,4249,971
5559881,123,4249,956
5559882,139,4237,846
5559883,145,4226,776
5559884,130,4209,777
5559885,114,4184,798
5559886,114,4171,818
5559887,121,4154,797
5559888,125,4127,752
5559889,122,4109,745
5559890,124,4089,764
5559891,112,4072,800
5559892,95,4061,828
5559893,84,4045,825
5559894,76,4029,834
5559895,75,4023,893
5559896,66,4039,958
5559897,67,4049,961
5559898,89,4064,923
5559899,119,4078,867
5559900,146,4096,833
5559901,171,4120,796
5559902,205,4132,764
5559903,219,4155,770
5559904,227,4177,763
5559905,201,4188,774
5559906,164,4199,774
5559907,154,4211,730
5559908,157,4211,681
5559909,156,4201,715
5559910,128,4206,798
5559911,103,4193,831
5559912,95,4159,830
5559913,77,4143,852
5559914,55,4143,898
5559915,56,4141,895
5559916,79,4141,844
5559917,105,4144,786
5559918,124,4148,767
5559919,123,4175,786
5559920,130,4202,768
5559921,168,4200,763
5559922,168,4207,828
5559923,128,4220,884
5559924,116,4221,883
5559925,104,4236,876
5559926,85,4243,897
5559927,88,4239,935
5559928,103,4259,972
5559929,114,4285,952
5559930,148,4291,882
5559931,173,4311,846
5559932,161,4339,841
5559933,178,4347,842
5559934,203,4356,873
5559935,170,4379,920
5559936,138,4397,935
5559937,148,4404,918
5559938,147,4421,929
5559939,117,4440,926
5559940,112,4447,890
5559941,115,4440,865
5559942,99,4440,928
5559943,105,4444,967
5559944,108,4439,990
5559945,118,4420,1036
5559946,124,4408,1131
5559947,117,4395,1210
5559948,130,4369,1257
5559949,142,4371,1242
5559950,164,4368,1163
5559951,189,4358,1099
5559952,182,4371,1056
5559953,185,4375,974
5559954,205,4359,894
5559955,196,4348,887
5559956,151,4331,877
5559957,115,4325,836
5559958,80,4332,765
5559959,50,4309,673
5559960,39,4287,653
5559961,-2,4289,701
5559962,-36,4284,763
5559963,-55,4277,780
5559964,-67,4273,749
5559965,-58,4272,718
5559966,-68,4281,699
5559967,-57,4267,729
5559968,-52,4268,826
5559969,-68,4281,882
5559970,-53,4290,882
5559971,-53,4321,843
5559972,-41,4337,789
5559973,-13,4402,757
5559974,-7,4416,725
5559975,14,4433,723
5559976,20,4446,787
5559977,6,4473,888
5559978,6,4494,905
5559979,32,4516,855
5559980,44,4527,779
5559981,55,4514,781
5559982,42,4527,856
5559983,27,4515,897
5559984,17,4495,923
5559985,-1,4494,965
5559986,-36,4503,977
5559987,-32,4490,929
5559988,9,4470,889
5559989,-7,4464,870
5559990,-18,4462,865
5559991,-28,4471,819
5559992,-2,4455,742
5559993,26,4438,685
5559994,-13,4407,665
5559995,-43,4399,684
5559996,-66,4415,614
5559997,-70,4387,496
5559998,-82,4348,442
5559999,-118,4341,484
5560000,-134,4333,522
5560001,-142,4322,554
5560002,-160,4318,571
5560003,-175,4315,575
5560004,-160,4313,547
5560005,-134,4306,528
5560006,-119,4313,529
5560007,-95,4300,509
5560008,-66,4287,494
5560009,-56,4274,478
5560010,-47,4256,502
5560011,-53,4262,517
5560012,-39,4234,471
5560013,-28,4193,439
5560014,-34,4172,430
5560015,-39,4156,424
5560016,-62,4103,353
5560017,-75,3995,269
5560018,-121,3891,183
5560019,-214,3774,-58
5560020,-376,3682,-496
5560021,-780,3734,-1168
5560022,-1372,3829,-1830
5560023,-1621,3853,-1573
5560024,-1353,3871,-288
5560025,-1037,3845,809
5560026,-890,3718,1157
5560027,-529,3660,1816
5560028,-376,3747,2101
5560030,-186,3756,2071
5560031,98,3789,2081
5560032,371,3883,2172
5560033,630,3973,2186
5560034,934,4058,2161
5560035,1221,4163,2112
5560036,1434,4255,2017
5560037,1568,4307,1897
5560038,1611,4328,1735
5560039,1572,4326,1562
5560040,1450,4307,1410
5560041,1257,4269,1272
5560042,1059,4220,1157
5560043,869,4174,1094
5560044,672,4133,1080
5560045,498,4084,1073
5560046,357,4029,1072
5560047,235,3980,1093
5560048,124,3937,1118
5560049,24,3896,1127
5560050,-67,3867,1117
5560051,-153,3854,1081
5560052,-231,3843,1033
5560053,-284,3822,977
5560054,-316,3808,914
5560055,-337,3816,852
5560056,-333,3845,781
5560057,-307,3886,701
5560058,-252,3925,616
5560059,-179,3955,543
5560060,-105,3974,500
5560061,-30,3991,487
5560062,89,4027,501
5560063,126,4031,523
5560064,149,4032,553
5560065,162,4036,591
5560066,166,4043,634
5560067,159,4051,677
5560068,149,4054,715
5560069,138,4059,743
5560070,126,4068,762
5560071,106,4073,776
5560072,85,4075,795
5560073,67,4081,821
5560074,51,4097,834
5560075,32,4115,833
5560076,7,4132,833
5560077,-14,4138,830
5560078,-25,4136,825
5560079,-26,4135,824
5560080,-21,4138,829
5560081,-9,4142,837
5560082,7,4150,846
5560083,17,4159,851
5560084,34,4162,854
5560085,60,4156,868
5560086,97,4143,885
5560087,134,4130,897
5560088,165,4115,905
5560089,195,4099,925
5560090,227,4083,946
5560091,257,4066,959
5560092,280,4049,966
5560093,297,4029,959
5560094,315,4003,950
5560095,321,3974,939
5560096,312,3950,912
5560097,303,3933,879
5560098,298,3917,863
5560099,277,3904,833
5560100,242,3892,782
5560101,192,3873,709
5560102,179,3863,675
5560103,167,3851,644
5560104,151,3851,606
5560105,139,3856,570
5560106,123,3860,552
5560107,97,3856,550
5560108,69,3845,561
5560109,42,3838,584
5560110,8,3833,608
5560111,-26,3835,623
5560112,-51,3841,642
5560113,-77,3850,652
5560114,-93,3862,640
5560115,-93,3876,626
5560116,-91,3891,623
5560117,-95,3905,629
5560118,-104,3913,625
5560119,-107,3916,607
5560120,-98,3920,582
5560121,-87,3925,551
5560122,-85,3927,518
5560123,-86,3930,493
5560124,-90,3933,475
5560125,-102,3934,458
5560126,-117,3938,438
5560127,-127,3940,412
5560128,-139,3933,378
5560129,-152,3921,342
5560130,-160,3907,317
5560131,-159,3896,305
5560132,-151,3892,291
5560133,-147,3893,280
5560134,-146,3893,275
5560135,-144,3892,265
5560136,-141,3895,255
5560137,-124,3888,258
5560138,-116,3884,263
5560139,-113,3880,284
5560140,-113,3881,307
5560141,-109,3889,335
5560142,-99,3893,369
5560143,-86,3897,389
5560144,-76,3896,409
5560145,-61,3894,441
5560146,-40,3897,471
5560147,-11,3894,496
5560148,27,3890,524
5560149,65,3890,560
5560150,103,3886,594
5560151,141,3877,623
5560152,170,3865,653
5560153,196,3845,685
5560154,228,3823,714
5560155,255,3810,735
5560156,268,3794,747
5560157,269,3773,744
5560158,266,3760,739
5560159,266,3753,744
5560160,265,3751,750
5560161,255,3751,736
5560162,248,3747,710
5560163,242,3741,680
5560164,226,3740,651
5560165,212,3738,623
5560166,206,3736,583
5560167,199,3739,547
5560168,189,3741,519
5560169,174,3747,495
5560170,156,3762,486
5560171,139,3769,478
5560172,127,3763,457
5560173,95,3739,456
5560174,85,3735,471
5560175,66,3733,481
5560176,44,3731,494
5560177,32,3733,500
5560178,32,3745,500
5560179,35,3752,501
5560180,37,3755,505
5560181,43,3760,505
5560182,55,3760,501
5560183,66,3762,508
5560184,74,3773,520
5560185,86,3784,535
5560186,95,3797,551
5560187,105,3819,564
5560188,121,3844,579
5560189,136,3872,598
5560190,149,3902,626
5560191,160,3917,663
5560192,169,3930,702
5560193,175,3951,742
5560194,176,3970,772
5560195,174,3981,798
5560196,177,3993,829
5560197,183,4002,856
5560198,189,4003,877
5560199,189,4001,903
5560200,190,3996,927
5560201,203,3999,938
5560202,213,4012,943
5560203,216,4018,948
5560204,218,4021,939
5560205,224,4025,917
5560206,227,4036,905
5560207,233,4048,901
5560208,245,4052,885
5560209,254,4056,860
5560210,261,4056,851
5560211,261,4058,852
5560212,249,4060,852
5560213,254,4052,859
5560214,256,4044,856
5560215,250,4034,849
5560216,248,4027,849
5560217,245,4023,853
5560218,234,4018,859
5560219,227,4017,862
5560220,222,4020,850
5560221,210,4023,830
5560222,202,4029,809
5560223,195,4032,786
5560224,184,4033,758
5560225,173,4043,730
5560226,154,4056,712
5560227,126,4063,700
5560228,99,4065,679
5560229,74,4071,657
5560230,46,4074,647
5560231,28,4069,644
5560232,24,4068,652
5560233,19,4070,676
5560234,11,4069,696
5560235,6,4068,708
5560236,8,4065,721
5560237,10,4059,724
5560238,18,4063,710
5560239,30,4072,697
5560240,43,4073,691
5560241,57,4080,682
5560242,77,4098,674
5560243,103,4109,673
5560244,125,4115,666
5560245,141,4124,654
5560246,157,4133,652
5560247,174,4138,652
5560248,188,4141,653
5560249,195,4144,662
5560250,199,4142,666
5560251,187,4126,632
5560252,166,4116,634
5560253,142,4106,638
5560254,111,4094,635
5560255,82,4081,631
5560256,54,4069,623
5560257,26,4059,603
5560258,0,4055,574
5560259,-23,4054,542
5560260,-42,4054,521
5560261,-66,4056,505
5560262,-90,4061,477
5560263,-112,4078,450
5560264,-125,4098,429
5560265,-117,4113,417
5560266,-104,4123,407
5560267,-92,4135,407
5560268,-80,4147,414
5560269,-65,4151,432
5560270,-42,4153,468
5560271,-18,4152,511
5560272,3,4152,555
5560273,28,4157,595
5560274,64,4163,638
5560275,97,4165,682
5560276,124,4165,724
5560277,155,4164,752
5560278,182,4161,769
5560279,200,4153,791
5560280,219,4142,816
5560281,238,4136,844
5560282,251,4129,858
5560283,257,4113,849
5560284,253,4096,831
5560285,243,4090,814
5560286,240,4094,800
5560287,234,4097,785
5560288,221,4102,764
5560289,185,4128,720
5560290,156,4141,718
5560291,129,4156,725
5560292,104,4157,727
5560293,84,4150,716
5560294,68,4157,709
5560295,57,4170,721
5560296,49,4171,729
5560297,40,4165,733
5560298,33,4162,740
5560299,34,4162,742
5560300,40,4164,740
5560301,49,4173,741
5560302,61,4182,746
5560303,73,4185,748
5560304,85,4191,740
5560305,98,4193,734
5560306,110,4196,725
5560307,114,4203,708
5560308,117,4209,698
5560309,122,4215,694
5560310,122,4222,687
5560311,120,4229,684
5560312,117,4231,689
5560313,108,4230,697
5560314,105,4229,708
5560315,110,4231,702
5560316,105,4226,686
5560317,87,4219,684
5560318,65,4209,687
5560319,47,4200,685
5560320,37,4199,690
5560321,29,4196,684
5560322,17,4183,670
5560323,13,4171,674
5560324,17,4170,684
5560325,23,4171,677
5560326,28,4168,650
5560327,33,4169,622
5560328,34,4172,596
5560329,27,4177,583
5560330,21,4192,567
5560331,29,4202,557
5560332,44,4203,563
5560333,66,4203,578
5560334,84,4206,588
5560335,101,4207,600
5560336,115,4196,625
5560337,118,4188,657
5560338,115,4180,673
5560339,117,4163,682
5560340,118,4144,703
5560341,120,4125,731
5560342,127,4101,759
5560343,128,4082,772
5560344,126,4067,772
5560345,126,4044,768
5560346,124,4025,752
5560347,122,4007,718
5560348,117,3993,682
5560349,105,3990,652
5560350,91,3992,618
5560351,81,3995,579
5560352,78,3999,555
5560353,65,4002,540
5560354,42,4005,514
5560355,19,4009,487
5560356,-1,4009,475
5560357,-13,3998,475
5560358,-16,3987,497
5560359,-15,3980,530
5560360,-10,3971,559
5560361,2,3967,593
5560362,19,3963,620
5560363,44,3958,639
5560364,98,3945,674
5560365,124,3938,688
5560366,150,3929,692
5560367,175,3919,707
5560368,208,3912,726
5560369,248,3914,738
5560370,272,3916,739
5560371,278,3905,732
5560372,281,3899,737
5560373,291,3909,747
5560374,304,3922,744
5560375,303,3925,740
5560376,297,3923,742
5560377,295,3929,737
5560378,288,3942,722
5560379,272,3951,719
5560380,253,3951,735
5560381,234,3954,748
5560382,217,3965,739
5560383,203,3973,730
5560384,188,3981,733
5560385,178,3985,745
5560386,173,3987,767
5560387,168,3995,772
5560388,169,4006,766
5560389,176,4018,767
5560390,179,4025,773
5560391,177,4027,780
5560392,175,4032,786
5560393,177,4043,787
5560394,179,4056,780
5560395,174,4062,783
5560396,162,4060,791
5560397,156,4068,791
5560398,147,4079,798
5560399,129,4074,802
5560400,115,4070,801
5560401,118,4072,817
5560402,131,4073,832
5560403,140,4066,822
5560404,141,4049,797
5560405,121,4054,763
5560406,106,4048,754
5560407,90,4043,749
5560408,66,4051,742
5560409,47,4056,719
5560410,38,4057,689
5560411,25,4060,667
5560412,7,4064,649
5560413,-2,4067,638
5560414,-6,4075,635
5560415,-14,4090,628
5560416,-21,4099,613
5560417,-29,4101,607
5560418,-33,4103,616
5560419,-27,4108,629
5560420,-26,4111,635
5560421,-34,4115,637
5560422,-34,4121,640
5560423,-28,4129,652
5560424,-28,4134,668
5560425,-26,4133,677
5560426,-20,4140,684
5560427,-7,4146,698
5560428,9,4145,716
5560429,36,4143,727
5560430,71,4146,734
5560431,101,4145,744
5560432,124,4128,745
5560433,146,4109,743
5560434,175,4089,760
5560435,206,4073,787
5560436,237,4065,804
5560437,255,4051,812
5560438,259,4030,820
5560439,262,4018,840
5560440,263,4015,852
5560441,252,4014,841
5560442,236,4015,839
5560443,227,4017,844
5560444,214,4027,850
5560445,207,4026,854
5560446,188,4030,856
5560447,171,4040,837
5560448,161,4051,809
5560449,154,4061,792
5560450,154,4069,775
5560451,150,4080,758
5560452,141,4090,744
5560453,131,4101,738
5560454,121,4119,744
5560455,113,4130,750
5560456,110,4131,756
5560457,112,4132,752
5560458,111,4133,746
5560459,96,4134,757
5560460,78,4139,763
5560461,67,4137,769
5560462,62,4133,777
5560463,64,4136,769
5560464,69,4139,750
5560465,68,4144,739
5560466,75,4175,729
5560467,104,4344,706
5560468,190,4799,667
5560469,412,5417,553
5560470,745,5951,338
5560471,1095,6233,106
5560472,1447,6102,-42
5560473,1663,5684,15
5560474,1557,5255,358
5560475,1159,4863,893
5560476,574,4494,1513
5560477,-73,4196,2163
5560478,-619,3976,2701
5560479,-968,3842,3016
5560480,-1005,3813,2819
5560481,-732,3871,2320
5560482,-381,3964,1695
5560483,-40,4062,1020
5560484,210,4151,365
5560485,319,4243,-160
5560486,301,4331,-509
5560487,193,4375,-709
5560488,9,4387,-774
5560489,-227,4385,-720
5560490,-474,4372,-579
5560491,-707,4351,-399
5560492,-901,4306,-209
5560493,-1038,4243,-27
5560494,-1108,4188,144
5560495,-1101,4152,283
5560496,-1018,4126,382
5560497,-886,4116,461
5560498,-725,4118,512
5560500,-531,4108,537
5560501,-336,4086,558
5560502,-169,4077,572
5560503,47,4059,593
5560504,112,4077,603
5560505,181,4072,586
5560506,248,4051,576
5560507,317,4047,565
5560508,402,4052,541
5560509,488,4049,525
5560510,554,4040,512
5560511,607,4033,504
5560512,639,4027,523
5560513,632,4027,564
5560514,590,4031,613
5560515,525,4024,656
5560516,444,4023,685
5560517,370,4034,702
5560518,305,4053,727
5560519,237,4077,769
5560520,161,4105,803
5560521,76,4142,823
5560522,7,4161,849
5560523,-35,4137,879
5560524,-57,4105,892
5560525,-60,4101,878
5560526,-32,4104,853
5560527,16,4096,845
5560528,63,4092,850
5560529,110,4084,859
5560530,148,4075,864
5560531,175,4069,848
5560532,207,4057,812
5560533,240,4056,768
5560534,268,4067,716
5560535,297,4094,653
5560536,327,4115,590
5560537,352,4107,549
5560538,367,4097,551
5560539,362,4079,579
5560540,335,4066,630
5560541,208,4100,704
5560542,137,4100,722
5560543,76,4089,754
5560544,19,4080,779
5560545,-19,4086,782
5560546,-36,4104,768
5560547,-46,4117,758
5560548,-48,4111,758
5560549,-50,4089,764
5560550,-54,4089,783
5560551,-44,4103,788
5560552,-27,4096,781
5560553,-24,4064,789
5560554,-32,4030,788
5560555,-39,4025,770
5560556,-41,4040,745
5560557,-38,4055,723
5560558,-19,4064,691
5560559,12,4060,660
5560560,42,4042,670
5560561,72,4016,702
5560562,85,3997,713
5560563,72,4006,704
5560564,59,4037,696
5560565,49,4036,688
5560566,24,4010,684
5560567,0,3998,686
5560568,-22,3997,688
5560569,-48,3999,692
5560570,-70,3981,690
5560571,-104,3980,691
5560572,-125,4002,686
5560573,-126,3998,662
5560574,-123,3985,645
5560575,-109,3961,646
5560576,-108,3935,660
5560577,-122,3925,674
5560578,-118,3937,671
5560579,-87,3935,658
5560580,-41,3923,644
5560581,7,3909,633
5560582,64,3909,624
5560583,128,3905,620
5560584,183,3887,630
5560585,217,3872,645
5560586,246,3861,654
5560587,269,3851,665
5560588,275,3860,682
5560589,283,3873,695
5560590,310,3867,707
5560591,343,3859,726
5560592,365,3866,733
5560593,377,3879,735
5560594,385,3883,740
5560595,387,3887,755
5560596,382,3900,770
5560597,371,3906,777
5560598,358,3906,782
5560599,339,3907,789
5560600,313,3906,808
5560601,300,3915,835
5560602,301,3926,858
5560603,311,3929,874
5560604,322,3921,879
5560605,319,3916,876
5560606,317,3929,871
5560607,329,3941,872
5560608,342,3951,876
5560609,345,3964,877
5560610,349,3979,880
5560611,356,3992,882
5560612,358,3993,877
5560613,360,3993,869
5560614,361,3995,875
5560615,361,3994,897
5560616,360,3992,911
5560617,361,3994,920
5560618,357,4002,937
5560619,335,4014,974
5560620,321,4016,1003
5560621,309,4018,1039
5560622,294,4023,1065
5560623,270,4034,1084
5560624,241,4031,1106
5560625,211,4025,1132
5560626,186,4023,1153
5560627,166,4021,1162
5560628,151,4042,1164
5560629,137,4070,1158
5560630,124,4082,1146
5560631,113,4088,1137
5560632,105,4095,1123
5560633,96,4100,1102
5560634,98,4108,1081
5560635,105,4115,1058
5560636,101,4111,1052
5560637,96,4099,1068
5560638,80,4090,1082
5560639,55,4094,1091
5560640,45,4099,1085
5560641,52,4098,1060
5560642,63,4105,1037
5560643,70,4125,1007
5560644,67,4140,980
5560645,69,4144,985
5560646,78,4143,1016
5560647,73,4147,1046
5560648,67,4156,1054
5560649,61,4154,1053
5560650,51,4150,1050
5560651,52,4141,1036
5560652,48,4122,1027
5560653,42,4117,1032
5560654,51,4117,1028
5560655,67,4112,1027
5560656,71,4093,1044
5560657,83,4081,1020
5560658,108,4071,974
5560659,131,4068,942
5560660,138,4069,912
5560661,155,4062,872
5560662,173,4055,847
5560663,180,4052,841
5560664,183,4051,834
5560665,185,4046,819
5560666,188,4042,797
5560667,184,4041,773
5560668,173,4039,783
5560672,145,4059,814
5560673,141,4072,832
5560674,151,4077,840
5560675,179,4075,841
5560676,178,4078,856
5560677,165,4091,870
5560678,165,4089,877
5560679,153,4080,898
5560680,134,4081,916
5560681,130,4085,904
5560682,138,4085,877
5560683,142,4085,881
5560684,126,4083,934
5560685,109,4078,998
5560686,119,4076,1031
5560687,133,4078,1030
5560688,142,4084,1009
5560689,141,4088,979
5560690,138,4079,950
5560691,148,4073,945
5560692,127,4081,982
5560693,88,4085,1010
5560694,75,4083,1010
5560695,45,4072,1004
5560696,34,4073,997
5560697,23,4082,1003
5560698,15,4083,1007
5560699,17,4089,995
5560700,27,4098,944
5560701,47,4102,869
5560702,63,4113,824
5560703,65,4138,809
5560704,81,4151,796
5560705,106,4151,838
5560706,83,4162,949
5560707,44,4170,1020
5560708,51,4174,1002
5560709,68,4179,922
5560710,72,4185,839
5560711,77,4189,797
5560712,85,4188,760
5560713,99,4191,742
5560714,95,4191,713
5560715,101,4170,664
5560716,104,4151,697
5560717,56,4151,793
5560718,14,4141,849
5560719,0,4127,832
5560720,5,4133,766
5560721,33,4142,666
5560722,72,4146,573
5560723,98,4150,527
5560724,95,4155,520
5560725,89,4163,522
5560726,79,4175,497
5560727,53,4194,454
5560728,36,4201,405
5560729,19,4191,375
5560730,-18,4184,393
5560731,-62,4194,401
5560732,-68,4171,418
5560733,-104,4175,539
5560734,-127,4172,634
5560735,-113,4155,678
5560736,-100,4152,713
5560737,-81,4154,748
5560738,-40,4153,769
5560739,-2,4168,800
5560740,24,4186,813
5560741,62,4200,775
5560742,118,4221,718
5560743,158,4231,672
5560744,165,4218,705
5560745,140,4204,829
5560746,99,4208,931
5560747,101,4208,909
5560748,134,4203,811
5560749,141,4209,765
5560750,132,4201,782
5560751,118,4195,808
5560752,102,4199,795
5560753,95,4190,752
5560754,80,4188,763
5560755,46,4201,827
5560756,23,4202,866
5560757,14,4202,885
5560758,7,4204,891
5560759,14,4193,895
5560760,11,4193,922
5560761,8,4197,955
5560762,13,4202,976
5560763,25,4204,978
5560764,42,4209,985
5560765,56,4220,963
5560766,84,4216,924
5560767,106,4210,923
5560768,104,4220,909
5560769,119,4226,836
5560770,149,4197,736
5560771,108,4187,805
5560772,66,4163,861
5560773,43,4144,855
5560774,33,4142,796
5560775,28,4131,741
5560776,17,4118,738
5560777,-1,4111,776
5560778,-21,4098,857
5560779,-54,4087,948
5560780,-75,4080,988
5560781,-72,4084,944
5560782,-53,4101,847
5560783,-14,4106,786
5560784,15,4116,793
5560785,39,4141,799
5560786,70,4145,745
5560787,91,4150,711
5560788,84,4178,706
5560789,82,4197,703
5560790,71,4196,698
5560791,38,4182,723
5560792,0,4171,805
5560793,-42,4178,845
5560794,-50,4169,800
5560795,-45,4145,744
5560796,-60,4136,750
5560797,-72,4129,799
5560798,-77,4136,815
5560799,-67,4145,777
5560800,-47,4134,737
5560801,-70,4151,757
5560802,-72,4172,762
5560803,-66,4183,711
5560804,-56,4185,660
5560805,-48,4175,653
5560806,-39,4150,704
5560807,-47,4136,786
5560808,-42,4133,838
5560809,-17,4132,850
5560810,-3,4130,869
5560811,11,4132,887
5560812,36,4125,834
5560813,56,4109,775
5560814,46,4107,788
5560815,42,4111,815
5560816,64,4114,813
5560817,82,4112,797
5560818,84,4111,837
5560819,65,4119,895
5560820,62,4132,882
5560821,76,4153,771
5560822,87,4159,630
5560823,81,4153,592
5560824,61,4155,621
5560825,52,4154,657
5560826,31,4155,702
5560827,8,4168,757
5560828,-12,4180,798
5560829,-26,4183,821
5560830,-17,4183,819
5560831,0,4176,842
5560832,2,4181,929
5560833,3,4195,966
5560834,35,4191,946
5560835,58,4204,969
5560836,46,4234,1012
5560837,46,4259,1017
5560838,116,4284,896
5560839,143,4277,878
5560840,152,4260,927
5560841,126,4246,1000
5560842,97,4229,1028
5560843,80,4217,997
5560844,69,4217,935
5560845,60,4229,880
5560846,70,4225,822
5560847,84,4214,775
5560848,83,4216,750
5560849,77,4214,742
5560850,60,4222,765
5560851,54,4218,771
5560852,65,4191,775
5560853,56,4177,792
5560854,45,4163,820
5560855,42,4151,869
5560856,35,4148,896
5560857,43,4137,876
5560858,72,4125,861
5560859,79,4125,875
5560860,78,4129,856
5560861,85,4129,819
5560862,91,4132,780
5560863,97,4136,733
5560864,97,4133,729
5560865,76,4133,764
5560866,51,4145,782
5560867,31,4154,756
5560868,4,4164,719
5560869,-9,4174,679
5560870,-24,4180,662
5560871,-35,4190,678
5560872,-42,4199,688
5560873,-53,4209,688
5560874,-67,4233,658
5560875,-70,4247,562
5560876,-63,4235,509
5560877,-72,4234,599
5560878,-83,4234,704
5560879,-84,4232,752
5560880,-73,4214,779
5560881,-68,4207,820
5560882,-57,4206,867
5560883,-39,4198,905
5560884,-24,4193,913
5560885,-13,4186,898
5560886,0,4189,878
5560887,10,4201,858
5560888,17,4200,837
5560889,16,4193,829
5560890,-4,4202,823
5560891,-14,4200,793
5560892,-17,4186,791
5560893,-58,4204,789
5560894,-81,4202,707
5560895,-93,4196,617
5560896,-115,4200,598
5560897,-128,4189,639
5560898,-134,4187,694
5560899,-122,4185,719
5560900,-95,4167,720
5560901,-69,4155,722
5560902,-43,4157,739
5560903,-7,4146,762
5560904,9,4145,803
5560905,13,4151,819
5560906,16,4146,812
5560907,-5,4153,823
5560908,-25,4177,823
5560909,-38,4207,755
5560910,-47,4187,745
5560911,-71,4202,826
5560912,-77,4212,790
5560913,-62,4214,697
5560914,-57,4239,618
5560915,-50,4255,538
5560916,-26,4249,545
5560917,-42,4277,642
5560918,-52,4281,732
5560919,-61,4279,835
5560920,-85,4302,919
5560921,-102,4325,915
5560922,-103,4346,820
5560923,-71,4351,761
5560924,-44,4371,797
5560925,-31,4391,837
5560926,-17,4400,823
5560927,16,4400,810
5560928,38,4418,856
5560929,44,4433,877
5560930,49,4414,864
5560931,41,4397,851
5560932,43,4377,871
5560933,35,4369,924
5560934,27,4353,964
5560935,29,4335,991
5560936,38,4329,1026
5560937,42,4330,1074
5560938,46,4346,1083
5560939,56,4375,1036
5560940,70,4415,888
5560941,117,4428,754
5560942,123,4448,769
5560943,95,4466,789
5560944,91,4449,777
5560945,55,4452,829
5560946,-9,4467,875
5560947,-47,4472,881
5560948,-87,4514,889
5560949,-69,4506,908
5560950,-79,4534,951
5560951,-59,4553,938
5560952,-5,4535,929
5560953,16,4547,995
5560954,16,4567,1003
5560955,65,4519,946
5560956,106,4476,999
5560957,83,4450,1130
5560958,39,4439,1177
5560959,42,4415,1029
5560960,101,4369,864
5560961,106,4366,803
5560962,104,4343,718
5560963,142,4284,631
5560964,106,4265,585
5560965,55,4263,531
5560966,27,4225,435
5560967,-19,4154,391
5560968,-98,4134,416
5560969,-183,4117,364
5560970,-208,4041,280
5560971,-244,4030,264
5560972,-289,4036,231
5560973,-282,3977,163
5560974,-292,3926,125
5560975,-325,3882,54
5560976,-377,3851,-182
5560977,-464,3879,-675
5560979,-621,3977,-1279
5560980,-793,4078,-1584
5560981,-894,4160,-398
5560982,-798,4090,402
5560983,-700,3995,956
5560984,-637,3969,1427
5560985,-528,3979,1833
5560986,-371,3975,2107
5560987,-164,3975,2275
5560988,117,4010,2398
5560989,409,4078,2491
5560990,710,4139,2506
5560991,1009,4196,2469
5560992,1251,4260,2393
5560993,1424,4300,2249
5560994,1515,4312,2053
5560995,1508,4313,1851
5560996,1420,4302,1665
5560997,1283,4273,1495
5560998,1117,4224,1359
5560999,939,4168,1269
5561000,761,4114,1197
5561001,587,4059,1138
5561002,429,4008,1103
5561003,291,3960,1070
5561004,152,3916,1037
5561005,5,3887,1004
5561006,-135,3870,955
5561007,-264,3861,900
5561008,-441,3872,815
5561009,-493,3895,776
5561010,-513,3928,730
5561011,-491,3963,669
5561012,-434,4010,605
5561013,-354,4057,555
5561014,-267,4094,518
5561015,-191,4127,488
5561016,-119,4157,463
5561017,-48,4186,461
5561018,3,4210,489
5561019,36,4226,535
5561020,60,4240,593
5561021,76,4255,664
5561022,90,4262,731
5561023,103,4260,799
5561024,105,4253,865
5561025,91,4243,910
5561026,79,4239,942
5561027,63,4238,967
5561028,37,4236,987
5561029,20,4240,1002
5561030,16,4251,1011
5561031,15,4262,1010
5561032,15,4268,985
5561033,16,4274,943
5561034,19,4275,913
5561035,21,4263,904
5561036,20,4244,906
5561037,20,4223,910
5561038,19,4197,901
5561039,18,4169,890
5561040,17,4145,893
5561041,22,4120,888
5561042,28,4100,865
5561043,28,4075,836
5561044,34,4044,801
5561045,63,4012,750
5561046,79,3999,709
5561047,88,3978,668
5561048,94,3960,627
5561049,103,3949,577
5561050,106,3938,536
5561051,93,3930,504
5561052,72,3936,474
5561053,50,3950,451
5561054,25,3963,435
5561055,7,3971,428
5561056,-7,3972,426
5561057,-30,3966,425
5561058,-46,3953,444
5561059,-51,3945,481
5561060,-59,3949,522
5561061,-66,3947,568
5561062,-63,3932,621
5561063,-61,3918,671
5561064,-54,3907,708
5561065,-37,3891,739
5561066,-23,3878,770
5561067,-2,3871,785
5561068,22,3854,794
5561069,43,3839,807
5561070,71,3839,807
5561071,102,3844,799
5561072,126,3850,793
5561073,141,3856,784
5561074,155,3865,772
5561075,167,3871,778
5561076,172,3868,793
5561077,168,3859,794
5561078,161,3858,781
5561079,160,3862,763
5561080,149,3856,723
5561081,121,3850,711
5561082,101,3840,704
5561083,94,3837,695
5561084,82,3840,692
5561085,68,3835,690
5561086,64,3833,664
5561087,69,3834,619
5561088,70,3829,588
5561089,66,3824,570
5561090,61,3817,543
5561091,47,3816,519
5561092,31,3818,504
5561093,24,3816,494
5561094,22,3812,497
5561095,23,3813,505
5561096,18,3815,510
5561097,12,3815,519
5561098,15,3810,525
5561099,30,3802,528
5561100,53,3801,535
5561101,76,3806,549
5561102,103,3809,575
5561103,137,3806,597
5561104,166,3805,620
5561105,184,3808,656
5561106,199,3812,691
5561107,215,3813,712
5561108,225,3814,733
5561109,231,3817,761
5561110,240,3819,791
5561111,246,3814,806
5561112,252,3807,800
5561113,264,3802,795
5561114,270,3795,802
5561115,271,3786,804
5561116,282,3777,806
5561117,293,3770,806
5561118,291,3764,798
5561119,291,3762,791
5561120,289,3748,757
5561121,281,3742,748
5561122,274,3742,744
5561123,266,3745,746
5561124,253,3744,752
5561125,237,3740,745
5561126,226,3740,727
5561127,206,3739,712
5561128,181,3742,700
5561129,162,3748,688
5561130,142,3754,674
5561131,117,3762,666
5561132,102,3768,652
5561133,100,3772,631
5561134,104,3774,612
5561135,103,3773,595
5561136,97,3773,580
5561137,100,3773,563
5561138,105,3768,538
5561139,96,3770,534
5561140,85,3779,549
5561141,92,3780,546
5561142,98,3773,539
5561143,91,3771,535
5561144,80,3773,539
5561145,75,3771,558
5561146,78,3775,574
5561147,81,3789,578
5561148,87,3805,568
5561149,100,3825,567
5561150,107,3845,584
5561151,109,3855,615
5561152,115,3858,643
5561153,123,3862,664
5561154,124,3875,693
5561155,123,3890,722
5561156,128,3897,744
5561157,137,3897,762
5561158,159,3898,800
5561159,161,3908,810
5561160,167,3919,810
5561161,180,3929,811
5561162,185,3939,821
5561163,188,3942,818
5561164,192,3938,804
5561165,188,3938,797
5561166,179,3946,788
5561167,170,3960,770
5561168,160,3972,750
5561169,147,3991,735
5561170,128,4011,736
5561171,111,4025,746
5561172,99,4042,749
5561173,103,4063,749
5561174,119,4075,753
5561175,126,4083,771
5561176,135,4094,801
5561177,144,4105,823
5561178,150,4114,831
5561179,155,4110,837
5561180,158,4101,844
5561181,164,4105,844
5561182,166,4113,840
5561183,162,4117,839
5561184,158,4114,849
5561185,162,4102,867
5561186,172,4086,874
5561187,175,4077,872
5561188,177,4072,866
5561189,174,4064,860
5561190,169,4059,857
5561191,159,4051,847
5561192,146,4036,828
5561193,132,4024,817
5561194,122,4027,802
5561195,115,4043,767
5561196,105,4053,736
5561197,83,4072,716
5561198,77,4086,712
5561199,72,4104,708
5561200,64,4114,715
5561201,56,4109,724
5561202,55,4105,720
5561203,58,4106,726
5561204,54,4109,730
5561205,51,4104,742
5561206,51,4098,773
5561207,49,4101,798
5561208,53,4108,811
5561209,63,4112,818
5561210,77,4107,820
5561211,95,4100,815
5561212,100,4098,806
5561213,103,4096,801
5561214,121,4091,791
5561215,128,4084,770
5561216,126,4086,757
5561217,130,4093,745
5561218,132,4092,731
5561219,128,4088,719
5561220,118,4089,707
5561221,106,4093,687
5561222,98,4101,672
5561223,95,4107,664
5561224,86,4101,658
5561225,72,4087,666
5561226,55,4084,673
5561227,31,4087,673
5561228,11,4082,680
5561229,6,4075,675
5561230,2,4070,665
5561231,3,4065,666
5561232,14,4066,652
5561233,23,4073,632
5561234,29,4078,622
5561235,31,4088,624
5561236,52,4111,613
5561237,64,4118,608
5561238,73,4129,610
5561239,74,4138,607
5561240,71,4139,606
5561241,68,4133,605
5561242,56,4133,612
5561243,44,4139,624
5561244,39,4140,624
5561245,32,4136,625
5561246,31,4134,640
5561247,40,4129,658
5561248,49,4113,663
5561249,50,4092,663
5561250,48,4073,666
5561251,56,4061,670
5561252,75,4048,674
5561253,99,4029,661
5561254,111,4016,642
5561255,115,4002,629
5561256,119,3986,616
5561257,122,3978,607
5561258,121,3981,599
5561259,122,3989,585
5561260,124,3999,572
5561261,129,4016,565
5561262,139,4030,554
5561263,138,4040,560
5561264,130,4054,582
5561265,120,4073,596
5561266,109,4091,610
5561267,101,4105,638
5561268,96,4120,676
5561269,89,4133,722
5561270,86,4135,764
5561271,93,4131,790
5561272,98,4131,810
5561273,98,4129,827
5561274,101,4119,839
5561275,137,4098,857
5561276,164,4091,870
5561277,187,4078,876
5561278,217,4062,869
5561279,243,4048,855
5561280,254,4038,835
5561281,255,4033,824
5561282,258,4026,811
5561283,259,4018,785
5561284,248,4013,755
5561285,231,4009,731
5561286,214,4012,707
5561287,196,4017,684
5561288,174,4025,674
5561289,146,4034,671
5561290,124,4044,663
5561291,113,4051,656
5561292,101,4050,660
5561293,83,4049,665
5561294,63,4058,666
5561295,41,4063,670
5561296,25,4067,676
5561297,18,4075,681
5561298,18,4084,687
5561299,23,4084,699
5561300,29,4082,715
5561301,41,4087,725
5561302,57,4088,736
5561303,69,4083,757
5561304,74,4078,773
5561305,83,4077,780
5561306,96,4075,783
5561307,113,4074,781
5561308,132,4068,783
5561309,151,4053,789
5561310,164,4032,785
5561311,175,4015,773
5561312,184,4013,761
5561313,190,4011,753
5561314,221,4010,758
5561315,224,4007,769
5561316,211,4009,774
5561317,195,4017,770
5561318,177,4024,766
5561319,158,4026,762
5561320,131,4024,753
5561321,91,4023,740
5561322,46,4032,722
5561323,3,4053,711
5561324,-33,4065,724
5561325,-52,4072,726
5561326,-61,4083,715
5561327,-64,4095,717
5561328,-52,4096,723
5561329,-36,4085,725
5561330,-15,4077,731
5561331,9,4065,739
5561332,24,4053,752
5561333,37,4048,769
5561334,60,4041,783
5561335,83,4027,790
5561336,103,4012,797
5561337,123,4001,801
5561338,130,3980,794
5561339,133,3959,789
5561340,133,3952,781
5561341,130,3946,764
5561342,136,3941,754
5561343,138,3935,742
5561344,124,3927,708
5561345,113,3928,669
5561346,100,3931,638
5561347,81,3932,610
5561348,38,3951,584
5561349,17,3946,567
5561350,-10,3942,544
5561351,-32,3949,530
5561352,-45,3952,525
5561353,-46,3949,523
5561354,-45,3951,526
5561355,-54,3953,540
5561356,-55,3959,557
5561357,-49,3964,559
5561358,-49,3966,553
5561359,-44,3973,561
5561360,-25,3984,578
5561361,-3,3998,597
5561362,8,4006,617
5561363,15,4004,634
5561364,24,4004,642
5561365,34,4007,651
5561366,52,4013,668
5561367,70,4018,686
5561368,84,4021,709
5561369,101,4029,742
5561370,113,4040,763
5561371,121,4045,764
5561372,125,4046,765
5561373,122,4047,770
5561374,117,4046,774
5561375,111,4049,770
5561376,103,4052,756
5561377,92,4053,745
5561378,79,4060,744
5561379,63,4072,747
5561380,52,4083,751
5561381,50,4086,732
5561382,35,4090,718
5561384,23,4096,715
5561385,17,4109,709
5561386,1,4124,695
5561386,-21,4136,674
5561388,-38,4149,647
5561389,-48,4156,629
5561390,-53,4158,631
5561391,-58,4160,636
5561392,-57,4155,641
5561393,-45,4148,653
5561394,-30,4148,665
5561395,-19,4156,677
5561396,-4,4168,689
5561397,17,4172,703
5561398,45,4167,713
5561399,79,4164,725
5561400,103,4169,753
5561401,120,4166,794
5561402,139,4158,827
5561403,158,4148,846
5561404,170,4137,864
5561405,177,4131,884
5561406,186,4129,906
5561407,194,4130,925
5561408,197,4134,934
5561409,203,4138,939
5561410,214,4138,941
5561411,217,4143,943
5561412,216,4151,942
5561413,212,4153,930
5561414,202,4152,916
5561415,184,4155,907
5561416,165,4167,899
5561417,150,4187,894
5561418,137,4201,877
5561419,132,4205,861
5561420,132,4210,875
5561421,124,4210,887
5561422,126,4205,901
5561423,143,4198,906
5561424,152,4187,907
5561425,154,4180,911
5561426,160,4172,907
5561427,167,4158,909
5561428,177,4147,927
5561429,193,4132,932
5561430,196,4117,928
5561431,194,4102,937
5561432,206,4078,937
5561433,216,4061,920
5561434,219,4049,885
5561435,220,4041,852
5561436,213,4029,837
5561437,195,4015,823
5561438,177,4006,807
5561439,158,4003,789
5561440,127,4006,767
5561441,100,4009,747
5561442,78,4014,728
5561443,54,4024,704
5561444,32,4038,676
5561445,14,4053,655
5561446,2,4068,647
5561447,-6,4083,654
5561448,-14,4103,658
5561449,-20,4125,659
5561450,-19,4134,679
5561451,-17,4142,710
5561452,-15,4149,742
5561453,-15,4151,773
5561454,-12,4156,800
5561455,7,4155,823
5561456,46,4137,864
5561457,76,4138,879
5561458,112,4162,883
5561459,156,4222,877
5561460,216,4274,855
5561461,276,4412,823
5561462,350,4783,783
5561463,530,5311,704
5561464,837,5738,547
5561465,1167,5959,373
5561466,1435,6013,275
5561467,1588,5834,290
5561468,1530,5497,469
5561469,1226,5110,843
5561470,751,4712,1385
5561471,210,4367,1979
5561472,-296,4114,2492
5561473,-685,3956,2838
5561474,-902,3881,2966
5561475,-929,3877,2849
5561476,-780,3899,2492
5561477,-518,3932,1940
5561478,-241,3988,1285
5561479,-29,4070,640
5561480,82,4176,93
5561481,102,4271,-323
5561482,46,4338,-588
5561483,-88,4388,-711
5561484,-279,4382,-705
5561485,-495,4333,-598
5561486,-711,4285,-454
5561487,-914,4246,-299
5561488,-1079,4196,-127
5561489,-1231,4078,249
5561490,-1199,4047,384
5561491,-1081,4013,462
5561492,-922,3975,515
5561493,-737,3944,572
5561494,-528,3927,627
5561495,-329,3931,663
5561496,-154,3964,686
5561497,20,3998,706
5561498,188,3995,741
5561499,308,3996,789
5561500,399,4007,824
5561501,506,4023,848
5561502,610,4051,868
5561503,698,4047,884
5561504,777,4019,918
5561505,830,4010,979
5561506,838,4015,1029
5561507,822,4015,1062
5561508,800,4024,1114
5561509,758,4031,1169
5561510,696,4026,1204
5561511,620,4016,1222
5561512,529,4014,1208
5561513,423,4034,1170
5561514,317,4060,1116
5561515,238,4074,1042
5561516,191,4079,983
5561517,158,4088,915
5561518,140,4087,829
5561519,134,4085,761
5561520,127,4100,707
5561521,114,4104,668
5561522,103,4059,674
5561523,82,4018,734
5561524,41,4021,777
5561525,25,4015,758
5561526,50,4008,664
5561527,81,4018,632
5561528,119,4036,601
5561529,154,4029,569
5561530,175,3988,559
5561531,150,3969,559
5561532,90,3975,562
5561533,32,3983,572
5561534,-14,3976,579
5561535,-43,3943,582
5561536,-47,3897,611
5561537,-60,3865,671
5561538,-88,3841,712
5561539,-103,3815,731
5561540,-121,3814,744
5561541,-143,3840,737
5561542,-144,3861,708
5561543,-140,3858,679
5561544,-150,3862,661
5561545,-154,3873,668
5561546,-148,3871,698
5561547,-155,3876,741
5561548,-162,3883,779
5561549,-151,3890,800
5561550,-120,3896,817
5561551,-74,3903,839
5561552,-26,3926,867
5561553,10,3956,887
5561554,31,3966,895
5561555,45,3960,908
5561556,42,3957,935
5561557,44,3942,957
5561558,65,3932,988
5561559,72,3925,1032
5561560,79,3907,1072
5561561,98,3898,1097
5561562,127,3891,1130
5561563,113,3907,1113
5561564,107,3903,1057
5561565,94,3889,1019
5561566,66,3883,1003
5561567,25,3887,998
5561568,-1,3878,986
5561569,-5,3876,977
5561570,-19,3896,980
5561571,-23,3903,967
5561572,-10,3907,951
5561573,0,3917,927
5561574,19,3921,907
5561575,30,3936,896
5561576,40,3950,874
5561577,54,3956,872
5561578,61,3958,893
5561579,75,3951,930
5561580,96,3957,959
5561581,118,3973,948
5561582,146,3983,925
5561583,180,3981,917
5561584,191,3979,928
5561585,185,3981,934
5561586,189,3964,925
5561587,188,3956,952
5561588,154,3986,993
5561589,127,3989,962
5561590,132,3947,913
5561591,119,3926,920
5561592,86,3944,950
5561593,55,3961,926
5561594,51,3950,843
5561595,49,3935,805
5561596,21,3927,850
5561597,6,3925,906
5561598,5,3928,935
5561599,-3,3939,933
5561600,-12,3958,878
5561601,-6,3960,807
5561602,-2,3982,807
5561603,9,3977,829
5561604,9,3967,905
5561605,-27,3978,1003
5561606,-45,3981,1026
5561607,-32,3974,1015
5561608,-39,3991,1007
5561609,-37,3985,970
5561610,-3,3968,936
5561611,7,3988,900
5561612,0,4017,878
5561613,8,4040,865
5561614,39,4055,848
5561615,58,4073,798
5561616,74,4076,700
5561617,100,4065,657
5561618,83,4053,729
5561619,25,4057,844
5561620,-14,4058,869
5561621,-27,4041,864
5561622,-61,4036,921
5561623,-102,4046,988
5561624,-98,4050,1027
5561625,-81,4065,1069
5561626,-76,4101,1069
5561627,-39,4126,969
5561628,46,4173,798
5561629,99,4194,716
5561630,134,4193,681
5561631,93,4204,694
5561632,48,4187,706
5561633,10,4168,786
5561634,-53,4186,859
5561635,-82,4177,824
5561636,-65,4137,761
5561637,-77,4117,760
5561638,-93,4118,799
5561639,-107,4127,766
5561640,-118,4129,694
5561641,-114,4132,654
5561642,-115,4151,640
5561643,-107,4167,591
5561644,-88,4170,537
5561645,-100,4189,563
5561646,-129,4213,599
5561647,-138,4219,604
5561648,-130,4218,614
5561649,-121,4220,660
5561650,-130,4253,678
5561651,-99,4280,580
5561652,-53,4283,506
5561653,-71,4311,571
5561655,-96,4339,654
5561656,-79,4329,672
5561657,-60,4313,687
5561658,-63,4316,734
5561659,-44,4331,748
5561660,-5,4314,703
5561661,35,4274,725
5561662,38,4258,862
5561663,15,4251,980
5561664,24,4226,1009
5561665,33,4208,999
5561666,32,4217,981
5561667,44,4234,906
5561668,83,4219,825
5561669,107,4193,847
5561670,79,4208,932
5561671,56,4226,916
5561672,84,4228,787
5561673,101,4239,680
5561674,73,4253,662
5561675,44,4249,733
5561676,10,4242,830
5561677,-20,4238,896
5561678,-49,4239,924
5561679,-45,4237,945
5561680,-21,4243,968
5561681,-6,4252,958
5561682,17,4242,909
5561683,37,4241,868
5561684,59,4250,848
5561685,84,4256,846
5561686,93,4264,841
5561687,106,4268,824
5561688,121,4266,835
5561689,113,4263,853
5561690,105,4254,827
5561691,115,4240,783
5561692,124,4233,788
5561693,122,4226,816
5561694,121,4210,839
5561695,108,4199,858
5561696,85,4191,885
5561697,69,4181,917
5561698,51,4159,825
5561699,43,4159,825
5561700,20,4176,847
5561701,18,4174,814
5561702,24,4172,769
5561703,27,4186,743
5561704,40,4191,703
5561705,65,4189,666
5561706,72,4194,646
5561707,67,4193,632
5561708,64,4177,642
5561709,47,4171,679
5561710,36,4157,701
5561711,22,4143,745
5561712,5,4146,793
5561713,-1,4134,832
5561714,-3,4110,882
5561715,5,4100,884
5561716,31,4105,833
5561717,58,4121,794
5561718,73,4139,804
5561719,74,4151,830
5561720,62,4159,814
5561721,58,4159,762
5561722,58,4163,737
5561723,54,4165,732
5561724,39,4158,728
5561725,9,4163,748
5561726,-24,4176,749
5561727,-34,4172,731
5561728,-33,4161,755
5561729,-40,4167,805
5561730,-37,4179,821
5561731,-19,4188,776
5561732,13,4192,697
5561733,48,4196,654
5561734,62,4210,641
5561735,73,4210,619
5561736,61,4206,609
5561737,52,4190,599
5561738,45,4176,581
5561739,37,4174,558
5561740,38,4174,546
5561741,36,4178,550
5561742,47,4172,536
5561743,58,4150,544
5561744,39,4141,634
5561745,12,4135,741
5561746,1,4117,818
5561747,-4,4109,888
5561748,-14,4124,932
5561749,-3,4137,917
5561750,42,4157,867
5561751,98,4191,788
5561752,159,4205,715
5561753,193,4220,713
5561754,182,4245,741
5561755,157,4261,731
5561756,136,4278,680
5561757,121,4296,630
5561758,101,4304,618
5561759,71,4301,640
5561760,33,4302,677
5561761,0,4304,727
5561762,-21,4300,770
5561763,-37,4288,801
5561764,-40,4267,836
5561765,-36,4244,920
5561766,-43,4243,1021
5561767,-30,4243,1033
5561768,4,4226,1019
5561769,57,4226,1091
5561770,93,4226,1062
5561771,128,4231,977
5561772,152,4238,865
5561773,158,4242,795
5561774,163,4255,759
5561775,170,4264,719
5561776,157,4253,720
5561777,123,4251,753
5561778,83,4246,764
5561779,46,4232,768
5561780,15,4226,775
5561781,-6,4221,800
5561782,-26,4216,833
5561783,-34,4213,854
5561784,-25,4215,863
5561785,-17,4225,845
5561786,-3,4234,803
5561787,4,4248,736
5561788,4,4264,662
5561789,25,4262,638
5561790,36,4269,664
5561791,29,4280,681
5561792,32,4280,665
5561793,41,4272,676
5561794,30,4261,734
5561795,19,4251,790
5561796,34,4245,826
5561797,54,4249,829
5561798,80,4247,829
5561799,92,4246,861
5561800,99,4248,901
5561801,106,4245,920
5561802,97,4255,906
5561803,86,4272,854
5561804,85,4279,816
5561805,90,4278,827
5561806,87,4295,861
5561807,69,4312,860
5561808,52,4333,820
5561809,45,4342,756
5561810,38,4351,722
5561811,34,4354,728
5561812,15,4344,772
5561813,-5,4330,829
5561814,-4,4312,892
5561815,0,4294,973
5561816,-3,4282,1037
5561817,-2,4267,1058
5561818,15,4244,1050
5561819,36,4233,1059
5561820,63,4232,1055
5561821,99,4231,1017
5561822,133,4233,987
5561823,141,4234,983
5561824,143,4234,995
5561825,148,4231,994
5561826,140,4230,999
5561827,119,4247,966
5561828,104,4261,883
5561829,112,4269,852
5561830,102,4280,882
5561831,81,4284,878
5561832,76,4289,820
5561833,65,4296,793
5561834,49,4287,824
5561835,23,4281,863
5561836,-2,4268,896
5561837,-29,4243,941
5561838,-47,4237,995
5561839,-57,4227,1024
5561840,-47,4208,1079
5561841,-22,4204,1174
5561842,45,4241,1122
5561843,104,4243,1023
5561844,148,4271,974
5561845,196,4291,890
5561846,245,4269,898
5561847,235,4285,988
5561848,198,4310,947
5561849,190,4302,898
5561850,155,4319,890
5561851,123,4320,887
5561852,84,4319,921
5561853,60,4322,912
5561854,55,4302,951
5561855,7,4304,1019
5561856,0,4291,1033
5561857,9,4268,1066
5561858,-4,4278,1088
5561859,-12,4290,1019
5561860,-4,4276,914
5561861,27,4269,854
5561862,32,4267,843
5561863,31,4240,885
5561864,27,4241,904
5561865,21,4242,830
5561866,41,4221,775
5561867,46,4223,774
5561868,54,4207,804
5561869,60,4203,831
5561870,56,4202,773
5561871,61,4165,764
5561872,64,4173,781
5561873,50,4188,715
5561874,39,4156,680
5561875,23,4165,675
5561876,-8,4152,682
5561877,-32,4173,719
5561878,-65,4194,678
5561879,-86,4196,658
5561880,-101,4224,635
5561881,-123,4243,601
5561882,-123,4254,595
5561883,-117,4253,579
5561884,-114,4241,610
5561885,-130,4253,629
5561886,-135,4237,620
5561887,-134,4222,652
5561888,-140,4215,661
5561889,-135,4182,659
5561890,-132,4143,650
5561891,-123,4092,622
5561892,-114,4031,596
5561893,-133,3977,549
5561894,-161,3916,445
5561895,-256,3856,216
5561896,-467,3845,-219
5561897,-818,3916,-830
5561898,-1206,4016,-1200
5561899,-1374,4095,-877
5561900,-1222,4122,-91
5561901,-921,4070,561
5561902,-685,4018,979
5561903,-543,4033,1379
5561904,-394,4080,1725
5561905,-165,4119,1950
5561906,120,4158,2112
5561907,407,4210,2251
5561908,1063,4333,2455
5561909,1350,4391,2500
5561910,1563,4432,2494
5561911,1696,4450,2435
5561912,1740,4448,2338
5561913,1698,4421,2221
5561914,1582,4367,2101
5561915,1417,4303,1992
5561916,1232,4241,1897
5561917,1042,4184,1811
5561918,861,4126,1727
5561919,687,4068,1644
5561920,522,4019,1544
5561921,364,3977,1425
5561922,204,3945,1309
5561923,52,3931,1190
5561924,-88,3926,1074
5561925,-216,3914,978
5561926,-319,3911,895
5561927,-391,3919,819
5561928,-433,3928,754
5561929,-438,3935,710
5561930,-411,3945,678
5561931,-364,3961,638
5561932,-308,3972,593
5561933,-248,3983,556
5561934,-177,3993,538
5561935,-106,4000,528
5561936,-58,4010,520
5561937,-32,4014,528
5561938,10,4017,542
5561939,65,4017,558
5561940,108,4009,578
5561941,142,4007,606
5561942,168,4007,647
5561943,191,4011,729
5561944,184,4011,764
5561945,173,4015,797
5561946,156,4021,823
5561947,133,4026,840
5561948,117,4031,848
5561949,110,4045,856
5561950,105,4057,857
5561951,95,4065,850
5561952,82,4071,850
5561953,74,4080,864
5561954,77,4091,871
5561955,83,4094,862
5561956,91,4095,856
5561957,96,4099,851
5561958,99,4093,849
5561959,112,4090,861
5561960,133,4090,879
5561961,151,4084,891
5561962,170,4076,900
5561963,203,4063,910
5561964,233,4054,918
5561965,255,4043,920
5561966,278,4028,922
5561967,289,4009,924
5561968,284,3987,929
5561969,275,3975,932
5561970,262,3969,913
5561971,238,3962,882
5561972,209,3950,860
5561973,170,3932,844
5561974,128,3927,834
5561975,79,3927,812
5561976,26,3921,776
5561977,-14,3917,749
5561978,-46,3917,718
5561979,-112,3928,643
5561981,-140,3945,628
5561982,-162,3964,607
5561983,-173,3978,589
5561984,-179,3993,579
5561985,-185,4007,572
5561986,-186,4015,568
5561987,-177,4026,559
5561988,-154,4043,554
5561989,-136,4053,561
5561990,-125,4055,564
5561991,-104,4058,566
5561992,-77,4058,561
5561993,-64,4055,556
5561994,-60,4048,566
5561995,-62,4037,566
5561996,-81,4024,543
5561997,-108,4014,519
5561998,-128,4014,509
5561999,-149,4020,499
5562000,-170,4015,475
5562001,-178,4006,444
5562002,-175,4005,409
5562003,-176,4004,384
5562004,-182,4004,370
5562005,-182,3998,362
5562006,-181,3990,357
5562007,-178,3984,355
5562008,-177,3973,364
5562009,-183,3963,371
5562010,-166,3953,411
5562011,-147,3955,439
5562012,-124,3956,463
5562013,-94,3949,473
5562014,-47,3941,479
5562015,3,3952,506
5562016,29,3966,539
5562017,41,3953,560
5562018,61,3929,574
5562019,82,3916,584
5562020,92,3909,598
5562021,100,3896,626
5562022,102,3889,661
5562023,91,3920,684
5562024,100,3953,699
5562025,130,3950,709
5562026,164,3933,720
5562027,196,3915,730
5562028,213,3907,743
5562029,223,3911,768
5562030,228,3909,791
5562031,223,3895,805
5562032,217,3878,820
5562033,212,3858,825
5562034,211,3837,820
5562035,214,3820,811
5562036,206,3812,796
5562037,198,3811,776
5562038,204,3806,750
5562039,210,3798,717
5562040,210,3792,675
5562041,205,3783,635
5562042,192,3774,603
5562043,173,3769,567
5562044,149,3765,526
5562045,128,3765,497
5562046,104,3767,491
5562047,81,3769,492
5562048,58,3771,507
5562049,47,3764,505
5562050,38,3758,511
5562051,30,3754,512
5562052,29,3751,516
5562053,36,3749,537
5562054,43,3756,558
5562055,54,3759,574
5562056,67,3749,598
5562057,82,3748,617
5562058,107,3755,627
5562059,140,3760,649
5562060,169,3761,666
5562061,200,3757,667
5562062,230,3758,673
5562063,252,3758,688
5562064,266,3756,689
5562065,281,3759,683
5562066,296,3773,685
5562067,293,3781,700
5562068,278,3778,705
5562069,260,3777,698
5562070,243,3771,694
5562071,229,3762,695
5562072,206,3765,695
5562073,168,3773,687
5562074,134,3779,678
5562075,118,3779,673
5562076,107,3782,675
5562077,97,3795,670
5562078,91,3809,660
5562079,86,3828,658
5562080,82,3848,662
5562081,76,3863,673
5562082,71,3870,683
5562083,67,3874,692
5562084,64,3883,716
5562085,69,3891,740
5562086,77,3893,772
5562087,87,3891,793
5562088,109,3889,806
5562089,135,3890,816
5562090,158,3897,822
5562091,169,3902,822
5562092,173,3912,817
5562093,172,3919,807
5562094,177,3924,786
5562095,179,3928,757
5562096,168,3926,743
5562097,150,3931,725
5562098,123,3946,703
5562099,96,3957,698
5562100,73,3957,709
5562101,51,3956,701
5562102,28,3955,675
5562103,1,3949,661
5562104,-28,3938,653
5562105,-49,3929,641
5562106,-60,3918,627
5562107,-76,3902,628
5562108,-95,3892,641
5562109,-104,3894,646
5562110,-102,3901,637
5562111,-103,3901,626
5562112,-94,3899,617
5562113,-61,3902,590
5562114,-25,3914,561
5562115,13,3924,554
5562116,51,3934,548
5562117,80,3949,532
5562118,99,3966,521
5562119,106,3984,531
5562120,106,4004,554
5562121,93,4035,592
5562122,77,4043,599
5562123,65,4054,612
5562124,59,4072,634
5562125,50,4096,655
5562126,33,4122,692
5562127,14,4138,728
5562128,-1,4147,757
5562129,-2,4156,788
5562130,11,4162,810
5562131,23,4168,823
5562132,24,4175,833
5562133,23,4175,847
5562134,27,4177,854
5562135,39,4190,846
5562136,63,4200,831
5562137,84,4199,817
5562138,97,4199,813
5562139,114,4190,810
5562140,131,4173,804
5562141,144,4158,788
5562142,148,4136,763
5562143,151,4108,746
5562144,152,4093,740
5562145,147,4090,736
5562146,137,4089,726
5562147,128,4084,722
5562148,121,4085,721
5562149,112,4093,721
5562150,96,4099,726
5562151,75,4102,728
5562152,57,4107,709
5562153,47,4112,680
5562154,38,4115,665
5562155,27,4121,663
5562156,30,4125,667
5562157,30,4123,674
5562158,25,4129,676
5562159,25,4140,663
5562160,24,4138,644
5562161,19,4139,639
5562162,18,4135,638
5562163,28,4133,648
5562164,37,4131,666
5562165,42,4122,675
5562166,48,4109,676
5562167,51,4097,670
5562168,47,4096,667
5562169,42,4107,677
5562170,32,4111,681
5562171,21,4107,681
5562172,11,4105,687
5562173,12,4102,684
5562174,19,4099,668
5562175,20,4101,649
5562176,21,4106,642
5562177,21,4108,640
5562178,20,4110,635
5562179,24,4116,635
5562180,31,4128,639
5562181,43,4137,658
5562182,50,4134,683
5562183,50,4130,693
5562184,50,4131,706
5562185,53,4132,733
5562186,55,4138,752
5562187,47,4142,757
5562188,38,4133,760
5562189,33,4131,769
5562190,33,4139,773
5562191,38,4147,775
5562192,46,4150,774
5562193,51,4150,772
5562194,59,4153,763
5562195,70,4153,756
5562196,83,4152,759
5562197,121,4133,764
5562198,141,4124,769
5562199,158,4111,789
5562200,175,4090,811
5562201,183,4070,823
5562202,185,4054,828
5562203,179,4037,827
5562204,174,4024,829
5562205,177,4014,826
5562206,174,4007,820
5562207,165,4004,816
5562208,164,4002,795
5562209,163,3999,771
5562210,155,3996,755
5562211,147,3990,735
5562212,136,3991,709
5562213,128,3994,693
5562214,123,3995,686
5562215,110,4002,676
5562216,94,4010,672
5562217,88,4009,671
5562218,88,4001,676
5562219,85,4001,700
5562220,79,4003,717
5562221,81,3999,715
5562222,95,3995,707
5562223,116,3993,706
5562224,131,3990,701
5562225,134,3979,688
5562226,126,3963,685
5562227,117,3947,681
5562228,106,3935,669
5562229,86,3936,664
5562230,65,3945,661
5562231,47,3952,651
5562232,33,3962,632
5562233,17,3971,612
5562234,4,3975,594
5562235,-5,3982,573
5562236,-13,3996,558
5562237,-26,4030,548
5562238,-35,4053,545
5562239,-46,4082,555
5562240,-58,4102,577
5562241,-69,4119,598
5562242,-73,4144,632
5562243,-71,4164,677
5562244,-66,4180,713
5562245,-53,4185,741
5562246,-34,4184,770
5562247,-17,4192,805
5562248,-3,4196,833
5562249,3,4186,837
5562250,13,4174,836
5562251,31,4162,841
5562252,47,4148,843
5562253,66,4134,847
5562254,81,4111,849
5562255,91,4089,843
5562256,100,4075,835
5562257,110,4060,829
5562258,130,4040,820
5562259,144,4020,812
5562260,134,4005,803
5562261,115,3992,786
5562262,103,3992,773
5562263,94,3996,760
5562264,78,3994,744
5562265,63,3997,725
5562266,49,4004,699
5562267,31,4014,681
5562268,10,4032,673
5562269,-10,4048,669
5562270,-33,4060,680
5562271,-39,4064,677
5562272,-34,4073,673
5562273,-27,4080,671
5562274,-21,4076,664
5562275,-10,4068,649
5562276,-1,4060,645
5562277,6,4054,645
5562278,9,4045,640
5562279,15,4035,632
5562280,13,4034,620
5562281,3,4034,619
5562282,6,4031,619
5562283,12,4021,618
5562284,7,4009,616
5562285,7,4007,616
5562286,17,4008,621
5562287,23,4002,630
5562288,35,4000,635
5562289,49,4002,638
5562290,61,4002,651
5562291,71,4006,669
5562292,80,4010,683
5562293,91,4006,697
5562294,103,4008,716
5562295,117,4009,731
5562296,128,4007,744
5562297,134,4007,762
5562298,144,4013,783
5562299,157,4027,796
5562300,170,4032,804
5562301,188,4028,821
5562302,205,4028,835
5562303,213,4031,842
5562304,217,4039,850
5562305,220,4048,846
5562306,230,4094,841
5562307,222,4111,846
5562308,208,4124,853
5562309,192,4142,868
5562310,180,4158,879
5562311,162,4169,888
5562312,141,4182,894
5562313,122,4192,893
5562314,100,4187,887
5562315,80,4186,887
5562316,62,4191,888
5562317,47,4194,883
5562318,33,4200,880
5562319,17,4201,869
5562320,2,4191,851
5562321,-14,4184,834
5562322,-13,4185,815
5562323,3,4191,797
5562324,11,4192,773
5562325,10,4185,746
5562326,6,4186,731
5562327,2,4197,730
5562328,4,4202,725
5562329,10,4201,723
5562330,22,4189,729
5562331,36,4179,736
5562332,49,4180,741
5562333,52,4186,741
5562334,55,4191,742
5562335,68,4196,745
5562336,73,4204,761
5562337,66,4214,784
5562338,52,4221,791
5562339,37,4218,791
5562340,28,4214,807
5562341,16,4205,829
5562342,7,4198,837
5562343,3,4197,838
5562344,3,4193,844
5562345,5,4183,847
5562346,15,4161,827
5562347,24,4144,821
5562348,36,4137,817
5562349,46,4135,800
5562350,45,4128,790
5562351,39,4118,785
5562352,33,4115,771
5562353,26,4116,764
5562354,17,4119,765
5562355,12,4124,759
5562356,17,4127,740
5562357,18,4129,718
5562358,9,4132,701
5562359,-1,4135,685
5562360,-4,4140,677
5562361,-5,4143,677
5562362,-8,4140,679
5562363,-25,4141,689
5562364,-48,4141,695
5562365,-53,4134,691
5562366,-51,4130,699
5562367,-52,4130,707
5562368,-48,4124,701
5562369,-37,4112,706
5562370,-22,4105,715
5562371,-8,4105,709
5562372,7,4109,702
5562373,23,4114,704
5562374,42,4114,709
5562375,57,4112,717
5562376,63,4113,720
5562377,64,4114,713
5562378,65,4110,708
5562379,67,4106,717
5562380,68,4122,738
5562381,70,4163,752
5562382,90,4233,756
5562383,207,4467,714
5562384,311,4683,678
5562385,441,4954,654
5562386,556,5226,618
5562387,688,5434,555
5562388,834,5457,527
5562389,910,5310,620
5562390,859,5117,849
5562391,685,4890,1158
5562392,400,4646,1517
5562393,57,4407,1878
5562394,-262,4198,2159
5562395,-498,4043,2292
5562396,-618,3946,2256
5562397,-624,3901,2073
5562398,-540,3895,1771
5562399,-401,3935,1393
5562400,-250,4009,994
5562401,-106,4088,598
5562402,16,4170,217
5562403,108,4248,-105
5562404,146,4297,-330
5562405,106,4312,-461
5562406,-5,4304,-496
5562407,-162,4298,-449
5562408,-335,4284,-334
5562409,-502,4239,-158
5562410,-638,4183,46
5562411,-727,4140,242
5562412,-758,4105,409
5562413,-732,4072,557
5562414,-562,4030,783
5562415,-442,4030,824
5562416,-312,4027,831
5562417,-196,4035,831
5562418,-93,4045,831
5562419,13,4044,833
5562420,108,4042,826
5562421,180,4053,800
5562422,245,4049,790
5562423,322,4031,811
5562424,416,4015,845
5562425,505,3995,882
5562426,548,3992,916
5562427,543,4004,942
5562428,522,4014,954
5562429,498,4008,969
5562430,461,3996,972
5562431,394,3989,963
5562432,299,4018,955
5562433,215,4040,943
5562434,150,4030,938
5562435,95,4027,957
5562436,76,4023,984
5562437,94,4033,980
5562438,138,4048,954
5562439,191,4061,934
5562440,244,4084,920
5562441,299,4083,906
5562442,331,4068,905
5562443,333,4070,918
5562444,319,4069,929
5562445,296,4050,941
5562446,260,4043,937
5562447,212,4053,917
5562448,171,4080,900
5562449,158,4120,875
5562450,181,4148,854
5562451,213,4150,860
5562452,241,4140,887
5562453,259,4137,914
5562454,275,4127,984
5562455,260,4105,1019
5562456,235,4070,1043
5562457,199,4065,1058
5562458,166,4060,1048
5562459,135,4022,1026
5562460,101,3982,1003
5562461,72,3968,972
5562463,54,3995,928
5562464,59,4044,869
5562465,79,4061,803
5562466,90,4046,748
5562467,94,4034,710
5562468,95,4029,685
5562469,81,4046,657
5562470,57,4058,633
5562471,25,4049,646
5562472,-12,4019,685
5562473,-59,4000,729
5562474,-107,3999,742
5562475,-136,3987,738
5562476,-152,3983,743
5562477,-162,3993,736
5562478,-156,4003,729
5562479,-136,4067,723
5562480,-86,4176,688
5562481,-15,4235,653
5562482,31,4212,658
5562483,44,4152,712
5562484,19,4128,803
5562485,-24,4129,888
5562486,-44,4120,964
5562487,-41,4080,1045
5562488,-34,4025,1127
5562489,4,3944,1219
5562490,14,3891,1211
5562491,25,3880,1180
5562492,72,3884,1107
5562493,127,3885,1026
5562494,179,3898,935
5562495,227,3926,826
5562496,271,3931,735
5562497,289,3920,692
5562498,275,3926,691
5562499,258,3941,694
5562500,220,3954,688
5562501,183,3944,696
5562502,157,3942,735
5562503,134,3931,771
5562504,124,3905,805
5562505,102,3901,862
5562506,67,3904,915
5562507,41,3917,948
5562508,44,3930,968
5562509,65,3932,980
5562510,72,3948,977
5562511,82,3963,935
5562512,109,3970,880
5562513,127,3987,855
5562514,146,4005,848
5562515,172,4007,832
5562516,203,4005,833
5562517,205,4019,855
5562518,184,4017,856
5562519,181,3999,865
5562520,178,3985,908
5562521,165,3980,957
5562522,159,3977,968
5562523,175,3955,963
5562524,190,3941,972
5562525,178,3930,977
5562526,169,3918,979
5562527,164,3932,948
5562528,146,3931,853
5562529,136,3935,858
5562530,128,3934,861
5562531,115,3923,872
5562532,94,3931,881
5562533,79,3965,855
5562534,64,3984,789
5562535,60,3981,740
5562536,52,3999,738
5562537,40,4019,750
5562538,36,4019,758
5562539,23,4013,784
5562540,7,4004,816
5562541,2,4005,843
5562542,-3,4012,842
5562543,13,4009,822
5562544,35,4010,828
5562545,35,4008,832
5562546,42,3994,836
5562547,46,4002,842
5562548,53,4013,836
5562549,57,4012,842
5562550,36,4024,833
5562551,34,4032,814
5562552,39,4039,805
5562553,29,4052,775
5562554,34,4043,763
5562555,32,4041,802
5562556,15,4061,822
5562557,-4,4075,792
5562558,-18,4082,776
5562559,-33,4094,796
5562560,-45,4106,818
5562561,-36,4107,857
5562562,-32,4123,885
5562563,-56,4148,852
5562564,-17,4167,809
5562565,-13,4186,806
5562566,5,4172,809
5562567,31,4167,873
5562568,37,4183,920
5562569,43,4174,928
5562570,64,4167,938
5562571,88,4173,943
5562572,95,4169,932
5562573,103,4164,913
5562574,121,4169,914
5562575,112,4178,912
5562576,81,4176,877
5562577,74,4162,856
5562578,80,4150,880
5562579,61,4142,909
5562580,37,4137,929
5562581,15,4141,953
5562582,6,4144,956
5562583,7,4138,945
5562584,5,4125,960
5562585,1,4121,979
5562586,-34,4133,935
5562587,-63,4138,861
5562588,-82,4147,806
5562589,-99,4150,774
5562590,-108,4135,803
5562591,-109,4117,870
5562592,-122,4102,939
5562593,-148,4094,969
5562594,-150,4100,952
5562595,-132,4104,899
5562596,-104,4105,832
5562597,-74,4120,739
5562598,-47,4127,641
5562599,-15,4122,606
5562600,-8,4117,610
5562601,-89,4139,571
5562602,-146,4171,430
5562603,-197,4195,290
5562604,-224,4191,194
5562605,-219,4167,195
5562606,-230,4155,268
5562607,-225,4143,370
5562608,-219,4144,462
5562609,-202,4134,516
5562610,-185,4123,600
5562611,-177,4126,666
5562612,-146,4115,673
5562613,-95,4099,688
5562614,-69,4111,712
5562615,-48,4116,691
5562616,-16,4097,696
5562617,-13,4092,762
5562618,-16,4090,787
5562619,-13,4081,750
5562620,10,4080,731
5562621,19,4101,734
5562622,14,4102,759
5562623,18,4096,794
5562624,19,4093,800
5562625,55,4072,805
5562626,83,4069,861
5562627,81,4075,928
5562628,83,4078,961
5562629,88,4085,969
5562630,88,4085,969
5562631,78,4093,970
5562632,68,4098,950
5562633,76,4086,969
5562634,71,4112,1033
5562635,57,4151,968
5562636,70,4155,846
5562637,54,4181,809
5562638,32,4189,823
5562639,45,4172,906
5562640,27,4181,1012
5562641,28,4173,1007
5562642,24,4174,1023
5562643,31,4182,1018
5562644,68,4178,981
5562645,109,4172,982
5562646,135,4162,1002
5562647,174,4133,1035
5562648,191,4122,1075
5562649,179,4119,1075
5562650,160,4116,1064
5562651,150,4119,1038
5562652,148,4113,1018
5562653,137,4106,1000
5562654,132,4097,962
5562655,131,4083,954
5562656,121,4073,971
5562657,105,4066,1012
5562658,68,4066,1053
5562659,19,4083,992
5562660,9,4107,823
5562661,29,4124,701
5562662,34,4140,683
5562663,31,4146,661
5562664,29,4135,678
5562665,5,4130,790
5562666,-32,4144,888
5562667,-57,4156,898
5562668,-65,4161,868
5562669,-68,4184,850
5562670,-56,4198,835
5562671,-20,4188,831
5562672,22,4166,892
5562673,42,4148,1046
5562674,45,4151,1121
5562675,69,4153,1070
5562676,94,4152,1053
5562677,88,4172,1057
5562678,119,4179,899
5562679,144,4175,889
5562680,134,4185,909
5562681,130,4183,875
5562682,136,4172,844
5562683,116,4180,830
5562684,92,4179,809
5562685,74,4171,814
5562686,68,4167,862
5562687,53,4164,946
5562688,36,4179,974
5562689,41,4203,913
5562690,57,4207,863
5562691,86,4191,912
5562692,99,4179,1040
5562693,114,4173,1093
5562694,147,4157,1069
5562695,162,4169,1074
5562696,177,4205,1047
5562697,207,4220,978
5562698,223,4225,948
5562699,208,4231,972
5562700,188,4233,998
5562701,187,4233,984
5562702,189,4236,971
5562703,181,4235,987
5562704,170,4223,1073
5562705,151,4245,1094
5562706,166,4266,951
5562707,186,4272,829
5562708,176,4284,796
5562709,171,4282,802
5562710,171,4273,862
5562711,159,4279,938
5562712,136,4294,938
5562713,122,4299,918
5562714,113,4310,872
5562715,135,4312,851
5562716,158,4313,919
5562717,174,4313,969
5562718,195,4288,1019
5562719,196,4288,1173
5562720,227,4294,1143
5562721,262,4301,1097
5562722,277,4321,1084
5562723,286,4326,1097
5562724,288,4322,1141
5562725,285,4325,1205
5562726,284,4325,1227
5562727,283,4320,1231
5562728,282,4332,1179
5562729,292,4339,1071
5562730,305,4332,1032
5562731,292,4330,1058
5562732,258,4322,1073
5562733,231,4312,1048
5562734,205,4314,1024
5562735,172,4322,1009
5562736,161,4324,977
5562737,152,4326,919
5562738,138,4319,863
5562739,114,4320,869
5562740,82,4337,900
5562741,65,4336,897
5562742,64,4318,924
5562743,49,4320,986
5562744,29,4319,985
5562745,30,4298,949
5562746,43,4300,934
5562747,58,4315,941
5562748,84,4329,944
5562749,126,4336,905
5562750,166,4325,889
5562751,188,4326,920
5562752,191,4342,948
5562753,198,4355,956
5562754,198,4375,962
5562755,169,4393,936
5562756,139,4380,923
5562757,44,4386,1032
5562758,18,4413,999
5562759,14,4418,913
5562760,24,4414,912
5562761,18,4437,969
5562762,23,4453,978
5562763,59,4455,985
5562764,81,4464,1017
5562765,103,4475,1051
5562766,127,4487,1036
5562767,152,4498,998
5562768,154,4518,969
5562769,161,4524,926
5562770,185,4495,937
5562771,171,4478,1031
5562772,143,4472,1104
5562773,116,4476,1076
5562774,91,4478,1010
5562775,61,4479,954
5562776,59,4465,904
5562777,57,4459,866
5562778,41,4460,781
5562779,41,4443,761
5562780,-1,4466,755
5562781,-32,4466,673
5562782,-64,4437,665
5562783,-125,4433,677
5562787,-216,4346,588
5562788,-223,4322,580
5562789,-235,4303,508
5562790,-248,4291,378
5562791,-233,4276,263
5562792,-227,4263,158
5562793,-225,4256,45
5562794,-235,4254,-83
5562795,-267,4246,-220
5562796,-331,4212,-387
5562797,-446,4174,-627
5562798,-568,4186,-955
5562799,-713,4225,-1153
5562800,-960,4260,-925
5562801,-1102,4241,-295
5562802,-931,4136,497
5562804,-660,4036,1187
5562805,-510,4008,1672
5562806,-375,4027,2032
5562807,-113,4039,2352
5562808,536,4112,2654
5562809,885,4161,2656
5562810,1207,4213,2623
5562811,1447,4274,2521
5562812,1597,4333,2325
5562813,1651,4382,2093
5562814,1603,4424,1879
5562815,1482,4443,1661
5562816,1319,4422,1450
5562817,1131,4386,1289
5562818,927,4349,1174
5562819,727,4307,1096
5562820,542,4256,1061
5562821,354,4198,1055
5562822,168,4137,1049
5562823,6,4087,1038
5562824,-138,4045,1031
5562825,-263,4001,1012
5562826,-343,3970,999
5562827,-379,3955,999
5562828,-384,3948,988
5562829,-351,3948,962
5562830,-285,3948,928
5562831,-202,3950,886
5562832,-109,3959,822
5562833,-8,3969,746
5562834,84,3979,672
5562835,157,3995,612
5562836,222,4019,563
5562837,275,4044,532
5562838,305,4064,515
