7551926,-88,4082,136
7551927,-96,4078,138
7551928,-101,4084,136
7551929,-157,4108,188
7551930,-163,4118,179
7551931,-160,4127,139
7551932,-147,4131,104
7551933,-134,4131,127
7551934,-147,4139,191
7551935,-163,4139,239
7551936,-144,4131,222
7551937,-115,4126,173
7551938,-116,4131,170
7551939,-132,4144,202
7551940,-129,4142,213
7551941,-109,4132,203
7551942,-109,4127,228
7551943,-130,4132,284
7551944,-138,4145,300
7551945,-119,4138,265
7551946,-94,4124,250
7551947,-92,4123,298
7551948,-107,4124,355
7551949,-109,4134,345
7551950,-81,4142,276
7551951,-58,4145,241
7551952,-69,4163,270
7551953,-85,4195,294
7551954,-71,4212,259
7551956,-9,4192,171
7551957,-13,4195,199
7551958,-21,4187,222
7551959,-23,4173,257
7551960,-35,4173,303
7551961,-56,4173,306
7551962,-66,4169,286
7551963,-76,4183,301
7551964,-91,4209,320
7551965,-68,4215,301
7551966,12,4148,272
7551967,99,3954,280
7551968,121,3759,336
7551969,82,3702,374
7551970,17,3731,304
7551971,-93,3810,129
7551972,-241,3909,-106
7551973,-359,3999,-357
7551974,-443,4088,-557
7551975,-534,4151,-700
7551976,-615,4188,-805
7551977,-682,4215,-867
7551978,-751,4183,-843
7551979,-759,4190,-728
7551980,-767,4203,-617
7551981,-737,4199,-523
7551982,-680,4208,-390
7551983,-665,4238,-220
7551984,-671,4260,-41
7551985,-639,4273,127
7551986,-589,4281,268
7551987,-533,4285,367
7551988,-448,4286,451
7551989,-354,4291,570
7551990,-267,4294,709
7551991,-150,4286,803
7551992,-1,4258,829
7551993,121,4226,844
7551994,209,4216,887
7551995,287,4219,926
7551996,357,4216,925
7551997,425,4211,900
7551998,476,4209,886
7551999,500,4209,893
7552000,516,4208,901
7552001,532,4204,890
7552002,542,4197,865
7552003,547,4189,839
7552004,548,4184,823
7552005,545,4189,816
7552006,535,4207,801
7552007,515,4209,755
7552008,484,4195,713
7552009,432,4213,724
7552010,367,4245,736
7552011,266,4242,624
7552012,197,4239,617
7552013,112,4245,630
7552014,47,4254,610
7552015,7,4259,563
7552016,-33,4265,542
7552017,-86,4267,535
7552018,-126,4261,508
7552019,-144,4258,494
7552020,-161,4267,507
7552021,-175,4269,508
7552022,-172,4260,491
7552023,-161,4256,483
7552024,-155,4252,476
7552025,-145,4233,448
7552026,-125,4208,437
7552027,-109,4195,459
7552028,-82,4191,482
7552029,-40,4189,495
7552030,-19,4193,513
7552031,-20,4192,518
7552032,12,4176,499
7552033,66,4160,499
7552034,91,4155,520
7552035,108,4135,531
7552036,146,4098,534
7552037,172,4077,559
7552038,167,4068,581
7552039,167,4052,556
7552040,177,4044,532
7552041,164,4061,539
7552042,141,4076,522
7552043,143,4074,468
7552044,153,4072,443
7552045,141,4086,469
7552046,129,4112,465
7552047,138,4115,442
7552048,140,4117,474
7552049,119,4122,510
7552050,92,4126,488
7552051,91,4123,441
7552052,84,4128,429
7552053,53,4132,446
7552054,31,4127,458
7552055,30,4117,461
7552056,26,4092,455
7552057,17,4073,469
7552058,1,4077,497
7552059,-18,4087,491
7552060,-25,4103,461
7552061,-21,4114,422
7552062,-4,4110,398
7552063,10,4102,411
7552064,11,4096,429
7552065,21,4087,423
7552066,32,4088,406
7552067,27,4092,411
7552068,13,4090,419
7552069,4,4095,406
7552070,4,4104,385
7552071,-8,4115,399
7552072,-21,4124,431
7552073,-16,4141,433
7552074,-9,4160,428
7552075,-15,4176,436
7552076,-15,4183,468
7552077,-8,4187,519
7552078,-2,4196,553
7552079,5,4203,575
7552080,34,4212,576
7552081,61,4215,553
7552082,76,4217,542
7552083,63,4234,545
7552084,37,4261,563
7552085,29,4272,566
7552086,38,4263,558
7552087,49,4246,575
7552088,48,4233,618
7552089,42,4221,640
7552090,35,4217,624
7552091,30,4223,596
7552092,35,4227,571
7552093,36,4227,564
7552094,31,4232,571
7552095,33,4237,582
7552096,38,4247,586
7552097,45,4261,570
7552098,58,4274,544
7552099,67,4284,521
7552100,59,4290,513
7552101,43,4296,521
7552102,42,4305,520
7552103,44,4313,489
7552104,42,4317,439
7552105,38,4318,407
7552106,25,4323,412
7552107,4,4325,425
7552108,-15,4318,401
7552109,-32,4309,359
7552110,-59,4308,356
7552111,-89,4308,364
7552112,-111,4302,364
7552113,-120,4297,347
7552114,-124,4295,307
7552115,-123,4294,285
7552116,-180,4321,324
7552117,-203,4332,331
7552118,-191,4336,301
7552119,-174,4347,258
7552120,-175,4367,250
7552121,-187,4388,264
7552122,-193,4415,262
7552123,-184,4441,251
7552124,-162,4442,245
7552125,-144,4429,271
7552126,-148,4438,321
7552127,-162,4453,358
7552128,-156,4451,372
7552129,-140,4458,407
7552130,-155,4480,459
7552131,-165,4491,482
7552132,-148,4497,484
7552133,-155,4508,491
7552134,-178,4520,518
7552135,-171,4523,535
7552136,-149,4520,533
7552137,-138,4522,540
7552138,-130,4525,554
7552140,-110,4522,556
7552141,-80,4514,573
7552142,-58,4514,601
7552143,-47,4518,605
7552144,-27,4514,581
7552145,-15,4512,554
7552146,-33,4522,540
7552147,-62,4528,501
7552148,-67,4533,492
7552149,-101,4544,483
7552150,-123,4556,460
7552151,-125,4577,415
7552152,-139,4604,386
7552153,-153,4630,374
7552154,-166,4650,366
7552155,-185,4660,364
7552156,-202,4653,366
7552157,-212,4647,388
7552158,-225,4640,409
7552159,-245,4627,417
7552160,-265,4616,417
7552161,-284,4603,415
7552162,-304,4596,438
7552163,-309,4589,452
7552164,-306,4573,433
7552165,-309,4562,427
7552166,-322,4554,438
7552167,-322,4531,421
7552168,-304,4493,383
7552169,-293,4465,360
7552170,-290,4450,354
7552171,-281,4439,342
7552172,-268,4430,312
7552173,-257,4431,288
7552174,-252,4438,272
7552175,-244,4434,236
7552176,-227,4429,204
7552177,-220,4437,201
7552178,-224,4451,199
7552179,-216,4452,174
7552180,-194,4447,149
7552181,-185,4456,158
7552182,-199,4473,164
7552183,-200,4470,151
7552184,-217,4478,191
7552185,-241,4478,235
7552186,-249,4469,228
7552187,-255,4474,223
7552188,-290,4502,261
7552189,-330,4533,287
7552190,-333,4546,273
7552191,-324,4561,270
7552192,-327,4579,294
7552193,-319,4576,304
7552194,-294,4571,300
7552195,-274,4573,314
7552196,-265,4562,333
7552197,-254,4543,338
7552198,-241,4526,344
7552199,-239,4517,367
7552200,-253,4515,386
7552201,-262,4511,378
7552202,-254,4502,369
7552203,-239,4494,379
7552204,-230,4488,396
7552205,-217,4480,426
7552206,-198,4475,466
7552207,-181,4474,477
7552208,-159,4467,452
7552209,-140,4452,426
7552210,-131,4443,430
7552211,-125,4437,439
7552212,-114,4423,430
7552213,-95,4411,411
7552214,-82,4407,391
7552215,-74,4405,385
7552216,-61,4402,394
7552217,-48,4396,403
7552218,-32,4382,400
7552219,-6,4351,398
7552220,-15,4328,431
7552221,-23,4310,459
7552222,-21,4301,467
7552223,-13,4288,466
7552224,-8,4268,468
7552225,-9,4247,482
7552226,-5,4231,491
7552227,-1,4218,484
7552228,-3,4213,471
7552229,-14,4215,452
7552230,-32,4214,426
7552231,-43,4210,396
7552232,-43,4199,368
7552233,-37,4189,349
7552234,-32,4189,336
7552235,-33,4191,325
7552236,-34,4189,317
7552237,-38,4196,308
7552238,-55,4200,311
7552239,-74,4189,324
7552240,-88,4181,326
7552241,-97,4184,317
7552242,-107,4181,305
7552243,-117,4172,301
7552244,-131,4165,305
7552245,-138,4154,309
7552246,-124,4131,317
7552247,-117,4122,317
7552248,-113,4107,315
7552249,-113,4087,318
7552250,-115,4076,318
7552251,-115,4070,308
7552252,-115,4070,296
7552253,-123,4062,279
7552254,-124,4044,250
7552255,-120,4036,219
7552256,-115,4033,201
7552257,-103,4020,188
7552258,-86,4001,162
7552259,-62,3987,136
7552260,-38,3972,122
7552261,-19,3948,110
7552262,-1,3917,101
7552263,9,3881,106
7552264,14,3848,107
7552265,21,3827,99
7552266,25,3822,99
7552267,25,3815,96
7552268,37,3797,78
7552269,54,3780,59
7552270,63,3767,46
7552271,66,3749,41
7552272,79,3727,50
7552273,100,3704,59
7552274,113,3685,70
7552275,129,3679,80
7552276,153,3665,87
7552277,171,3643,88
7552278,186,3635,81
7552279,202,3631,82
7552280,221,3618,86
7552281,243,3611,89
7552282,269,3615,103
7552283,277,3619,114
7552284,283,3613,121
7552285,288,3598,138
7552286,294,3588,150
7552287,306,3588,151
7552288,321,3598,147
7552289,330,3603,154
7552290,330,3602,171
7552291,338,3603,189
7552292,348,3597,203
7552293,359,3590,217
7552294,371,3589,228
7552295,376,3586,231
7552296,381,3578,240
7552297,385,3572,257
7552298,380,3568,274
7552299,373,3564,281
7552300,371,3556,283
7552301,373,3550,294
7552302,378,3552,301
7552303,379,3549,300
7552304,379,3546,297
7552305,377,3548,291
7552306,377,3553,271
7552307,381,3566,246
7552308,382,3579,242
7552309,377,3590,240
7552310,371,3593,221
7552311,362,3593,214
7552312,347,3590,216
7552313,333,3580,213
7552314,324,3574,213
7552315,315,3576,218
7552316,302,3578,219
7552317,283,3580,222
7552318,259,3575,227
7552319,240,3573,215
7552320,225,3577,205
7552321,200,3575,208
7552322,181,3567,201
7552323,172,3564,185
7552324,160,3582,174
7552325,121,3625,174
7552326,104,3638,175
7552327,101,3634,162
7552328,101,3626,142
7552329,83,3628,131
7552330,53,3636,129
7552331,26,3642,133
7552332,22,3637,145
7552333,41,3623,164
7552334,76,3619,185
7552335,124,3614,192
7552336,173,3603,205
7552337,219,3599,230
7552338,267,3599,252
7552339,317,3606,262
7552340,373,3629,269
7552341,423,3658,288
7552342,459,3680,308
7552343,477,3695,332
7552344,485,3711,351
7552345,498,3721,348
7552346,497,3725,350
7552347,470,3729,363
7552348,432,3729,370
7552349,406,3725,389
7552350,389,3721,408
7552351,369,3727,413
7552352,348,3737,422
7552353,334,3746,438
7552354,321,3754,457
7552355,313,3757,463
7552356,307,3757,447
7552357,302,3765,437
7552358,299,3778,438
7552359,292,3796,440
7552360,287,3817,432
7552361,281,3837,410
7552362,271,3857,395
7552363,267,3874,391
7552364,245,3912,364
7552365,224,3931,355
7552366,205,3939,352
7552367,198,3947,341
7552368,191,3968,330
7552369,174,3989,325
7552370,157,4005,327
7552371,136,4015,328
7552372,117,4028,322
7552373,109,4047,310
7552374,104,4063,306
7552375,95,4085,305
7552376,86,4110,301
7552377,82,4134,297
7552378,82,4149,295
7552379,77,4159,303
7552380,74,4168,311
7552381,80,4172,321
7552382,92,4173,337
7552383,103,4178,348
7552384,106,4191,361
7552385,105,4197,374
7552386,112,4199,388
7552387,122,4209,401
7552388,133,4220,398
7552389,142,4227,393
7552390,145,4233,398
7552391,144,4237,411
7552392,147,4242,417
7552393,153,4249,409
7552394,156,4255,397
7552395,157,4266,387
7552396,165,4283,383
7552397,182,4296,375
7552398,196,4310,359
7552399,196,4323,352
7552400,186,4329,353
7552401,176,4335,355
7552402,168,4348,355
7552403,161,4358,364
7552404,163,4367,379
7552405,167,4377,392
7552406,158,4386,416
7552407,144,4390,452
7552408,141,4395,486
7552409,146,4396,513
7552410,153,4391,538
7552411,165,4388,561
7552412,175,4385,592
7552413,190,4384,620
7552414,212,4387,638
7552415,230,4394,648
7552418,249,4396,628
7552419,257,4386,604
7552420,260,4376,588
7552421,271,4364,577
7552422,282,4357,560
7552423,281,4349,545
7552424,271,4338,544
7552425,262,4326,536
7552426,249,4316,523
7552427,230,4296,503
7552428,201,4270,463
7552429,173,4252,426
7552430,147,4240,397
7552431,120,4226,372
7552432,91,4211,341
7552433,40,4195,243
7552434,29,4189,205
7552435,33,4172,188
7552436,44,4159,172
7552437,50,4157,155
7552438,53,4156,151
7552439,59,4147,151
7552440,74,4129,142
7552441,91,4112,139
7552442,101,4101,154
7552443,111,4094,169
7552444,120,4093,169
7552445,136,4097,159
7552446,158,4096,154
7552447,168,4084,171
7552448,165,4053,197
7552449,162,4021,206
7552450,164,4000,213
7552451,167,3977,235
7552452,172,3952,251
7552453,177,3931,262
7552454,180,3925,269
7552455,191,3926,265
7552456,199,3926,260
7552457,198,3931,251
7552458,209,3938,237
7552459,231,3941,230
7552460,244,3944,224
7552461,249,3944,223
7552462,250,3938,230
7552463,256,3933,233
7552464,261,3932,229
7552465,259,3933,214
7552466,251,3937,194
7552467,231,3932,182
7552468,208,3918,176
7552469,189,3905,174
7552470,165,3894,175
7552471,130,3886,170
7552472,68,3850,158
7552473,48,3836,143
7552474,37,3834,123
7552475,31,3838,109
7552476,27,3841,97
7552477,32,3845,92
7552478,43,3854,95
7552479,60,3864,95
7552480,85,3878,95
7552481,106,3899,114
7552482,126,3917,124
7552483,141,3926,116
7552484,147,3930,118
7552485,154,3933,135
7552486,158,3934,158
7552487,154,3937,175
7552488,155,3949,183
7552489,161,3957,204
7552490,158,3957,225
7552491,148,3967,227
7552492,140,3979,216
7552493,134,3986,214
7552494,123,3994,236
7552495,118,4001,257
7552496,118,4010,267
7552497,109,4017,282
7552498,104,4024,308
7552499,117,4020,341
7552500,137,4005,381
7552501,152,3989,424
7552502,175,3970,466
7552503,208,3949,486
7552504,242,3937,478
7552505,274,3932,466
7552506,303,3931,448
7552507,316,3944,418
7552508,311,3959,384
7552509,293,3969,356
7552510,267,3978,319
7552511,234,3993,274
7552512,185,4033,261
7552513,168,4041,275
7552514,168,4048,297
7552515,180,4049,317
7552516,185,4048,339
7552517,182,4052,374
7552518,180,4057,415
7552519,169,4066,452
7552520,150,4078,478
7552521,135,4083,490
7552522,121,4093,492
7552523,106,4110,492
7552524,97,4122,477
7552525,86,4133,438
7552526,71,4146,386
7552527,60,4156,337
7552528,48,4161,303
7552529,30,4171,277
7552530,11,4180,245
7552531,-1,4179,201
7552532,-11,4184,173
7552533,-19,4193,173
7552534,-29,4193,173
7552535,-44,4198,156
7552536,-59,4206,118
7552537,-72,4209,87
7552538,-83,4210,65
7552539,-88,4213,45
7552540,-107,4206,32
7552541,-119,4201,34
7552542,-126,4202,29
7552543,-131,4197,27
7552544,-139,4190,31
7552545,-150,4181,38
7552546,-162,4175,37
7552547,-175,4177,37
7552548,-188,4184,37
7552549,-191,4188,12
7552550,-186,4193,-18
7552551,-186,4201,-42
7552552,-188,4223,-70
7552553,-185,4252,-93
7552554,-181,4270,-108
7552555,-177,4288,-122
7552556,-178,4307,-142
7552557,-185,4317,-149
7552558,-188,4320,-132
7552559,-176,4326,-106
7552560,-155,4333,-97
7552561,-135,4347,-102
7552562,-116,4370,-91
7552563,-99,4384,-81
7552564,-86,4389,-74
7552565,-80,4390,-64
7552566,-88,4387,-19
7552567,-86,4366,14
7552568,-74,4337,66
7552569,-55,4308,129
7552571,-33,4299,185
7552572,-16,4313,226
7552573,4,4327,248
7552574,26,4331,242
7552575,41,4330,221
7552576,57,4327,203
7552577,67,4329,192
7552578,68,4334,191
7552579,63,4337,193
7552580,39,4335,183
7552581,7,4332,166
7552582,-25,4320,149
7552583,-59,4308,135
7552584,-86,4301,128
7552585,-110,4295,121
7552586,-142,4294,100
7552587,-173,4297,83
7552588,-191,4306,78
7552589,-199,4315,66
7552590,-200,4320,46
7552591,-191,4324,27
7552592,-178,4322,17
7552593,-168,4310,11
7552594,-161,4299,15
7552595,-154,4285,31
7552596,-149,4264,48
7552597,-146,4259,63
7552598,-132,4239,85
7552599,-126,4216,103
7552600,-122,4194,120
7552601,-115,4165,127
7552602,-105,4133,135
7552603,-94,4115,164
7552604,-78,4105,182
7552605,-54,4091,180
7552606,-21,4074,179
7552607,14,4066,172
7552608,42,4066,162
7552609,65,4065,175
7552610,81,4062,203
7552611,96,4066,213
7552612,117,4068,201
7552613,143,4070,193
7552614,162,4074,179
7552615,179,4080,162
7552616,194,4079,166
7552617,207,4070,183
7552618,217,4065,187
7552619,225,4063,181
7552620,225,4060,174
7552621,222,4059,170
7552622,226,4060,173
7552623,235,4055,172
7552624,245,4034,174
7552625,242,4006,189
7552626,237,3993,204
7552627,236,3987,217
7552628,241,3973,226
7552629,249,3958,239
7552630,248,3947,255
7552631,242,3937,253
7552632,237,3928,248
7552633,241,3929,245
7552634,247,3939,239
7552635,247,3945,226
7552636,234,3948,219
7552637,223,3954,214
7552638,223,3964,206
7552639,227,3984,199
7552640,234,4000,211
7552641,241,4009,230
7552642,244,4022,236
7552643,248,4041,230
7552644,257,4059,207
7552645,262,4078,192
7552646,256,4096,204
7552647,248,4101,214
7552648,247,4097,208
7552649,248,4095,203
7552650,244,4094,217
7552651,237,4091,253
7552652,233,4092,285
7552653,232,4102,299
7552654,238,4117,313
7552655,235,4125,337
7552656,220,4121,361
7552657,212,4110,382
7552658,199,4108,402
7552659,187,4118,423
7552660,184,4121,449
7552661,183,4116,475
7552662,181,4107,486
7552663,187,4103,481
7552664,192,4108,480
7552665,204,4107,480
7552666,219,4102,473
7552667,219,4115,459
7552668,220,4144,425
7552669,222,4170,383
7552670,218,4192,351
7552671,213,4210,333
7552672,211,4217,320
7552673,208,4215,299
7552674,194,4211,285
7552675,180,4210,284
7552676,186,4210,280
7552677,187,4204,281
7552678,172,4190,282
7552679,150,4181,279
7552680,133,4187,274
7552681,124,4184,271
7552682,128,4150,288
7552683,142,4103,321
7552684,153,4060,345
7552685,157,4047,352
7552686,168,4063,350
7552687,180,4077,336
7552688,171,4087,314
7552689,156,4094,292
7552690,152,4100,259
7552691,150,4104,231
7552692,130,4098,221
7552693,95,4092,216
7552694,67,4089,209
7552695,41,4090,200
7552696,10,4088,205
7552697,-23,4090,211
7552698,-44,4091,200
7552699,-43,4089,197
7552700,-34,4093,220
7552701,-31,4099,250
7552702,-20,4114,270
7552703,3,4133,279
7552704,26,4151,281
7552705,47,4171,284
7552706,75,4190,289
7552707,95,4204,289
7552708,109,4215,293
7552709,124,4219,311
7552710,127,4224,325
7552711,122,4237,330
7552712,113,4242,333
7552713,104,4244,317
7552714,98,4246,295
7552715,87,4242,298
7552716,85,4237,312
7552717,105,4231,321
7552718,134,4224,326
7552719,152,4234,322
7552720,164,4244,302
7552721,183,4236,268
7552722,197,4229,253
7552723,191,4230,266
7552724,175,4227,266
7552725,163,4218,241
7552726,159,4214,218
7552727,153,4216,195
7552728,141,4221,168
7552729,128,4228,144
7552730,113,4236,121
7552731,97,4245,104
7552732,90,4258,94
7552733,86,4264,89
7552734,80,4270,92
7552735,64,4287,114
7552736,45,4305,135
7552737,28,4319,148
7552738,19,4328,161
7552739,17,4333,166
7552740,8,4337,170
7552741,-5,4334,174
7552742,-20,4320,185
7552743,-38,4316,196
7552744,-54,4322,206
7552745,-78,4327,211
7552746,-123,4332,201
7552747,-167,4330,184
7552748,-222,4355,112
7552749,-258,4377,70
7552750,-298,4388,41
7552751,-330,4387,24
7552752,-349,4374,30
7552753,-343,4352,56
7552754,-315,4324,87
7552755,-289,4296,122
7552756,-276,4278,161
7552757,-263,4268,183
7552758,-242,4265,187
7552759,-218,4261,196
7552760,-190,4255,220
7552761,-154,4249,259
7552762,-119,4248,300
7552763,-81,4252,330
7552764,-29,4246,356
7552765,36,4233,383
7552766,96,4223,420
7552767,151,4219,460
7552768,214,4217,495
7552769,273,4217,527
7552770,321,4210,559
7552771,366,4192,589
7552772,403,4175,607
7552773,423,4166,610
7552774,430,4162,606
7552775,425,4163,603
7552776,409,4165,589
7552777,376,4180,530
7552778,353,4194,496
7552779,326,4202,464
7552780,303,4201,437
7552781,273,4191,427
7552782,236,4184,423
7552783,202,4175,414
7552784,183,4149,399
7552785,175,4121,387
7552786,158,4111,382
7552787,133,4110,377
7552788,108,4106,368
7552789,89,4108,354
7552790,78,4108,339
7552791,68,4099,330
7552792,66,4091,326
7552793,70,4083,331
7552794,78,4075,337
7552795,89,4076,332
7552796,107,4083,324
7552797,123,4088,315
7552798,128,4089,300
7552799,128,4093,279
7552800,122,4100,258
7552801,120,4109,250
7552802,118,4116,260
7552803,116,4121,269
7552804,129,4127,271
7552805,136,4135,285
7552806,121,4142,314
7552807,104,4136,329
7552808,101,4113,326
7552809,106,4096,332
7552810,108,4093,350
7552811,106,4096,357
7552812,105,4099,344
7552813,102,4105,331
7552814,100,4109,338
7552815,104,4095,350
7552816,110,4059,377
7552817,96,4054,386
7552818,87,4052,387
7552819,93,4047,374
7552820,96,4040,350
7552821,78,4039,333
7552822,39,4049,332
7552823,-6,4058,338
7552824,-42,4068,334
7552825,-72,4082,306
7552826,-102,4090,275
7552827,-137,4094,263
7552828,-173,4095,263
7552829,-201,4098,267
7552830,-224,4103,268
7552831,-245,4113,253
7552832,-265,4123,230
7552833,-293,4126,223
7552834,-331,4121,214
7552835,-357,4115,193
7552836,-355,4116,173
7552837,-350,4131,153
7552838,-365,4146,146
7552839,-369,4145,153
7552840,-339,4131,162
7552841,-293,4103,176
7552842,-261,4068,206
7552843,-230,4032,233
7552844,-204,4005,248
7552845,-214,4005,263
7552846,-241,4021,255
7552847,-247,4030,207
7552848,-242,4037,146
7552849,-258,4057,118
7552850,-289,4097,56
7552851,-272,4114,9
7552852,-258,4140,2
7552853,-241,4156,-11
7552854,-211,4161,-38
7552856,-182,4168,-35
7552857,-171,4170,-15
7552858,-170,4161,-9
7552859,-176,4157,25
7552860,-202,4177,85
7552861,-221,4189,108
7552862,-210,4187,106
7552863,-207,4205,143
7552864,-228,4236,186
7552865,-236,4249,194
7552866,-226,4237,182
7552867,-221,4230,182
7552868,-220,4236,207
7552869,-199,4236,231
7552870,-178,4245,266
7552871,-164,4252,299
7552872,-137,4247,334
7552873,-116,4242,410
7552874,-107,4225,487
7552875,-92,4205,529
7552876,-74,4213,553
7552877,-53,4225,517
7552878,7,4206,414
7552879,63,4200,371
7552880,31,4228,446
7552881,-40,4220,506
7552882,-29,4211,471
7552883,-54,4226,488
7552884,-80,4240,518
7552885,-75,4239,517
7552886,-59,4236,524
7552887,-52,4235,532
7552888,-35,4227,498
7552889,-1,4213,446
7552890,17,4222,427
7552891,16,4245,404
7552892,35,4249,344
7552893,54,4238,305
7552894,33,4243,318
7552895,0,4246,347
7552896,-14,4234,366
7552897,-37,4236,386
7552898,-72,4249,389
7552899,-84,4252,351
7552900,-78,4245,314
7552901,-94,4242,320
7552902,-114,4241,335
7552903,-105,4223,324
7552904,-96,4204,335
7552905,-106,4190,379
7552906,-112,4168,412
7552907,-112,4139,433
7552908,-119,4112,463
7552909,-124,4095,497
7552910,-143,4097,510
7552911,-173,4104,439
7552912,-173,4111,384
7552913,-171,4113,337
7552914,-163,4111,330
7552915,-166,4119,359
7552916,-180,4122,363
7552917,-183,4122,344
7552918,-181,4133,337
7552919,-195,4149,351
7552920,-207,4168,378
7552921,-191,4188,377
7552922,-159,4198,345
7552923,-129,4203,311
7552924,-115,4208,300
7552925,-113,4210,321
7552926,-124,4206,368
7552927,-147,4205,428
7552928,-168,4198,490
7552929,-184,4185,546
7552930,-188,4179,575
7552931,-189,4177,556
7552932,-173,4169,495
7552933,-138,4152,438
7552934,-125,4141,460
7552935,-146,4140,551
7552936,-157,4135,621
7552937,-127,4121,628
7552938,-89,4118,599
7552939,-62,4127,551
7552940,-36,4129,491
7552941,-7,4130,432
7552942,18,4135,405
7552943,26,4140,401
7552944,27,4148,413
7552945,27,4154,442
7552946,28,4149,453
7552947,49,4132,428
7552948,80,4119,423
7552949,78,4118,575
7552950,74,4115,588
7552951,104,4102,515
7552952,144,4085,460
7552953,140,4083,487
7552954,103,4082,546
7552955,73,4077,596
7552956,50,4088,625
7552957,35,4107,616
7552958,37,4122,575
7552959,48,4136,524
7552960,47,4154,496
7552961,38,4167,483
7552962,46,4171,472
7552963,52,4179,500
7552964,29,4189,551
7552965,12,4189,568
7552966,28,4174,533
7552967,57,4153,515
7552968,51,4155,593
7552969,21,4166,662
7552970,46,4140,598
7552971,105,4100,516
7552972,89,4097,578
7552973,14,4108,717
7552974,-14,4095,781
7552975,7,4069,749
7552976,18,4052,720
7552977,12,4046,734
7552978,10,4051,745
7552979,20,4065,727
7552980,45,4078,674
7552981,74,4090,632
7552982,79,4103,632
7552983,69,4113,629
7552984,71,4115,575
7552985,90,4106,497
7552986,104,4104,456
7552987,95,4118,468
7552988,51,4141,481
7552989,57,4131,442
7552990,51,4126,461
7552991,3,4132,544
7552992,-38,4142,584
7552993,-19,4143,531
7552994,19,4138,462
7552995,27,4139,466
7552996,13,4137,498
7552997,0,4130,527
7552998,-21,4127,585
7552999,-48,4125,648
7553000,-59,4115,681
7553001,-53,4101,671
7553002,-42,4087,655
7553003,-37,4065,671
7553004,-46,4038,698
7553005,-58,4030,726
7553006,-54,4044,716
7553007,-29,4067,629
7553008,5,4098,503
7553009,33,4125,412
7553010,46,4144,382
7553011,56,4151,365
7553012,80,4147,351
7553013,96,4146,356
7553014,91,4142,368
7553015,85,4133,415
7553016,65,4128,511
7553017,24,4126,611
7553018,-5,4127,643
7553019,-6,4138,589
7553020,5,4156,500
7553021,7,4186,440
7553022,-5,4228,413
7553023,-6,4243,357
7553024,-44,4260,459
7553025,-110,4276,601
7553026,-135,4266,662
7553027,-104,4246,635
7553028,-79,4247,609
7553029,-84,4268,639
7553030,-79,4277,669
7553031,-52,4273,681
7553032,-12,4271,727
7553033,22,4274,796
7553034,45,4277,851
7553035,69,4271,884
7553036,88,4259,915
7553037,104,4243,942
7553038,121,4224,928
7553039,144,4211,883
7553040,155,4221,861
7553041,153,4240,883
7553042,157,4235,896
7553043,171,4217,877
7553044,183,4210,872
7553045,186,4208,869
7553046,201,4198,818
7553047,224,4189,762
7553048,222,4196,741
7553049,200,4206,713
7553050,197,4185,516
7553051,182,4191,482
7553052,124,4202,514
7553053,69,4190,528
7553054,34,4169,509
7553055,-1,4160,493
7553056,-40,4155,508
7553057,-65,4148,532
7553059,-79,4130,542
7553060,-94,4116,560
7553061,-112,4117,601
7553062,-131,4121,623
7553063,-133,4122,594
7553064,-113,4122,538
7553065,-102,4131,507
7553066,-112,4142,513
7553067,-119,4145,515
7553068,-110,4151,504
7553069,-104,4159,486
7553070,-98,4166,451
7553071,-82,4174,397
7553072,-74,4189,375
7553073,-79,4214,394
7553074,-77,4221,401
7553075,-59,4216,403
7553076,-48,4219,440
7553077,-56,4214,481
7553078,-38,4202,487
7553079,-15,4190,487
7553080,-40,4180,623
7553081,-36,4162,668
7553082,-15,4151,678
7553083,-6,4146,696
7553084,-13,4135,712
7553085,-38,4119,730
7553086,-74,4095,772
7553087,-103,4069,813
7553088,-113,4047,804
7553089,-110,4037,759
7553090,-111,4044,714
7553091,-129,4070,693
7553092,-150,4101,697
7553093,-146,4098,676
7553094,-100,4062,598
7553095,-39,4041,499
7553096,-8,4048,443
7553097,-9,4060,434
7553098,-33,4075,415
7553099,-61,4086,350
7553100,-87,4083,285
7553101,-130,4094,276
7553102,-188,4110,303
7553103,-210,4108,319
7553104,-202,4101,336
7553105,-204,4093,393
7553106,-210,4089,464
7553107,-195,4097,518
7553108,-155,4113,562
7553109,-104,4131,579
7553110,7,4169,617
7553111,17,4181,687
7553112,4,4189,764
7553113,-5,4192,782
7553114,3,4181,748
7553115,-9,4167,744
7553116,-71,4168,790
7553117,-138,4170,822
7553118,-168,4162,794
7553119,-170,4143,728
7553120,-173,4135,696
7553121,-193,4149,717
7553122,-202,4170,718
7553123,-164,4177,650
7553124,-116,4173,592
7553125,-113,4183,620
7553126,-127,4199,665
7553127,-113,4208,655
7553128,-83,4219,614
7553129,-67,4226,579
7553130,-60,4237,574
7553131,-54,4248,601
7553132,-59,4237,633
7553133,-67,4217,657
7553134,-69,4209,681
7553135,-74,4212,706
7553136,-86,4216,714
7553137,-85,4222,712
7553138,-70,4221,708
7553139,-51,4200,709
7553140,-32,4174,707
7553141,-20,4138,752
7553142,-18,4127,783
7553143,3,4119,782
7553144,26,4120,761
7553145,40,4130,714
7553146,52,4145,661
7553147,51,4163,650
7553148,28,4181,668
7553149,0,4190,670
7553150,-6,4195,637
7553151,1,4203,600
7553152,-4,4214,589
7553153,-20,4225,591
7553154,-31,4226,592
7553155,-31,4218,588
7553156,-35,4223,588
7553157,-48,4240,589
7553158,-46,4235,577
7553159,-37,4215,592
7553160,-46,4214,639
7553161,-55,4210,681
7553163,-54,4193,704
7553164,-64,4186,728
7553165,-77,4183,769
7553166,-44,4175,793
7553167,-30,4162,803
7553168,-25,4145,828
7553169,-10,4132,835
7553170,1,4132,836
7553171,-6,4142,843
7553172,-16,4159,829
7553173,-21,4182,794
7553174,-31,4197,759
7553175,-41,4208,725
7553176,-43,4222,692
7553177,-48,4235,664
7553178,-60,4247,638
7553179,-72,4262,604
7553180,-87,4288,577
7553181,-98,4316,581
7553182,-90,4337,588
7553183,-87,4354,591
7553184,-105,4375,620
7553185,-119,4396,656
7553186,-118,4412,651
7553187,-108,4423,627
7553188,-108,4433,644
7553189,-116,4437,691
7553190,-120,4436,747
7553191,-126,4443,806
7553192,-126,4450,834
7553193,-124,4457,842
7553194,-140,4447,858
7553195,-161,4421,866
7553196,-216,4389,888
7553197,-265,4390,900
7553198,-287,4375,888
7553199,-292,4363,879
7553200,-295,4364,893
7553201,-280,4350,891
7553202,-247,4329,874
7553203,-226,4329,862
7553204,-224,4332,824
7553205,-213,4320,756
7553206,-191,4310,711
7553207,-202,4307,726
7553208,-236,4303,752
7553209,-244,4285,727
7553210,-234,4263,680
7553211,-249,4261,684
7553212,-273,4267,704
7553213,-262,4254,686
7553214,-231,4241,650
7553215,-219,4248,638
7553216,-217,4250,642
7553217,-202,4252,648
7553218,-183,4265,664
7553219,-185,4280,692
7553220,-185,4287,702
7553221,-160,4281,684
7553222,-141,4283,700
7553223,-138,4300,746
7553224,-119,4313,753
7553225,-78,4314,730
7553226,-48,4326,720
7553227,-44,4344,735
7553228,-43,4355,749
7553229,-36,4364,738
7553230,-37,4368,729
7553231,-59,4325,778
7553232,-59,4311,792
7553233,-49,4292,775
7553234,-40,4282,771
7553235,-41,4292,789
7553236,-29,4289,786
7553237,7,4270,775
7553238,39,4261,790
7553239,56,4254,818
7553240,72,4245,824
7553241,90,4236,806
7553242,93,4229,805
7553243,76,4226,833
7553244,70,4227,826
7553245,81,4229,789
7553246,87,4235,803
7553247,68,4247,835
7553248,44,4247,820
7553249,49,4222,776
7553250,59,4202,759
7553251,40,4207,791
7553252,13,4213,814
7553253,18,4201,788
7553254,29,4192,760
7553255,14,4197,754
7553256,3,4200,740
7553257,13,4206,712
7553258,7,4215,688
7553259,-29,4215,681
7553260,-55,4204,660
7553261,-44,4180,607
7553262,-25,4167,587
7553263,-34,4180,618
7553264,-22,4153,567
7553265,9,4137,564
7553266,10,4121,609
7553267,26,4083,626
7553268,63,4048,616
7553269,86,4034,638
7553270,91,4025,693
7553271,107,4007,716
7553272,127,3986,721
7553273,126,3972,734
7553274,112,3961,735
7553275,96,3950,749
7553276,77,3958,761
7553277,58,3981,732
7553278,42,3994,683
7553279,11,3999,655
7553280,-20,3999,634
7553281,-34,3988,575
7553282,-57,3996,524
7553283,-107,4027,534
7553284,-144,4045,528
7553285,-145,4050,468
7553286,-146,4060,419
7553287,-157,4077,417
7553288,-172,4092,427
7553289,-177,4101,410
7553290,-167,4099,398
7553291,-152,4097,426
7553292,-151,4101,473
7553293,-160,4103,525
7553294,-155,4098,562
7553295,-139,4095,590
7553296,-137,4095,621
7553297,-145,4081,643
7553298,-131,4059,655
7553299,-105,4052,676
7553300,-90,4057,695
7553301,-62,4061,713
7553302,-45,4064,754
7553303,-27,4063,782
7553304,16,4057,772
7553305,70,4044,740
7553306,101,4033,722
7553307,116,4026,725
7553308,128,4026,726
7553309,129,4028,722
7553310,126,4028,715
7553311,122,4026,688
7553312,107,4034,662
7553313,86,4048,658
7553314,60,4070,648
7553315,27,4098,626
7553316,-3,4116,608
7553317,-27,4122,593
7553318,-39,4131,572
7553319,-26,4150,562
7553320,-8,4165,582
7553321,10,4171,619
7553322,31,4164,650
7553323,61,4153,689
7553324,90,4149,729
7553325,114,4144,741
7553326,140,4135,729
7553327,141,4138,740
7553328,104,4143,772
7553329,73,4142,776
7553330,65,4146,764
7553331,44,4157,751
7553332,26,4167,736
7553333,32,4178,721
7553334,41,4185,708
7553335,36,4189,702
7553336,25,4204,685
7553337,19,4211,663
7553338,12,4202,625
7553339,7,4200,609
7553340,-3,4206,616
7553341,-3,4198,599
7553342,16,4196,566
7553343,12,4213,567
7553344,-21,4225,580
7553345,-33,4213,564
7553346,-23,4196,548
7553347,-27,4193,557
7553348,-37,4189,583
7553349,-42,4184,613
7553350,-48,4183,639
7553351,-43,4185,651
7553352,-16,4178,635
7553353,11,4166,621
7553354,15,4165,649
7553355,18,4165,676
7553356,46,4160,681
7553357,84,4150,682
7553358,106,4138,679
7553359,114,4127,682
7553360,125,4118,699
7553361,133,4109,705
7553362,136,4095,697
7553363,135,4076,694
7553364,121,4059,679
7553365,101,4048,646
7553366,86,4037,613
7553367,72,4014,584
7553368,63,3983,541
7553369,58,3960,496
7553370,28,3949,467
7553371,-54,3918,395
7553372,-86,3889,334
7553373,-117,3866,280
7553374,-150,3854,223
7553375,-179,3851,158
7553376,-197,3852,105
7553377,-218,3855,56
7553378,-239,3856,10
7553380,-251,3849,-19
7553381,-253,3835,-39
7553382,-253,3813,-58
7553383,-263,3791,-62
7553384,-290,3777,-55
7553385,-331,3766,-34
7553386,-371,3754,-19
7553387,-400,3741,-20
7553388,-419,3734,-12
7553389,-436,3740,-7
7553390,-452,3754,-18
7553391,-464,3768,-21
7553392,-467,3789,-6
7553393,-444,3825,6
7553394,-430,3832,12
7553395,-423,3849,28
7553396,-416,3867,35
7553397,-399,3891,30
7553398,-376,3922,39
7553399,-351,3948,55
7553400,-317,3969,81
7553401,-275,3985,123
7553402,-223,4000,164
7553403,-172,4017,219
7553404,-120,4032,296
7553405,-62,4047,367
7553406,-13,4071,431
7553407,15,4098,511
7553408,32,4105,584
7553409,59,4099,636
7553410,89,4102,689
7553411,114,4108,743
7553412,138,4097,791
7553413,162,4065,838
7553414,179,4029,871
7553415,193,4014,891
7553416,208,4021,902
7553417,220,4027,888
7553418,226,4033,853
7553419,218,4046,802
7553420,198,4065,738
7553421,168,4083,683
7553422,133,4089,636
7553423,99,4089,597
7553424,63,4088,562
7553425,28,4082,527
7553426,-5,4069,508
7553427,-46,4047,500
7553428,-84,4020,491
7553429,-144,3984,474
7553430,-160,3973,437
7553431,-177,3957,399
7553432,-195,3940,384
7553433,-208,3925,374
7553434,-215,3909,356
7553435,-210,3899,342
7553436,-206,3893,331
7553437,-200,3883,307
7553438,-181,3873,286
7553439,-162,3876,268
7553440,-156,3889,242
7553441,-145,3898,211
7553442,-140,3894,191
7553443,-139,3890,185
7553444,-135,3894,180
7553445,-134,3903,176
7553446,-133,3920,185
7553447,-130,3930,204
7553448,-121,3928,217
7553449,-111,3922,235
7553450,-106,3928,258
7553451,-101,3941,275
7553452,-92,3954,304
7553453,-85,3978,340
7553454,-79,4004,376
7553455,-65,4019,411
7553456,-56,4030,442
7553457,-52,4048,467
7553458,-40,4066,486
7553459,-22,4074,501
7553460,-13,4077,505
7553461,-11,4085,511
7553462,-6,4091,533
7553463,-8,4094,567
7553464,5,4097,572
7553465,19,4096,578
7553466,20,4090,583
7553467,16,4090,585
7553468,10,4098,591
7553469,3,4097,603
7553470,-6,4092,603
7553471,-14,4093,588
7553472,-20,4097,571
7553473,-25,4101,562
7553474,-24,4112,561
7553475,-27,4128,560
7553476,-39,4145,542
7553477,-48,4158,512
7553478,-55,4168,494
7553479,-58,4186,488
7553480,-64,4201,486
7553481,-74,4215,484
7553482,-80,4228,487
7553483,-85,4233,491
7553484,-95,4242,492
7553485,-103,4251,506
7553486,-99,4254,529
7553487,-93,4259,540
7553488,-91,4269,546
7553489,-93,4276,561
7553490,-97,4288,580
7553491,-89,4308,620
7553493,-83,4313,642
7553494,-78,4326,675
7553495,-72,4341,706
7553496,-64,4348,733
7553497,-47,4345,761
7553498,-19,4327,792
7553499,23,4301,827
7553500,76,4269,866
7553501,125,4233,904
7553502,168,4208,935
7553503,206,4199,948
7553504,233,4190,938
7553505,255,4178,900
7553506,270,4175,855
7553507,259,4174,815
7553508,223,4169,754
7553509,171,4163,673
7553510,122,4162,590
7553511,71,4156,506
7553512,3,4150,429
7553513,-65,4150,364
7553514,-128,4152,311
7553515,-193,4159,267
7553516,-251,4165,223
7553517,-297,4177,181
7553518,-364,4201,131
7553519,-390,4214,127
7553520,-414,4225,147
7553521,-423,4230,184
7553522,-408,4221,235
7553523,-375,4202,287
7553524,-329,4182,346
7553525,-277,4166,418
7553526,-224,4153,483
7553527,-172,4144,542
7553528,-125,4135,597
7553529,-85,4121,643
7553530,-36,4108,666
7553531,10,4097,664
7553532,38,4090,654
7553533,58,4082,638
7553534,83,4067,599
7553535,103,4057,551
7553536,115,4055,505
7553537,122,4053,458
7553538,115,4047,413
7553539,93,4045,374
7553540,63,4047,335
7553541,29,4058,291
7553542,-4,4077,251
7553543,-35,4093,227
7553544,-68,4100,213
7553545,-94,4106,200
7553546,-119,4117,206
7553547,-149,4122,220
7553548,-174,4119,238
7553549,-194,4115,263
7553550,-212,4113,300
7553551,-230,4115,397
7553552,-227,4103,439
7553553,-216,4094,492
7553554,-204,4091,546
7553555,-193,4091,583
7553556,-179,4097,611
7553557,-154,4108,631
7553558,-113,4115,653
7553559,-66,4116,672
7553560,-19,4123,681
7553561,22,4129,681
7553562,54,4126,678
7553563,78,4119,680
7553564,94,4113,686
7553565,106,4105,689
7553566,117,4098,677
7553567,120,4088,659
7553568,117,4080,647
7553569,121,4077,636
7553570,129,4066,631
7553571,126,4045,615
7553572,116,4034,583
7553573,104,4035,550
7553574,84,4026,523
7553575,69,4010,503
7553576,69,4007,482
7553577,68,4010,459
7553578,61,4006,431
7553579,64,4006,410
7553580,69,4011,404
7553581,67,4012,396
7553582,56,4009,375
7553583,37,4007,355
7553584,22,4007,344
7553585,14,4004,335
7553586,12,4000,337
7553587,10,3998,359
7553588,19,3997,402
7553589,28,3996,410
7553590,26,3992,423
7553591,25,3985,440
7553592,33,3984,450
7553593,46,3989,456
7553594,66,3993,476
7553595,89,3992,495
7553596,107,3985,512
7553597,120,3987,538
7553598,131,3997,552
7553599,145,4003,554
7553600,159,4003,548
7553601,165,4002,541
7553602,162,4005,550
7553603,157,4010,553
7553604,143,4013,544
7553605,118,4010,532
7553606,92,3995,521
7553607,66,3989,510
7553608,36,3985,485
7553609,2,3968,452
7553610,-27,3957,423
7553611,-64,3960,394
7553612,-104,3967,359
7553613,-136,3967,315
7553614,-165,3968,268
7553615,-189,3974,236
7553616,-206,3988,216
7553617,-215,4000,186
7553618,-222,4006,161
7553619,-231,4017,149
7553620,-237,4025,136
7553621,-237,4029,128
7553622,-226,4045,121
7553623,-208,4063,120
7553624,-203,4072,147
7553625,-202,4083,185
7553626,-194,4094,221
7553627,-185,4107,301
7553628,-179,4112,339
7553629,-168,4120,378
7553630,-153,4121,418
7553631,-133,4114,464
7553632,-114,4112,507
7553633,-95,4113,533
7553634,-69,4116,555
7553635,-42,4128,578
7553636,-17,4140,587
7553637,14,4149,583
7553638,49,4153,568
7553639,78,4150,562
7553640,93,4149,564
7553641,108,4154,559
7553642,126,4161,562
7553643,130,4165,572
7553644,124,4172,570
7553645,119,4182,557
7553646,122,4190,550
7553647,119,4201,550
7553648,106,4211,551
7553649,86,4217,560
7553650,61,4217,573
7553651,41,4214,571
7553652,19,4215,567
7553653,-3,4220,567
7553654,-26,4224,559
7553655,-50,4221,547
7553656,-80,4215,537
7553657,-105,4205,531
7553658,-120,4192,534
7553659,-139,4180,535
7553660,-154,4170,516
7553661,-166,4150,470
7553662,-168,4141,455
7553663,-164,4128,430
7553664,-156,4112,399
7553665,-151,4101,373
7553666,-147,4093,347
7553667,-140,4077,311
7553668,-133,4066,274
7553669,-122,4062,247
7553670,-116,4058,236
7553671,-111,4055,239
7553672,-100,4048,227
7553673,-84,4044,206
7553674,-69,4047,200
7553675,-55,4053,205
7553676,-44,4060,216
7553677,-42,4065,235
7553678,-41,4064,260
7553679,-42,4065,281
7553680,-44,4073,288
7553681,-46,4083,292
7553682,-40,4097,305
7553683,-36,4108,321
7553684,-48,4112,328
7553685,-72,4116,336
7553686,-92,4124,354
7553688,-98,4139,368
7553689,-101,4156,380
7553690,-109,4165,399
7553691,-120,4172,417
7553692,-151,4187,433
7553693,-165,4194,431
7553694,-180,4198,432
7553695,-190,4204,441
7553696,-198,4212,463
7553697,-203,4211,477
7553698,-203,4209,475
7553699,-200,4216,481
7553700,-197,4227,500
7553701,-181,4225,528
7553702,-163,4215,555
7553703,-162,4208,568
7553704,-154,4199,574
7553705,-141,4195,589
7553706,-129,4189,613
7553707,-115,4172,636
7553708,-106,4154,648
7553709,-102,4134,646
7553710,-110,4113,640
7553711,-120,4089,635
7553712,-112,4065,623
7553713,-102,4045,608
7553714,-105,4032,594
7553715,-99,4026,572
7553716,-83,4024,541
7553717,-73,4019,512
7553718,-66,4007,495
7553719,-54,3993,486
7553720,-38,3985,468
7553721,-21,3984,443
7553722,-3,3985,413
7553723,20,3989,384
7553724,40,3986,357
7553725,55,3972,324
7553726,63,3957,310
7553727,62,3934,335
7553728,61,3925,332
7553729,56,3911,318
7553730,38,3890,299
7553731,11,3880,283
7553732,-23,3879,257
7553733,-56,3875,224
7553734,-89,3872,204
7553735,-117,3864,186
7553736,-147,3859,162
7553737,-175,3863,141
7553738,-184,3871,117
7553739,-183,3877,91
7553740,-181,3880,69
7553741,-175,3892,56
7553742,-166,3907,58
7553743,-143,3911,53
7553744,-107,3912,34
7553745,-79,3918,22
7553746,-65,3927,33
7553747,-47,3932,67
7553748,-23,3932,116
7553749,0,3927,163
7553750,28,3924,193
7553751,64,3932,216
7553752,91,3951,238
7553753,102,3966,267
7553754,120,3983,297
7553755,142,4009,316
7553756,151,4030,332
7553757,157,4049,352
7553758,167,4079,379
7553759,177,4104,411
7553760,189,4122,474
7553761,182,4130,505
7553762,170,4132,528
7553763,165,4136,549
7553764,166,4143,576
7553765,158,4147,590
7553766,139,4147,583
7553767,121,4141,580
7553768,106,4128,582
7553769,88,4109,590
7553770,77,4087,606
7553771,70,4067,618
7553772,58,4055,611
7553773,42,4040,595
7553774,25,4032,579
7553775,10,4035,546
7553776,-6,4039,501
7553777,-21,4045,468
7553778,-32,4047,431
7553779,-39,4047,378
7553780,-50,4045,328
7553781,-64,4045,295
7553782,-76,4042,279
7553783,-87,4033,268
7553784,-104,4023,242
7553785,-126,4019,214
7553786,-136,4019,198
7553787,-137,4012,187
7553788,-138,4002,178
7553789,-113,3998,175
7553790,-100,4008,169
7553791,-98,4022,162
7553792,-95,4033,166
7553793,-91,4041,163
7553794,-88,4050,153
7553795,-84,4060,150
7553796,-80,4067,159
7553797,-75,4079,163
7553798,-66,4096,167
7553799,-52,4104,171
7553800,-45,4103,164
7553801,-47,4090,168
7553802,-51,4074,191
7553803,-46,4073,223
7553804,-32,4077,245
7553805,-19,4075,263
7553806,-8,4070,281
7553807,1,4072,286
7553808,8,4080,277
7553809,24,4088,273
7553810,42,4104,285
7553811,53,4122,288
7553812,61,4126,289
7553813,75,4123,306
7553814,88,4117,325
7553815,91,4107,338
7553816,91,4094,351
7553817,90,4083,371
7553818,88,4077,382
7553819,91,4069,392
7553820,99,4058,406
7553821,129,4061,393
7553822,146,4069,387
7553823,150,4073,376
7553824,145,4084,360
7553825,139,4098,326
7553826,137,4109,292
7553827,142,4123,276
7553828,146,4145,257
7553829,144,4161,237
7553830,136,4165,232
7553831,123,4162,232
7553832,111,4157,236
7553833,101,4153,245
7553834,84,4153,260
7553835,62,4155,263
7553836,44,4158,250
7553837,25,4163,247
7553838,11,4172,254
7553839,0,4182,255
7553840,-17,4191,243
7553841,-38,4205,235
7553842,-43,4223,232
7553843,-39,4238,229
7553844,-39,4244,230
7553845,-37,4253,236
7553846,-29,4271,242
7553847,-18,4297,240
7553848,-11,4327,246
7553849,-11,4347,269
7553851,3,4357,283
7553852,28,4363,285
7553853,43,4374,299
7553854,60,4383,345
7553855,68,4378,366
7553856,61,4375,403
7553857,47,4380,429
7553858,46,4375,432
7553859,49,4371,423
7553860,37,4376,422
7553861,20,4375,426
7553862,6,4362,432
7553863,-3,4342,437
7553864,3,4327,421
7553865,6,4326,396
7553866,1,4338,383
7553867,1,4350,382
7553868,11,4359,380
7553869,37,4369,367
7553870,69,4372,352
7553871,90,4368,350
7553872,108,4359,358
7553873,120,4352,369
7553874,118,4351,393
7553875,100,4347,418
7553876,73,4331,436
7553877,47,4310,451
7553878,21,4302,458
7553879,7,4298,461
7553880,0,4286,465
7553881,-10,4275,469
7553882,-15,4262,465
7553883,-8,4245,446
7553884,-3,4235,419
7553885,-7,4236,386
7553886,-13,4245,356
7553887,-17,4246,334
7553888,-16,4237,310
7553889,-6,4227,271
7553890,16,4206,210
7553891,10,4184,223
7553892,6,4157,228
7553893,8,4137,207
7553894,3,4129,199
7553895,-12,4127,205
7553896,-23,4124,194
7553897,-26,4124,173
7553898,-27,4120,163
7553899,-19,4103,159
7553900,-12,4082,169
7553901,-7,4079,202
7553902,-14,4086,235
7553903,-34,4090,249
7553904,-49,4094,264
7553905,-57,4100,281
7553906,-61,4114,282
7553907,-64,4133,281
7553908,-67,4146,287
7553909,-66,4150,291
7553910,-56,4151,301
7553911,-42,4157,323
7553912,-32,4163,349
7553913,-22,4166,377
7553914,-13,4169,404
7553915,10,4173,419
7553916,33,4182,428
7553917,33,4194,439
7553918,10,4199,448
7553919,-22,4192,457
7553920,-15,4163,476
7553921,-7,4167,478
7553922,-4,4168,471
7553923,-6,4178,452
7553924,-12,4188,442
7553925,-14,4180,441
7553926,0,4155,446
7553927,20,4134,464
7553928,33,4127,475
7553929,38,4123,482
7553930,39,4121,496
7553931,41,4122,502
7553932,42,4113,491
7553933,43,4094,493
7553934,41,4087,507
7553935,43,4091,513
7553936,56,4084,506
7553937,66,4075,482
7553938,61,4074,468
7553939,52,4071,469
7553940,48,4065,458
7553941,40,4062,428
7553942,28,4072,406
7553943,18,4084,405
7553944,10,4083,404
7553945,4,4082,396
7553946,1,4082,388
7553947,-4,4082,371
7553948,-1,4105,376
7553949,-2,4112,406
7553950,-7,4102,438
7553951,-1,4083,465
7553952,9,4079,489
7553953,13,4091,505
7553954,15,4101,524
7553955,29,4100,536
7553956,49,4089,538
7553957,70,4064,548
7553958,91,4029,549
7553959,113,3996,547
7553960,122,3975,539
7553961,111,3970,509
7553962,88,3976,467
7553963,53,3986,419
7553964,11,3991,374
7553965,-23,3993,324
7553966,-50,3998,268
7553967,-86,4009,227
7553968,-124,4021,214
7553969,-138,4025,189
7553970,-135,4031,170
7553971,-133,4051,200
7553972,-127,4065,245
7553973,-114,4069,277
7553974,-98,4074,307
7553975,-75,4078,349
7553976,-53,4080,398
7553977,-32,4083,448
7553978,-9,4081,483
7553979,23,4083,533
7553980,17,4093,567
7553981,10,4095,576
7553982,14,4104,558
7553983,13,4117,532
7553984,3,4134,501
7553985,-1,4155,461
7553986,9,4170,434
7553987,18,4178,436
7553988,35,4183,458
7553989,73,4178,461
7553990,119,4163,433
7553991,151,4160,441
7553992,157,4167,510
7553993,154,4171,587
7553994,169,4178,635
7553995,198,4184,634
7553996,216,4183,610
7553997,212,4189,617
7553998,198,4204,661
7553999,181,4211,692
7554001,169,4211,684
7554002,159,4211,658
7554003,132,4223,630
7554004,88,4240,604
7554005,50,4251,562
7554006,26,4252,492
7554007,4,4243,435
7554008,-45,4247,446
7554009,-117,4257,483
7554010,-168,4245,506
7554011,-185,4222,523
7554012,-216,4191,531
7554013,-239,4198,553
7554014,-244,4198,529
7554015,-216,4190,480
7554016,-173,4189,467
7554017,-136,4185,492
7554018,-101,4171,519
7554019,-58,4158,510
7554020,-19,4148,482
7554021,7,4152,461
7554022,29,4172,423
7554023,56,4173,345
7554024,68,4165,311
7554025,28,4180,338
7554026,-19,4186,324
7554027,-15,4171,269
7554028,0,4171,254
7554029,-30,4177,301
7554030,-71,4170,378
7554031,-102,4164,453
7554032,-129,4161,505
7554033,-133,4145,519
7554034,-117,4139,507
7554035,-121,4164,518
7554036,-146,4177,550
7554037,-145,4179,569
7554038,-127,4186,577
7554039,-108,4176,579
7554040,-78,4154,586
7554041,-66,4142,623
7554042,-85,4146,698
7554043,-108,4146,723
7554044,-126,4136,617
7554045,-167,4164,614
7554046,-187,4175,570
7554047,-183,4180,541
7554048,-198,4205,578
7554049,-205,4222,596
7554050,-168,4229,555
7554051,-123,4247,492
7554052,-91,4257,469
7554053,-72,4250,515
7554054,-61,4239,569
7554055,-43,4237,604
7554056,-15,4233,619
7554057,15,4230,605
7554058,39,4240,601
7554059,69,4251,641
7554060,109,4245,684
7554061,155,4218,718
7554062,195,4197,774
7554063,215,4192,836
7554064,230,4181,873
7554065,254,4160,881
7554066,275,4150,870
7554067,292,4148,845
7554068,306,4150,829
7554069,305,4151,830
7554070,294,4144,834
7554071,291,4139,858
7554072,275,4151,903
7554073,246,4162,904
7554074,236,4162,862
7554075,232,4173,852
7554076,207,4184,869
7554077,184,4165,856
7554078,199,4141,802
7554079,209,4148,776
7554080,183,4168,801
7554081,158,4166,786
7554082,140,4143,742
7554083,114,4133,769
7554084,97,4116,765
7554085,90,4095,750
7554086,66,4088,776
7554087,43,4088,777
7554088,43,4081,714
7554089,40,4083,653
7554090,10,4096,642
7554091,-17,4090,648
7554092,-15,4068,631
7554093,-20,4066,620
7554094,-57,4082,627
7554095,-94,4089,624
7554096,-108,4087,612
7554097,-134,4097,613
7554098,-177,4111,616
7554099,-198,4114,602
7554100,-195,4107,563
7554101,-183,4096,530
7554102,-163,4101,529
7554103,-159,4116,544
7554104,-175,4124,560
7554105,-181,4123,576
7554106,-175,4122,590
7554107,-170,4126,594
7554108,-150,4117,577
7554109,-119,4109,559
7554110,-102,4110,559
7554111,-99,4111,575
7554112,-100,4116,603
7554113,-92,4124,619
7554114,-74,4137,621
7554115,-62,4155,637
7554116,-53,4173,656
7554117,-11,4179,641
7554118,4,4192,623
7554119,-4,4200,627
7554120,-3,4190,639
7554121,12,4169,637
7554122,20,4155,621
7554123,19,4157,610
7554124,15,4163,603
7554125,16,4163,603
7554126,18,4163,634
7554127,16,4163,681
7554128,25,4149,692
7554129,47,4135,672
7554130,60,4132,670
7554131,66,4131,677
7554132,76,4136,686
7554133,74,4142,706
7554134,61,4140,721
7554135,57,4138,720
7554136,56,4146,702
7554137,61,4169,687
7554138,74,4190,689
7554139,83,4206,702
7554140,71,4224,734
7554141,59,4223,755
7554142,65,4205,727
7554143,68,4208,706
7554144,53,4224,727
7554145,43,4224,731
7554146,50,4228,713
7554147,50,4242,718
7554148,41,4242,720
7554149,50,4225,695
7554150,63,4213,681
7554151,49,4213,709
7554152,24,4217,736
7554153,23,4217,719
7554154,3,4235,661
7554155,-38,4240,664
7554156,-77,4240,641
7554157,-99,4252,597
7554158,-123,4278,573
7554159,-156,4303,568
7554160,-181,4318,563
7554161,-196,4328,556
7554162,-203,4331,559
7554163,-212,4326,554
7554164,-216,4316,523
7554165,-212,4305,491
7554166,-211,4303,485
7554167,-218,4302,499
7554168,-219,4294,513
7554169,-204,4279,520
7554170,-196,4261,540
7554171,-200,4249,591
7554172,-200,4230,653
7554173,-184,4207,685
7554174,-162,4191,699
7554175,-148,4181,709
7554176,-140,4189,711
7554177,-119,4198,699
7554178,-83,4198,684
7554179,-56,4210,708
7554180,-46,4228,738
7554181,-40,4230,712
7554182,-30,4220,678
7554183,-32,4212,707
7554184,-46,4207,744
7554185,-19,4203,685
7554186,-15,4208,671
7554187,-41,4218,677
7554188,-51,4220,675
7554189,-42,4215,662
7554190,-39,4209,662
7554191,-49,4200,661
7554192,-50,4189,636
7554194,-44,4189,628
7554195,-63,4209,663
7554196,-91,4225,696
7554197,-110,4234,709
7554198,-133,4251,706
7554199,-156,4264,698
7554200,-166,4272,700
7554201,-168,4281,703
7554202,-163,4292,709
7554203,-157,4308,713
7554204,-155,4318,689
7554205,-144,4316,655
7554206,-127,4314,659
7554207,-111,4311,680
7554208,-98,4297,690
7554209,-82,4274,694
7554210,-74,4250,699
7554211,-88,4235,716
7554212,-112,4220,688
7554213,-121,4229,660
7554214,-141,4246,655
7554215,-150,4254,648
7554216,-141,4259,634
7554217,-137,4272,623
7554218,-136,4280,603
7554219,-119,4288,572
7554220,-110,4300,572
7554221,-116,4309,591
7554222,-113,4311,592
7554223,-111,4313,599
7554224,-137,4315,616
7554225,-173,4298,610
7554226,-181,4269,593
7554227,-193,4253,624
7554228,-233,4239,681
7554229,-250,4221,695
7554230,-236,4212,679
7554231,-219,4216,692
7554232,-201,4226,725
7554233,-168,4230,731
7554234,-128,4230,721
7554235,-102,4241,723
7554236,-78,4250,722
7554237,-58,4258,724
7554238,-57,4271,734
7554239,-59,4267,719
7554240,-58,4252,693
7554241,-69,4246,675
7554242,-88,4241,648
7554243,-101,4229,651
7554244,-129,4224,703
7554245,-169,4224,733
7554246,-162,4181,651
7554247,-170,4186,657
7554248,-193,4187,669
7554249,-186,4181,639
7554250,-168,4191,613
7554251,-167,4204,594
7554252,-155,4203,547
7554253,-112,4186,496
7554254,-72,4168,500
7554255,-69,4166,549
7554256,-74,4167,567
7554257,-65,4162,565
7554258,-63,4155,596
7554259,-78,4161,638
7554260,-85,4177,650
7554261,-76,4187,653
7554262,-83,4189,686
7554263,-101,4181,710
7554264,-85,4172,687
7554265,-57,4171,655
7554266,-56,4183,670
7554267,-66,4207,713
7554268,-49,4229,727
7554269,-4,4235,712
7554270,31,4229,702
7554271,39,4229,722
7554272,38,4226,740
7554273,38,4219,737
7554274,28,4225,743
7554275,-9,4232,753
7554276,-54,4216,732
7554277,-79,4229,782
7554278,-116,4252,834
7554279,-107,4254,806
7554280,-70,4257,753
7554281,-70,4277,768
7554282,-94,4292,802
7554283,-86,4296,786
7554284,-67,4303,761
7554285,-83,4314,756
7554286,-96,4323,753
7554287,-93,4335,767
7554288,-99,4345,791
7554289,-99,4344,785
7554290,-80,4337,760
7554291,-75,4337,764
7554292,-103,4345,799
7554293,-122,4350,815
7554294,-114,4350,818
7554295,-101,4353,816
7554296,-90,4355,816
7554297,-83,4359,851
7554298,-90,4367,889
7554299,-89,4365,877
7554300,-58,4352,822
7554301,-40,4343,804
7554302,-55,4340,840
7554303,-65,4319,875
7554304,-69,4315,845
7554305,-64,4315,802
7554307,-52,4319,778
7554308,-57,4334,781
7554309,-63,4348,771
7554310,-51,4355,709
7554311,-45,4359,651
7554312,-51,4366,643
7554313,-63,4383,645
7554314,-80,4395,632
7554315,-94,4410,625
7554316,-111,4428,631
7554317,-132,4427,621
7554318,-146,4415,615
7554319,-163,4414,633
7554320,-192,4425,664
7554321,-208,4429,668
7554322,-201,4425,650
7554323,-212,4431,691
7554324,-247,4441,748
7554325,-256,4435,748
7554326,-243,4426,733
7554327,-249,4432,759
7554328,-271,4437,792
7554329,-272,4429,773
7554330,-255,4427,741
7554331,-247,4423,759
7554332,-243,4406,757
7554333,-235,4382,753
7554334,-214,4359,752
7554335,-198,4344,750
7554336,-193,4325,735
7554337,-184,4307,704
7554338,-168,4302,662
7554339,-159,4293,602
7554340,-150,4271,559
7554341,-143,4249,563
7554342,-154,4229,585
7554343,-158,4207,580
7554344,-136,4178,532
7554345,-127,4157,512
7554346,-157,4155,540
7554347,-181,4147,532
7554348,-190,4127,483
7554349,-209,4106,448
7554350,-222,4089,432
7554351,-220,4076,436
7554352,-230,4072,440
7554353,-251,4062,422
7554354,-256,4042,382
7554355,-257,4035,356
7554356,-268,4046,362
7554357,-280,4053,344
7554358,-272,4050,278
7554359,-256,4056,239
7554360,-261,4067,236
7554361,-252,4059,209
7554362,-206,4048,188
7554363,-178,4053,201
7554364,-176,4055,215
7554365,-155,4046,234
7554366,-138,4041,276
7554367,-143,4033,313
7554368,-116,4007,373
7554369,-133,4010,424
7554370,-160,4003,465
7554371,-171,3989,481
7554372,-172,3971,481
7554373,-172,3951,493
7554374,-168,3940,500
7554375,-161,3937,486
7554376,-166,3937,473
7554377,-177,3935,469
7554378,-171,3934,461
7554379,-156,3936,462
7554380,-137,3939,447
7554381,-114,3937,431
7554382,-102,3933,437
7554383,-100,3928,442
7554384,-99,3921,434
7554385,-96,3912,420
7554386,-97,3911,411
7554387,-108,3920,422
7554388,-128,3923,444
7554389,-130,3917,443
7554390,-109,3905,446
7554391,-92,3890,469
7554392,-74,3874,492
7554393,-46,3859,498
7554394,-25,3854,500
7554395,-13,3855,502
7554396,9,3847,503
7554397,32,3834,508
7554398,50,3829,512
7554399,69,3820,500
7554400,88,3807,483
7554401,97,3804,490
7554402,107,3799,504
7554403,125,3793,498
7554404,140,3791,491
7554405,165,3798,480
7554406,167,3805,445
7554407,170,3817,418
7554408,172,3835,420
7554409,171,3848,422
7554410,171,3858,415
7554411,155,3875,416
7554412,143,3886,420
7554413,148,3887,422
7554414,141,3892,438
7554415,128,3896,470
7554416,115,3899,500
7554417,97,3911,523
7554418,89,3920,538
7554419,94,3923,546
7554420,90,3930,564
7554421,74,3942,600
7554422,68,3951,623
7554423,74,3962,632
7554424,70,3980,636
7554425,57,3994,641
7554426,48,4000,652
7554427,48,4006,645
7554428,46,4015,632
7554429,41,4033,635
7554430,41,4059,626
7554431,45,4078,606
7554432,48,4085,597
7554433,53,4080,596
7554434,58,4073,587
7554435,61,4069,566
7554436,63,4059,556
7554437,70,4054,560
7554438,75,4056,568
7554439,81,4049,570
7554440,95,4042,567
7554441,102,4044,552
7554442,105,4049,533
7554443,112,4052,520
7554444,110,4061,517
7554445,104,4069,514
7554446,106,4063,497
7554447,102,4060,493
7554448,111,4056,488
7554449,121,4046,487
7554450,116,4035,497
7554451,103,4027,508
7554452,104,4030,511
7554453,107,4046,505
7554454,94,4065,492
7554455,78,4086,474
7554456,60,4106,462
7554457,35,4126,454
7554458,6,4143,437
7554459,-22,4154,416
7554460,-51,4161,411
7554461,-89,4161,411
7554462,-118,4150,400
7554463,-128,4134,391
7554464,-140,4120,405
7554465,-162,4112,445
7554466,-166,4101,473
7554467,-155,4091,469
7554468,-150,4094,458
7554469,-140,4105,459
7554470,-118,4109,453
7554471,-93,4109,433
7554472,-72,4111,419
7554473,-62,4103,409
7554474,-60,4090,399
7554475,-61,4085,380
7554476,-57,4082,356
7554477,-52,4071,340
7554478,-53,4053,327
7554479,-42,4038,327
7554480,-20,4030,351
7554481,22,4018,367
7554482,65,4014,379
7554483,97,4012,411
7554484,121,3999,443
7554485,145,3980,454
7554486,161,3965,454
7554487,159,3966,451
7554488,142,3982,446
7554489,120,4001,433
7554490,105,4015,424
7554491,97,4021,419
7554492,92,4021,400
7554493,69,4020,378
7554494,32,4033,364
7554495,1,4058,340
7554496,-29,4087,300
7554497,-65,4105,264
7554498,-109,4117,245
7554499,-139,4128,241
7554500,-146,4130,253
7554501,-149,4124,273
7554502,-151,4121,301
7554503,-149,4117,343
7554504,-144,4112,376
7554505,-130,4117,397
7554506,-110,4123,412
7554507,-102,4127,404
7554508,-100,4124,383
7554509,-96,4122,374
7554510,-99,4120,367
7554511,-110,4108,353
7554512,-132,4057,329
7554513,-147,4045,308
7554514,-162,4049,276
7554515,-172,4057,242
7554516,-178,4057,222
7554517,-177,4049,204
7554518,-163,4041,203
7554519,-129,4034,218
7554520,-91,4031,227
7554521,-71,4037,223
7554522,-60,4056,228
7554523,-47,4079,247
7554524,-36,4097,267
7554525,-27,4112,286
7554526,-18,4116,301
7554527,-10,4108,313
7554528,3,4102,326
7554529,13,4097,358
7554530,14,4087,397
7554531,7,4069,427
7554532,4,4053,450
7554533,9,4043,457
7554534,12,4024,469
7554535,7,4004,485
7554536,4,3987,489
7554537,0,3974,480
7554538,-11,3967,455
7554539,-21,3964,422
7554540,-29,3964,395
7554541,-32,3964,363
7554542,-32,3959,334
7554543,-27,3947,310
7554544,-3,3929,281
7554545,-12,3930,291
7554546,-16,3935,297
7554547,-7,3937,286
7554548,-2,3938,266
7554549,-5,3934,255
7554550,-7,3921,253
7554552,-12,3909,254
7554553,-27,3901,267
7554554,-44,3892,285
7554555,-55,3881,292
7554556,-61,3869,294
7554557,-64,3856,289
7554558,-68,3852,289
7554559,-76,3859,300
7554560,-85,3867,308
7554561,-87,3872,315
7554562,-79,3880,317
7554563,-69,3887,307
7554564,-55,3890,293
7554565,-35,3898,272
7554566,-2,3927,249
7554567,13,3950,251
7554568,30,3963,251
7554569,44,3969,250
7554570,62,3975,260
7554571,72,3988,276
7554572,76,3995,294
7554573,83,3992,316
7554574,87,3988,345
7554575,78,3986,371
7554576,68,3984,390
7554577,63,3984,412
7554578,58,3988,427
7554579,49,3997,439
7554580,38,4009,451
7554581,33,4018,457
7554582,36,4026,453
7554583,34,4040,442
7554584,27,4051,446
7554585,24,4058,453
7554586,18,4067,440
7554587,6,4067,434
7554588,-2,4069,448
7554589,-7,4082,457
7554590,-13,4096,449
7554591,-24,4106,435
7554592,-41,4114,427
7554593,-56,4115,432
7554594,-67,4118,433
7554595,-78,4124,420
7554596,-82,4130,405
7554597,-79,4131,406
7554598,-79,4123,423
7554599,-92,4105,450
7554600,-89,4105,458
7554601,-77,4106,449
7554602,-68,4100,421
7554603,-71,4096,393
7554604,-74,4097,384
7554605,-73,4098,387
7554606,-72,4094,375
7554607,-69,4094,359
7554608,-70,4107,343
7554609,-72,4121,320
7554610,-74,4126,309
7554611,-78,4135,296
7554612,-83,4143,286
7554613,-87,4153,293
7554614,-81,4158,291
7554615,-78,4153,289
7554616,-79,4154,284
7554617,-73,4162,274
7554618,-63,4166,285
7554619,-65,4169,309
7554620,-71,4170,331
7554621,-67,4165,348
7554622,-56,4164,360
7554623,-44,4164,373
7554624,-38,4163,378
7554625,-31,4159,398
7554626,-23,4153,404
7554627,-16,4155,408
7554628,-9,4163,412
7554629,3,4162,406
7554630,21,4162,406
7554631,35,4162,408
7554632,52,4163,402
7554633,79,4168,405
7554634,103,4170,405
7554635,113,4165,400
7554636,118,4165,401
7554637,120,4166,400
7554638,123,4161,401
7554639,135,4149,409
7554640,144,4133,427
7554641,139,4123,440
7554642,136,4127,448
7554643,136,4128,454
7554644,127,4114,457
7554645,111,4098,447
7554646,102,4085,427
7554647,91,4079,427
7554648,72,4071,433
7554649,61,4065,425
7554650,66,4062,413
7554651,69,4067,399
7554652,60,4077,391
7554653,50,4083,387
7554654,44,4085,375
7554655,38,4092,369
7554656,25,4107,373
7554657,15,4115,376
7554658,12,4123,378
7554659,9,4132,383
7554660,-4,4135,381
7554661,-23,4124,401
7554662,-21,4115,411
7554663,-20,4102,419
7554664,-15,4086,433
7554665,1,4070,457
7554666,9,4079,482
7554667,8,4115,504
7554668,33,4121,513
7554669,91,4083,537
7554670,159,4042,586
7554671,219,4020,620
7554672,264,4012,636
7554673,291,4017,637
7554674,294,4032,625
7554675,286,4051,612
7554676,269,4066,592
7554677,235,4074,569
7554678,188,4079,547
7554679,136,4085,536
7554680,80,4089,529
7554681,20,4085,510
7554682,-31,4072,485
7554683,-62,4060,464
7554685,-72,4052,443
7554686,-70,4044,431
7554687,-49,4028,433
7554688,-21,4010,426
7554689,-3,4008,418
7554690,32,4030,417
7554691,57,4032,416
7554692,74,4028,402
7554693,86,4023,406
7554694,99,4013,423
7554695,120,3998,419
7554696,145,3986,419
7554697,157,3975,433
7554698,150,3965,438
7554699,135,3963,429
7554700,130,3971,413
7554701,123,3988,394
7554702,100,4007,379
7554703,73,4013,367
7554704,44,4013,358
7554705,16,4018,358
7554706,-8,4017,354
7554707,-28,4008,340
7554708,-40,3997,335
7554709,-50,3990,345
7554710,-63,3989,356
7554711,-75,3993,356
7554712,-78,3986,355
7554713,-69,3975,362
7554714,-52,3975,360
7554715,-24,3977,358
7554716,10,3974,362
7554717,42,3983,371
7554718,75,3997,385
7554719,97,4003,399
7554720,103,4005,408
7554721,112,4001,407
7554722,124,3993,402
7554723,130,3977,424
7554724,124,3969,443
7554725,114,3963,453
7554726,113,3961,452
7554727,115,3961,442
7554728,119,3967,423
7554729,121,3977,404
7554730,116,3992,385
7554731,112,4015,358
7554732,110,4043,325
7554733,101,4068,292
7554734,82,4090,271
7554735,75,4103,257
7554736,74,4101,252
7554737,59,4088,260
7554738,31,4065,282
7554739,-3,4040,306
7554740,-24,4022,329
7554741,-33,4016,367
7554742,-39,4014,407
7554743,-32,4009,432
7554744,-18,4007,460
7554745,-4,4009,483
7554746,6,4019,496
7554747,15,4040,518
7554748,24,4073,519
7554749,27,4110,509
7554750,35,4139,512
7554751,47,4151,507
7554752,59,4145,493
7554753,54,4122,480
7554754,36,4091,482
7554755,28,4069,501
7554756,25,4059,515
7554757,18,4056,519
7554758,-5,4087,522
7554759,-3,4099,501
7554760,0,4112,481
7554761,2,4139,463
7554762,1,4171,436
7554763,-5,4211,412
7554764,-6,4244,398
7554765,-4,4262,388
7554766,1,4271,386
7554767,2,4273,410
7554768,-4,4259,454
7554769,-13,4238,489
7554770,-23,4219,504
7554771,-45,4209,519
7554772,-67,4204,531
7554773,-69,4191,532
7554774,-65,4188,536
7554775,-61,4188,547
7554776,-48,4177,546
7554777,-30,4178,521
7554778,-18,4196,496
7554779,-8,4205,471
7554780,4,4197,437
7554781,19,4180,409
7554782,25,4160,402
7554783,24,4141,405
7554784,33,4116,405
7554785,48,4089,391
7554786,60,4079,375
7554787,58,4079,365
7554788,42,4072,334
7554789,29,4081,332
7554790,15,4102,326
7554791,5,4126,301
7554792,-1,4150,277
7554793,4,4179,260
7554794,11,4204,247
7554795,7,4216,246
7554796,-2,4216,253
7554797,-16,4215,265
7554798,-28,4210,277
7554799,-29,4200,297
7554800,-27,4190,322
7554801,-25,4176,334
7554802,-22,4164,344
7554803,-12,4159,358
7554804,-2,4158,378
7554805,7,4153,407
7554806,10,4147,425
7554807,12,4146,437
7554808,10,4159,447
7554809,3,4173,438
7554810,-2,4169,411
7554811,0,4169,395
7554812,8,4172,379
7554813,5,4170,358
7554814,-13,4169,355
7554815,-26,4167,359
7554816,-34,4161,355
7554817,-47,4156,357
7554818,-62,4157,367
7554819,-74,4164,386
7554820,-81,4175,398
7554821,-81,4191,390
7554822,-70,4208,385
7554823,-66,4223,382
7554824,-55,4239,397
7554826,-41,4258,421
7554827,-31,4275,437
7554828,-20,4283,455
7554829,-8,4281,470
7554830,2,4279,475
7554831,10,4271,489
7554832,14,4259,517
7554833,12,4251,533
7554834,6,4252,531
7554835,3,4258,521
7554836,1,4258,516
7554837,-6,4251,519
7554838,-12,4238,514
7554839,-8,4226,507
7554840,2,4214,500
7554841,7,4206,504
7554842,0,4203,521
7554843,-6,4199,527
7554844,-7,4193,526
7554845,-5,4177,520
7554846,-1,4162,517
7554847,3,4148,514
7554848,8,4137,507
7554849,16,4129,501
7554850,28,4119,501
7554851,38,4109,503
7554852,52,4104,504
7554853,68,4101,472
7554854,72,4103,462
7554855,77,4101,467
7554856,75,4103,470
7554857,73,4101,479
7554858,72,4086,482
7554859,62,4069,469
7554860,44,4066,442
7554861,27,4066,418
7554862,18,4064,409
7554863,14,4061,404
7554864,8,4052,394
7554865,-3,4034,384
7554866,-10,4005,378
7554867,-12,3978,365
7554868,-25,3966,348
7554869,-36,3966,341
7554870,-36,3962,341
7554871,-32,3956,342
7554872,-13,3947,346
7554873,10,3938,347
7554874,31,3932,345
7554875,56,3923,350
7554876,81,3925,360
7554877,107,3936,382
7554878,120,3943,413
7554879,122,3950,438
7554880,125,3963,451
7554881,134,3988,492
7554882,131,3998,510
7554883,134,4014,509
7554884,137,4025,509
7554885,132,4036,500
7554886,108,4054,488
7554887,72,4069,487
7554888,49,4085,493
7554889,31,4105,491
7554890,7,4121,477
7554891,-20,4137,465
7554892,-55,4145,457
7554893,-85,4137,452
7554894,-107,4130,444
7554895,-130,4131,448
7554896,-149,4134,467
7554897,-173,4130,475
7554898,-197,4119,465
7554899,-209,4110,448
7554900,-222,4112,433
7554901,-233,4123,414
7554902,-230,4132,393
7554903,-219,4140,375
7554904,-199,4141,360
7554905,-164,4134,361
7554906,-129,4129,375
7554907,-103,4122,386
7554908,-79,4113,402
7554909,-61,4111,413
7554910,-55,4110,409
7554911,-56,4111,407
7554912,-55,4112,409
7554913,-52,4112,409
7554914,-60,4107,423
7554915,-69,4092,463
7554916,-48,4087,481
7554917,-35,4079,490
7554918,-32,4077,498
7554919,-20,4078,514
7554920,5,4080,524
7554921,9,4088,538
7554922,-7,4091,558
7554923,-15,4083,568
7554924,-19,4086,569
7554925,-32,4109,573
7554926,-51,4135,572
7554927,-59,4154,557
7554928,-46,4170,541
7554929,-16,4180,533
7554930,21,4186,542
7554931,56,4189,567
7554932,86,4196,602
7554933,117,4204,634
7554934,138,4207,666
7554935,137,4207,718
7554936,111,4210,771
7554937,78,4222,803
7554938,49,4236,827
7554939,14,4242,848
7554940,-22,4231,864
7554941,-30,4213,875
7554942,-21,4201,871
7554943,-12,4198,852
7554944,35,4211,838
7554945,78,4191,841
7554946,131,4160,842
7554947,182,4136,830
7554948,224,4115,807
7554949,249,4098,774
7554950,249,4089,735
7554951,232,4087,709
7554952,206,4096,694
7554953,170,4109,669
7554954,128,4120,637
7554955,93,4136,616
7554956,67,4156,606
7554957,45,4160,599
7554958,24,4152,597
7554959,5,4147,595
7554960,-1,4156,582
7554961,1,4171,577
7554962,-1,4189,579
7554963,-3,4205,583
7554964,-7,4203,599
7554965,-12,4188,611
7554966,-9,4181,619
7554967,-2,4185,629
7554968,1,4193,639
7554969,2,4199,653
7554970,1,4202,671
7554971,-6,4201,691
7554972,-6,4196,702
7554973,2,4201,707
7554974,2,4214,713
7554975,0,4220,716
7554976,2,4221,713
7554977,5,4220,707
7554978,7,4211,711
7554979,16,4202,709
7554980,24,4200,679
7554981,25,4217,631
7554982,23,4225,599
7554983,23,4239,576
7554984,32,4248,566
7554985,43,4243,562
7554986,49,4236,557
7554987,56,4233,561
7554988,56,4229,591
7554989,44,4229,628
7554990,25,4230,653
7554991,6,4222,658
7554992,-13,4215,658
7554993,-28,4213,674
7554995,-42,4216,680
7554996,-49,4219,674
7554997,-54,4219,684
7554998,-61,4217,705
7554999,-49,4203,711
7555000,-23,4187,691
7555001,-6,4186,684
7555002,1,4194,691
7555003,13,4202,683
7555004,31,4207,664
7555005,41,4204,656
7555006,52,4193,636
7555007,72,4184,596
7555008,89,4174,577
7555009,91,4162,591
7555010,82,4151,619
7555011,61,4151,630
7555012,40,4148,608
7555013,35,4134,575
7555014,20,4130,578
7555015,-8,4135,613
7555016,-31,4155,613
7555017,-42,4150,553
7555018,-48,4144,521
7555019,-50,4155,490
7555020,-53,4169,423
7555021,-47,4179,390
7555022,-47,4194,402
7555023,-64,4202,420
7555024,-69,4187,444
7555025,-55,4165,450
7555026,-52,4155,457
7555027,-65,4156,498
7555028,-63,4147,528
7555029,-50,4136,554
7555030,-50,4131,600
7555031,-56,4128,619
7555032,-54,4132,589
7555033,-55,4142,530
7555034,-64,4160,476
7555035,-69,4187,465
7555036,-115,4203,523
7555037,-121,4188,533
7555038,-117,4194,531
7555039,-134,4202,497
7555040,-142,4212,445
7555041,-130,4226,418
7555042,-131,4240,434
7555043,-139,4239,464
7555044,-120,4209,475
7555045,-91,4173,497
7555046,-72,4151,563
7555047,-57,4137,613
7555048,-37,4120,619
7555049,-13,4104,615
7555050,-14,4096,626
7555051,-33,4092,654
7555052,-38,4087,677
7555053,-36,4087,707
7555054,-38,4092,739
7555055,-32,4082,729
7555056,-16,4070,689
7555057,-14,4069,662
7555058,-21,4059,624
7555059,-4,4045,561
7555060,20,4044,516
7555061,28,4052,495
7555062,30,4058,506
7555063,18,4061,529
7555064,-3,4053,507
7555065,-8,4039,442
7555066,-21,4035,320
7555067,-48,4030,303
7555068,-65,4026,320
7555069,-88,4017,338
7555070,-103,4001,358
7555071,-103,3992,392
7555072,-113,3994,423
7555073,-118,3999,444
7555074,-107,4006,465
7555075,-111,4024,495
7555076,-117,4039,510
7555077,-99,4040,508
7555078,-71,4039,505
7555079,-45,4049,515
7555080,-14,4057,538
7555081,16,4066,564
7555082,31,4068,602
7555083,55,4058,650
7555084,76,4052,713
7555085,81,4052,741
7555086,106,4054,701
7555087,132,4071,653
7555088,130,4093,661
7555089,117,4107,719
7555090,103,4105,771
7555091,85,4091,795
7555092,68,4077,801
7555093,51,4075,787
7555094,27,4090,788
7555095,1,4110,841
7555096,-16,4121,886
7555097,-15,4108,871
7555098,10,4087,845
7555099,28,4091,843
7555100,68,4075,764
7555101,113,4081,782
7555102,108,4095,812
7555103,107,4087,794
7555104,123,4080,775
7555105,108,4080,781
7555106,84,4070,801
7555107,83,4066,816
7555108,74,4077,817
7555109,50,4080,809
7555110,45,4077,785
7555111,53,4075,762
7555112,58,4069,768
7555113,67,4064,800
7555114,57,4069,824
7555115,48,4070,812
7555116,71,4066,796
7555117,68,4076,808
7555118,32,4093,822
7555119,9,4092,779
7555120,5,4088,694
7555121,-17,4109,670
7555123,-65,4128,690
7555124,-88,4123,669
7555125,-89,4121,654
7555126,-112,4132,690
7555127,-136,4129,707
7555128,-139,4127,707
7555129,-147,4139,729
7555130,-155,4153,741
7555131,-145,4161,727
7555132,-124,4158,700
7555133,-111,4155,676
7555134,-104,4161,649
7555135,-81,4156,609
7555136,-52,4153,638
7555137,-49,4148,647
7555138,-37,4137,637
7555139,-27,4131,653
7555140,-34,4130,725
7555141,-48,4122,785
7555142,-27,4100,764
7555143,6,4085,741
7555144,0,4086,758
7555145,-8,4089,758
7555146,17,4091,741
7555147,49,4097,721
7555148,56,4112,706
7555149,54,4133,704
7555150,46,4149,694
7555151,35,4157,682
7555152,36,4170,669
7555153,22,4193,636
7555154,-7,4207,592
7555155,-19,4211,585
7555156,-34,4226,639
7555157,-69,4237,673
7555158,-82,4237,637
7555159,-67,4248,612
7555160,-68,4272,644
7555161,-71,4279,679
7555162,-40,4271,699
7555163,-15,4274,741
7555164,-21,4286,795
7555165,-22,4290,811
7555166,-5,4297,775
7555167,0,4301,796
7555168,6,4296,833
7555169,12,4288,882
7555170,16,4289,922
7555171,24,4296,915
7555172,39,4302,885
7555173,59,4309,858
7555174,73,4325,829
7555175,81,4342,791
7555176,95,4342,747
7555177,111,4340,731
7555178,106,4338,745
7555179,89,4329,766
7555180,82,4322,789
7555181,69,4318,805
7555182,49,4316,799
7555183,35,4305,791
7555184,27,4302,813
7555185,7,4306,831
7555186,-7,4287,814
7555187,-6,4281,814
7555188,-15,4290,842
7555189,-34,4282,851
7555190,-34,4275,821
7555191,-18,4282,782
7555192,-15,4287,770
7555193,-15,4286,752
7555194,-11,4282,739
7555195,-6,4278,745
7555196,-9,4277,762
7555197,-28,4280,768
7555198,-49,4263,725
7555199,-55,4247,688
7555200,-72,4258,719
7555201,-111,4265,737
7555202,-130,4260,706
7555203,-134,4269,689
7555204,-151,4278,691
7555205,-162,4276,685
7555206,-162,4282,681
7555207,-167,4292,680
7555208,-178,4292,678
7555209,-179,4289,677
7555210,-171,4280,699
7555211,-166,4258,714
7555212,-154,4244,715
7555213,-142,4241,729
7555214,-142,4229,729
7555215,-135,4217,703
7555216,-121,4212,695
7555217,-111,4211,718
7555218,-96,4205,730
7555219,-74,4187,704
7555220,-49,4175,667
7555221,-26,4164,674
7555222,-12,4153,713
7555223,12,4130,693
7555224,18,4129,690
7555225,6,4131,713
7555226,-1,4121,713
7555227,5,4106,689
7555228,-2,4097,675
7555229,-25,4088,661
7555230,-33,4090,640
7555231,-30,4108,635
7555232,-28,4128,630
7555233,-33,4146,619
7555234,-42,4155,607
7555236,-64,4160,592
7555237,-87,4166,588
7555238,-100,4166,607
7555239,-114,4164,634
7555240,-124,4163,643
7555241,-129,4164,619
7555242,-137,4159,602
7555243,-146,4155,620
7555244,-156,4151,643
7555245,-166,4143,649
7555246,-168,4142,662
7555247,-164,4151,687
7555248,-152,4160,697
7555249,-130,4163,693
7555250,-114,4177,700
7555251,-105,4198,713
7555252,-85,4208,720
7555253,-55,4210,725
7555254,-35,4216,738
7555255,-28,4223,761
7555256,-26,4245,807
7555257,-51,4251,806
7555258,-63,4256,796
7555259,-64,4258,809
7555260,-73,4270,861
7555261,-96,4287,898
7555262,-96,4283,869
7555263,-71,4282,846
7555264,-72,4303,880
7555265,-82,4315,892
7555266,-55,4312,851
7555267,-24,4315,823
7555268,-28,4325,832
7555269,-35,4321,829
7555270,-34,4311,806
7555271,-57,4308,809
7555272,-86,4301,828
7555273,-97,4283,819
7555274,-102,4265,797
7555275,-116,4265,776
7555276,-135,4280,748
7555277,-142,4293,728
7555278,-130,4289,718
7555279,-114,4261,707
7555280,-99,4230,704
7555281,-83,4217,712
7555282,-73,4225,731
7555283,-60,4248,706
7555284,-61,4265,688
7555285,-60,4275,672
7555286,-52,4280,673
7555287,-55,4293,698
7555288,-74,4306,703
7555289,-83,4307,690
7555290,-81,4320,711
7555291,-91,4328,734
7555292,-105,4313,714
7555293,-104,4293,690
7555294,-106,4281,710
7555295,-122,4271,746
7555296,-134,4257,734
7555297,-140,4263,698
7555298,-149,4290,691
7555299,-158,4313,701
7555300,-160,4330,688
7555301,-160,4346,654
7555302,-151,4350,623
7555303,-134,4353,622
7555304,-135,4363,645
7555305,-128,4366,650
7555306,-110,4364,644
7555307,-113,4380,696
7555308,-114,4397,717
7555309,-111,4412,718
7555310,-110,4422,729
7555311,-116,4430,769
7555312,-121,4435,798
7555313,-116,4432,789
7555314,-99,4428,785
7555315,-83,4422,803
7555316,-75,4415,828
7555317,-64,4411,853
7555318,-51,4402,858
7555319,-46,4385,836
7555320,-43,4373,825
7555321,-50,4366,822
7555322,-65,4349,776
7555323,-66,4327,728
7555324,-74,4315,740
7555326,-103,4312,767
7555327,-122,4301,734
7555328,-125,4293,666
7555329,-134,4301,637
7555330,-154,4313,646
7555331,-172,4324,631
7555332,-171,4343,589
7555333,-167,4366,561
7555334,-172,4374,555
7555335,-181,4368,549
7555336,-179,4369,537
7555337,-172,4376,552
7555338,-178,4375,569
7555339,-179,4365,555
7555340,-175,4352,567
7555341,-217,4339,682
7555342,-236,4337,687
7555343,-242,4334,672
7555344,-257,4334,678
7555345,-265,4345,701
7555346,-267,4355,698
7555347,-265,4355,664
7555348,-250,4356,658
7555349,-230,4359,683
7555350,-221,4362,680
7555351,-214,4362,634
7555352,-186,4349,577
7555353,-158,4339,569
7555354,-142,4334,606
7555355,-126,4319,613
7555356,-110,4303,591
7555357,-109,4309,602
7555358,-125,4314,620
7555359,-128,4293,602
7555360,-120,4276,599
7555361,-121,4272,626
7555362,-123,4266,662
7555363,-121,4263,697
7555364,-111,4259,697
7555365,-88,4256,692
7555366,-68,4250,709
7555367,-55,4233,701
7555368,-44,4213,687
7555369,-30,4200,686
7555370,-19,4196,685
7555371,-19,4191,700
7555372,-22,4188,726
7555373,-13,4191,746
7555374,7,4191,743
7555375,38,4160,728
7555376,65,4134,740
7555377,94,4130,796
7555378,102,4132,812
7555379,116,4119,748
7555380,145,4099,695
7555381,144,4087,706
7555382,128,4090,734
7555383,133,4094,712
7555384,152,4101,645
7555385,149,4104,611
7555386,124,4091,622
7555387,112,4071,619
7555388,103,4057,590
7555389,91,4051,568
7555390,79,4045,574
7555391,76,4039,581
7555392,77,4027,575
7555393,73,4006,586
7555394,60,3995,621
7555395,42,3982,641
7555396,35,3961,634
7555397,38,3943,630
7555398,35,3931,638
7555399,34,3921,632
7555400,51,3908,608
7555401,74,3900,592
7555402,92,3896,598
7555403,101,3885,599
7555404,114,3870,593
7555405,134,3858,599
7555406,144,3842,613
7555407,157,3816,630
7555408,180,3781,636
7555409,192,3748,643
7555410,194,3717,642
7555411,196,3689,625
7555412,198,3660,622
7555413,204,3631,621
7555414,235,3602,581
7555415,245,3596,550
7555416,245,3582,524
7555417,243,3573,492
7555418,240,3573,455
7555419,237,3571,431
7555420,232,3564,424
7555421,214,3553,415
7555422,195,3537,398
7555423,181,3528,369
7555424,154,3525,338
7555425,115,3510,325
7555426,88,3492,308
7555427,65,3481,292
7555428,25,3478,284
7555429,-7,3479,259
7555430,-23,3479,245
7555431,-35,3485,245
7555432,-47,3497,238
7555433,-46,3513,227
7555434,-40,3526,218
7555435,-40,3529,209
7555436,-32,3538,208
7555437,-12,3564,219
7555438,5,3590,227
7555439,2,3604,235
7555440,3,3624,252
7555441,12,3648,275
7555442,14,3659,299
7555443,18,3668,308
7555444,25,3686,317
7555445,34,3712,349
7555446,52,3742,383
7555447,73,3765,407
7555448,90,3780,440
7555449,133,3819,545
7555450,156,3834,581
7555451,175,3845,622
7555452,196,3856,684
7555453,224,3871,748
7555454,254,3889,791
7555455,281,3909,818
7555456,305,3924,842
7555457,327,3927,867
7555458,342,3920,898
7555459,354,3918,929
7555460,362,3928,941
7555461,368,3935,938
7555462,378,3929,934
7555463,382,3921,927
7555464,382,3925,912
7555465,373,3933,889
7555466,356,3934,863
7555467,336,3939,834
7555468,312,3949,807
7555469,287,3960,785
7555470,259,3970,755
7555471,231,3982,713
7555472,205,3990,676
7555473,179,4003,651
7555474,150,4023,634
7555475,116,4036,612
7555476,90,4037,574
7555477,68,4029,540
7555478,33,4022,522
7555479,-6,4025,496
7555480,-41,4036,468
7555481,-96,4053,426
7555482,-125,4059,427
7555483,-155,4075,436
7555484,-182,4098,439
7555485,-189,4132,449
7555486,-189,4167,457
7555487,-190,4204,454
7555488,-175,4241,452
7555489,-147,4275,461
7555490,-122,4309,472
7555491,-107,4334,483
7555492,-98,4355,497
7555493,-85,4372,514
7555494,-69,4381,548
7555495,-56,4393,592
7555496,-47,4408,631
7555497,-24,4415,664
7555498,3,4419,697
7555499,15,4425,730
7555500,31,4429,767
7555501,54,4439,806
7555502,81,4453,833
7555503,107,4451,853
7555504,134,4446,861
7555505,151,4446,853
7555506,150,4448,849
7555507,154,4445,853
7555508,159,4445,848
7555509,163,4448,842
7555510,163,4447,827
7555511,150,4440,800
7555512,132,4434,788
7555513,113,4433,770
7555514,83,4432,745
7555515,45,4435,727
7555516,-34,4444,694
7555517,-65,4448,669
7555518,-89,4449,648
7555519,-110,4441,631
7555520,-134,4433,598
7555521,-150,4434,574
7555522,-164,4440,581
7555523,-171,4441,592
7555524,-160,4430,602
7555525,-139,4405,623
7555526,-109,4372,651
7555527,-72,4330,672
7555528,-36,4285,678
7555529,-4,4250,692
7555530,31,4223,712
7555531,58,4193,716
7555532,74,4166,693
7555533,85,4149,640
7555534,91,4136,581
7555535,87,4134,522
7555536,69,4147,462
7555537,58,4162,397
7555538,62,4173,334
7555539,72,4176,297
7555540,86,4157,308
7555541,99,4124,339
7555542,121,4102,370
7555543,135,4089,460
7555544,113,4083,503
7555545,90,4071,535
7555546,71,4061,554
7555547,50,4058,570
7555548,19,4063,572
7555549,-6,4075,553
7555550,-21,4081,532
7555551,-33,4069,525
7555552,-34,4058,524
7555553,-20,4053,514
7555554,-4,4047,501
7555556,8,4044,480
7555557,16,4043,456
7555558,19,4046,436
7555559,19,4053,409
7555560,8,4052,388
7555561,-10,4047,385
7555562,-20,4033,393
7555563,-18,4011,409
7555564,-1,3994,434
7555565,24,3986,469
7555566,54,3988,495
7555567,90,3999,495
7555568,117,4008,482
7555569,130,4019,478
7555570,141,4033,481
7555571,150,4043,476
7555572,152,4053,465
7555573,141,4054,457
7555574,120,4045,449
7555575,97,4041,436
7555576,79,4034,434
7555577,76,4014,452
7555578,87,3972,491
7555579,90,3955,513
7555580,103,3941,527
7555581,117,3932,541
7555582,121,3923,557
7555583,126,3915,567
7555584,127,3913,573
7555585,124,3903,582
7555586,122,3885,586
7555587,125,3871,583
7555588,141,3862,564
7555589,160,3845,535
7555590,164,3830,531
7555591,157,3821,539
7555592,153,3807,527
7555593,152,3797,506
7555594,145,3787,491
7555595,130,3774,467
7555596,105,3762,440
7555597,80,3757,434
7555598,61,3753,430
7555599,52,3755,412
7555600,45,3766,393
7555601,29,3766,375
7555602,6,3771,350
7555603,-18,3781,315
7555604,-34,3785,280
7555605,-40,3800,262
7555606,-43,3819,257
7555607,-44,3832,250
7555608,-47,3849,239
7555609,-60,3866,232
7555610,-78,3883,238
7555611,-94,3906,260
7555612,-100,3946,313
7555613,-89,3961,333
7555614,-82,3976,345
7555615,-74,3991,362
7555616,-68,4008,384
7555617,-55,4015,414
7555618,-36,4019,450
7555619,-27,4030,487
7555620,-13,4038,532
7555621,8,4043,571
7555622,23,4042,590
7555623,34,4034,596
7555624,51,4023,603
7555625,72,4013,610
7555626,85,4011,614
7555627,103,4027,625
7555628,128,4062,634
7555629,167,4079,638
7555630,227,4074,640
7555631,290,4059,641
7555632,348,4030,648
7555633,401,4002,662
7555634,435,4000,658
7555635,442,4014,626
7555636,424,4040,593
7555637,389,4073,565
7555638,343,4099,540
7555639,282,4119,519
7555640,209,4138,493
7555641,135,4147,471
7555642,49,4139,463
7555643,-37,4129,454
7555644,-102,4119,437
7555645,-159,4110,424
7555646,-205,4107,424
7555647,-226,4112,423
7555648,-220,4130,368
7555649,-209,4133,348
7555650,-190,4127,338
7555651,-167,4122,344
7555652,-140,4131,350
7555653,-113,4145,353
7555654,-83,4153,365
7555655,-48,4150,377
7555656,-19,4138,389
7555657,9,4125,413
7555658,36,4123,439
7555659,64,4131,458
7555660,94,4144,476
7555661,127,4152,492
7555662,165,4153,508
7555663,196,4149,530
7555664,218,4144,548
7555665,242,4142,559
7555666,258,4145,563
7555667,263,4161,563
7555668,260,4172,576
7555669,249,4165,587
7555670,247,4154,598
7555671,260,4147,618
7555672,275,4143,629
7555673,267,4142,628
7555674,240,4142,631
7555675,217,4140,629
7555676,194,4140,610
7555677,166,4140,573
7555678,128,4144,538
7555679,94,4151,522
7555680,71,4150,505
7555681,46,4135,470
7555682,21,4114,440
7555683,-2,4098,413
7555684,-21,4089,376
7555685,-26,4090,332
7555686,-6,4072,261
7555687,18,4068,243
7555688,45,4065,232
7555689,68,4063,228
7555690,80,4062,229
7555691,86,4063,235
7555692,88,4061,256
7555693,89,4045,285
7555694,95,4017,315
7555695,98,3990,351
7555696,102,3972,363
7555697,109,3963,369
7555698,113,3965,388
7555699,114,3972,409
7555700,119,3985,429
7555701,123,3997,426
7555702,125,4004,414
7555703,115,4020,405
7555704,91,4039,392
7555705,75,4059,379
7555706,66,4082,372
7555707,50,4100,380
7555708,36,4114,384
7555709,29,4121,375
7555710,21,4127,385
7555711,18,4135,409
7555712,28,4141,419
7555713,54,4151,419
7555714,85,4158,431
7555715,118,4162,461
7555716,154,4160,498
7555717,186,4155,524
7555718,201,4149,544
7555719,203,4136,564
7555720,200,4117,584
7555721,196,4095,604
7555722,194,4080,619
7555723,188,4068,628
7555724,174,4034,626
7555725,169,4026,616
7555726,170,4028,598
7555727,167,4042,574
7555728,164,4055,537
7555729,158,4054,498
7555730,147,4057,463
7555731,138,4061,439
7555732,138,4063,429
7555733,134,4065,413
7555734,123,4068,402
7555735,113,4068,409
7555736,98,4060,423
7555737,76,4052,449
7555738,47,4037,480
7555739,20,4017,500
7555740,-1,3992,506
7555741,-12,3968,514
7555742,-22,3955,517
7555743,-33,3950,504
7555744,-38,3948,495
7555745,-33,3950,489
7555746,-22,3964,467
7555747,-9,3981,438
7555748,-1,3997,411
7555749,9,4006,387
7555750,32,4007,373
7555751,53,4009,348
7555752,67,4020,331
7555753,74,4027,350
7555754,81,4029,375
7555755,93,4031,390
7555756,93,4028,403
7555757,85,4024,403
7555758,71,4021,400
7555759,52,4029,407
7555760,27,4051,415
7555761,-31,4088,414
7555762,-67,4093,402
7555763,-97,4093,402
7555764,-119,4093,407
7555765,-133,4097,405
7555766,-138,4098,411
7555767,-131,4096,436
7555768,-111,4098,432
7555769,-85,4105,412
7555770,-62,4112,416
7555771,-45,4124,434
7555772,-27,4134,440
7555773,-2,4136,437
7555774,21,4135,437
7555775,42,4136,447
7555776,57,4139,478
7555777,69,4141,507
7555778,81,4134,542
7555779,88,4124,591
7555780,94,4127,613
7555781,105,4134,606
7555782,117,4134,598
7555783,123,4135,596
7555784,118,4139,593
7555785,119,4152,587
7555786,129,4165,575
7555787,126,4162,558
7555788,107,4159,544
7555789,82,4166,537
7555790,64,4174,531
7555791,50,4181,520
7555792,35,4186,499
7555793,13,4183,488
7555794,-6,4177,488
7555795,-40,4172,475
7555796,-59,4179,470
7555797,-75,4179,466
7555798,-82,4174,488
7555799,-79,4177,508
7555800,-68,4181,507
7555801,-51,4179,496
7555802,-40,4176,490
7555803,-32,4175,506
7555804,-14,4179,527
7555805,9,4180,536
7555806,26,4172,549
7555807,41,4160,560
7555808,56,4152,563
7555809,73,4145,564
7555810,94,4134,557
7555811,110,4126,550
7555812,113,4132,551
7555813,103,4137,549
7555814,94,4139,542
7555815,96,4140,539
7555816,98,4132,539
7555817,97,4125,535
7555818,92,4122,530
7555819,87,4125,527
7555820,74,4130,520
7555821,59,4137,516
7555822,51,4150,520
7555823,41,4159,528
7555824,38,4162,542
7555825,32,4166,548
7555826,8,4172,544
7555827,-12,4176,557
7555828,-9,4172,580
7555829,-5,4175,592
7555830,1,4172,601
7555831,12,4167,611
7555832,23,4164,628
7555833,40,4161,639
7555834,57,4167,640
7555835,70,4174,640
7555836,86,4171,643
7555837,95,4159,648
7555838,96,4146,659
7555839,102,4131,665
7555840,109,4118,665
7555841,115,4109,661
7555842,116,4105,650
7555843,112,4102,641
7555844,108,4093,645
7555845,105,4084,652
7555846,108,4078,654
7555847,107,4078,643
7555848,105,4080,637
7555849,102,4080,641
7555850,88,4078,632
7555851,78,4082,620
7555852,77,4091,614
7555853,69,4099,611
7555854,52,4102,608
7555855,35,4098,606
7555856,28,4085,603
7555857,25,4073,597
7555858,13,4077,582
7555859,-6,4087,552
7555860,-28,4091,520
7555862,-65,4095,475
7555863,-73,4095,462
7555864,-77,4099,462
7555865,-74,4103,456
7555866,-74,4104,447
7555867,-75,4105,448
7555868,-78,4107,463
7555869,-77,4109,476
7555870,-70,4104,478
7555871,-56,4094,480
7555872,-41,4085,495
7555873,-36,4078,518
7555874,-30,4074,545
7555875,-12,4062,576
7555876,17,4047,599
7555877,37,4036,612
7555878,41,4029,617
7555879,39,4027,622
7555880,33,4022,627
7555881,38,4007,620
7555882,46,4002,600
7555883,41,4012,576
7555884,29,4023,549
7555885,21,4028,532
7555886,22,4040,526
7555887,25,4059,521
7555888,19,4073,519
7555889,20,4094,544
7555890,19,4098,566
7555891,18,4107,595
7555892,19,4117,618
7555893,17,4120,632
7555894,8,4112,648
7555895,-1,4105,651
7555896,-13,4104,652
7555897,-24,4103,668
7555898,-29,4095,695
7555899,-28,4075,718
7555900,-24,4056,716
7555901,-13,4046,700
7555902,2,4046,681
7555903,15,4050,665
7555904,31,4047,654
7555905,51,4039,646
7555906,69,4032,649
7555907,78,4032,648
7555908,82,4042,627
7555909,81,4054,596
7555910,79,4064,577
7555911,72,4071,578
7555912,63,4077,596
7555913,64,4087,622
7555914,68,4095,637
7555915,70,4105,646
7555916,73,4125,664
7555917,87,4140,703
7555918,98,4149,745
7555919,98,4152,774
7555920,104,4144,787
7555921,112,4139,785
7555922,115,4144,793
7555923,122,4162,812
7555924,132,4158,813
7555925,153,4150,810
7555926,184,4138,808
7555927,210,4121,801
7555928,229,4108,794
7555929,240,4094,806
7555930,241,4079,819
